onset	duration	trial_type	value	sample
6.944	n/a	NonTarget	1	1736
7.168	n/a	Target	2	1792
7.396	n/a	NonTarget	1	1849
7.62	n/a	NonTarget	1	1905
7.848	n/a	NonTarget	1	1962
8.072	n/a	NonTarget	1	2018
8.296	n/a	NonTarget	1	2074
8.524	n/a	NonTarget	1	2131
8.748	n/a	NonTarget	1	2187
8.972	n/a	NonTarget	1	2243
9.196	n/a	NonTarget	1	2299
9.424	n/a	NonTarget	1	2356
9.648	n/a	NonTarget	1	2412
9.872	n/a	NonTarget	1	2468
10.1	n/a	NonTarget	1	2525
10.324	n/a	Target	2	2581
10.552	n/a	NonTarget	1	2638
10.776	n/a	NonTarget	1	2694
11.0	n/a	NonTarget	1	2750
11.228	n/a	NonTarget	1	2807
11.452	n/a	Target	2	2863
11.676	n/a	NonTarget	1	2919
11.904	n/a	NonTarget	1	2976
12.128	n/a	NonTarget	1	3032
12.352	n/a	NonTarget	1	3088
12.576	n/a	NonTarget	1	3144
12.804	n/a	NonTarget	1	3201
13.028	n/a	Target	2	3257
13.252	n/a	NonTarget	1	3313
13.48	n/a	NonTarget	1	3370
13.704	n/a	NonTarget	1	3426
13.932	n/a	NonTarget	1	3483
14.156	n/a	NonTarget	1	3539
14.38	n/a	NonTarget	1	3595
14.608	n/a	NonTarget	1	3652
14.832	n/a	NonTarget	1	3708
15.06	n/a	NonTarget	1	3765
15.284	n/a	NonTarget	1	3821
15.508	n/a	NonTarget	1	3877
15.732	n/a	NonTarget	1	3933
15.96	n/a	Target	2	3990
16.184	n/a	NonTarget	1	4046
16.408	n/a	NonTarget	1	4102
16.636	n/a	NonTarget	1	4159
16.86	n/a	NonTarget	1	4215
17.084	n/a	NonTarget	1	4271
17.312	n/a	NonTarget	1	4328
17.536	n/a	NonTarget	1	4384
17.76	n/a	NonTarget	1	4440
17.988	n/a	NonTarget	1	4497
18.212	n/a	NonTarget	1	4553
18.436	n/a	NonTarget	1	4609
18.664	n/a	NonTarget	1	4666
18.888	n/a	Target	2	4722
19.116	n/a	NonTarget	1	4779
19.34	n/a	NonTarget	1	4835
19.564	n/a	NonTarget	1	4891
19.788	n/a	NonTarget	1	4947
20.016	n/a	NonTarget	1	5004
20.24	n/a	Target	2	5060
20.468	n/a	NonTarget	1	5117
20.692	n/a	NonTarget	1	5173
20.916	n/a	NonTarget	1	5229
21.14	n/a	NonTarget	1	5285
21.368	n/a	NonTarget	1	5342
21.592	n/a	Target	2	5398
21.816	n/a	NonTarget	1	5454
22.044	n/a	NonTarget	1	5511
22.268	n/a	NonTarget	1	5567
22.492	n/a	NonTarget	1	5623
22.72	n/a	NonTarget	1	5680
22.944	n/a	NonTarget	1	5736
23.172	n/a	Target	2	5793
23.396	n/a	NonTarget	1	5849
23.62	n/a	NonTarget	1	5905
23.848	n/a	NonTarget	1	5962
24.072	n/a	NonTarget	1	6018
24.3	n/a	NonTarget	1	6075
24.524	n/a	NonTarget	1	6131
24.748	n/a	NonTarget	1	6187
24.972	n/a	NonTarget	1	6243
25.2	n/a	NonTarget	1	6300
25.424	n/a	NonTarget	1	6356
25.648	n/a	NonTarget	1	6412
25.876	n/a	NonTarget	1	6469
26.1	n/a	Target	2	6525
26.324	n/a	NonTarget	1	6581
26.552	n/a	NonTarget	1	6638
26.776	n/a	NonTarget	1	6694
27.0	n/a	NonTarget	1	6750
27.224	n/a	NonTarget	1	6806
27.452	n/a	NonTarget	1	6863
27.676	n/a	NonTarget	1	6919
27.9	n/a	NonTarget	1	6975
28.128	n/a	NonTarget	1	7032
28.352	n/a	NonTarget	1	7088
28.576	n/a	NonTarget	1	7144
28.804	n/a	Target	2	7201
29.028	n/a	NonTarget	1	7257
29.256	n/a	NonTarget	1	7314
29.48	n/a	NonTarget	1	7370
29.704	n/a	NonTarget	1	7426
29.932	n/a	NonTarget	1	7483
30.156	n/a	NonTarget	1	7539
30.384	n/a	NonTarget	1	7596
30.608	n/a	Target	2	7652
30.832	n/a	NonTarget	1	7708
31.056	n/a	NonTarget	1	7764
31.28	n/a	NonTarget	1	7820
31.508	n/a	Target	2	7877
31.732	n/a	NonTarget	1	7933
31.96	n/a	NonTarget	1	7990
32.184	n/a	NonTarget	1	8046
32.408	n/a	NonTarget	1	8102
32.636	n/a	NonTarget	1	8159
32.86	n/a	NonTarget	1	8215
33.088	n/a	NonTarget	1	8272
33.312	n/a	NonTarget	1	8328
33.536	n/a	NonTarget	1	8384
33.764	n/a	NonTarget	1	8441
33.988	n/a	NonTarget	1	8497
34.216	n/a	NonTarget	1	8554
34.44	n/a	NonTarget	1	8610
34.664	n/a	NonTarget	1	8666
34.892	n/a	NonTarget	1	8723
35.116	n/a	Target	2	8779
35.344	n/a	NonTarget	1	8836
35.568	n/a	NonTarget	1	8892
35.796	n/a	NonTarget	1	8949
36.02	n/a	NonTarget	1	9005
36.244	n/a	NonTarget	1	9061
36.472	n/a	NonTarget	1	9118
36.696	n/a	Target	2	9174
36.92	n/a	NonTarget	1	9230
37.148	n/a	NonTarget	1	9287
45.964	n/a	NonTarget	1	11491
46.192	n/a	NonTarget	1	11548
46.416	n/a	NonTarget	1	11604
46.64	n/a	NonTarget	1	11660
46.868	n/a	Target	2	11717
47.092	n/a	NonTarget	1	11773
47.316	n/a	NonTarget	1	11829
47.544	n/a	NonTarget	1	11886
47.768	n/a	NonTarget	1	11942
47.992	n/a	Target	2	11998
48.22	n/a	NonTarget	1	12055
48.444	n/a	NonTarget	1	12111
48.672	n/a	NonTarget	1	12168
48.896	n/a	NonTarget	1	12224
49.12	n/a	NonTarget	1	12280
49.348	n/a	NonTarget	1	12337
49.572	n/a	NonTarget	1	12393
49.8	n/a	NonTarget	1	12450
50.024	n/a	NonTarget	1	12506
50.252	n/a	NonTarget	1	12563
50.476	n/a	NonTarget	1	12619
50.7	n/a	NonTarget	1	12675
50.928	n/a	NonTarget	1	12732
51.152	n/a	NonTarget	1	12788
51.38	n/a	NonTarget	1	12845
51.604	n/a	NonTarget	1	12901
51.828	n/a	Target	2	12957
52.056	n/a	NonTarget	1	13014
52.28	n/a	NonTarget	1	13070
52.508	n/a	NonTarget	1	13127
52.732	n/a	NonTarget	1	13183
52.956	n/a	NonTarget	1	13239
53.18	n/a	NonTarget	1	13295
53.404	n/a	NonTarget	1	13351
53.632	n/a	NonTarget	1	13408
53.856	n/a	Target	2	13464
54.084	n/a	NonTarget	1	13521
54.308	n/a	NonTarget	1	13577
54.532	n/a	NonTarget	1	13633
54.76	n/a	NonTarget	1	13690
54.984	n/a	NonTarget	1	13746
55.212	n/a	NonTarget	1	13803
55.436	n/a	NonTarget	1	13859
55.66	n/a	NonTarget	1	13915
55.888	n/a	Target	2	13972
56.112	n/a	NonTarget	1	14028
56.34	n/a	NonTarget	1	14085
56.564	n/a	NonTarget	1	14141
56.788	n/a	NonTarget	1	14197
57.016	n/a	NonTarget	1	14254
57.24	n/a	NonTarget	1	14310
57.468	n/a	NonTarget	1	14367
57.692	n/a	Target	2	14423
57.916	n/a	NonTarget	1	14479
58.144	n/a	NonTarget	1	14536
58.368	n/a	NonTarget	1	14592
58.596	n/a	NonTarget	1	14649
58.82	n/a	Target	2	14705
59.044	n/a	NonTarget	1	14761
59.268	n/a	NonTarget	1	14817
59.492	n/a	NonTarget	1	14873
59.72	n/a	NonTarget	1	14930
59.944	n/a	NonTarget	1	14986
60.172	n/a	NonTarget	1	15043
60.396	n/a	NonTarget	1	15099
60.62	n/a	NonTarget	1	15155
60.844	n/a	NonTarget	1	15211
61.072	n/a	NonTarget	1	15268
61.3	n/a	NonTarget	1	15325
61.524	n/a	NonTarget	1	15381
61.748	n/a	NonTarget	1	15437
61.972	n/a	Target	2	15493
62.2	n/a	NonTarget	1	15550
62.428	n/a	NonTarget	1	15607
62.652	n/a	NonTarget	1	15663
62.876	n/a	Target	2	15719
63.104	n/a	NonTarget	1	15776
63.328	n/a	NonTarget	1	15832
63.552	n/a	NonTarget	1	15888
63.78	n/a	NonTarget	1	15945
64.004	n/a	NonTarget	1	16001
64.232	n/a	NonTarget	1	16058
64.456	n/a	NonTarget	1	16114
64.68	n/a	NonTarget	1	16170
64.904	n/a	NonTarget	1	16226
65.132	n/a	NonTarget	1	16283
65.356	n/a	Target	2	16339
65.584	n/a	NonTarget	1	16396
65.808	n/a	NonTarget	1	16452
66.032	n/a	NonTarget	1	16508
66.256	n/a	NonTarget	1	16564
66.484	n/a	NonTarget	1	16621
66.708	n/a	NonTarget	1	16677
66.932	n/a	NonTarget	1	16733
67.16	n/a	NonTarget	1	16790
67.384	n/a	NonTarget	1	16846
67.612	n/a	NonTarget	1	16903
67.836	n/a	NonTarget	1	16959
68.064	n/a	Target	2	17016
68.288	n/a	NonTarget	1	17072
68.516	n/a	NonTarget	1	17129
68.74	n/a	NonTarget	1	17185
68.964	n/a	NonTarget	1	17241
69.192	n/a	NonTarget	1	17298
69.416	n/a	NonTarget	1	17354
69.64	n/a	Target	2	17410
69.864	n/a	NonTarget	1	17466
70.092	n/a	NonTarget	1	17523
70.316	n/a	NonTarget	1	17579
70.544	n/a	NonTarget	1	17636
70.768	n/a	NonTarget	1	17692
70.992	n/a	NonTarget	1	17748
71.216	n/a	NonTarget	1	17804
71.444	n/a	NonTarget	1	17861
71.668	n/a	NonTarget	1	17917
71.896	n/a	NonTarget	1	17974
72.12	n/a	Target	2	18030
72.344	n/a	NonTarget	1	18086
72.568	n/a	NonTarget	1	18142
72.796	n/a	NonTarget	1	18199
73.02	n/a	Target	2	18255
73.248	n/a	NonTarget	1	18312
73.472	n/a	NonTarget	1	18368
73.7	n/a	NonTarget	1	18425
73.924	n/a	NonTarget	1	18481
74.148	n/a	NonTarget	1	18537
74.376	n/a	NonTarget	1	18594
74.6	n/a	NonTarget	1	18650
74.824	n/a	NonTarget	1	18706
75.052	n/a	NonTarget	1	18763
75.276	n/a	NonTarget	1	18819
75.504	n/a	Target	2	18876
75.728	n/a	NonTarget	1	18932
75.952	n/a	NonTarget	1	18988
94.512	n/a	NonTarget	1	23628
94.736	n/a	NonTarget	1	23684
94.964	n/a	NonTarget	1	23741
95.188	n/a	NonTarget	1	23797
95.416	n/a	Target	2	23854
95.64	n/a	NonTarget	1	23910
95.864	n/a	NonTarget	1	23966
96.092	n/a	NonTarget	1	24023
96.316	n/a	NonTarget	1	24079
96.54	n/a	NonTarget	1	24135
96.768	n/a	NonTarget	1	24192
96.992	n/a	NonTarget	1	24248
97.216	n/a	NonTarget	1	24304
97.44	n/a	NonTarget	1	24360
97.668	n/a	Target	2	24417
97.892	n/a	NonTarget	1	24473
98.116	n/a	NonTarget	1	24529
98.344	n/a	NonTarget	1	24586
98.568	n/a	NonTarget	1	24642
98.792	n/a	NonTarget	1	24698
99.02	n/a	NonTarget	1	24755
99.244	n/a	Target	2	24811
99.472	n/a	NonTarget	1	24868
99.696	n/a	NonTarget	1	24924
99.92	n/a	NonTarget	1	24980
100.144	n/a	NonTarget	1	25036
100.372	n/a	NonTarget	1	25093
100.596	n/a	NonTarget	1	25149
100.82	n/a	NonTarget	1	25205
101.048	n/a	NonTarget	1	25262
101.272	n/a	NonTarget	1	25318
101.5	n/a	NonTarget	1	25375
101.724	n/a	NonTarget	1	25431
101.948	n/a	NonTarget	1	25487
102.172	n/a	Target	2	25543
102.4	n/a	NonTarget	1	25600
102.624	n/a	NonTarget	1	25656
102.848	n/a	NonTarget	1	25712
103.076	n/a	NonTarget	1	25769
103.3	n/a	NonTarget	1	25825
103.524	n/a	NonTarget	1	25881
103.752	n/a	NonTarget	1	25938
103.976	n/a	Target	2	25994
104.2	n/a	NonTarget	1	26050
104.428	n/a	NonTarget	1	26107
104.652	n/a	NonTarget	1	26163
104.88	n/a	NonTarget	1	26220
105.104	n/a	NonTarget	1	26276
105.328	n/a	NonTarget	1	26332
105.552	n/a	Target	2	26388
105.78	n/a	NonTarget	1	26445
106.004	n/a	NonTarget	1	26501
106.232	n/a	NonTarget	1	26558
106.456	n/a	NonTarget	1	26614
106.68	n/a	Target	2	26670
106.908	n/a	NonTarget	1	26727
107.132	n/a	NonTarget	1	26783
107.36	n/a	NonTarget	1	26840
107.584	n/a	NonTarget	1	26896
107.808	n/a	NonTarget	1	26952
108.036	n/a	NonTarget	1	27009
108.26	n/a	NonTarget	1	27065
108.484	n/a	NonTarget	1	27121
108.712	n/a	NonTarget	1	27178
108.936	n/a	NonTarget	1	27234
109.16	n/a	NonTarget	1	27290
109.384	n/a	NonTarget	1	27346
109.612	n/a	NonTarget	1	27403
109.836	n/a	NonTarget	1	27459
110.06	n/a	NonTarget	1	27515
110.288	n/a	NonTarget	1	27572
110.512	n/a	Target	2	27628
110.74	n/a	NonTarget	1	27685
110.964	n/a	NonTarget	1	27741
111.192	n/a	NonTarget	1	27798
111.416	n/a	NonTarget	1	27854
111.64	n/a	NonTarget	1	27910
111.864	n/a	Target	2	27966
112.092	n/a	NonTarget	1	28023
112.32	n/a	NonTarget	1	28080
112.544	n/a	NonTarget	1	28136
112.768	n/a	NonTarget	1	28192
112.992	n/a	NonTarget	1	28248
113.22	n/a	NonTarget	1	28305
113.444	n/a	Target	2	28361
113.668	n/a	NonTarget	1	28417
113.896	n/a	NonTarget	1	28474
114.12	n/a	NonTarget	1	28530
114.344	n/a	NonTarget	1	28586
114.568	n/a	NonTarget	1	28642
114.796	n/a	NonTarget	1	28699
115.02	n/a	NonTarget	1	28755
115.248	n/a	NonTarget	1	28812
115.472	n/a	NonTarget	1	28868
115.696	n/a	NonTarget	1	28924
115.924	n/a	NonTarget	1	28981
116.148	n/a	NonTarget	1	29037
116.372	n/a	NonTarget	1	29093
116.596	n/a	Target	2	29149
116.82	n/a	NonTarget	1	29205
117.048	n/a	NonTarget	1	29262
117.276	n/a	Target	2	29319
117.5	n/a	NonTarget	1	29375
117.724	n/a	NonTarget	1	29431
117.948	n/a	NonTarget	1	29487
118.176	n/a	NonTarget	1	29544
118.4	n/a	NonTarget	1	29600
118.628	n/a	NonTarget	1	29657
118.852	n/a	NonTarget	1	29713
119.076	n/a	NonTarget	1	29769
119.3	n/a	Target	2	29825
119.524	n/a	NonTarget	1	29881
119.752	n/a	NonTarget	1	29938
119.976	n/a	NonTarget	1	29994
120.2	n/a	NonTarget	1	30050
120.428	n/a	NonTarget	1	30107
120.652	n/a	NonTarget	1	30163
120.88	n/a	NonTarget	1	30220
121.104	n/a	NonTarget	1	30276
121.332	n/a	NonTarget	1	30333
121.556	n/a	Target	2	30389
121.78	n/a	NonTarget	1	30445
122.004	n/a	NonTarget	1	30501
122.232	n/a	NonTarget	1	30558
122.46	n/a	NonTarget	1	30615
122.684	n/a	NonTarget	1	30671
122.908	n/a	NonTarget	1	30727
123.136	n/a	Target	2	30784
123.36	n/a	NonTarget	1	30840
123.584	n/a	NonTarget	1	30896
123.812	n/a	NonTarget	1	30953
124.036	n/a	NonTarget	1	31009
124.26	n/a	NonTarget	1	31065
124.484	n/a	NonTarget	1	31121
124.712	n/a	NonTarget	1	31178
133.484	n/a	NonTarget	1	33371
133.712	n/a	NonTarget	1	33428
133.936	n/a	NonTarget	1	33484
134.16	n/a	NonTarget	1	33540
134.388	n/a	NonTarget	1	33597
134.612	n/a	NonTarget	1	33653
134.84	n/a	NonTarget	1	33710
135.064	n/a	Target	2	33766
135.292	n/a	NonTarget	1	33823
135.516	n/a	NonTarget	1	33879
135.74	n/a	NonTarget	1	33935
135.968	n/a	NonTarget	1	33992
136.192	n/a	NonTarget	1	34048
136.42	n/a	NonTarget	1	34105
136.644	n/a	NonTarget	1	34161
136.868	n/a	NonTarget	1	34217
137.096	n/a	NonTarget	1	34274
137.32	n/a	Target	2	34330
137.548	n/a	NonTarget	1	34387
137.772	n/a	NonTarget	1	34443
137.996	n/a	NonTarget	1	34499
138.22	n/a	NonTarget	1	34555
138.448	n/a	NonTarget	1	34612
138.676	n/a	NonTarget	1	34669
138.9	n/a	NonTarget	1	34725
139.124	n/a	Target	2	34781
139.352	n/a	NonTarget	1	34838
139.576	n/a	NonTarget	1	34894
139.8	n/a	NonTarget	1	34950
140.028	n/a	NonTarget	1	35007
140.252	n/a	NonTarget	1	35063
140.48	n/a	NonTarget	1	35120
140.704	n/a	Target	2	35176
140.932	n/a	NonTarget	1	35233
141.156	n/a	NonTarget	1	35289
141.38	n/a	NonTarget	1	35345
141.608	n/a	NonTarget	1	35402
141.832	n/a	NonTarget	1	35458
142.056	n/a	Target	2	35514
142.284	n/a	NonTarget	1	35571
142.508	n/a	NonTarget	1	35627
142.736	n/a	NonTarget	1	35684
142.96	n/a	NonTarget	1	35740
143.184	n/a	NonTarget	1	35796
143.412	n/a	NonTarget	1	35853
143.636	n/a	NonTarget	1	35909
143.86	n/a	NonTarget	1	35965
144.084	n/a	Target	2	36021
144.312	n/a	NonTarget	1	36078
144.536	n/a	NonTarget	1	36134
144.76	n/a	NonTarget	1	36190
144.988	n/a	NonTarget	1	36247
145.212	n/a	NonTarget	1	36303
145.44	n/a	NonTarget	1	36360
145.664	n/a	NonTarget	1	36416
145.888	n/a	NonTarget	1	36472
146.112	n/a	Target	2	36528
146.34	n/a	NonTarget	1	36585
146.564	n/a	NonTarget	1	36641
146.788	n/a	NonTarget	1	36697
147.016	n/a	NonTarget	1	36754
147.24	n/a	NonTarget	1	36810
147.464	n/a	NonTarget	1	36866
147.692	n/a	NonTarget	1	36923
147.916	n/a	NonTarget	1	36979
148.14	n/a	NonTarget	1	37035
148.364	n/a	NonTarget	1	37091
148.592	n/a	NonTarget	1	37148
148.816	n/a	Target	2	37204
149.044	n/a	NonTarget	1	37261
149.268	n/a	NonTarget	1	37317
149.492	n/a	NonTarget	1	37373
149.72	n/a	NonTarget	1	37430
149.944	n/a	NonTarget	1	37486
150.172	n/a	NonTarget	1	37543
150.396	n/a	NonTarget	1	37599
150.624	n/a	NonTarget	1	37656
150.848	n/a	NonTarget	1	37712
151.072	n/a	Target	2	37768
151.3	n/a	NonTarget	1	37825
151.524	n/a	NonTarget	1	37881
151.752	n/a	NonTarget	1	37938
151.976	n/a	NonTarget	1	37994
152.2	n/a	NonTarget	1	38050
152.424	n/a	NonTarget	1	38106
152.648	n/a	Target	2	38162
152.876	n/a	NonTarget	1	38219
153.1	n/a	NonTarget	1	38275
153.328	n/a	NonTarget	1	38332
153.552	n/a	NonTarget	1	38388
153.776	n/a	NonTarget	1	38444
154.004	n/a	NonTarget	1	38501
154.228	n/a	NonTarget	1	38557
154.452	n/a	NonTarget	1	38613
154.676	n/a	NonTarget	1	38669
154.9	n/a	NonTarget	1	38725
155.128	n/a	NonTarget	1	38782
155.352	n/a	NonTarget	1	38838
155.58	n/a	Target	2	38895
155.804	n/a	NonTarget	1	38951
156.028	n/a	NonTarget	1	39007
156.256	n/a	NonTarget	1	39064
156.48	n/a	NonTarget	1	39120
156.708	n/a	NonTarget	1	39177
156.932	n/a	NonTarget	1	39233
157.156	n/a	NonTarget	1	39289
157.384	n/a	NonTarget	1	39346
157.608	n/a	Target	2	39402
157.836	n/a	NonTarget	1	39459
158.06	n/a	NonTarget	1	39515
158.284	n/a	NonTarget	1	39571
158.508	n/a	NonTarget	1	39627
158.732	n/a	NonTarget	1	39683
158.96	n/a	Target	2	39740
159.184	n/a	NonTarget	1	39796
159.412	n/a	NonTarget	1	39853
159.636	n/a	NonTarget	1	39909
159.86	n/a	NonTarget	1	39965
160.088	n/a	NonTarget	1	40022
160.312	n/a	NonTarget	1	40078
160.54	n/a	Target	2	40135
160.764	n/a	NonTarget	1	40191
160.988	n/a	NonTarget	1	40247
161.216	n/a	NonTarget	1	40304
161.44	n/a	NonTarget	1	40360
161.668	n/a	NonTarget	1	40417
161.892	n/a	NonTarget	1	40473
162.116	n/a	NonTarget	1	40529
162.34	n/a	Target	2	40585
162.564	n/a	NonTarget	1	40641
162.792	n/a	NonTarget	1	40698
163.016	n/a	NonTarget	1	40754
163.24	n/a	NonTarget	1	40810
163.468	n/a	NonTarget	1	40867
163.692	n/a	NonTarget	1	40923
183.208	n/a	NonTarget	1	45802
183.432	n/a	NonTarget	1	45858
183.66	n/a	NonTarget	1	45915
183.884	n/a	NonTarget	1	45971
184.108	n/a	NonTarget	1	46027
184.336	n/a	Target	2	46084
184.56	n/a	NonTarget	1	46140
184.788	n/a	NonTarget	1	46197
185.012	n/a	NonTarget	1	46253
185.236	n/a	NonTarget	1	46309
185.46	n/a	NonTarget	1	46365
185.688	n/a	NonTarget	1	46422
185.912	n/a	Target	2	46478
186.136	n/a	NonTarget	1	46534
186.364	n/a	NonTarget	1	46591
186.588	n/a	NonTarget	1	46647
186.816	n/a	NonTarget	1	46704
187.04	n/a	NonTarget	1	46760
187.268	n/a	Target	2	46817
187.492	n/a	NonTarget	1	46873
187.716	n/a	NonTarget	1	46929
187.944	n/a	NonTarget	1	46986
188.168	n/a	NonTarget	1	47042
188.392	n/a	NonTarget	1	47098
188.62	n/a	NonTarget	1	47155
188.844	n/a	NonTarget	1	47211
189.068	n/a	NonTarget	1	47267
189.296	n/a	NonTarget	1	47324
189.52	n/a	NonTarget	1	47380
189.744	n/a	NonTarget	1	47436
189.972	n/a	NonTarget	1	47493
190.196	n/a	NonTarget	1	47549
190.42	n/a	NonTarget	1	47605
190.648	n/a	Target	2	47662
190.872	n/a	NonTarget	1	47718
191.096	n/a	NonTarget	1	47774
191.32	n/a	NonTarget	1	47830
191.548	n/a	Target	2	47887
191.772	n/a	NonTarget	1	47943
192.0	n/a	NonTarget	1	48000
192.224	n/a	NonTarget	1	48056
192.448	n/a	NonTarget	1	48112
192.676	n/a	NonTarget	1	48169
192.9	n/a	NonTarget	1	48225
193.128	n/a	NonTarget	1	48282
193.352	n/a	NonTarget	1	48338
193.576	n/a	Target	2	48394
193.8	n/a	NonTarget	1	48450
194.024	n/a	NonTarget	1	48506
194.252	n/a	NonTarget	1	48563
194.476	n/a	NonTarget	1	48619
194.704	n/a	NonTarget	1	48676
194.928	n/a	NonTarget	1	48732
195.152	n/a	NonTarget	1	48788
195.38	n/a	Target	2	48845
195.604	n/a	NonTarget	1	48901
195.832	n/a	NonTarget	1	48958
196.056	n/a	NonTarget	1	49014
196.28	n/a	NonTarget	1	49070
196.508	n/a	NonTarget	1	49127
196.732	n/a	NonTarget	1	49183
196.96	n/a	NonTarget	1	49240
197.184	n/a	NonTarget	1	49296
197.408	n/a	NonTarget	1	49352
197.632	n/a	Target	2	49408
197.856	n/a	NonTarget	1	49464
198.084	n/a	NonTarget	1	49521
198.308	n/a	NonTarget	1	49577
198.536	n/a	NonTarget	1	49634
198.76	n/a	NonTarget	1	49690
198.984	n/a	NonTarget	1	49746
199.212	n/a	NonTarget	1	49803
199.436	n/a	NonTarget	1	49859
199.66	n/a	Target	2	49915
199.884	n/a	NonTarget	1	49971
200.108	n/a	NonTarget	1	50027
200.336	n/a	NonTarget	1	50084
200.56	n/a	NonTarget	1	50140
200.788	n/a	NonTarget	1	50197
201.012	n/a	NonTarget	1	50253
201.24	n/a	NonTarget	1	50310
201.464	n/a	NonTarget	1	50366
201.688	n/a	NonTarget	1	50422
201.916	n/a	NonTarget	1	50479
202.14	n/a	NonTarget	1	50535
202.364	n/a	NonTarget	1	50591
202.592	n/a	NonTarget	1	50648
202.816	n/a	NonTarget	1	50704
203.04	n/a	NonTarget	1	50760
203.268	n/a	Target	2	50817
203.492	n/a	NonTarget	1	50873
203.716	n/a	NonTarget	1	50929
203.94	n/a	Target	2	50985
204.168	n/a	NonTarget	1	51042
204.392	n/a	NonTarget	1	51098
204.62	n/a	NonTarget	1	51155
204.844	n/a	NonTarget	1	51211
205.068	n/a	NonTarget	1	51267
205.292	n/a	NonTarget	1	51323
205.52	n/a	NonTarget	1	51380
205.744	n/a	NonTarget	1	51436
205.972	n/a	NonTarget	1	51493
206.196	n/a	NonTarget	1	51549
206.42	n/a	Target	2	51605
206.648	n/a	NonTarget	1	51662
206.872	n/a	NonTarget	1	51718
207.1	n/a	NonTarget	1	51775
207.324	n/a	NonTarget	1	51831
207.548	n/a	NonTarget	1	51887
207.772	n/a	Target	2	51943
208.0	n/a	NonTarget	1	52000
208.224	n/a	NonTarget	1	52056
208.452	n/a	NonTarget	1	52113
208.676	n/a	NonTarget	1	52169
208.9	n/a	NonTarget	1	52225
209.128	n/a	NonTarget	1	52282
209.352	n/a	NonTarget	1	52338
209.576	n/a	NonTarget	1	52394
209.804	n/a	Target	2	52451
210.028	n/a	NonTarget	1	52507
210.252	n/a	NonTarget	1	52563
210.48	n/a	NonTarget	1	52620
210.704	n/a	NonTarget	1	52676
210.932	n/a	NonTarget	1	52733
211.156	n/a	NonTarget	1	52789
211.38	n/a	NonTarget	1	52845
211.608	n/a	NonTarget	1	52902
211.832	n/a	NonTarget	1	52958
212.06	n/a	NonTarget	1	53015
212.284	n/a	NonTarget	1	53071
212.512	n/a	NonTarget	1	53128
212.736	n/a	Target	2	53184
212.96	n/a	NonTarget	1	53240
213.184	n/a	NonTarget	1	53296
213.412	n/a	NonTarget	1	53353
222.184	n/a	NonTarget	1	55546
222.408	n/a	NonTarget	1	55602
222.636	n/a	NonTarget	1	55659
222.86	n/a	Target	2	55715
223.084	n/a	NonTarget	1	55771
223.312	n/a	NonTarget	1	55828
223.536	n/a	NonTarget	1	55884
223.76	n/a	NonTarget	1	55940
223.984	n/a	NonTarget	1	55996
224.212	n/a	NonTarget	1	56053
224.436	n/a	NonTarget	1	56109
224.664	n/a	Target	2	56166
224.888	n/a	NonTarget	1	56222
225.112	n/a	NonTarget	1	56278
225.336	n/a	NonTarget	1	56334
225.564	n/a	NonTarget	1	56391
225.792	n/a	NonTarget	1	56448
226.016	n/a	NonTarget	1	56504
226.24	n/a	Target	2	56560
226.464	n/a	NonTarget	1	56616
226.688	n/a	NonTarget	1	56672
226.916	n/a	NonTarget	1	56729
227.14	n/a	NonTarget	1	56785
227.368	n/a	NonTarget	1	56842
227.592	n/a	NonTarget	1	56898
227.816	n/a	NonTarget	1	56954
228.044	n/a	NonTarget	1	57011
228.268	n/a	NonTarget	1	57067
228.496	n/a	NonTarget	1	57124
228.72	n/a	NonTarget	1	57180
228.944	n/a	NonTarget	1	57236
229.172	n/a	NonTarget	1	57293
229.396	n/a	Target	2	57349
229.62	n/a	NonTarget	1	57405
229.848	n/a	NonTarget	1	57462
230.072	n/a	NonTarget	1	57518
230.296	n/a	NonTarget	1	57574
230.524	n/a	NonTarget	1	57631
230.748	n/a	NonTarget	1	57687
230.972	n/a	NonTarget	1	57743
231.196	n/a	NonTarget	1	57799
231.424	n/a	Target	2	57856
231.648	n/a	NonTarget	1	57912
231.876	n/a	NonTarget	1	57969
232.1	n/a	NonTarget	1	58025
232.328	n/a	NonTarget	1	58082
232.552	n/a	Target	2	58138
232.776	n/a	NonTarget	1	58194
233.004	n/a	NonTarget	1	58251
233.228	n/a	NonTarget	1	58307
233.456	n/a	NonTarget	1	58364
233.68	n/a	NonTarget	1	58420
233.904	n/a	NonTarget	1	58476
234.132	n/a	NonTarget	1	58533
234.356	n/a	NonTarget	1	58589
234.584	n/a	NonTarget	1	58646
234.808	n/a	NonTarget	1	58702
235.036	n/a	NonTarget	1	58759
235.26	n/a	Target	2	58815
235.484	n/a	NonTarget	1	58871
235.708	n/a	NonTarget	1	58927
235.932	n/a	NonTarget	1	58983
236.16	n/a	NonTarget	1	59040
236.384	n/a	NonTarget	1	59096
236.608	n/a	NonTarget	1	59152
236.836	n/a	NonTarget	1	59209
237.06	n/a	Target	2	59265
237.284	n/a	NonTarget	1	59321
237.512	n/a	NonTarget	1	59378
237.736	n/a	NonTarget	1	59434
237.96	n/a	NonTarget	1	59490
238.184	n/a	NonTarget	1	59546
238.412	n/a	NonTarget	1	59603
238.636	n/a	NonTarget	1	59659
238.864	n/a	NonTarget	1	59716
239.088	n/a	NonTarget	1	59772
239.312	n/a	Target	2	59828
239.54	n/a	NonTarget	1	59885
239.764	n/a	NonTarget	1	59941
239.992	n/a	NonTarget	1	59998
240.216	n/a	NonTarget	1	60054
240.44	n/a	Target	2	60110
240.668	n/a	NonTarget	1	60167
240.892	n/a	NonTarget	1	60223
241.12	n/a	NonTarget	1	60280
241.344	n/a	NonTarget	1	60336
241.568	n/a	NonTarget	1	60392
241.796	n/a	NonTarget	1	60449
242.02	n/a	NonTarget	1	60505
242.248	n/a	NonTarget	1	60562
242.472	n/a	NonTarget	1	60618
242.696	n/a	NonTarget	1	60674
242.924	n/a	NonTarget	1	60731
243.148	n/a	NonTarget	1	60787
243.372	n/a	NonTarget	1	60843
243.6	n/a	NonTarget	1	60900
243.828	n/a	NonTarget	1	60957
244.052	n/a	NonTarget	1	61013
244.276	n/a	Target	2	61069
244.5	n/a	NonTarget	1	61125
244.728	n/a	NonTarget	1	61182
244.952	n/a	NonTarget	1	61238
245.18	n/a	Target	2	61295
245.404	n/a	NonTarget	1	61351
245.628	n/a	NonTarget	1	61407
245.852	n/a	NonTarget	1	61463
246.08	n/a	NonTarget	1	61520
246.304	n/a	NonTarget	1	61576
246.528	n/a	NonTarget	1	61632
246.756	n/a	NonTarget	1	61689
246.98	n/a	Target	2	61745
247.208	n/a	NonTarget	1	61802
247.432	n/a	NonTarget	1	61858
247.656	n/a	NonTarget	1	61914
247.884	n/a	NonTarget	1	61971
248.108	n/a	NonTarget	1	62027
248.332	n/a	NonTarget	1	62083
248.56	n/a	NonTarget	1	62140
248.784	n/a	NonTarget	1	62196
249.008	n/a	NonTarget	1	62252
249.232	n/a	NonTarget	1	62308
249.46	n/a	NonTarget	1	62365
249.684	n/a	NonTarget	1	62421
249.912	n/a	Target	2	62478
250.136	n/a	NonTarget	1	62534
250.36	n/a	NonTarget	1	62590
250.588	n/a	NonTarget	1	62647
250.812	n/a	NonTarget	1	62703
251.04	n/a	NonTarget	1	62760
251.264	n/a	NonTarget	1	62816
251.492	n/a	NonTarget	1	62873
251.716	n/a	NonTarget	1	62929
251.94	n/a	NonTarget	1	62985
252.168	n/a	Target	2	63042
292.836	n/a	NonTarget	1	73209
293.06	n/a	NonTarget	1	73265
293.288	n/a	NonTarget	1	73322
293.512	n/a	NonTarget	1	73378
293.736	n/a	NonTarget	1	73434
293.964	n/a	NonTarget	1	73491
294.188	n/a	Target	2	73547
294.412	n/a	NonTarget	1	73603
294.636	n/a	NonTarget	1	73659
294.864	n/a	NonTarget	1	73716
295.088	n/a	NonTarget	1	73772
295.312	n/a	NonTarget	1	73828
295.54	n/a	NonTarget	1	73885
295.764	n/a	NonTarget	1	73941
295.992	n/a	NonTarget	1	73998
296.216	n/a	Target	2	74054
296.44	n/a	NonTarget	1	74110
296.668	n/a	NonTarget	1	74167
296.892	n/a	NonTarget	1	74223
297.12	n/a	NonTarget	1	74280
297.344	n/a	NonTarget	1	74336
297.568	n/a	NonTarget	1	74392
297.796	n/a	NonTarget	1	74449
298.02	n/a	NonTarget	1	74505
298.244	n/a	Target	2	74561
298.468	n/a	NonTarget	1	74617
298.696	n/a	NonTarget	1	74674
298.92	n/a	NonTarget	1	74730
299.148	n/a	NonTarget	1	74787
299.372	n/a	NonTarget	1	74843
299.596	n/a	NonTarget	1	74899
299.824	n/a	NonTarget	1	74956
300.048	n/a	NonTarget	1	75012
300.272	n/a	NonTarget	1	75068
300.5	n/a	Target	2	75125
300.724	n/a	NonTarget	1	75181
300.948	n/a	NonTarget	1	75237
301.172	n/a	NonTarget	1	75293
301.4	n/a	NonTarget	1	75350
301.624	n/a	NonTarget	1	75406
301.852	n/a	Target	2	75463
302.076	n/a	NonTarget	1	75519
302.3	n/a	NonTarget	1	75575
302.528	n/a	NonTarget	1	75632
302.752	n/a	NonTarget	1	75688
302.976	n/a	NonTarget	1	75744
303.204	n/a	NonTarget	1	75801
303.428	n/a	NonTarget	1	75857
303.652	n/a	NonTarget	1	75913
303.876	n/a	NonTarget	1	75969
304.104	n/a	NonTarget	1	76026
304.328	n/a	Target	2	76082
304.552	n/a	NonTarget	1	76138
304.78	n/a	NonTarget	1	76195
305.004	n/a	NonTarget	1	76251
305.228	n/a	NonTarget	1	76307
305.456	n/a	NonTarget	1	76364
305.68	n/a	NonTarget	1	76420
305.904	n/a	NonTarget	1	76476
306.128	n/a	NonTarget	1	76532
306.356	n/a	NonTarget	1	76589
306.58	n/a	Target	2	76645
306.808	n/a	NonTarget	1	76702
307.032	n/a	NonTarget	1	76758
307.256	n/a	NonTarget	1	76814
307.48	n/a	NonTarget	1	76870
307.708	n/a	NonTarget	1	76927
307.936	n/a	NonTarget	1	76984
308.16	n/a	Target	2	77040
308.384	n/a	NonTarget	1	77096
308.608	n/a	NonTarget	1	77152
308.836	n/a	NonTarget	1	77209
309.06	n/a	NonTarget	1	77265
309.288	n/a	NonTarget	1	77322
309.512	n/a	Target	2	77378
309.736	n/a	NonTarget	1	77434
309.964	n/a	NonTarget	1	77491
310.188	n/a	NonTarget	1	77547
310.416	n/a	NonTarget	1	77604
310.64	n/a	NonTarget	1	77660
310.868	n/a	NonTarget	1	77717
311.092	n/a	NonTarget	1	77773
311.316	n/a	NonTarget	1	77829
311.544	n/a	NonTarget	1	77886
311.768	n/a	NonTarget	1	77942
311.996	n/a	NonTarget	1	77999
312.22	n/a	NonTarget	1	78055
312.444	n/a	NonTarget	1	78111
312.668	n/a	NonTarget	1	78167
312.892	n/a	Target	2	78223
313.12	n/a	NonTarget	1	78280
313.344	n/a	Target	2	78336
313.572	n/a	NonTarget	1	78393
313.796	n/a	NonTarget	1	78449
314.02	n/a	NonTarget	1	78505
314.248	n/a	NonTarget	1	78562
314.472	n/a	NonTarget	1	78618
314.696	n/a	NonTarget	1	78674
314.924	n/a	NonTarget	1	78731
315.148	n/a	NonTarget	1	78787
315.376	n/a	NonTarget	1	78844
315.6	n/a	NonTarget	1	78900
315.824	n/a	NonTarget	1	78956
316.048	n/a	Target	2	79012
316.272	n/a	NonTarget	1	79068
316.5	n/a	NonTarget	1	79125
316.724	n/a	NonTarget	1	79181
316.952	n/a	NonTarget	1	79238
317.176	n/a	NonTarget	1	79294
317.4	n/a	NonTarget	1	79350
317.628	n/a	NonTarget	1	79407
317.852	n/a	NonTarget	1	79463
318.08	n/a	NonTarget	1	79520
318.304	n/a	NonTarget	1	79576
318.528	n/a	NonTarget	1	79632
318.752	n/a	Target	2	79688
318.98	n/a	NonTarget	1	79745
319.208	n/a	NonTarget	1	79802
319.432	n/a	NonTarget	1	79858
319.656	n/a	NonTarget	1	79914
319.884	n/a	NonTarget	1	79971
320.108	n/a	NonTarget	1	80027
320.332	n/a	Target	2	80083
320.56	n/a	NonTarget	1	80140
320.784	n/a	NonTarget	1	80196
321.012	n/a	NonTarget	1	80253
321.236	n/a	Target	2	80309
321.464	n/a	NonTarget	1	80366
321.688	n/a	NonTarget	1	80422
321.912	n/a	NonTarget	1	80478
322.14	n/a	NonTarget	1	80535
322.364	n/a	NonTarget	1	80591
322.592	n/a	NonTarget	1	80648
322.816	n/a	NonTarget	1	80704
323.04	n/a	NonTarget	1	80760
331.84	n/a	NonTarget	1	82960
332.064	n/a	Target	2	83016
332.292	n/a	NonTarget	1	83073
332.516	n/a	NonTarget	1	83129
332.74	n/a	NonTarget	1	83185
332.968	n/a	NonTarget	1	83242
333.192	n/a	NonTarget	1	83298
333.42	n/a	NonTarget	1	83355
333.644	n/a	NonTarget	1	83411
333.868	n/a	NonTarget	1	83467
334.092	n/a	NonTarget	1	83523
334.32	n/a	NonTarget	1	83580
334.544	n/a	Target	2	83636
334.768	n/a	NonTarget	1	83692
334.996	n/a	NonTarget	1	83749
335.22	n/a	NonTarget	1	83805
335.444	n/a	NonTarget	1	83861
335.668	n/a	NonTarget	1	83917
335.896	n/a	NonTarget	1	83974
336.124	n/a	NonTarget	1	84031
336.348	n/a	NonTarget	1	84087
336.572	n/a	NonTarget	1	84143
336.796	n/a	NonTarget	1	84199
337.024	n/a	Target	2	84256
337.248	n/a	NonTarget	1	84312
337.476	n/a	NonTarget	1	84369
337.7	n/a	NonTarget	1	84425
337.928	n/a	NonTarget	1	84482
338.152	n/a	NonTarget	1	84538
338.376	n/a	NonTarget	1	84594
338.6	n/a	NonTarget	1	84650
338.828	n/a	NonTarget	1	84707
339.052	n/a	NonTarget	1	84763
339.28	n/a	NonTarget	1	84820
339.504	n/a	NonTarget	1	84876
339.728	n/a	Target	2	84932
339.952	n/a	NonTarget	1	84988
340.18	n/a	NonTarget	1	85045
340.404	n/a	NonTarget	1	85101
340.628	n/a	NonTarget	1	85157
340.856	n/a	NonTarget	1	85214
341.08	n/a	Target	2	85270
341.308	n/a	NonTarget	1	85327
341.532	n/a	NonTarget	1	85383
341.756	n/a	NonTarget	1	85439
341.984	n/a	NonTarget	1	85496
342.208	n/a	NonTarget	1	85552
342.436	n/a	NonTarget	1	85609
342.66	n/a	Target	2	85665
342.888	n/a	NonTarget	1	85722
343.112	n/a	NonTarget	1	85778
343.336	n/a	NonTarget	1	85834
343.564	n/a	NonTarget	1	85891
343.788	n/a	NonTarget	1	85947
344.016	n/a	NonTarget	1	86004
344.24	n/a	NonTarget	1	86060
344.464	n/a	NonTarget	1	86116
344.692	n/a	Target	2	86173
344.916	n/a	NonTarget	1	86229
345.14	n/a	NonTarget	1	86285
345.368	n/a	NonTarget	1	86342
345.592	n/a	NonTarget	1	86398
345.816	n/a	NonTarget	1	86454
346.04	n/a	NonTarget	1	86510
346.268	n/a	Target	2	86567
346.492	n/a	NonTarget	1	86623
346.72	n/a	NonTarget	1	86680
346.944	n/a	NonTarget	1	86736
347.168	n/a	NonTarget	1	86792
347.392	n/a	NonTarget	1	86848
347.62	n/a	NonTarget	1	86905
347.844	n/a	NonTarget	1	86961
348.072	n/a	NonTarget	1	87018
348.296	n/a	NonTarget	1	87074
348.52	n/a	NonTarget	1	87130
348.748	n/a	NonTarget	1	87187
348.972	n/a	NonTarget	1	87243
349.2	n/a	Target	2	87300
349.424	n/a	NonTarget	1	87356
349.648	n/a	NonTarget	1	87412
349.876	n/a	NonTarget	1	87469
350.1	n/a	NonTarget	1	87525
350.328	n/a	Target	2	87582
350.552	n/a	NonTarget	1	87638
350.776	n/a	NonTarget	1	87694
351.004	n/a	NonTarget	1	87751
351.228	n/a	NonTarget	1	87807
351.456	n/a	NonTarget	1	87864
351.68	n/a	NonTarget	1	87920
351.904	n/a	NonTarget	1	87976
352.128	n/a	NonTarget	1	88032
352.352	n/a	NonTarget	1	88088
352.58	n/a	NonTarget	1	88145
352.804	n/a	NonTarget	1	88201
353.032	n/a	Target	2	88258
353.256	n/a	NonTarget	1	88314
353.48	n/a	NonTarget	1	88370
353.708	n/a	NonTarget	1	88427
353.932	n/a	NonTarget	1	88483
354.16	n/a	NonTarget	1	88540
354.384	n/a	NonTarget	1	88596
354.608	n/a	NonTarget	1	88652
354.836	n/a	NonTarget	1	88709
355.06	n/a	NonTarget	1	88765
355.288	n/a	NonTarget	1	88822
355.512	n/a	Target	2	88878
355.736	n/a	NonTarget	1	88934
355.964	n/a	NonTarget	1	88991
356.188	n/a	NonTarget	1	89047
356.416	n/a	NonTarget	1	89104
356.64	n/a	NonTarget	1	89160
356.864	n/a	Target	2	89216
357.092	n/a	NonTarget	1	89273
357.316	n/a	NonTarget	1	89329
357.544	n/a	NonTarget	1	89386
357.768	n/a	NonTarget	1	89442
357.996	n/a	NonTarget	1	89499
358.22	n/a	Target	2	89555
358.444	n/a	NonTarget	1	89611
358.668	n/a	NonTarget	1	89667
358.896	n/a	NonTarget	1	89724
359.12	n/a	NonTarget	1	89780
359.344	n/a	NonTarget	1	89836
359.572	n/a	NonTarget	1	89893
359.796	n/a	NonTarget	1	89949
360.02	n/a	NonTarget	1	90005
360.248	n/a	NonTarget	1	90062
360.472	n/a	NonTarget	1	90118
360.7	n/a	NonTarget	1	90175
360.924	n/a	NonTarget	1	90231
361.148	n/a	NonTarget	1	90287
361.376	n/a	Target	2	90344
361.6	n/a	NonTarget	1	90400
361.828	n/a	NonTarget	1	90457
362.052	n/a	NonTarget	1	90513
381.872	n/a	NonTarget	1	95468
382.1	n/a	NonTarget	1	95525
382.324	n/a	NonTarget	1	95581
382.548	n/a	NonTarget	1	95637
382.776	n/a	NonTarget	1	95694
383.0	n/a	NonTarget	1	95750
383.228	n/a	NonTarget	1	95807
383.452	n/a	NonTarget	1	95863
383.676	n/a	Target	2	95919
383.904	n/a	NonTarget	1	95976
384.128	n/a	NonTarget	1	96032
384.356	n/a	NonTarget	1	96089
384.58	n/a	NonTarget	1	96145
384.804	n/a	NonTarget	1	96201
385.032	n/a	NonTarget	1	96258
385.256	n/a	Target	2	96314
385.48	n/a	NonTarget	1	96370
385.708	n/a	NonTarget	1	96427
385.932	n/a	NonTarget	1	96483
386.156	n/a	NonTarget	1	96539
386.38	n/a	Target	2	96595
386.604	n/a	NonTarget	1	96651
386.832	n/a	NonTarget	1	96708
387.06	n/a	NonTarget	1	96765
387.284	n/a	NonTarget	1	96821
387.508	n/a	NonTarget	1	96877
387.736	n/a	NonTarget	1	96934
387.96	n/a	NonTarget	1	96990
388.184	n/a	NonTarget	1	97046
388.412	n/a	Target	2	97103
388.636	n/a	NonTarget	1	97159
388.864	n/a	NonTarget	1	97216
389.088	n/a	NonTarget	1	97272
389.312	n/a	NonTarget	1	97328
389.54	n/a	NonTarget	1	97385
389.764	n/a	NonTarget	1	97441
389.992	n/a	NonTarget	1	97498
390.216	n/a	NonTarget	1	97554
390.44	n/a	NonTarget	1	97610
390.668	n/a	NonTarget	1	97667
390.892	n/a	Target	2	97723
391.116	n/a	NonTarget	1	97779
391.344	n/a	NonTarget	1	97836
391.568	n/a	NonTarget	1	97892
391.792	n/a	NonTarget	1	97948
392.016	n/a	NonTarget	1	98004
392.244	n/a	Target	2	98061
392.468	n/a	NonTarget	1	98117
392.696	n/a	NonTarget	1	98174
392.92	n/a	NonTarget	1	98230
393.144	n/a	NonTarget	1	98286
393.372	n/a	NonTarget	1	98343
393.596	n/a	NonTarget	1	98399
393.82	n/a	NonTarget	1	98455
394.048	n/a	NonTarget	1	98512
394.272	n/a	Target	2	98568
394.5	n/a	NonTarget	1	98625
394.724	n/a	NonTarget	1	98681
394.948	n/a	NonTarget	1	98737
395.172	n/a	NonTarget	1	98793
395.4	n/a	NonTarget	1	98850
395.624	n/a	NonTarget	1	98906
395.848	n/a	NonTarget	1	98962
396.076	n/a	NonTarget	1	99019
396.3	n/a	NonTarget	1	99075
396.524	n/a	NonTarget	1	99131
396.748	n/a	NonTarget	1	99187
396.976	n/a	NonTarget	1	99244
397.204	n/a	NonTarget	1	99301
397.428	n/a	NonTarget	1	99357
397.652	n/a	NonTarget	1	99413
397.88	n/a	Target	2	99470
398.104	n/a	NonTarget	1	99526
398.328	n/a	NonTarget	1	99582
398.556	n/a	NonTarget	1	99639
398.78	n/a	NonTarget	1	99695
399.004	n/a	Target	2	99751
399.228	n/a	NonTarget	1	99807
399.456	n/a	NonTarget	1	99864
399.68	n/a	NonTarget	1	99920
399.908	n/a	NonTarget	1	99977
400.132	n/a	NonTarget	1	100033
400.36	n/a	NonTarget	1	100090
400.584	n/a	Target	2	100146
400.808	n/a	NonTarget	1	100202
401.032	n/a	NonTarget	1	100258
401.26	n/a	NonTarget	1	100315
401.484	n/a	NonTarget	1	100371
401.708	n/a	NonTarget	1	100427
401.936	n/a	NonTarget	1	100484
402.16	n/a	NonTarget	1	100540
402.384	n/a	NonTarget	1	100596
402.612	n/a	NonTarget	1	100653
402.836	n/a	NonTarget	1	100709
403.06	n/a	NonTarget	1	100765
403.288	n/a	Target	2	100822
403.512	n/a	NonTarget	1	100878
403.74	n/a	NonTarget	1	100935
403.964	n/a	NonTarget	1	100991
404.188	n/a	NonTarget	1	101047
404.412	n/a	NonTarget	1	101103
404.64	n/a	NonTarget	1	101160
404.864	n/a	NonTarget	1	101216
405.092	n/a	NonTarget	1	101273
405.316	n/a	NonTarget	1	101329
405.54	n/a	Target	2	101385
405.768	n/a	NonTarget	1	101442
405.992	n/a	NonTarget	1	101498
406.22	n/a	NonTarget	1	101555
406.444	n/a	NonTarget	1	101611
406.668	n/a	Target	2	101667
406.892	n/a	NonTarget	1	101723
407.12	n/a	NonTarget	1	101780
407.344	n/a	NonTarget	1	101836
407.568	n/a	NonTarget	1	101892
407.796	n/a	NonTarget	1	101949
408.02	n/a	NonTarget	1	102005
408.244	n/a	NonTarget	1	102061
408.472	n/a	NonTarget	1	102118
408.696	n/a	NonTarget	1	102174
408.92	n/a	NonTarget	1	102230
409.148	n/a	Target	2	102287
409.372	n/a	NonTarget	1	102343
409.596	n/a	NonTarget	1	102399
409.824	n/a	NonTarget	1	102456
410.052	n/a	NonTarget	1	102513
410.276	n/a	NonTarget	1	102569
410.5	n/a	Target	2	102625
410.724	n/a	NonTarget	1	102681
410.952	n/a	NonTarget	1	102738
411.176	n/a	NonTarget	1	102794
411.404	n/a	NonTarget	1	102851
411.628	n/a	NonTarget	1	102907
411.852	n/a	NonTarget	1	102963
420.872	n/a	NonTarget	1	105218
421.096	n/a	NonTarget	1	105274
421.32	n/a	NonTarget	1	105330
421.548	n/a	NonTarget	1	105387
421.772	n/a	Target	2	105443
421.996	n/a	NonTarget	1	105499
422.224	n/a	NonTarget	1	105556
422.448	n/a	NonTarget	1	105612
422.676	n/a	NonTarget	1	105669
422.9	n/a	NonTarget	1	105725
423.128	n/a	NonTarget	1	105782
423.352	n/a	NonTarget	1	105838
423.58	n/a	NonTarget	1	105895
423.804	n/a	NonTarget	1	105951
424.028	n/a	Target	2	106007
424.256	n/a	NonTarget	1	106064
424.48	n/a	NonTarget	1	106120
424.704	n/a	NonTarget	1	106176
424.932	n/a	NonTarget	1	106233
425.156	n/a	NonTarget	1	106289
425.38	n/a	NonTarget	1	106345
425.608	n/a	NonTarget	1	106402
425.832	n/a	NonTarget	1	106458
426.056	n/a	NonTarget	1	106514
426.284	n/a	NonTarget	1	106571
426.508	n/a	Target	2	106627
426.736	n/a	NonTarget	1	106684
426.96	n/a	NonTarget	1	106740
427.184	n/a	NonTarget	1	106796
427.412	n/a	NonTarget	1	106853
427.636	n/a	NonTarget	1	106909
427.86	n/a	NonTarget	1	106965
428.088	n/a	NonTarget	1	107022
428.312	n/a	NonTarget	1	107078
428.536	n/a	NonTarget	1	107134
428.76	n/a	Target	2	107190
428.988	n/a	NonTarget	1	107247
429.216	n/a	NonTarget	1	107304
429.44	n/a	NonTarget	1	107360
429.664	n/a	NonTarget	1	107416
429.888	n/a	NonTarget	1	107472
430.116	n/a	NonTarget	1	107529
430.34	n/a	Target	2	107585
430.568	n/a	NonTarget	1	107642
430.792	n/a	NonTarget	1	107698
431.016	n/a	NonTarget	1	107754
431.24	n/a	Target	2	107810
431.468	n/a	NonTarget	1	107867
431.692	n/a	NonTarget	1	107923
431.916	n/a	NonTarget	1	107979
432.144	n/a	NonTarget	1	108036
432.368	n/a	NonTarget	1	108092
432.592	n/a	NonTarget	1	108148
432.82	n/a	NonTarget	1	108205
433.044	n/a	NonTarget	1	108261
433.272	n/a	NonTarget	1	108318
433.496	n/a	Target	2	108374
433.724	n/a	NonTarget	1	108431
433.948	n/a	NonTarget	1	108487
434.172	n/a	NonTarget	1	108543
434.4	n/a	NonTarget	1	108600
434.624	n/a	NonTarget	1	108656
434.848	n/a	NonTarget	1	108712
435.076	n/a	NonTarget	1	108769
435.3	n/a	NonTarget	1	108825
435.528	n/a	NonTarget	1	108882
435.752	n/a	Target	2	108938
435.976	n/a	NonTarget	1	108994
436.204	n/a	NonTarget	1	109051
436.428	n/a	NonTarget	1	109107
436.656	n/a	NonTarget	1	109164
436.88	n/a	NonTarget	1	109220
437.104	n/a	NonTarget	1	109276
437.328	n/a	NonTarget	1	109332
437.552	n/a	NonTarget	1	109388
437.78	n/a	Target	2	109445
438.004	n/a	NonTarget	1	109501
438.232	n/a	NonTarget	1	109558
438.456	n/a	NonTarget	1	109614
438.68	n/a	NonTarget	1	109670
438.908	n/a	NonTarget	1	109727
439.132	n/a	NonTarget	1	109783
439.36	n/a	NonTarget	1	109840
439.584	n/a	NonTarget	1	109896
439.808	n/a	NonTarget	1	109952
440.032	n/a	NonTarget	1	110008
440.26	n/a	NonTarget	1	110065
440.488	n/a	NonTarget	1	110122
440.712	n/a	NonTarget	1	110178
440.936	n/a	Target	2	110234
441.16	n/a	NonTarget	1	110290
441.388	n/a	NonTarget	1	110347
441.612	n/a	NonTarget	1	110403
441.836	n/a	NonTarget	1	110459
442.064	n/a	NonTarget	1	110516
442.288	n/a	NonTarget	1	110572
442.512	n/a	NonTarget	1	110628
442.74	n/a	NonTarget	1	110685
442.964	n/a	Target	2	110741
443.192	n/a	NonTarget	1	110798
443.416	n/a	NonTarget	1	110854
443.64	n/a	NonTarget	1	110910
443.864	n/a	NonTarget	1	110966
444.092	n/a	NonTarget	1	111023
444.316	n/a	NonTarget	1	111079
444.54	n/a	NonTarget	1	111135
444.764	n/a	NonTarget	1	111191
444.992	n/a	Target	2	111248
445.216	n/a	NonTarget	1	111304
445.444	n/a	NonTarget	1	111361
445.668	n/a	NonTarget	1	111417
445.892	n/a	NonTarget	1	111473
446.12	n/a	Target	2	111530
446.344	n/a	NonTarget	1	111586
446.572	n/a	NonTarget	1	111643
446.796	n/a	NonTarget	1	111699
447.02	n/a	NonTarget	1	111755
447.248	n/a	Target	2	111812
447.472	n/a	NonTarget	1	111868
447.696	n/a	NonTarget	1	111924
447.924	n/a	NonTarget	1	111981
448.148	n/a	NonTarget	1	112037
448.376	n/a	NonTarget	1	112094
448.6	n/a	NonTarget	1	112150
448.824	n/a	NonTarget	1	112206
449.048	n/a	NonTarget	1	112262
449.276	n/a	NonTarget	1	112319
449.5	n/a	NonTarget	1	112375
449.724	n/a	NonTarget	1	112431
449.952	n/a	NonTarget	1	112488
450.176	n/a	NonTarget	1	112544
450.404	n/a	Target	2	112601
450.628	n/a	NonTarget	1	112657
450.856	n/a	NonTarget	1	112714
487.424	n/a	NonTarget	1	121856
487.648	n/a	NonTarget	1	121912
487.872	n/a	NonTarget	1	121968
488.1	n/a	NonTarget	1	122025
488.324	n/a	NonTarget	1	122081
488.548	n/a	NonTarget	1	122137
488.776	n/a	Target	2	122194
489.0	n/a	NonTarget	1	122250
489.224	n/a	NonTarget	1	122306
489.448	n/a	NonTarget	1	122362
489.676	n/a	Target	2	122419
489.9	n/a	NonTarget	1	122475
490.124	n/a	NonTarget	1	122531
490.352	n/a	NonTarget	1	122588
490.576	n/a	NonTarget	1	122644
490.804	n/a	NonTarget	1	122701
491.028	n/a	NonTarget	1	122757
491.252	n/a	NonTarget	1	122813
491.48	n/a	NonTarget	1	122870
491.704	n/a	NonTarget	1	122926
491.928	n/a	NonTarget	1	122982
492.156	n/a	Target	2	123039
492.38	n/a	NonTarget	1	123095
492.608	n/a	NonTarget	1	123152
492.832	n/a	NonTarget	1	123208
493.056	n/a	NonTarget	1	123264
493.284	n/a	NonTarget	1	123321
493.508	n/a	NonTarget	1	123377
493.732	n/a	NonTarget	1	123433
493.96	n/a	NonTarget	1	123490
494.184	n/a	NonTarget	1	123546
494.408	n/a	Target	2	123602
494.632	n/a	NonTarget	1	123658
494.86	n/a	NonTarget	1	123715
495.084	n/a	NonTarget	1	123771
495.312	n/a	NonTarget	1	123828
495.536	n/a	NonTarget	1	123884
495.76	n/a	NonTarget	1	123940
495.988	n/a	Target	2	123997
496.212	n/a	NonTarget	1	124053
496.436	n/a	NonTarget	1	124109
496.66	n/a	NonTarget	1	124165
496.884	n/a	NonTarget	1	124221
497.112	n/a	NonTarget	1	124278
497.336	n/a	NonTarget	1	124334
497.564	n/a	NonTarget	1	124391
497.788	n/a	NonTarget	1	124447
498.012	n/a	Target	2	124503
498.24	n/a	NonTarget	1	124560
498.464	n/a	NonTarget	1	124616
498.692	n/a	NonTarget	1	124673
498.916	n/a	NonTarget	1	124729
499.14	n/a	NonTarget	1	124785
499.368	n/a	NonTarget	1	124842
499.592	n/a	NonTarget	1	124898
499.82	n/a	NonTarget	1	124955
500.044	n/a	Target	2	125011
500.268	n/a	NonTarget	1	125067
500.492	n/a	NonTarget	1	125123
500.716	n/a	NonTarget	1	125179
500.944	n/a	NonTarget	1	125236
501.168	n/a	NonTarget	1	125292
501.396	n/a	NonTarget	1	125349
501.62	n/a	Target	2	125405
501.844	n/a	NonTarget	1	125461
502.068	n/a	NonTarget	1	125517
502.296	n/a	NonTarget	1	125574
502.52	n/a	NonTarget	1	125630
502.744	n/a	NonTarget	1	125686
502.968	n/a	NonTarget	1	125742
503.196	n/a	NonTarget	1	125799
503.42	n/a	NonTarget	1	125855
503.648	n/a	NonTarget	1	125912
503.872	n/a	NonTarget	1	125968
504.096	n/a	NonTarget	1	126024
504.324	n/a	NonTarget	1	126081
504.548	n/a	Target	2	126137
504.772	n/a	NonTarget	1	126193
505.0	n/a	NonTarget	1	126250
505.224	n/a	NonTarget	1	126306
505.448	n/a	NonTarget	1	126362
505.672	n/a	NonTarget	1	126418
505.9	n/a	NonTarget	1	126475
506.124	n/a	NonTarget	1	126531
506.348	n/a	NonTarget	1	126587
506.576	n/a	NonTarget	1	126644
506.8	n/a	NonTarget	1	126700
507.028	n/a	Target	2	126757
507.252	n/a	NonTarget	1	126813
507.476	n/a	NonTarget	1	126869
507.704	n/a	NonTarget	1	126926
507.928	n/a	NonTarget	1	126982
508.152	n/a	NonTarget	1	127038
508.38	n/a	Target	2	127095
508.604	n/a	NonTarget	1	127151
508.832	n/a	NonTarget	1	127208
509.056	n/a	NonTarget	1	127264
509.28	n/a	NonTarget	1	127320
509.508	n/a	NonTarget	1	127377
509.732	n/a	NonTarget	1	127433
509.96	n/a	NonTarget	1	127490
510.184	n/a	NonTarget	1	127546
510.408	n/a	NonTarget	1	127602
510.632	n/a	NonTarget	1	127658
510.86	n/a	Target	2	127715
511.084	n/a	NonTarget	1	127771
511.308	n/a	NonTarget	1	127827
511.536	n/a	NonTarget	1	127884
511.76	n/a	NonTarget	1	127940
511.984	n/a	NonTarget	1	127996
512.212	n/a	Target	2	128053
512.436	n/a	NonTarget	1	128109
512.664	n/a	NonTarget	1	128166
512.888	n/a	NonTarget	1	128222
513.112	n/a	NonTarget	1	128278
513.336	n/a	NonTarget	1	128334
513.564	n/a	NonTarget	1	128391
513.788	n/a	NonTarget	1	128447
514.012	n/a	NonTarget	1	128503
514.24	n/a	NonTarget	1	128560
514.464	n/a	Target	2	128616
514.688	n/a	NonTarget	1	128672
514.912	n/a	NonTarget	1	128728
515.14	n/a	NonTarget	1	128785
515.364	n/a	NonTarget	1	128841
515.588	n/a	NonTarget	1	128897
515.816	n/a	Target	2	128954
516.04	n/a	NonTarget	1	129010
516.264	n/a	NonTarget	1	129066
516.492	n/a	NonTarget	1	129123
516.716	n/a	NonTarget	1	129179
516.944	n/a	NonTarget	1	129236
517.168	n/a	NonTarget	1	129292
517.392	n/a	NonTarget	1	129348
517.616	n/a	NonTarget	1	129404
526.416	n/a	NonTarget	1	131604
526.64	n/a	Target	2	131660
526.868	n/a	NonTarget	1	131717
527.092	n/a	NonTarget	1	131773
527.316	n/a	NonTarget	1	131829
527.544	n/a	NonTarget	1	131886
527.768	n/a	NonTarget	1	131942
527.996	n/a	NonTarget	1	131999
528.22	n/a	NonTarget	1	132055
528.444	n/a	NonTarget	1	132111
528.668	n/a	NonTarget	1	132167
528.896	n/a	NonTarget	1	132224
529.12	n/a	Target	2	132280
529.344	n/a	NonTarget	1	132336
529.568	n/a	NonTarget	1	132392
529.796	n/a	NonTarget	1	132449
530.02	n/a	NonTarget	1	132505
530.244	n/a	NonTarget	1	132561
530.468	n/a	NonTarget	1	132617
530.696	n/a	NonTarget	1	132674
530.92	n/a	NonTarget	1	132730
531.148	n/a	NonTarget	1	132787
531.372	n/a	NonTarget	1	132843
531.596	n/a	NonTarget	1	132899
531.824	n/a	NonTarget	1	132956
532.048	n/a	NonTarget	1	133012
532.276	n/a	Target	2	133069
532.5	n/a	NonTarget	1	133125
532.728	n/a	NonTarget	1	133182
532.952	n/a	NonTarget	1	133238
533.176	n/a	NonTarget	1	133294
533.404	n/a	NonTarget	1	133351
533.628	n/a	Target	2	133407
533.852	n/a	NonTarget	1	133463
534.076	n/a	NonTarget	1	133519
534.304	n/a	NonTarget	1	133576
534.532	n/a	Target	2	133633
534.756	n/a	NonTarget	1	133689
534.98	n/a	NonTarget	1	133745
535.204	n/a	NonTarget	1	133801
535.432	n/a	NonTarget	1	133858
535.656	n/a	NonTarget	1	133914
535.884	n/a	NonTarget	1	133971
536.108	n/a	NonTarget	1	134027
536.336	n/a	NonTarget	1	134084
536.56	n/a	Target	2	134140
536.784	n/a	NonTarget	1	134196
537.012	n/a	NonTarget	1	134253
537.236	n/a	NonTarget	1	134309
537.464	n/a	NonTarget	1	134366
537.688	n/a	NonTarget	1	134422
537.912	n/a	NonTarget	1	134478
538.14	n/a	NonTarget	1	134535
538.364	n/a	NonTarget	1	134591
538.592	n/a	NonTarget	1	134648
538.816	n/a	NonTarget	1	134704
539.04	n/a	Target	2	134760
539.268	n/a	NonTarget	1	134817
539.492	n/a	NonTarget	1	134873
539.72	n/a	NonTarget	1	134930
539.944	n/a	NonTarget	1	134986
540.168	n/a	NonTarget	1	135042
540.396	n/a	NonTarget	1	135099
540.62	n/a	NonTarget	1	135155
540.848	n/a	NonTarget	1	135212
541.072	n/a	NonTarget	1	135268
541.296	n/a	NonTarget	1	135324
541.524	n/a	Target	2	135381
541.748	n/a	NonTarget	1	135437
541.972	n/a	NonTarget	1	135493
542.2	n/a	NonTarget	1	135550
542.428	n/a	NonTarget	1	135607
542.648	n/a	NonTarget	1	135662
542.872	n/a	NonTarget	1	135718
543.1	n/a	NonTarget	1	135775
543.324	n/a	NonTarget	1	135831
543.552	n/a	NonTarget	1	135888
543.776	n/a	Target	2	135944
544.0	n/a	NonTarget	1	136000
544.228	n/a	NonTarget	1	136057
544.452	n/a	NonTarget	1	136113
544.68	n/a	NonTarget	1	136170
544.904	n/a	NonTarget	1	136226
545.128	n/a	NonTarget	1	136282
545.356	n/a	Target	2	136339
545.58	n/a	NonTarget	1	136395
545.804	n/a	NonTarget	1	136451
546.032	n/a	NonTarget	1	136508
546.256	n/a	NonTarget	1	136564
546.484	n/a	NonTarget	1	136621
546.708	n/a	NonTarget	1	136677
546.932	n/a	NonTarget	1	136733
547.16	n/a	Target	2	136790
547.384	n/a	NonTarget	1	136846
547.608	n/a	NonTarget	1	136902
547.832	n/a	NonTarget	1	136958
548.06	n/a	NonTarget	1	137015
548.284	n/a	NonTarget	1	137071
548.512	n/a	NonTarget	1	137128
548.736	n/a	Target	2	137184
548.96	n/a	NonTarget	1	137240
549.188	n/a	NonTarget	1	137297
549.412	n/a	NonTarget	1	137353
549.636	n/a	NonTarget	1	137409
549.864	n/a	NonTarget	1	137466
550.088	n/a	NonTarget	1	137522
550.316	n/a	NonTarget	1	137579
550.54	n/a	NonTarget	1	137635
550.764	n/a	NonTarget	1	137691
550.992	n/a	NonTarget	1	137748
551.216	n/a	NonTarget	1	137804
551.44	n/a	NonTarget	1	137860
551.664	n/a	NonTarget	1	137916
551.888	n/a	Target	2	137972
552.116	n/a	NonTarget	1	138029
552.34	n/a	NonTarget	1	138085
552.568	n/a	NonTarget	1	138142
552.792	n/a	NonTarget	1	138198
553.016	n/a	NonTarget	1	138254
553.244	n/a	NonTarget	1	138311
553.468	n/a	NonTarget	1	138367
553.696	n/a	NonTarget	1	138424
553.92	n/a	NonTarget	1	138480
554.148	n/a	Target	2	138537
554.372	n/a	NonTarget	1	138593
554.596	n/a	NonTarget	1	138649
554.824	n/a	NonTarget	1	138706
555.048	n/a	Target	2	138762
555.276	n/a	NonTarget	1	138819
555.5	n/a	NonTarget	1	138875
555.728	n/a	NonTarget	1	138932
555.952	n/a	NonTarget	1	138988
556.176	n/a	NonTarget	1	139044
556.404	n/a	NonTarget	1	139101
556.628	n/a	NonTarget	1	139157
571.028	n/a	NonTarget	1	142757
571.252	n/a	NonTarget	1	142813
571.48	n/a	NonTarget	1	142870
571.704	n/a	NonTarget	1	142926
571.928	n/a	NonTarget	1	142982
572.156	n/a	NonTarget	1	143039
572.38	n/a	NonTarget	1	143095
572.608	n/a	NonTarget	1	143152
572.832	n/a	Target	2	143208
573.056	n/a	NonTarget	1	143264
573.284	n/a	NonTarget	1	143321
573.508	n/a	NonTarget	1	143377
573.732	n/a	NonTarget	1	143433
573.956	n/a	NonTarget	1	143489
574.184	n/a	NonTarget	1	143546
574.408	n/a	NonTarget	1	143602
574.632	n/a	Target	2	143658
574.86	n/a	NonTarget	1	143715
575.084	n/a	NonTarget	1	143771
575.308	n/a	NonTarget	1	143827
575.536	n/a	NonTarget	1	143884
575.76	n/a	Target	2	143940
575.988	n/a	NonTarget	1	143997
576.212	n/a	NonTarget	1	144053
576.44	n/a	NonTarget	1	144110
576.664	n/a	NonTarget	1	144166
576.888	n/a	NonTarget	1	144222
577.112	n/a	NonTarget	1	144278
577.336	n/a	NonTarget	1	144334
577.564	n/a	Target	2	144391
577.788	n/a	NonTarget	1	144447
578.012	n/a	NonTarget	1	144503
578.24	n/a	NonTarget	1	144560
578.464	n/a	NonTarget	1	144616
578.688	n/a	NonTarget	1	144672
578.916	n/a	NonTarget	1	144729
579.14	n/a	NonTarget	1	144785
579.364	n/a	Target	2	144841
579.592	n/a	NonTarget	1	144898
579.816	n/a	NonTarget	1	144954
580.044	n/a	NonTarget	1	145011
580.268	n/a	NonTarget	1	145067
580.492	n/a	NonTarget	1	145123
580.72	n/a	NonTarget	1	145180
580.944	n/a	NonTarget	1	145236
581.168	n/a	NonTarget	1	145292
581.396	n/a	NonTarget	1	145349
581.62	n/a	NonTarget	1	145405
581.844	n/a	NonTarget	1	145461
582.072	n/a	NonTarget	1	145518
582.296	n/a	Target	2	145574
582.524	n/a	NonTarget	1	145631
582.748	n/a	NonTarget	1	145687
582.976	n/a	NonTarget	1	145744
583.2	n/a	NonTarget	1	145800
583.424	n/a	NonTarget	1	145856
583.648	n/a	NonTarget	1	145912
583.876	n/a	NonTarget	1	145969
584.1	n/a	NonTarget	1	146025
584.324	n/a	NonTarget	1	146081
584.552	n/a	NonTarget	1	146138
584.776	n/a	Target	2	146194
585.004	n/a	NonTarget	1	146251
585.228	n/a	NonTarget	1	146307
585.452	n/a	NonTarget	1	146363
585.68	n/a	NonTarget	1	146420
585.904	n/a	NonTarget	1	146476
586.132	n/a	NonTarget	1	146533
586.356	n/a	Target	2	146589
586.584	n/a	NonTarget	1	146646
586.808	n/a	NonTarget	1	146702
587.032	n/a	NonTarget	1	146758
587.256	n/a	Target	2	146814
587.484	n/a	NonTarget	1	146871
587.712	n/a	NonTarget	1	146928
587.936	n/a	NonTarget	1	146984
588.16	n/a	NonTarget	1	147040
588.384	n/a	NonTarget	1	147096
588.612	n/a	NonTarget	1	147153
588.836	n/a	NonTarget	1	147209
589.064	n/a	NonTarget	1	147266
589.288	n/a	NonTarget	1	147322
589.512	n/a	NonTarget	1	147378
589.736	n/a	NonTarget	1	147434
589.96	n/a	NonTarget	1	147490
590.188	n/a	NonTarget	1	147547
590.412	n/a	Target	2	147603
590.64	n/a	NonTarget	1	147660
590.864	n/a	NonTarget	1	147716
591.088	n/a	NonTarget	1	147772
591.316	n/a	NonTarget	1	147829
591.54	n/a	NonTarget	1	147885
591.764	n/a	NonTarget	1	147941
591.988	n/a	NonTarget	1	147997
592.216	n/a	NonTarget	1	148054
592.44	n/a	NonTarget	1	148110
592.664	n/a	NonTarget	1	148166
592.892	n/a	NonTarget	1	148223
593.116	n/a	Target	2	148279
593.34	n/a	NonTarget	1	148335
593.568	n/a	NonTarget	1	148392
593.792	n/a	NonTarget	1	148448
594.02	n/a	NonTarget	1	148505
594.244	n/a	NonTarget	1	148561
594.468	n/a	Target	2	148617
594.696	n/a	NonTarget	1	148674
594.92	n/a	NonTarget	1	148730
595.148	n/a	NonTarget	1	148787
595.372	n/a	NonTarget	1	148843
595.596	n/a	Target	2	148899
595.82	n/a	NonTarget	1	148955
596.048	n/a	NonTarget	1	149012
596.272	n/a	NonTarget	1	149068
596.496	n/a	NonTarget	1	149124
596.724	n/a	NonTarget	1	149181
596.948	n/a	NonTarget	1	149237
597.172	n/a	NonTarget	1	149293
597.4	n/a	NonTarget	1	149350
597.624	n/a	NonTarget	1	149406
597.852	n/a	NonTarget	1	149463
598.076	n/a	NonTarget	1	149519
598.304	n/a	Target	2	149576
598.528	n/a	NonTarget	1	149632
598.752	n/a	NonTarget	1	149688
598.98	n/a	NonTarget	1	149745
599.204	n/a	NonTarget	1	149801
599.432	n/a	NonTarget	1	149858
599.656	n/a	NonTarget	1	149914
599.88	n/a	NonTarget	1	149970
600.108	n/a	NonTarget	1	150027
600.332	n/a	NonTarget	1	150083
600.56	n/a	Target	2	150140
600.784	n/a	NonTarget	1	150196
601.008	n/a	NonTarget	1	150252
601.236	n/a	NonTarget	1	150309
610.028	n/a	NonTarget	1	152507
610.252	n/a	NonTarget	1	152563
610.48	n/a	NonTarget	1	152620
610.704	n/a	NonTarget	1	152676
610.932	n/a	NonTarget	1	152733
611.156	n/a	NonTarget	1	152789
611.38	n/a	Target	2	152845
611.608	n/a	NonTarget	1	152902
611.832	n/a	NonTarget	1	152958
612.06	n/a	NonTarget	1	153015
612.284	n/a	NonTarget	1	153071
612.508	n/a	NonTarget	1	153127
612.732	n/a	NonTarget	1	153183
612.956	n/a	NonTarget	1	153239
613.184	n/a	NonTarget	1	153296
613.408	n/a	NonTarget	1	153352
613.636	n/a	Target	2	153409
613.86	n/a	NonTarget	1	153465
614.084	n/a	NonTarget	1	153521
614.312	n/a	NonTarget	1	153578
614.536	n/a	NonTarget	1	153634
614.764	n/a	Target	2	153691
614.988	n/a	NonTarget	1	153747
615.212	n/a	NonTarget	1	153803
615.44	n/a	NonTarget	1	153860
615.664	n/a	NonTarget	1	153916
615.892	n/a	NonTarget	1	153973
616.116	n/a	NonTarget	1	154029
616.34	n/a	NonTarget	1	154085
616.568	n/a	NonTarget	1	154142
616.792	n/a	NonTarget	1	154198
617.02	n/a	NonTarget	1	154255
617.244	n/a	NonTarget	1	154311
617.468	n/a	NonTarget	1	154367
617.692	n/a	NonTarget	1	154423
617.916	n/a	Target	2	154479
618.144	n/a	NonTarget	1	154536
618.368	n/a	NonTarget	1	154592
618.592	n/a	NonTarget	1	154648
618.82	n/a	NonTarget	1	154705
619.044	n/a	Target	2	154761
619.272	n/a	NonTarget	1	154818
619.496	n/a	NonTarget	1	154874
619.72	n/a	NonTarget	1	154930
619.944	n/a	NonTarget	1	154986
620.168	n/a	Target	2	155042
620.396	n/a	NonTarget	1	155099
620.62	n/a	NonTarget	1	155155
620.848	n/a	NonTarget	1	155212
621.072	n/a	NonTarget	1	155268
621.296	n/a	NonTarget	1	155324
621.524	n/a	NonTarget	1	155381
621.748	n/a	NonTarget	1	155437
621.972	n/a	NonTarget	1	155493
622.2	n/a	NonTarget	1	155550
622.424	n/a	NonTarget	1	155606
622.648	n/a	Target	2	155662
622.876	n/a	NonTarget	1	155719
623.104	n/a	NonTarget	1	155776
623.328	n/a	NonTarget	1	155832
623.552	n/a	NonTarget	1	155888
623.78	n/a	NonTarget	1	155945
624.004	n/a	NonTarget	1	156001
624.228	n/a	NonTarget	1	156057
624.456	n/a	NonTarget	1	156114
624.68	n/a	NonTarget	1	156170
624.904	n/a	NonTarget	1	156226
625.128	n/a	Target	2	156282
625.356	n/a	NonTarget	1	156339
625.58	n/a	NonTarget	1	156395
625.808	n/a	NonTarget	1	156452
626.032	n/a	NonTarget	1	156508
626.26	n/a	NonTarget	1	156565
626.484	n/a	NonTarget	1	156621
626.708	n/a	NonTarget	1	156677
626.936	n/a	NonTarget	1	156734
627.16	n/a	Target	2	156790
627.384	n/a	NonTarget	1	156846
627.612	n/a	NonTarget	1	156903
627.836	n/a	NonTarget	1	156959
628.064	n/a	NonTarget	1	157016
628.288	n/a	NonTarget	1	157072
628.516	n/a	Target	2	157129
628.74	n/a	NonTarget	1	157185
628.964	n/a	NonTarget	1	157241
629.192	n/a	NonTarget	1	157298
629.416	n/a	NonTarget	1	157354
629.644	n/a	NonTarget	1	157411
629.868	n/a	NonTarget	1	157467
630.092	n/a	NonTarget	1	157523
630.32	n/a	NonTarget	1	157580
630.544	n/a	NonTarget	1	157636
630.772	n/a	NonTarget	1	157693
630.996	n/a	NonTarget	1	157749
631.224	n/a	Target	2	157806
631.448	n/a	NonTarget	1	157862
631.672	n/a	NonTarget	1	157918
631.896	n/a	NonTarget	1	157974
632.12	n/a	NonTarget	1	158030
632.348	n/a	NonTarget	1	158087
632.576	n/a	NonTarget	1	158144
632.8	n/a	NonTarget	1	158200
633.024	n/a	NonTarget	1	158256
633.248	n/a	Target	2	158312
633.476	n/a	NonTarget	1	158369
633.7	n/a	NonTarget	1	158425
633.924	n/a	NonTarget	1	158481
634.152	n/a	NonTarget	1	158538
634.376	n/a	NonTarget	1	158594
634.604	n/a	Target	2	158651
634.828	n/a	NonTarget	1	158707
635.056	n/a	NonTarget	1	158764
635.28	n/a	NonTarget	1	158820
635.504	n/a	NonTarget	1	158876
635.728	n/a	NonTarget	1	158932
635.952	n/a	NonTarget	1	158988
636.18	n/a	NonTarget	1	159045
636.404	n/a	NonTarget	1	159101
636.628	n/a	NonTarget	1	159157
636.856	n/a	NonTarget	1	159214
637.08	n/a	NonTarget	1	159270
637.308	n/a	NonTarget	1	159327
637.532	n/a	Target	2	159383
637.756	n/a	NonTarget	1	159439
637.984	n/a	NonTarget	1	159496
638.208	n/a	NonTarget	1	159552
638.436	n/a	NonTarget	1	159609
638.66	n/a	NonTarget	1	159665
638.884	n/a	NonTarget	1	159721
639.112	n/a	Target	2	159778
639.336	n/a	NonTarget	1	159834
639.56	n/a	NonTarget	1	159890
639.788	n/a	NonTarget	1	159947
640.016	n/a	NonTarget	1	160004
640.24	n/a	NonTarget	1	160060
652.808	n/a	NonTarget	1	163202
653.032	n/a	NonTarget	1	163258
653.26	n/a	NonTarget	1	163315
653.484	n/a	NonTarget	1	163371
653.708	n/a	Target	2	163427
653.936	n/a	NonTarget	1	163484
654.16	n/a	NonTarget	1	163540
654.384	n/a	NonTarget	1	163596
654.612	n/a	NonTarget	1	163653
654.836	n/a	NonTarget	1	163709
655.064	n/a	NonTarget	1	163766
655.288	n/a	Target	2	163822
655.516	n/a	NonTarget	1	163879
655.74	n/a	NonTarget	1	163935
655.964	n/a	NonTarget	1	163991
656.192	n/a	NonTarget	1	164048
656.416	n/a	NonTarget	1	164104
656.644	n/a	NonTarget	1	164161
656.868	n/a	NonTarget	1	164217
657.092	n/a	Target	2	164273
657.32	n/a	NonTarget	1	164330
657.544	n/a	NonTarget	1	164386
657.768	n/a	NonTarget	1	164442
657.992	n/a	NonTarget	1	164498
658.22	n/a	NonTarget	1	164555
658.444	n/a	NonTarget	1	164611
658.668	n/a	NonTarget	1	164667
658.896	n/a	Target	2	164724
659.12	n/a	NonTarget	1	164780
659.348	n/a	NonTarget	1	164837
659.572	n/a	NonTarget	1	164893
659.796	n/a	NonTarget	1	164949
660.024	n/a	NonTarget	1	165006
660.248	n/a	NonTarget	1	165062
660.472	n/a	NonTarget	1	165118
660.7	n/a	NonTarget	1	165175
660.924	n/a	NonTarget	1	165231
661.152	n/a	NonTarget	1	165288
661.376	n/a	NonTarget	1	165344
661.604	n/a	NonTarget	1	165401
661.828	n/a	NonTarget	1	165457
662.052	n/a	Target	2	165513
662.28	n/a	NonTarget	1	165570
662.504	n/a	NonTarget	1	165626
662.728	n/a	NonTarget	1	165682
662.956	n/a	NonTarget	1	165739
663.18	n/a	NonTarget	1	165795
663.408	n/a	NonTarget	1	165852
663.632	n/a	NonTarget	1	165908
663.856	n/a	Target	2	165964
664.08	n/a	NonTarget	1	166020
664.308	n/a	NonTarget	1	166077
664.532	n/a	NonTarget	1	166133
664.756	n/a	NonTarget	1	166189
664.984	n/a	NonTarget	1	166246
665.208	n/a	NonTarget	1	166302
665.432	n/a	Target	2	166358
665.66	n/a	NonTarget	1	166415
665.884	n/a	NonTarget	1	166471
666.112	n/a	NonTarget	1	166528
666.336	n/a	NonTarget	1	166584
666.564	n/a	NonTarget	1	166641
666.788	n/a	NonTarget	1	166697
667.012	n/a	NonTarget	1	166753
667.24	n/a	NonTarget	1	166810
667.464	n/a	NonTarget	1	166866
667.688	n/a	NonTarget	1	166922
667.916	n/a	NonTarget	1	166979
668.14	n/a	NonTarget	1	167035
668.368	n/a	NonTarget	1	167092
668.592	n/a	Target	2	167148
668.816	n/a	NonTarget	1	167204
669.04	n/a	NonTarget	1	167260
669.268	n/a	NonTarget	1	167317
669.492	n/a	NonTarget	1	167373
669.716	n/a	NonTarget	1	167429
669.944	n/a	NonTarget	1	167486
670.168	n/a	NonTarget	1	167542
670.392	n/a	Target	2	167598
670.616	n/a	NonTarget	1	167654
670.844	n/a	NonTarget	1	167711
671.068	n/a	NonTarget	1	167767
671.292	n/a	Target	2	167823
671.52	n/a	NonTarget	1	167880
671.744	n/a	NonTarget	1	167936
671.968	n/a	NonTarget	1	167992
672.196	n/a	NonTarget	1	168049
672.42	n/a	NonTarget	1	168105
672.644	n/a	NonTarget	1	168161
672.872	n/a	NonTarget	1	168218
673.096	n/a	NonTarget	1	168274
673.32	n/a	NonTarget	1	168330
673.544	n/a	NonTarget	1	168386
673.772	n/a	NonTarget	1	168443
673.996	n/a	NonTarget	1	168499
674.224	n/a	NonTarget	1	168556
674.448	n/a	NonTarget	1	168612
674.672	n/a	NonTarget	1	168668
674.9	n/a	Target	2	168725
675.124	n/a	NonTarget	1	168781
675.348	n/a	NonTarget	1	168837
675.572	n/a	NonTarget	1	168893
675.796	n/a	NonTarget	1	168949
676.024	n/a	NonTarget	1	169006
676.248	n/a	Target	2	169062
676.476	n/a	NonTarget	1	169119
676.7	n/a	NonTarget	1	169175
676.928	n/a	NonTarget	1	169232
677.152	n/a	NonTarget	1	169288
677.376	n/a	NonTarget	1	169344
677.604	n/a	Target	2	169401
677.828	n/a	NonTarget	1	169457
678.056	n/a	NonTarget	1	169514
678.28	n/a	NonTarget	1	169570
678.504	n/a	NonTarget	1	169626
678.732	n/a	NonTarget	1	169683
678.956	n/a	NonTarget	1	169739
679.184	n/a	NonTarget	1	169796
679.408	n/a	Target	2	169852
679.632	n/a	NonTarget	1	169908
679.856	n/a	NonTarget	1	169964
680.084	n/a	NonTarget	1	170021
680.308	n/a	NonTarget	1	170077
680.532	n/a	NonTarget	1	170133
680.76	n/a	NonTarget	1	170190
680.984	n/a	NonTarget	1	170246
681.208	n/a	NonTarget	1	170302
681.432	n/a	NonTarget	1	170358
681.66	n/a	NonTarget	1	170415
681.884	n/a	NonTarget	1	170471
682.108	n/a	NonTarget	1	170527
682.336	n/a	NonTarget	1	170584
682.56	n/a	NonTarget	1	170640
682.784	n/a	NonTarget	1	170696
683.012	n/a	Target	2	170753
691.784	n/a	NonTarget	1	172946
692.008	n/a	Target	2	173002
692.236	n/a	NonTarget	1	173059
692.46	n/a	NonTarget	1	173115
692.684	n/a	NonTarget	1	173171
692.912	n/a	NonTarget	1	173228
693.136	n/a	NonTarget	1	173284
693.364	n/a	NonTarget	1	173341
693.588	n/a	NonTarget	1	173397
693.816	n/a	NonTarget	1	173454
694.04	n/a	NonTarget	1	173510
694.264	n/a	NonTarget	1	173566
694.488	n/a	NonTarget	1	173622
694.716	n/a	NonTarget	1	173679
694.94	n/a	NonTarget	1	173735
695.164	n/a	Target	2	173791
695.392	n/a	NonTarget	1	173848
695.616	n/a	NonTarget	1	173904
695.84	n/a	NonTarget	1	173960
696.068	n/a	NonTarget	1	174017
696.292	n/a	NonTarget	1	174073
696.516	n/a	NonTarget	1	174129
696.74	n/a	NonTarget	1	174185
696.964	n/a	NonTarget	1	174241
697.192	n/a	Target	2	174298
697.416	n/a	NonTarget	1	174354
697.644	n/a	NonTarget	1	174411
697.868	n/a	NonTarget	1	174467
698.092	n/a	NonTarget	1	174523
698.316	n/a	Target	2	174579
698.544	n/a	NonTarget	1	174636
698.768	n/a	NonTarget	1	174692
698.996	n/a	NonTarget	1	174749
699.22	n/a	NonTarget	1	174805
699.448	n/a	NonTarget	1	174862
699.672	n/a	NonTarget	1	174918
699.896	n/a	NonTarget	1	174974
700.124	n/a	Target	2	175031
700.348	n/a	NonTarget	1	175087
700.572	n/a	NonTarget	1	175143
700.8	n/a	NonTarget	1	175200
701.024	n/a	NonTarget	1	175256
701.248	n/a	NonTarget	1	175312
701.476	n/a	NonTarget	1	175369
701.7	n/a	NonTarget	1	175425
701.924	n/a	NonTarget	1	175481
702.148	n/a	NonTarget	1	175537
702.376	n/a	NonTarget	1	175594
702.6	n/a	NonTarget	1	175650
702.824	n/a	NonTarget	1	175706
703.052	n/a	NonTarget	1	175763
703.276	n/a	NonTarget	1	175819
703.5	n/a	NonTarget	1	175875
703.728	n/a	Target	2	175932
703.952	n/a	NonTarget	1	175988
704.18	n/a	NonTarget	1	176045
704.404	n/a	NonTarget	1	176101
704.628	n/a	NonTarget	1	176157
704.856	n/a	NonTarget	1	176214
705.08	n/a	Target	2	176270
705.308	n/a	NonTarget	1	176327
705.532	n/a	NonTarget	1	176383
705.756	n/a	NonTarget	1	176439
705.98	n/a	NonTarget	1	176495
706.208	n/a	Target	2	176552
706.432	n/a	NonTarget	1	176608
706.656	n/a	NonTarget	1	176664
706.88	n/a	NonTarget	1	176720
707.108	n/a	NonTarget	1	176777
707.332	n/a	NonTarget	1	176833
707.56	n/a	NonTarget	1	176890
707.784	n/a	NonTarget	1	176946
708.008	n/a	Target	2	177002
708.232	n/a	NonTarget	1	177058
708.456	n/a	NonTarget	1	177114
708.684	n/a	NonTarget	1	177171
708.912	n/a	NonTarget	1	177228
709.136	n/a	NonTarget	1	177284
709.36	n/a	NonTarget	1	177340
709.584	n/a	NonTarget	1	177396
709.812	n/a	NonTarget	1	177453
710.04	n/a	NonTarget	1	177510
710.264	n/a	NonTarget	1	177566
710.488	n/a	Target	2	177622
710.712	n/a	NonTarget	1	177678
710.94	n/a	NonTarget	1	177735
711.164	n/a	NonTarget	1	177791
711.392	n/a	NonTarget	1	177848
711.616	n/a	NonTarget	1	177904
711.84	n/a	NonTarget	1	177960
712.064	n/a	Target	2	178016
712.288	n/a	NonTarget	1	178072
712.516	n/a	NonTarget	1	178129
712.74	n/a	NonTarget	1	178185
712.968	n/a	NonTarget	1	178242
713.192	n/a	NonTarget	1	178298
713.416	n/a	NonTarget	1	178354
713.644	n/a	NonTarget	1	178411
713.868	n/a	NonTarget	1	178467
714.096	n/a	NonTarget	1	178524
714.32	n/a	NonTarget	1	178580
714.544	n/a	NonTarget	1	178636
714.772	n/a	NonTarget	1	178693
714.996	n/a	NonTarget	1	178749
715.224	n/a	NonTarget	1	178806
715.448	n/a	Target	2	178862
715.672	n/a	NonTarget	1	178918
715.9	n/a	NonTarget	1	178975
716.124	n/a	NonTarget	1	179031
716.352	n/a	NonTarget	1	179088
716.576	n/a	NonTarget	1	179144
716.8	n/a	NonTarget	1	179200
717.028	n/a	NonTarget	1	179257
717.252	n/a	NonTarget	1	179313
717.48	n/a	Target	2	179370
717.704	n/a	NonTarget	1	179426
717.932	n/a	NonTarget	1	179483
718.156	n/a	NonTarget	1	179539
718.38	n/a	NonTarget	1	179595
718.608	n/a	NonTarget	1	179652
718.832	n/a	NonTarget	1	179708
719.056	n/a	NonTarget	1	179764
719.284	n/a	NonTarget	1	179821
719.508	n/a	Target	2	179877
719.732	n/a	NonTarget	1	179933
719.96	n/a	NonTarget	1	179990
720.184	n/a	NonTarget	1	180046
720.412	n/a	NonTarget	1	180103
720.636	n/a	NonTarget	1	180159
720.86	n/a	NonTarget	1	180215
721.088	n/a	NonTarget	1	180272
721.312	n/a	Target	2	180328
721.54	n/a	NonTarget	1	180385
721.764	n/a	NonTarget	1	180441
721.988	n/a	NonTarget	1	180497
741.632	n/a	NonTarget	1	185408
741.856	n/a	Target	2	185464
742.084	n/a	NonTarget	1	185521
742.308	n/a	NonTarget	1	185577
742.536	n/a	NonTarget	1	185634
742.76	n/a	NonTarget	1	185690
742.984	n/a	NonTarget	1	185746
743.212	n/a	NonTarget	1	185803
743.436	n/a	NonTarget	1	185859
743.664	n/a	Target	2	185916
743.888	n/a	NonTarget	1	185972
744.116	n/a	NonTarget	1	186029
744.34	n/a	NonTarget	1	186085
744.564	n/a	NonTarget	1	186141
744.792	n/a	NonTarget	1	186198
745.016	n/a	NonTarget	1	186254
745.24	n/a	NonTarget	1	186310
745.468	n/a	NonTarget	1	186367
745.692	n/a	NonTarget	1	186423
745.916	n/a	Target	2	186479
746.14	n/a	NonTarget	1	186535
746.368	n/a	NonTarget	1	186592
746.592	n/a	NonTarget	1	186648
746.816	n/a	NonTarget	1	186704
747.044	n/a	NonTarget	1	186761
747.268	n/a	NonTarget	1	186817
747.492	n/a	NonTarget	1	186873
747.72	n/a	Target	2	186930
747.948	n/a	NonTarget	1	186987
748.172	n/a	NonTarget	1	187043
748.396	n/a	NonTarget	1	187099
748.624	n/a	NonTarget	1	187156
748.848	n/a	NonTarget	1	187212
749.076	n/a	NonTarget	1	187269
749.3	n/a	NonTarget	1	187325
749.524	n/a	NonTarget	1	187381
749.752	n/a	NonTarget	1	187438
749.976	n/a	NonTarget	1	187494
750.204	n/a	NonTarget	1	187551
750.428	n/a	NonTarget	1	187607
750.652	n/a	NonTarget	1	187663
750.876	n/a	Target	2	187719
751.104	n/a	NonTarget	1	187776
751.328	n/a	NonTarget	1	187832
751.556	n/a	NonTarget	1	187889
751.78	n/a	NonTarget	1	187945
752.004	n/a	Target	2	188001
752.228	n/a	NonTarget	1	188057
752.452	n/a	NonTarget	1	188113
752.68	n/a	NonTarget	1	188170
752.904	n/a	NonTarget	1	188226
753.132	n/a	NonTarget	1	188283
753.356	n/a	NonTarget	1	188339
753.58	n/a	NonTarget	1	188395
753.808	n/a	NonTarget	1	188452
754.032	n/a	NonTarget	1	188508
754.256	n/a	NonTarget	1	188564
754.48	n/a	Target	2	188620
754.704	n/a	NonTarget	1	188676
754.932	n/a	NonTarget	1	188733
755.156	n/a	NonTarget	1	188789
755.384	n/a	NonTarget	1	188846
755.608	n/a	NonTarget	1	188902
755.832	n/a	NonTarget	1	188958
756.06	n/a	NonTarget	1	189015
756.284	n/a	NonTarget	1	189071
756.512	n/a	NonTarget	1	189128
756.736	n/a	Target	2	189184
756.96	n/a	NonTarget	1	189240
757.188	n/a	NonTarget	1	189297
757.412	n/a	NonTarget	1	189353
757.64	n/a	NonTarget	1	189410
757.864	n/a	NonTarget	1	189466
758.088	n/a	NonTarget	1	189522
758.312	n/a	Target	2	189578
758.54	n/a	NonTarget	1	189635
758.764	n/a	NonTarget	1	189691
758.988	n/a	NonTarget	1	189747
759.216	n/a	NonTarget	1	189804
759.44	n/a	NonTarget	1	189860
759.664	n/a	NonTarget	1	189916
759.892	n/a	NonTarget	1	189973
760.116	n/a	NonTarget	1	190029
760.344	n/a	NonTarget	1	190086
760.568	n/a	NonTarget	1	190142
760.792	n/a	Target	2	190198
761.02	n/a	NonTarget	1	190255
761.244	n/a	NonTarget	1	190311
761.472	n/a	NonTarget	1	190368
761.696	n/a	NonTarget	1	190424
761.924	n/a	Target	2	190481
762.148	n/a	NonTarget	1	190537
762.372	n/a	NonTarget	1	190593
762.6	n/a	NonTarget	1	190650
762.824	n/a	NonTarget	1	190706
763.052	n/a	NonTarget	1	190763
763.276	n/a	NonTarget	1	190819
763.5	n/a	NonTarget	1	190875
763.728	n/a	NonTarget	1	190932
763.952	n/a	NonTarget	1	190988
764.176	n/a	NonTarget	1	191044
764.404	n/a	Target	2	191101
764.628	n/a	NonTarget	1	191157
764.852	n/a	NonTarget	1	191213
765.08	n/a	NonTarget	1	191270
765.304	n/a	NonTarget	1	191326
765.532	n/a	NonTarget	1	191383
765.756	n/a	NonTarget	1	191439
765.98	n/a	NonTarget	1	191495
766.204	n/a	NonTarget	1	191551
766.432	n/a	Target	2	191608
766.656	n/a	NonTarget	1	191664
766.884	n/a	NonTarget	1	191721
767.108	n/a	NonTarget	1	191777
767.332	n/a	NonTarget	1	191833
767.56	n/a	NonTarget	1	191890
767.784	n/a	NonTarget	1	191946
768.012	n/a	NonTarget	1	192003
768.236	n/a	Target	2	192059
768.46	n/a	NonTarget	1	192115
768.688	n/a	NonTarget	1	192172
768.912	n/a	NonTarget	1	192228
769.136	n/a	NonTarget	1	192284
769.364	n/a	NonTarget	1	192341
769.588	n/a	NonTarget	1	192397
769.812	n/a	NonTarget	1	192453
770.036	n/a	NonTarget	1	192509
770.264	n/a	Target	2	192566
770.488	n/a	NonTarget	1	192622
770.716	n/a	NonTarget	1	192679
770.94	n/a	NonTarget	1	192735
771.164	n/a	NonTarget	1	192791
771.392	n/a	NonTarget	1	192848
771.616	n/a	NonTarget	1	192904
771.844	n/a	NonTarget	1	192961
780.644	n/a	NonTarget	1	195161
780.868	n/a	NonTarget	1	195217
781.092	n/a	NonTarget	1	195273
781.32	n/a	NonTarget	1	195330
781.544	n/a	Target	2	195386
781.768	n/a	NonTarget	1	195442
781.996	n/a	NonTarget	1	195499
782.22	n/a	NonTarget	1	195555
782.444	n/a	NonTarget	1	195611
782.668	n/a	NonTarget	1	195667
782.896	n/a	NonTarget	1	195724
783.12	n/a	NonTarget	1	195780
783.348	n/a	NonTarget	1	195837
783.572	n/a	Target	2	195893
783.8	n/a	NonTarget	1	195950
784.024	n/a	NonTarget	1	196006
784.248	n/a	NonTarget	1	196062
784.476	n/a	NonTarget	1	196119
784.7	n/a	NonTarget	1	196175
784.928	n/a	NonTarget	1	196232
785.152	n/a	NonTarget	1	196288
785.376	n/a	Target	2	196344
785.604	n/a	NonTarget	1	196401
785.828	n/a	NonTarget	1	196457
786.056	n/a	NonTarget	1	196514
786.28	n/a	NonTarget	1	196570
786.508	n/a	NonTarget	1	196627
786.732	n/a	NonTarget	1	196683
786.956	n/a	NonTarget	1	196739
787.18	n/a	NonTarget	1	196795
787.404	n/a	NonTarget	1	196851
787.632	n/a	NonTarget	1	196908
787.856	n/a	NonTarget	1	196964
788.08	n/a	Target	2	197020
788.308	n/a	NonTarget	1	197077
788.532	n/a	NonTarget	1	197133
788.756	n/a	NonTarget	1	197189
788.984	n/a	NonTarget	1	197246
789.208	n/a	NonTarget	1	197302
789.432	n/a	NonTarget	1	197358
789.656	n/a	Target	2	197414
789.884	n/a	NonTarget	1	197471
790.108	n/a	NonTarget	1	197527
790.336	n/a	NonTarget	1	197584
790.56	n/a	NonTarget	1	197640
790.784	n/a	NonTarget	1	197696
791.012	n/a	NonTarget	1	197753
791.236	n/a	Target	2	197809
791.464	n/a	NonTarget	1	197866
791.688	n/a	NonTarget	1	197922
791.912	n/a	NonTarget	1	197978
792.144	n/a	NonTarget	1	198036
792.364	n/a	NonTarget	1	198091
792.592	n/a	NonTarget	1	198148
792.816	n/a	Target	2	198204
793.04	n/a	NonTarget	1	198260
793.268	n/a	NonTarget	1	198317
793.492	n/a	NonTarget	1	198373
793.72	n/a	NonTarget	1	198430
793.944	n/a	NonTarget	1	198486
794.168	n/a	NonTarget	1	198542
794.396	n/a	NonTarget	1	198599
794.62	n/a	NonTarget	1	198655
794.848	n/a	NonTarget	1	198712
795.072	n/a	NonTarget	1	198768
795.296	n/a	Target	2	198824
795.52	n/a	NonTarget	1	198880
795.744	n/a	NonTarget	1	198936
795.972	n/a	NonTarget	1	198993
796.196	n/a	NonTarget	1	199049
796.424	n/a	NonTarget	1	199106
796.648	n/a	NonTarget	1	199162
796.872	n/a	NonTarget	1	199218
797.096	n/a	NonTarget	1	199274
797.324	n/a	NonTarget	1	199331
797.552	n/a	Target	2	199388
797.776	n/a	NonTarget	1	199444
798.0	n/a	NonTarget	1	199500
798.224	n/a	NonTarget	1	199556
798.448	n/a	NonTarget	1	199612
798.676	n/a	NonTarget	1	199669
798.9	n/a	NonTarget	1	199725
799.124	n/a	Target	2	199781
799.352	n/a	NonTarget	1	199838
799.576	n/a	NonTarget	1	199894
799.8	n/a	NonTarget	1	199950
800.028	n/a	NonTarget	1	200007
800.252	n/a	NonTarget	1	200063
800.48	n/a	NonTarget	1	200120
800.704	n/a	NonTarget	1	200176
800.928	n/a	Target	2	200232
801.156	n/a	NonTarget	1	200289
801.38	n/a	NonTarget	1	200345
801.604	n/a	NonTarget	1	200401
801.828	n/a	NonTarget	1	200457
802.056	n/a	NonTarget	1	200514
802.28	n/a	NonTarget	1	200570
802.508	n/a	NonTarget	1	200627
802.732	n/a	NonTarget	1	200683
802.956	n/a	NonTarget	1	200739
803.184	n/a	NonTarget	1	200796
803.408	n/a	NonTarget	1	200852
803.632	n/a	Target	2	200908
803.86	n/a	NonTarget	1	200965
804.084	n/a	NonTarget	1	201021
804.308	n/a	NonTarget	1	201077
804.532	n/a	NonTarget	1	201133
804.76	n/a	NonTarget	1	201190
804.984	n/a	NonTarget	1	201246
805.208	n/a	NonTarget	1	201302
805.436	n/a	NonTarget	1	201359
805.66	n/a	NonTarget	1	201415
805.888	n/a	Target	2	201472
806.112	n/a	NonTarget	1	201528
806.336	n/a	NonTarget	1	201584
806.564	n/a	NonTarget	1	201641
806.788	n/a	NonTarget	1	201697
807.012	n/a	NonTarget	1	201753
807.24	n/a	NonTarget	1	201810
807.464	n/a	Target	2	201866
807.692	n/a	NonTarget	1	201923
807.916	n/a	NonTarget	1	201979
808.14	n/a	NonTarget	1	202035
808.364	n/a	NonTarget	1	202091
808.592	n/a	NonTarget	1	202148
808.816	n/a	NonTarget	1	202204
809.04	n/a	NonTarget	1	202260
809.268	n/a	NonTarget	1	202317
809.492	n/a	Target	2	202373
809.716	n/a	NonTarget	1	202429
809.944	n/a	NonTarget	1	202486
810.168	n/a	NonTarget	1	202542
810.392	n/a	NonTarget	1	202598
810.616	n/a	NonTarget	1	202654
831.536	n/a	NonTarget	1	207884
831.764	n/a	NonTarget	1	207941
831.988	n/a	NonTarget	1	207997
832.216	n/a	Target	2	208054
832.44	n/a	NonTarget	1	208110
832.664	n/a	NonTarget	1	208166
832.892	n/a	NonTarget	1	208223
833.116	n/a	NonTarget	1	208279
833.34	n/a	NonTarget	1	208335
833.564	n/a	Target	2	208391
833.792	n/a	NonTarget	1	208448
834.02	n/a	NonTarget	1	208505
834.244	n/a	NonTarget	1	208561
834.468	n/a	NonTarget	1	208617
834.696	n/a	NonTarget	1	208674
834.92	n/a	NonTarget	1	208730
835.144	n/a	NonTarget	1	208786
835.372	n/a	NonTarget	1	208843
835.596	n/a	Target	2	208899
835.82	n/a	NonTarget	1	208955
836.048	n/a	NonTarget	1	209012
836.272	n/a	NonTarget	1	209068
836.5	n/a	NonTarget	1	209125
836.724	n/a	NonTarget	1	209181
836.948	n/a	NonTarget	1	209237
837.176	n/a	NonTarget	1	209294
837.4	n/a	NonTarget	1	209350
837.628	n/a	NonTarget	1	209407
837.852	n/a	Target	2	209463
838.076	n/a	NonTarget	1	209519
838.304	n/a	NonTarget	1	209576
838.528	n/a	NonTarget	1	209632
838.756	n/a	NonTarget	1	209689
838.98	n/a	NonTarget	1	209745
839.204	n/a	NonTarget	1	209801
839.432	n/a	NonTarget	1	209858
839.656	n/a	Target	2	209914
839.88	n/a	NonTarget	1	209970
840.108	n/a	NonTarget	1	210027
840.332	n/a	NonTarget	1	210083
840.56	n/a	NonTarget	1	210140
840.784	n/a	NonTarget	1	210196
841.008	n/a	NonTarget	1	210252
841.236	n/a	NonTarget	1	210309
841.46	n/a	NonTarget	1	210365
841.684	n/a	NonTarget	1	210421
841.908	n/a	NonTarget	1	210477
842.136	n/a	NonTarget	1	210534
842.36	n/a	NonTarget	1	210590
842.588	n/a	NonTarget	1	210647
842.812	n/a	NonTarget	1	210703
843.036	n/a	NonTarget	1	210759
843.264	n/a	Target	2	210816
843.488	n/a	NonTarget	1	210872
843.712	n/a	NonTarget	1	210928
843.94	n/a	NonTarget	1	210985
844.164	n/a	NonTarget	1	211041
844.388	n/a	NonTarget	1	211097
844.612	n/a	NonTarget	1	211153
844.84	n/a	NonTarget	1	211210
845.064	n/a	NonTarget	1	211266
845.288	n/a	Target	2	211322
845.516	n/a	NonTarget	1	211379
845.74	n/a	NonTarget	1	211435
845.964	n/a	NonTarget	1	211491
846.192	n/a	NonTarget	1	211548
846.416	n/a	Target	2	211604
846.644	n/a	NonTarget	1	211661
846.868	n/a	NonTarget	1	211717
847.096	n/a	NonTarget	1	211774
847.32	n/a	NonTarget	1	211830
847.544	n/a	NonTarget	1	211886
847.772	n/a	Target	2	211943
847.996	n/a	NonTarget	1	211999
848.22	n/a	NonTarget	1	212055
848.448	n/a	NonTarget	1	212112
848.672	n/a	NonTarget	1	212168
848.896	n/a	NonTarget	1	212224
849.124	n/a	NonTarget	1	212281
849.348	n/a	NonTarget	1	212337
849.572	n/a	NonTarget	1	212393
849.8	n/a	Target	2	212450
850.024	n/a	NonTarget	1	212506
850.248	n/a	NonTarget	1	212562
850.476	n/a	NonTarget	1	212619
850.7	n/a	NonTarget	1	212675
850.924	n/a	NonTarget	1	212731
851.148	n/a	NonTarget	1	212787
851.376	n/a	NonTarget	1	212844
851.6	n/a	NonTarget	1	212900
851.824	n/a	NonTarget	1	212956
852.052	n/a	NonTarget	1	213013
852.276	n/a	Target	2	213069
852.504	n/a	NonTarget	1	213126
852.728	n/a	NonTarget	1	213182
852.952	n/a	NonTarget	1	213238
853.18	n/a	NonTarget	1	213295
853.404	n/a	NonTarget	1	213351
853.632	n/a	NonTarget	1	213408
853.856	n/a	NonTarget	1	213464
854.08	n/a	NonTarget	1	213520
854.308	n/a	Target	2	213577
854.532	n/a	NonTarget	1	213633
854.76	n/a	NonTarget	1	213690
854.984	n/a	NonTarget	1	213746
855.212	n/a	NonTarget	1	213803
855.436	n/a	NonTarget	1	213859
855.66	n/a	NonTarget	1	213915
855.888	n/a	NonTarget	1	213972
856.112	n/a	NonTarget	1	214028
856.336	n/a	NonTarget	1	214084
856.56	n/a	NonTarget	1	214140
856.788	n/a	NonTarget	1	214197
857.012	n/a	Target	2	214253
857.236	n/a	NonTarget	1	214309
857.464	n/a	NonTarget	1	214366
857.688	n/a	NonTarget	1	214422
857.912	n/a	NonTarget	1	214478
858.14	n/a	NonTarget	1	214535
858.364	n/a	NonTarget	1	214591
858.592	n/a	NonTarget	1	214648
858.816	n/a	NonTarget	1	214704
859.04	n/a	NonTarget	1	214760
859.268	n/a	NonTarget	1	214817
859.492	n/a	Target	2	214873
859.72	n/a	NonTarget	1	214930
859.944	n/a	NonTarget	1	214986
860.168	n/a	NonTarget	1	215042
860.392	n/a	Target	2	215098
860.62	n/a	NonTarget	1	215155
860.844	n/a	NonTarget	1	215211
861.068	n/a	NonTarget	1	215267
861.296	n/a	NonTarget	1	215324
861.52	n/a	NonTarget	1	215380
870.54	n/a	Target	2	217635
870.768	n/a	NonTarget	1	217692
870.992	n/a	NonTarget	1	217748
871.216	n/a	NonTarget	1	217804
871.444	n/a	NonTarget	1	217861
871.668	n/a	NonTarget	1	217917
871.892	n/a	NonTarget	1	217973
872.116	n/a	NonTarget	1	218029
872.344	n/a	NonTarget	1	218086
872.568	n/a	NonTarget	1	218142
872.796	n/a	NonTarget	1	218199
873.02	n/a	NonTarget	1	218255
873.244	n/a	NonTarget	1	218311
873.472	n/a	Target	2	218368
873.696	n/a	NonTarget	1	218424
873.924	n/a	NonTarget	1	218481
874.148	n/a	NonTarget	1	218537
874.372	n/a	NonTarget	1	218593
874.6	n/a	NonTarget	1	218650
874.824	n/a	NonTarget	1	218706
875.048	n/a	NonTarget	1	218762
875.272	n/a	Target	2	218818
875.5	n/a	NonTarget	1	218875
875.724	n/a	NonTarget	1	218931
875.948	n/a	NonTarget	1	218987
876.176	n/a	NonTarget	1	219044
876.4	n/a	NonTarget	1	219100
876.628	n/a	NonTarget	1	219157
876.852	n/a	NonTarget	1	219213
877.076	n/a	NonTarget	1	219269
877.304	n/a	NonTarget	1	219326
877.528	n/a	Target	2	219382
877.756	n/a	NonTarget	1	219439
877.98	n/a	NonTarget	1	219495
878.204	n/a	NonTarget	1	219551
878.428	n/a	NonTarget	1	219607
878.656	n/a	NonTarget	1	219664
878.88	n/a	NonTarget	1	219720
879.104	n/a	Target	2	219776
879.332	n/a	NonTarget	1	219833
879.556	n/a	NonTarget	1	219889
879.78	n/a	NonTarget	1	219945
880.008	n/a	NonTarget	1	220002
880.232	n/a	NonTarget	1	220058
880.46	n/a	NonTarget	1	220115
880.684	n/a	NonTarget	1	220171
880.908	n/a	Target	2	220227
881.136	n/a	NonTarget	1	220284
881.36	n/a	NonTarget	1	220340
881.584	n/a	NonTarget	1	220396
881.808	n/a	NonTarget	1	220452
882.036	n/a	NonTarget	1	220509
882.26	n/a	NonTarget	1	220565
882.488	n/a	NonTarget	1	220622
882.712	n/a	NonTarget	1	220678
882.936	n/a	Target	2	220734
883.164	n/a	NonTarget	1	220791
883.388	n/a	NonTarget	1	220847
883.612	n/a	NonTarget	1	220903
883.84	n/a	NonTarget	1	220960
884.064	n/a	NonTarget	1	221016
884.288	n/a	NonTarget	1	221072
884.512	n/a	NonTarget	1	221128
884.74	n/a	Target	2	221185
884.964	n/a	NonTarget	1	221241
885.188	n/a	NonTarget	1	221297
885.416	n/a	NonTarget	1	221354
885.64	n/a	NonTarget	1	221410
885.864	n/a	NonTarget	1	221466
886.092	n/a	NonTarget	1	221523
886.316	n/a	NonTarget	1	221579
886.544	n/a	NonTarget	1	221636
886.768	n/a	NonTarget	1	221692
886.992	n/a	NonTarget	1	221748
887.22	n/a	NonTarget	1	221805
887.444	n/a	Target	2	221861
887.672	n/a	NonTarget	1	221918
887.896	n/a	NonTarget	1	221974
888.12	n/a	NonTarget	1	222030
888.348	n/a	NonTarget	1	222087
888.572	n/a	NonTarget	1	222143
888.796	n/a	NonTarget	1	222199
889.024	n/a	Target	2	222256
889.248	n/a	NonTarget	1	222312
889.472	n/a	NonTarget	1	222368
889.696	n/a	NonTarget	1	222424
889.924	n/a	NonTarget	1	222481
890.148	n/a	NonTarget	1	222537
890.376	n/a	NonTarget	1	222594
890.6	n/a	NonTarget	1	222650
890.828	n/a	NonTarget	1	222707
891.052	n/a	NonTarget	1	222763
891.276	n/a	NonTarget	1	222819
891.504	n/a	NonTarget	1	222876
891.728	n/a	Target	2	222932
891.952	n/a	NonTarget	1	222988
892.18	n/a	NonTarget	1	223045
892.404	n/a	NonTarget	1	223101
892.632	n/a	NonTarget	1	223158
892.856	n/a	Target	2	223214
893.08	n/a	NonTarget	1	223270
893.308	n/a	NonTarget	1	223327
893.532	n/a	NonTarget	1	223383
893.76	n/a	NonTarget	1	223440
893.984	n/a	NonTarget	1	223496
894.208	n/a	NonTarget	1	223552
894.432	n/a	NonTarget	1	223608
894.66	n/a	NonTarget	1	223665
894.888	n/a	NonTarget	1	223722
895.112	n/a	NonTarget	1	223778
895.336	n/a	NonTarget	1	223834
895.564	n/a	Target	2	223891
895.788	n/a	NonTarget	1	223947
896.012	n/a	NonTarget	1	224003
896.24	n/a	NonTarget	1	224060
896.464	n/a	NonTarget	1	224116
896.688	n/a	NonTarget	1	224172
896.916	n/a	Target	2	224229
897.14	n/a	NonTarget	1	224285
897.368	n/a	NonTarget	1	224342
897.592	n/a	NonTarget	1	224398
897.816	n/a	NonTarget	1	224454
898.044	n/a	NonTarget	1	224511
898.268	n/a	NonTarget	1	224567
898.492	n/a	NonTarget	1	224623
898.72	n/a	NonTarget	1	224680
898.944	n/a	NonTarget	1	224736
899.172	n/a	NonTarget	1	224793
899.396	n/a	Target	2	224849
899.62	n/a	NonTarget	1	224905
899.848	n/a	NonTarget	1	224962
900.072	n/a	NonTarget	1	225018
900.296	n/a	NonTarget	1	225074
900.524	n/a	NonTarget	1	225131
913.408	n/a	NonTarget	1	228352
913.636	n/a	NonTarget	1	228409
913.86	n/a	Target	2	228465
914.084	n/a	NonTarget	1	228521
914.308	n/a	NonTarget	1	228577
914.536	n/a	NonTarget	1	228634
914.76	n/a	NonTarget	1	228690
914.988	n/a	NonTarget	1	228747
915.212	n/a	NonTarget	1	228803
915.436	n/a	NonTarget	1	228859
915.664	n/a	NonTarget	1	228916
915.888	n/a	NonTarget	1	228972
916.112	n/a	NonTarget	1	229028
916.34	n/a	NonTarget	1	229085
916.564	n/a	Target	2	229141
916.792	n/a	NonTarget	1	229198
917.016	n/a	NonTarget	1	229254
917.24	n/a	NonTarget	1	229310
917.468	n/a	NonTarget	1	229367
917.692	n/a	NonTarget	1	229423
917.92	n/a	NonTarget	1	229480
918.144	n/a	NonTarget	1	229536
918.368	n/a	NonTarget	1	229592
918.592	n/a	Target	2	229648
918.82	n/a	NonTarget	1	229705
919.044	n/a	NonTarget	1	229761
919.268	n/a	NonTarget	1	229817
919.496	n/a	NonTarget	1	229874
919.72	n/a	NonTarget	1	229930
919.944	n/a	NonTarget	1	229986
920.172	n/a	NonTarget	1	230043
920.396	n/a	NonTarget	1	230099
920.62	n/a	NonTarget	1	230155
920.848	n/a	Target	2	230212
921.072	n/a	NonTarget	1	230268
921.3	n/a	NonTarget	1	230325
921.524	n/a	NonTarget	1	230381
921.752	n/a	NonTarget	1	230438
921.976	n/a	NonTarget	1	230494
922.2	n/a	NonTarget	1	230550
922.428	n/a	Target	2	230607
922.652	n/a	NonTarget	1	230663
922.88	n/a	NonTarget	1	230720
923.104	n/a	NonTarget	1	230776
923.328	n/a	NonTarget	1	230832
923.556	n/a	NonTarget	1	230889
923.78	n/a	NonTarget	1	230945
924.008	n/a	NonTarget	1	231002
924.232	n/a	NonTarget	1	231058
924.456	n/a	Target	2	231114
924.684	n/a	NonTarget	1	231171
924.908	n/a	NonTarget	1	231227
925.136	n/a	NonTarget	1	231284
925.36	n/a	NonTarget	1	231340
925.584	n/a	Target	2	231396
925.812	n/a	NonTarget	1	231453
926.036	n/a	NonTarget	1	231509
926.26	n/a	NonTarget	1	231565
926.484	n/a	NonTarget	1	231621
926.712	n/a	NonTarget	1	231678
926.936	n/a	NonTarget	1	231734
927.16	n/a	NonTarget	1	231790
927.388	n/a	NonTarget	1	231847
927.612	n/a	NonTarget	1	231903
927.84	n/a	NonTarget	1	231960
928.064	n/a	NonTarget	1	232016
928.292	n/a	NonTarget	1	232073
928.516	n/a	Target	2	232129
928.744	n/a	NonTarget	1	232186
928.968	n/a	NonTarget	1	232242
929.192	n/a	NonTarget	1	232298
929.42	n/a	NonTarget	1	232355
929.644	n/a	NonTarget	1	232411
929.868	n/a	NonTarget	1	232467
930.096	n/a	NonTarget	1	232524
930.32	n/a	NonTarget	1	232580
930.544	n/a	Target	2	232636
930.768	n/a	NonTarget	1	232692
930.992	n/a	NonTarget	1	232748
931.22	n/a	NonTarget	1	232805
931.444	n/a	NonTarget	1	232861
931.672	n/a	NonTarget	1	232918
931.896	n/a	Target	2	232974
932.12	n/a	NonTarget	1	233030
932.348	n/a	NonTarget	1	233087
932.572	n/a	NonTarget	1	233143
932.8	n/a	NonTarget	1	233200
933.024	n/a	NonTarget	1	233256
933.248	n/a	NonTarget	1	233312
933.472	n/a	NonTarget	1	233368
933.7	n/a	NonTarget	1	233425
933.928	n/a	NonTarget	1	233482
934.152	n/a	Target	2	233538
934.376	n/a	NonTarget	1	233594
934.604	n/a	NonTarget	1	233651
934.828	n/a	NonTarget	1	233707
935.052	n/a	NonTarget	1	233763
935.28	n/a	NonTarget	1	233820
935.504	n/a	NonTarget	1	233876
935.728	n/a	NonTarget	1	233932
935.952	n/a	NonTarget	1	233988
936.18	n/a	Target	2	234045
936.404	n/a	NonTarget	1	234101
936.628	n/a	NonTarget	1	234157
936.856	n/a	NonTarget	1	234214
937.08	n/a	NonTarget	1	234270
937.304	n/a	NonTarget	1	234326
937.528	n/a	NonTarget	1	234382
937.756	n/a	NonTarget	1	234439
937.98	n/a	NonTarget	1	234495
938.208	n/a	Target	2	234552
938.432	n/a	NonTarget	1	234608
938.656	n/a	NonTarget	1	234664
938.884	n/a	NonTarget	1	234721
939.108	n/a	NonTarget	1	234777
939.332	n/a	NonTarget	1	234833
939.56	n/a	NonTarget	1	234890
939.784	n/a	NonTarget	1	234946
940.008	n/a	NonTarget	1	235002
940.236	n/a	NonTarget	1	235059
940.46	n/a	NonTarget	1	235115
940.688	n/a	Target	2	235172
940.912	n/a	NonTarget	1	235228
941.136	n/a	NonTarget	1	235284
941.36	n/a	NonTarget	1	235340
941.588	n/a	NonTarget	1	235397
941.812	n/a	NonTarget	1	235453
942.04	n/a	Target	2	235510
942.264	n/a	NonTarget	1	235566
942.488	n/a	NonTarget	1	235622
942.712	n/a	NonTarget	1	235678
942.94	n/a	NonTarget	1	235735
943.164	n/a	NonTarget	1	235791
943.388	n/a	NonTarget	1	235847
952.388	n/a	NonTarget	1	238097
952.612	n/a	NonTarget	1	238153
952.84	n/a	NonTarget	1	238210
953.064	n/a	Target	2	238266
953.288	n/a	NonTarget	1	238322
953.512	n/a	NonTarget	1	238378
953.74	n/a	NonTarget	1	238435
953.968	n/a	NonTarget	1	238492
954.192	n/a	NonTarget	1	238548
954.416	n/a	NonTarget	1	238604
954.644	n/a	NonTarget	1	238661
954.868	n/a	NonTarget	1	238717
955.092	n/a	NonTarget	1	238773
955.32	n/a	NonTarget	1	238830
955.544	n/a	NonTarget	1	238886
955.772	n/a	Target	2	238943
955.996	n/a	NonTarget	1	238999
956.22	n/a	NonTarget	1	239055
956.444	n/a	NonTarget	1	239111
956.672	n/a	NonTarget	1	239168
956.896	n/a	NonTarget	1	239224
957.124	n/a	NonTarget	1	239281
957.348	n/a	NonTarget	1	239337
957.572	n/a	NonTarget	1	239393
957.796	n/a	Target	2	239449
958.024	n/a	NonTarget	1	239506
958.248	n/a	NonTarget	1	239562
958.472	n/a	NonTarget	1	239618
958.7	n/a	Target	2	239675
958.924	n/a	NonTarget	1	239731
959.152	n/a	NonTarget	1	239788
959.376	n/a	NonTarget	1	239844
959.604	n/a	NonTarget	1	239901
959.828	n/a	NonTarget	1	239957
960.052	n/a	NonTarget	1	240013
960.28	n/a	NonTarget	1	240070
960.504	n/a	NonTarget	1	240126
960.732	n/a	NonTarget	1	240183
960.956	n/a	NonTarget	1	240239
961.18	n/a	NonTarget	1	240295
961.408	n/a	NonTarget	1	240352
961.632	n/a	Target	2	240408
961.856	n/a	NonTarget	1	240464
962.084	n/a	NonTarget	1	240521
962.308	n/a	NonTarget	1	240577
962.532	n/a	NonTarget	1	240633
962.756	n/a	NonTarget	1	240689
962.984	n/a	Target	2	240746
963.208	n/a	NonTarget	1	240802
963.432	n/a	NonTarget	1	240858
963.66	n/a	NonTarget	1	240915
963.884	n/a	NonTarget	1	240971
964.112	n/a	NonTarget	1	241028
964.336	n/a	NonTarget	1	241084
964.56	n/a	NonTarget	1	241140
964.788	n/a	NonTarget	1	241197
965.012	n/a	NonTarget	1	241253
965.236	n/a	NonTarget	1	241309
965.464	n/a	NonTarget	1	241366
965.688	n/a	NonTarget	1	241422
965.916	n/a	Target	2	241479
966.14	n/a	NonTarget	1	241535
966.364	n/a	NonTarget	1	241591
966.592	n/a	NonTarget	1	241648
966.816	n/a	NonTarget	1	241704
967.044	n/a	NonTarget	1	241761
967.268	n/a	NonTarget	1	241817
967.492	n/a	NonTarget	1	241873
967.716	n/a	NonTarget	1	241929
967.94	n/a	NonTarget	1	241985
968.168	n/a	NonTarget	1	242042
968.392	n/a	Target	2	242098
968.616	n/a	NonTarget	1	242154
968.844	n/a	NonTarget	1	242211
969.068	n/a	NonTarget	1	242267
969.296	n/a	NonTarget	1	242324
969.52	n/a	NonTarget	1	242380
969.744	n/a	NonTarget	1	242436
969.968	n/a	NonTarget	1	242492
970.192	n/a	Target	2	242548
970.42	n/a	NonTarget	1	242605
970.644	n/a	NonTarget	1	242661
970.872	n/a	NonTarget	1	242718
971.096	n/a	NonTarget	1	242774
971.32	n/a	Target	2	242830
971.548	n/a	NonTarget	1	242887
971.772	n/a	NonTarget	1	242943
972.0	n/a	NonTarget	1	243000
972.224	n/a	NonTarget	1	243056
972.448	n/a	NonTarget	1	243112
972.672	n/a	Target	2	243168
972.896	n/a	NonTarget	1	243224
973.124	n/a	NonTarget	1	243281
973.348	n/a	NonTarget	1	243337
973.576	n/a	NonTarget	1	243394
973.8	n/a	NonTarget	1	243450
974.024	n/a	NonTarget	1	243506
974.252	n/a	NonTarget	1	243563
974.476	n/a	NonTarget	1	243619
974.704	n/a	Target	2	243676
974.928	n/a	NonTarget	1	243732
975.152	n/a	NonTarget	1	243788
975.38	n/a	NonTarget	1	243845
975.604	n/a	NonTarget	1	243901
975.828	n/a	NonTarget	1	243957
976.052	n/a	NonTarget	1	244013
976.276	n/a	NonTarget	1	244069
976.504	n/a	NonTarget	1	244126
976.728	n/a	NonTarget	1	244182
976.956	n/a	NonTarget	1	244239
977.18	n/a	NonTarget	1	244295
977.404	n/a	NonTarget	1	244351
977.628	n/a	NonTarget	1	244407
977.856	n/a	NonTarget	1	244464
978.084	n/a	NonTarget	1	244521
978.308	n/a	Target	2	244577
978.532	n/a	NonTarget	1	244633
978.756	n/a	NonTarget	1	244689
978.98	n/a	NonTarget	1	244745
979.208	n/a	NonTarget	1	244802
979.432	n/a	NonTarget	1	244858
979.656	n/a	NonTarget	1	244914
979.884	n/a	Target	2	244971
980.108	n/a	NonTarget	1	245027
980.332	n/a	NonTarget	1	245083
980.556	n/a	NonTarget	1	245139
980.784	n/a	NonTarget	1	245196
981.008	n/a	NonTarget	1	245252
981.232	n/a	NonTarget	1	245308
981.46	n/a	Target	2	245365
981.684	n/a	NonTarget	1	245421
981.908	n/a	NonTarget	1	245477
982.136	n/a	NonTarget	1	245534
982.36	n/a	NonTarget	1	245590
982.584	n/a	NonTarget	1	245646
994.748	n/a	NonTarget	1	248687
994.972	n/a	NonTarget	1	248743
995.196	n/a	NonTarget	1	248799
995.424	n/a	NonTarget	1	248856
995.648	n/a	Target	2	248912
995.876	n/a	NonTarget	1	248969
996.1	n/a	NonTarget	1	249025
996.324	n/a	NonTarget	1	249081
996.548	n/a	NonTarget	1	249137
996.776	n/a	NonTarget	1	249194
997.004	n/a	Target	2	249251
997.228	n/a	NonTarget	1	249307
997.452	n/a	NonTarget	1	249363
997.676	n/a	NonTarget	1	249419
997.904	n/a	NonTarget	1	249476
998.128	n/a	NonTarget	1	249532
998.356	n/a	NonTarget	1	249589
998.58	n/a	NonTarget	1	249645
998.808	n/a	NonTarget	1	249702
999.032	n/a	NonTarget	1	249758
999.256	n/a	NonTarget	1	249814
999.484	n/a	Target	2	249871
999.708	n/a	NonTarget	1	249927
999.936	n/a	NonTarget	1	249984
1000.16	n/a	NonTarget	1	250040
1000.384	n/a	NonTarget	1	250096
1000.612	n/a	NonTarget	1	250153
1000.836	n/a	NonTarget	1	250209
1001.06	n/a	NonTarget	1	250265
1001.288	n/a	NonTarget	1	250322
1001.512	n/a	NonTarget	1	250378
1001.736	n/a	Target	2	250434
1001.964	n/a	NonTarget	1	250491
1002.188	n/a	NonTarget	1	250547
1002.416	n/a	NonTarget	1	250604
1002.64	n/a	NonTarget	1	250660
1002.864	n/a	NonTarget	1	250716
1003.092	n/a	NonTarget	1	250773
1003.316	n/a	NonTarget	1	250829
1003.544	n/a	NonTarget	1	250886
1003.768	n/a	NonTarget	1	250942
1003.996	n/a	NonTarget	1	250999
1004.22	n/a	Target	2	251055
1004.444	n/a	NonTarget	1	251111
1004.672	n/a	NonTarget	1	251168
1004.896	n/a	NonTarget	1	251224
1005.124	n/a	NonTarget	1	251281
1005.348	n/a	NonTarget	1	251337
1005.572	n/a	NonTarget	1	251393
1005.796	n/a	NonTarget	1	251449
1006.024	n/a	NonTarget	1	251506
1006.248	n/a	Target	2	251562
1006.472	n/a	NonTarget	1	251618
1006.696	n/a	NonTarget	1	251674
1006.924	n/a	NonTarget	1	251731
1007.148	n/a	NonTarget	1	251787
1007.376	n/a	NonTarget	1	251844
1007.6	n/a	Target	2	251900
1007.824	n/a	NonTarget	1	251956
1008.052	n/a	NonTarget	1	252013
1008.276	n/a	NonTarget	1	252069
1008.504	n/a	NonTarget	1	252126
1008.728	n/a	NonTarget	1	252182
1008.952	n/a	Target	2	252238
1009.176	n/a	NonTarget	1	252294
1009.4	n/a	NonTarget	1	252350
1009.628	n/a	NonTarget	1	252407
1009.856	n/a	NonTarget	1	252464
1010.08	n/a	NonTarget	1	252520
1010.304	n/a	NonTarget	1	252576
1010.528	n/a	NonTarget	1	252632
1010.756	n/a	NonTarget	1	252689
1010.98	n/a	NonTarget	1	252745
1011.208	n/a	NonTarget	1	252802
1011.432	n/a	NonTarget	1	252858
1011.656	n/a	Target	2	252914
1011.884	n/a	NonTarget	1	252971
1012.108	n/a	NonTarget	1	253027
1012.332	n/a	NonTarget	1	253083
1012.556	n/a	NonTarget	1	253139
1012.784	n/a	NonTarget	1	253196
1013.008	n/a	NonTarget	1	253252
1013.232	n/a	NonTarget	1	253308
1013.46	n/a	NonTarget	1	253365
1013.684	n/a	Target	2	253421
1013.912	n/a	NonTarget	1	253478
1014.136	n/a	NonTarget	1	253534
1014.36	n/a	NonTarget	1	253590
1014.588	n/a	NonTarget	1	253647
1014.812	n/a	NonTarget	1	253703
1015.04	n/a	NonTarget	1	253760
1015.264	n/a	NonTarget	1	253816
1015.488	n/a	NonTarget	1	253872
1015.716	n/a	NonTarget	1	253929
1015.94	n/a	NonTarget	1	253985
1016.168	n/a	Target	2	254042
1016.392	n/a	NonTarget	1	254098
1016.616	n/a	NonTarget	1	254154
1016.84	n/a	NonTarget	1	254210
1017.064	n/a	NonTarget	1	254266
1017.292	n/a	NonTarget	1	254323
1017.516	n/a	NonTarget	1	254379
1017.74	n/a	NonTarget	1	254435
1017.968	n/a	NonTarget	1	254492
1018.192	n/a	NonTarget	1	254548
1018.416	n/a	NonTarget	1	254604
1018.64	n/a	Target	2	254660
1018.868	n/a	NonTarget	1	254717
1019.092	n/a	NonTarget	1	254773
1019.32	n/a	NonTarget	1	254830
1019.544	n/a	NonTarget	1	254886
1019.768	n/a	NonTarget	1	254942
1019.996	n/a	NonTarget	1	254999
1020.22	n/a	NonTarget	1	255055
1020.444	n/a	Target	2	255111
1020.672	n/a	NonTarget	1	255168
1020.896	n/a	NonTarget	1	255224
1021.124	n/a	NonTarget	1	255281
1021.348	n/a	NonTarget	1	255337
1021.572	n/a	NonTarget	1	255393
1021.804	n/a	NonTarget	1	255451
1022.024	n/a	NonTarget	1	255506
1022.252	n/a	Target	2	255563
1022.476	n/a	NonTarget	1	255619
1022.704	n/a	NonTarget	1	255676
1022.928	n/a	NonTarget	1	255732
1023.152	n/a	NonTarget	1	255788
1023.38	n/a	NonTarget	1	255845
1023.604	n/a	Target	2	255901
1023.828	n/a	NonTarget	1	255957
1024.056	n/a	NonTarget	1	256014
1024.28	n/a	NonTarget	1	256070
1024.504	n/a	NonTarget	1	256126
1024.732	n/a	NonTarget	1	256183
1024.956	n/a	NonTarget	1	256239
1033.748	n/a	NonTarget	1	258437
1033.972	n/a	NonTarget	1	258493
1034.196	n/a	Target	2	258549
1034.424	n/a	NonTarget	1	258606
1034.648	n/a	NonTarget	1	258662
1034.872	n/a	NonTarget	1	258718
1035.096	n/a	NonTarget	1	258774
1035.324	n/a	NonTarget	1	258831
1035.548	n/a	NonTarget	1	258887
1035.772	n/a	NonTarget	1	258943
1036.0	n/a	Target	2	259000
1036.224	n/a	NonTarget	1	259056
1036.448	n/a	NonTarget	1	259112
1036.676	n/a	NonTarget	1	259169
1036.9	n/a	NonTarget	1	259225
1037.128	n/a	NonTarget	1	259282
1037.352	n/a	NonTarget	1	259338
1037.58	n/a	NonTarget	1	259395
1037.804	n/a	NonTarget	1	259451
1038.028	n/a	NonTarget	1	259507
1038.256	n/a	NonTarget	1	259564
1038.48	n/a	NonTarget	1	259620
1038.704	n/a	NonTarget	1	259676
1038.932	n/a	NonTarget	1	259733
1039.156	n/a	NonTarget	1	259789
1039.384	n/a	Target	2	259846
1039.608	n/a	NonTarget	1	259902
1039.832	n/a	NonTarget	1	259958
1040.06	n/a	NonTarget	1	260015
1040.284	n/a	Target	2	260071
1040.512	n/a	NonTarget	1	260128
1040.736	n/a	NonTarget	1	260184
1040.96	n/a	NonTarget	1	260240
1041.188	n/a	NonTarget	1	260297
1041.412	n/a	NonTarget	1	260353
1041.636	n/a	NonTarget	1	260409
1041.864	n/a	NonTarget	1	260466
1042.088	n/a	Target	2	260522
1042.312	n/a	NonTarget	1	260578
1042.54	n/a	NonTarget	1	260635
1042.764	n/a	NonTarget	1	260691
1042.988	n/a	NonTarget	1	260747
1043.216	n/a	NonTarget	1	260804
1043.44	n/a	NonTarget	1	260860
1043.668	n/a	NonTarget	1	260917
1043.892	n/a	NonTarget	1	260973
1044.116	n/a	NonTarget	1	261029
1044.344	n/a	NonTarget	1	261086
1044.568	n/a	NonTarget	1	261142
1044.792	n/a	Target	2	261198
1045.02	n/a	NonTarget	1	261255
1045.244	n/a	NonTarget	1	261311
1045.472	n/a	NonTarget	1	261368
1045.696	n/a	NonTarget	1	261424
1045.924	n/a	Target	2	261481
1046.148	n/a	NonTarget	1	261537
1046.372	n/a	NonTarget	1	261593
1046.6	n/a	NonTarget	1	261650
1046.824	n/a	NonTarget	1	261706
1047.048	n/a	NonTarget	1	261762
1047.272	n/a	NonTarget	1	261818
1047.5	n/a	NonTarget	1	261875
1047.724	n/a	NonTarget	1	261931
1047.948	n/a	Target	2	261987
1048.176	n/a	NonTarget	1	262044
1048.4	n/a	NonTarget	1	262100
1048.624	n/a	NonTarget	1	262156
1048.852	n/a	NonTarget	1	262213
1049.076	n/a	NonTarget	1	262269
1049.304	n/a	NonTarget	1	262326
1049.528	n/a	NonTarget	1	262382
1049.752	n/a	NonTarget	1	262438
1049.98	n/a	NonTarget	1	262495
1050.204	n/a	NonTarget	1	262551
1050.428	n/a	NonTarget	1	262607
1050.656	n/a	NonTarget	1	262664
1050.88	n/a	NonTarget	1	262720
1051.108	n/a	NonTarget	1	262777
1051.332	n/a	NonTarget	1	262833
1051.556	n/a	Target	2	262889
1051.784	n/a	NonTarget	1	262946
1052.008	n/a	NonTarget	1	263002
1052.232	n/a	NonTarget	1	263058
1052.46	n/a	NonTarget	1	263115
1052.684	n/a	NonTarget	1	263171
1052.908	n/a	NonTarget	1	263227
1053.132	n/a	Target	2	263283
1053.36	n/a	NonTarget	1	263340
1053.584	n/a	NonTarget	1	263396
1053.808	n/a	NonTarget	1	263452
1054.036	n/a	NonTarget	1	263509
1054.26	n/a	NonTarget	1	263565
1054.484	n/a	NonTarget	1	263621
1054.712	n/a	Target	2	263678
1054.936	n/a	NonTarget	1	263734
1055.164	n/a	NonTarget	1	263791
1055.388	n/a	NonTarget	1	263847
1055.612	n/a	NonTarget	1	263903
1055.84	n/a	NonTarget	1	263960
1056.064	n/a	NonTarget	1	264016
1056.292	n/a	NonTarget	1	264073
1056.516	n/a	NonTarget	1	264129
1056.744	n/a	Target	2	264186
1056.968	n/a	NonTarget	1	264242
1057.192	n/a	NonTarget	1	264298
1057.42	n/a	NonTarget	1	264355
1057.644	n/a	NonTarget	1	264411
1057.868	n/a	NonTarget	1	264467
1058.096	n/a	NonTarget	1	264524
1058.32	n/a	NonTarget	1	264580
1058.548	n/a	Target	2	264637
1058.772	n/a	NonTarget	1	264693
1058.996	n/a	NonTarget	1	264749
1059.22	n/a	NonTarget	1	264805
1059.448	n/a	NonTarget	1	264862
1059.672	n/a	NonTarget	1	264918
1059.896	n/a	NonTarget	1	264974
1060.124	n/a	NonTarget	1	265031
1060.348	n/a	NonTarget	1	265087
1060.572	n/a	Target	2	265143
1060.8	n/a	NonTarget	1	265200
1061.024	n/a	NonTarget	1	265256
1061.252	n/a	NonTarget	1	265313
1061.476	n/a	NonTarget	1	265369
1061.7	n/a	NonTarget	1	265425
1061.928	n/a	NonTarget	1	265482
1062.152	n/a	NonTarget	1	265538
1062.38	n/a	NonTarget	1	265595
1062.604	n/a	NonTarget	1	265651
1062.832	n/a	NonTarget	1	265708
1063.056	n/a	NonTarget	1	265764
1063.28	n/a	NonTarget	1	265820
1063.504	n/a	Target	2	265876
1063.732	n/a	NonTarget	1	265933
1063.956	n/a	NonTarget	1	265989
1076.2	n/a	NonTarget	1	269050
1076.424	n/a	Target	2	269106
1076.652	n/a	NonTarget	1	269163
1076.876	n/a	NonTarget	1	269219
1077.1	n/a	NonTarget	1	269275
1077.328	n/a	NonTarget	1	269332
1077.552	n/a	NonTarget	1	269388
1077.776	n/a	NonTarget	1	269444
1078.004	n/a	NonTarget	1	269501
1078.228	n/a	NonTarget	1	269557
1078.452	n/a	NonTarget	1	269613
1078.68	n/a	Target	2	269670
1078.904	n/a	NonTarget	1	269726
1079.128	n/a	NonTarget	1	269782
1079.352	n/a	NonTarget	1	269838
1079.58	n/a	NonTarget	1	269895
1079.804	n/a	NonTarget	1	269951
1080.028	n/a	NonTarget	1	270007
1080.256	n/a	NonTarget	1	270064
1080.48	n/a	NonTarget	1	270120
1080.704	n/a	NonTarget	1	270176
1080.932	n/a	NonTarget	1	270233
1081.156	n/a	Target	2	270289
1081.38	n/a	NonTarget	1	270345
1081.604	n/a	NonTarget	1	270401
1081.832	n/a	NonTarget	1	270458
1082.056	n/a	NonTarget	1	270514
1082.284	n/a	NonTarget	1	270571
1082.508	n/a	Target	2	270627
1082.732	n/a	NonTarget	1	270683
1082.96	n/a	NonTarget	1	270740
1083.184	n/a	NonTarget	1	270796
1083.412	n/a	NonTarget	1	270853
1083.636	n/a	NonTarget	1	270909
1083.86	n/a	NonTarget	1	270965
1084.088	n/a	NonTarget	1	271022
1084.312	n/a	NonTarget	1	271078
1084.54	n/a	NonTarget	1	271135
1084.764	n/a	NonTarget	1	271191
1084.988	n/a	NonTarget	1	271247
1085.216	n/a	NonTarget	1	271304
1085.44	n/a	NonTarget	1	271360
1085.664	n/a	NonTarget	1	271416
1085.892	n/a	NonTarget	1	271473
1086.116	n/a	Target	2	271529
1086.34	n/a	NonTarget	1	271585
1086.564	n/a	NonTarget	1	271641
1086.792	n/a	NonTarget	1	271698
1087.016	n/a	NonTarget	1	271754
1087.244	n/a	NonTarget	1	271811
1087.468	n/a	NonTarget	1	271867
1087.692	n/a	NonTarget	1	271923
1087.92	n/a	NonTarget	1	271980
1088.144	n/a	Target	2	272036
1088.372	n/a	NonTarget	1	272093
1088.596	n/a	NonTarget	1	272149
1088.82	n/a	NonTarget	1	272205
1089.048	n/a	NonTarget	1	272262
1089.272	n/a	Target	2	272318
1089.496	n/a	NonTarget	1	272374
1089.72	n/a	NonTarget	1	272430
1089.948	n/a	NonTarget	1	272487
1090.172	n/a	NonTarget	1	272543
1090.396	n/a	NonTarget	1	272599
1090.624	n/a	NonTarget	1	272656
1090.848	n/a	NonTarget	1	272712
1091.076	n/a	Target	2	272769
1091.3	n/a	NonTarget	1	272825
1091.524	n/a	NonTarget	1	272881
1091.752	n/a	NonTarget	1	272938
1091.976	n/a	NonTarget	1	272994
1092.204	n/a	NonTarget	1	273051
1092.428	n/a	NonTarget	1	273107
1092.652	n/a	Target	2	273163
1092.88	n/a	NonTarget	1	273220
1093.104	n/a	NonTarget	1	273276
1093.332	n/a	NonTarget	1	273333
1093.556	n/a	NonTarget	1	273389
1093.784	n/a	NonTarget	1	273446
1094.008	n/a	NonTarget	1	273502
1094.232	n/a	NonTarget	1	273558
1094.46	n/a	NonTarget	1	273615
1094.684	n/a	Target	2	273671
1094.912	n/a	NonTarget	1	273728
1095.136	n/a	NonTarget	1	273784
1095.36	n/a	NonTarget	1	273840
1095.584	n/a	NonTarget	1	273896
1095.812	n/a	NonTarget	1	273953
1096.036	n/a	NonTarget	1	274009
1096.264	n/a	NonTarget	1	274066
1096.488	n/a	NonTarget	1	274122
1096.712	n/a	Target	2	274178
1096.936	n/a	NonTarget	1	274234
1097.164	n/a	NonTarget	1	274291
1097.388	n/a	NonTarget	1	274347
1097.612	n/a	NonTarget	1	274403
1097.84	n/a	NonTarget	1	274460
1098.064	n/a	NonTarget	1	274516
1098.292	n/a	NonTarget	1	274573
1098.516	n/a	Target	2	274629
1098.74	n/a	NonTarget	1	274685
1098.968	n/a	NonTarget	1	274742
1099.192	n/a	NonTarget	1	274798
1099.42	n/a	NonTarget	1	274855
1099.644	n/a	NonTarget	1	274911
1099.868	n/a	NonTarget	1	274967
1100.096	n/a	NonTarget	1	275024
1100.32	n/a	NonTarget	1	275080
1100.548	n/a	NonTarget	1	275137
1100.772	n/a	NonTarget	1	275193
1100.996	n/a	NonTarget	1	275249
1101.224	n/a	NonTarget	1	275306
1101.448	n/a	Target	2	275362
1101.676	n/a	NonTarget	1	275419
1101.9	n/a	NonTarget	1	275475
1102.124	n/a	NonTarget	1	275531
1102.348	n/a	NonTarget	1	275587
1102.576	n/a	NonTarget	1	275644
1102.8	n/a	NonTarget	1	275700
1103.024	n/a	Target	2	275756
1103.252	n/a	NonTarget	1	275813
1103.476	n/a	NonTarget	1	275869
1103.7	n/a	NonTarget	1	275925
1103.928	n/a	NonTarget	1	275982
1104.152	n/a	NonTarget	1	276038
1104.38	n/a	NonTarget	1	276095
1104.604	n/a	Target	2	276151
1104.828	n/a	NonTarget	1	276207
1105.052	n/a	NonTarget	1	276263
1105.276	n/a	NonTarget	1	276319
1105.504	n/a	NonTarget	1	276376
1105.728	n/a	NonTarget	1	276432
1105.956	n/a	NonTarget	1	276489
1106.18	n/a	NonTarget	1	276545
1106.408	n/a	NonTarget	1	276602
1115.18	n/a	NonTarget	1	278795
1115.408	n/a	NonTarget	1	278852
1115.632	n/a	Target	2	278908
1115.856	n/a	NonTarget	1	278964
1116.084	n/a	NonTarget	1	279021
1116.308	n/a	NonTarget	1	279077
1116.536	n/a	NonTarget	1	279134
1116.76	n/a	NonTarget	1	279190
1116.984	n/a	NonTarget	1	279246
1117.208	n/a	NonTarget	1	279302
1117.432	n/a	Target	2	279358
1117.66	n/a	NonTarget	1	279415
1117.884	n/a	NonTarget	1	279471
1118.112	n/a	NonTarget	1	279528
1118.336	n/a	NonTarget	1	279584
1118.56	n/a	NonTarget	1	279640
1118.788	n/a	NonTarget	1	279697
1119.012	n/a	NonTarget	1	279753
1119.24	n/a	NonTarget	1	279810
1119.464	n/a	NonTarget	1	279866
1119.688	n/a	Target	2	279922
1119.912	n/a	NonTarget	1	279978
1120.14	n/a	NonTarget	1	280035
1120.368	n/a	NonTarget	1	280092
1120.592	n/a	NonTarget	1	280148
1120.816	n/a	NonTarget	1	280204
1121.04	n/a	NonTarget	1	280260
1121.268	n/a	NonTarget	1	280317
1121.492	n/a	NonTarget	1	280373
1121.72	n/a	NonTarget	1	280430
1121.944	n/a	NonTarget	1	280486
1122.168	n/a	Target	2	280542
1122.392	n/a	NonTarget	1	280598
1122.62	n/a	NonTarget	1	280655
1122.844	n/a	NonTarget	1	280711
1123.068	n/a	NonTarget	1	280767
1123.296	n/a	NonTarget	1	280824
1123.52	n/a	NonTarget	1	280880
1123.744	n/a	NonTarget	1	280936
1123.972	n/a	NonTarget	1	280993
1124.196	n/a	NonTarget	1	281049
1124.42	n/a	NonTarget	1	281105
1124.644	n/a	NonTarget	1	281161
1124.872	n/a	Target	2	281218
1125.1	n/a	NonTarget	1	281275
1125.32	n/a	NonTarget	1	281330
1125.548	n/a	NonTarget	1	281387
1125.772	n/a	NonTarget	1	281443
1125.996	n/a	Target	2	281499
1126.224	n/a	NonTarget	1	281556
1126.448	n/a	NonTarget	1	281612
1126.676	n/a	NonTarget	1	281669
1126.9	n/a	NonTarget	1	281725
1127.128	n/a	NonTarget	1	281782
1127.352	n/a	Target	2	281838
1127.576	n/a	NonTarget	1	281894
1127.804	n/a	NonTarget	1	281951
1128.028	n/a	NonTarget	1	282007
1128.252	n/a	NonTarget	1	282063
1128.476	n/a	NonTarget	1	282119
1128.704	n/a	NonTarget	1	282176
1128.928	n/a	NonTarget	1	282232
1129.156	n/a	NonTarget	1	282289
1129.38	n/a	NonTarget	1	282345
1129.604	n/a	Target	2	282401
1129.832	n/a	NonTarget	1	282458
1130.056	n/a	NonTarget	1	282514
1130.28	n/a	NonTarget	1	282570
1130.504	n/a	NonTarget	1	282626
1130.732	n/a	NonTarget	1	282683
1130.956	n/a	NonTarget	1	282739
1131.184	n/a	NonTarget	1	282796
1131.408	n/a	Target	2	282852
1131.636	n/a	NonTarget	1	282909
1131.86	n/a	NonTarget	1	282965
1132.088	n/a	NonTarget	1	283022
1132.312	n/a	NonTarget	1	283078
1132.536	n/a	NonTarget	1	283134
1132.76	n/a	NonTarget	1	283190
1132.988	n/a	NonTarget	1	283247
1133.212	n/a	NonTarget	1	283303
1133.44	n/a	NonTarget	1	283360
1133.664	n/a	NonTarget	1	283416
1133.892	n/a	Target	2	283473
1134.116	n/a	NonTarget	1	283529
1134.34	n/a	NonTarget	1	283585
1134.564	n/a	NonTarget	1	283641
1134.792	n/a	NonTarget	1	283698
1135.016	n/a	NonTarget	1	283754
1135.24	n/a	NonTarget	1	283810
1135.468	n/a	NonTarget	1	283867
1135.692	n/a	NonTarget	1	283923
1135.92	n/a	NonTarget	1	283980
1136.144	n/a	NonTarget	1	284036
1136.372	n/a	NonTarget	1	284093
1136.596	n/a	NonTarget	1	284149
1136.824	n/a	NonTarget	1	284206
1137.048	n/a	Target	2	284262
1137.272	n/a	NonTarget	1	284318
1137.5	n/a	NonTarget	1	284375
1137.724	n/a	NonTarget	1	284431
1137.952	n/a	NonTarget	1	284488
1138.176	n/a	NonTarget	1	284544
1138.4	n/a	NonTarget	1	284600
1138.628	n/a	Target	2	284657
1138.852	n/a	NonTarget	1	284713
1139.076	n/a	NonTarget	1	284769
1139.304	n/a	NonTarget	1	284826
1139.532	n/a	NonTarget	1	284883
1139.756	n/a	NonTarget	1	284939
1139.98	n/a	NonTarget	1	284995
1140.204	n/a	Target	2	285051
1140.428	n/a	NonTarget	1	285107
1140.656	n/a	NonTarget	1	285164
1140.88	n/a	NonTarget	1	285220
1141.104	n/a	NonTarget	1	285276
1141.332	n/a	NonTarget	1	285333
1141.556	n/a	Target	2	285389
1141.78	n/a	NonTarget	1	285445
1142.008	n/a	NonTarget	1	285502
1142.232	n/a	NonTarget	1	285558
1142.46	n/a	NonTarget	1	285615
1142.684	n/a	NonTarget	1	285671
1142.908	n/a	NonTarget	1	285727
1143.136	n/a	NonTarget	1	285784
1143.36	n/a	NonTarget	1	285840
1143.588	n/a	NonTarget	1	285897
1143.812	n/a	Target	2	285953
1144.036	n/a	NonTarget	1	286009
1144.264	n/a	NonTarget	1	286066
1144.488	n/a	NonTarget	1	286122
1144.716	n/a	NonTarget	1	286179
1144.94	n/a	NonTarget	1	286235
1145.168	n/a	NonTarget	1	286292
1145.392	n/a	NonTarget	1	286348
1171.688	n/a	NonTarget	1	292922
1171.916	n/a	NonTarget	1	292979
1172.14	n/a	NonTarget	1	293035
1172.368	n/a	NonTarget	1	293092
1172.592	n/a	NonTarget	1	293148
1172.816	n/a	NonTarget	1	293204
1173.044	n/a	NonTarget	1	293261
1173.268	n/a	Target	2	293317
1173.496	n/a	NonTarget	1	293374
1173.72	n/a	NonTarget	1	293430
1173.948	n/a	NonTarget	1	293487
1174.172	n/a	NonTarget	1	293543
1174.396	n/a	NonTarget	1	293599
1174.624	n/a	NonTarget	1	293656
1174.848	n/a	Target	2	293712
1175.076	n/a	NonTarget	1	293769
1175.3	n/a	NonTarget	1	293825
1175.524	n/a	NonTarget	1	293881
1175.752	n/a	NonTarget	1	293938
1175.976	n/a	NonTarget	1	293994
1176.2	n/a	NonTarget	1	294050
1176.428	n/a	NonTarget	1	294107
1176.656	n/a	NonTarget	1	294164
1176.88	n/a	NonTarget	1	294220
1177.104	n/a	Target	2	294276
1177.328	n/a	NonTarget	1	294332
1177.552	n/a	NonTarget	1	294388
1177.78	n/a	NonTarget	1	294445
1178.004	n/a	NonTarget	1	294501
1178.228	n/a	NonTarget	1	294557
1178.456	n/a	NonTarget	1	294614
1178.68	n/a	NonTarget	1	294670
1178.904	n/a	Target	2	294726
1179.132	n/a	NonTarget	1	294783
1179.356	n/a	NonTarget	1	294839
1179.58	n/a	NonTarget	1	294895
1179.808	n/a	NonTarget	1	294952
1180.032	n/a	NonTarget	1	295008
1180.26	n/a	NonTarget	1	295065
1180.484	n/a	NonTarget	1	295121
1180.712	n/a	NonTarget	1	295178
1180.936	n/a	NonTarget	1	295234
1181.16	n/a	NonTarget	1	295290
1181.388	n/a	NonTarget	1	295347
1181.612	n/a	Target	2	295403
1181.84	n/a	NonTarget	1	295460
1182.064	n/a	NonTarget	1	295516
1182.288	n/a	NonTarget	1	295572
1182.512	n/a	NonTarget	1	295628
1182.74	n/a	NonTarget	1	295685
1182.964	n/a	NonTarget	1	295741
1183.188	n/a	NonTarget	1	295797
1183.416	n/a	NonTarget	1	295854
1183.64	n/a	Target	2	295910
1183.864	n/a	NonTarget	1	295966
1184.092	n/a	NonTarget	1	296023
1184.316	n/a	NonTarget	1	296079
1184.544	n/a	NonTarget	1	296136
1184.768	n/a	NonTarget	1	296192
1184.992	n/a	NonTarget	1	296248
1185.22	n/a	NonTarget	1	296305
1185.444	n/a	Target	2	296361
1185.668	n/a	NonTarget	1	296417
1185.892	n/a	NonTarget	1	296473
1186.12	n/a	NonTarget	1	296530
1186.344	n/a	NonTarget	1	296586
1186.572	n/a	NonTarget	1	296643
1186.796	n/a	NonTarget	1	296699
1187.02	n/a	NonTarget	1	296755
1187.248	n/a	Target	2	296812
1187.472	n/a	NonTarget	1	296868
1187.696	n/a	NonTarget	1	296924
1187.924	n/a	NonTarget	1	296981
1188.148	n/a	NonTarget	1	297037
1188.376	n/a	NonTarget	1	297094
1188.6	n/a	NonTarget	1	297150
1188.824	n/a	NonTarget	1	297206
1189.048	n/a	NonTarget	1	297262
1189.276	n/a	Target	2	297319
1189.504	n/a	NonTarget	1	297376
1189.728	n/a	NonTarget	1	297432
1189.952	n/a	NonTarget	1	297488
1190.176	n/a	Target	2	297544
1190.404	n/a	NonTarget	1	297601
1190.628	n/a	NonTarget	1	297657
1190.852	n/a	NonTarget	1	297713
1191.08	n/a	NonTarget	1	297770
1191.304	n/a	NonTarget	1	297826
1191.532	n/a	NonTarget	1	297883
1191.756	n/a	NonTarget	1	297939
1191.98	n/a	NonTarget	1	297995
1192.208	n/a	NonTarget	1	298052
1192.432	n/a	NonTarget	1	298108
1192.66	n/a	NonTarget	1	298165
1192.884	n/a	NonTarget	1	298221
1193.112	n/a	NonTarget	1	298278
1193.336	n/a	Target	2	298334
1193.56	n/a	NonTarget	1	298390
1193.788	n/a	NonTarget	1	298447
1194.012	n/a	NonTarget	1	298503
1194.236	n/a	NonTarget	1	298559
1194.46	n/a	NonTarget	1	298615
1194.688	n/a	NonTarget	1	298672
1194.912	n/a	NonTarget	1	298728
1195.136	n/a	NonTarget	1	298784
1195.364	n/a	NonTarget	1	298841
1195.588	n/a	Target	2	298897
1195.812	n/a	NonTarget	1	298953
1196.04	n/a	NonTarget	1	299010
1196.264	n/a	NonTarget	1	299066
1196.492	n/a	NonTarget	1	299123
1196.716	n/a	NonTarget	1	299179
1196.94	n/a	NonTarget	1	299235
1197.168	n/a	NonTarget	1	299292
1197.392	n/a	NonTarget	1	299348
1197.62	n/a	Target	2	299405
1197.844	n/a	NonTarget	1	299461
1198.072	n/a	NonTarget	1	299518
1198.296	n/a	NonTarget	1	299574
1198.52	n/a	NonTarget	1	299630
1198.748	n/a	NonTarget	1	299687
1198.972	n/a	NonTarget	1	299743
1199.196	n/a	NonTarget	1	299799
1199.424	n/a	NonTarget	1	299856
1199.648	n/a	Target	2	299912
1199.876	n/a	NonTarget	1	299969
1200.1	n/a	NonTarget	1	300025
1200.328	n/a	NonTarget	1	300082
1200.552	n/a	NonTarget	1	300138
1200.776	n/a	NonTarget	1	300194
1201.004	n/a	NonTarget	1	300251
1201.228	n/a	Target	2	300307
1201.452	n/a	NonTarget	1	300363
1201.676	n/a	NonTarget	1	300419
1201.904	n/a	NonTarget	1	300476
1210.676	n/a	NonTarget	1	302669
1210.904	n/a	NonTarget	1	302726
1211.128	n/a	NonTarget	1	302782
1211.356	n/a	NonTarget	1	302839
1211.58	n/a	Target	2	302895
1211.804	n/a	NonTarget	1	302951
1212.032	n/a	NonTarget	1	303008
1212.256	n/a	NonTarget	1	303064
1212.48	n/a	NonTarget	1	303120
1212.708	n/a	NonTarget	1	303177
1212.932	n/a	NonTarget	1	303233
1213.16	n/a	NonTarget	1	303290
1213.384	n/a	NonTarget	1	303346
1213.612	n/a	Target	2	303403
1213.836	n/a	NonTarget	1	303459
1214.06	n/a	NonTarget	1	303515
1214.284	n/a	NonTarget	1	303571
1214.512	n/a	NonTarget	1	303628
1214.74	n/a	NonTarget	1	303685
1214.964	n/a	NonTarget	1	303741
1215.188	n/a	NonTarget	1	303797
1215.412	n/a	NonTarget	1	303853
1215.64	n/a	NonTarget	1	303910
1215.864	n/a	NonTarget	1	303966
1216.088	n/a	NonTarget	1	304022
1216.316	n/a	Target	2	304079
1216.54	n/a	NonTarget	1	304135
1216.764	n/a	NonTarget	1	304191
1216.992	n/a	NonTarget	1	304248
1217.216	n/a	NonTarget	1	304304
1217.444	n/a	NonTarget	1	304361
1217.668	n/a	NonTarget	1	304417
1217.892	n/a	NonTarget	1	304473
1218.116	n/a	NonTarget	1	304529
1218.344	n/a	NonTarget	1	304586
1218.568	n/a	Target	2	304642
1218.792	n/a	NonTarget	1	304698
1219.016	n/a	NonTarget	1	304754
1219.244	n/a	NonTarget	1	304811
1219.468	n/a	Target	2	304867
1219.696	n/a	NonTarget	1	304924
1219.92	n/a	NonTarget	1	304980
1220.144	n/a	NonTarget	1	305036
1220.372	n/a	NonTarget	1	305093
1220.596	n/a	NonTarget	1	305149
1220.824	n/a	NonTarget	1	305206
1221.048	n/a	NonTarget	1	305262
1221.276	n/a	NonTarget	1	305319
1221.5	n/a	NonTarget	1	305375
1221.724	n/a	NonTarget	1	305431
1221.952	n/a	Target	2	305488
1222.176	n/a	NonTarget	1	305544
1222.4	n/a	NonTarget	1	305600
1222.628	n/a	NonTarget	1	305657
1222.852	n/a	NonTarget	1	305713
1223.076	n/a	NonTarget	1	305769
1223.304	n/a	NonTarget	1	305826
1223.528	n/a	NonTarget	1	305882
1223.752	n/a	NonTarget	1	305938
1223.976	n/a	NonTarget	1	305994
1224.204	n/a	NonTarget	1	306051
1224.428	n/a	NonTarget	1	306107
1224.656	n/a	Target	2	306164
1224.88	n/a	NonTarget	1	306220
1225.104	n/a	NonTarget	1	306276
1225.332	n/a	NonTarget	1	306333
1225.556	n/a	NonTarget	1	306389
1225.78	n/a	NonTarget	1	306445
1226.008	n/a	NonTarget	1	306502
1226.232	n/a	NonTarget	1	306558
1226.456	n/a	Target	2	306614
1226.68	n/a	NonTarget	1	306670
1226.908	n/a	NonTarget	1	306727
1227.132	n/a	NonTarget	1	306783
1227.36	n/a	NonTarget	1	306840
1227.584	n/a	Target	2	306896
1227.808	n/a	NonTarget	1	306952
1228.036	n/a	NonTarget	1	307009
1228.26	n/a	NonTarget	1	307065
1228.484	n/a	NonTarget	1	307121
1228.712	n/a	NonTarget	1	307178
1228.936	n/a	NonTarget	1	307234
1229.16	n/a	Target	2	307290
1229.384	n/a	NonTarget	1	307346
1229.612	n/a	NonTarget	1	307403
1229.836	n/a	NonTarget	1	307459
1230.06	n/a	NonTarget	1	307515
1230.288	n/a	NonTarget	1	307572
1230.512	n/a	NonTarget	1	307628
1230.74	n/a	NonTarget	1	307685
1230.964	n/a	NonTarget	1	307741
1231.188	n/a	NonTarget	1	307797
1231.416	n/a	NonTarget	1	307854
1231.64	n/a	NonTarget	1	307910
1231.864	n/a	NonTarget	1	307966
1232.088	n/a	NonTarget	1	308022
1232.316	n/a	NonTarget	1	308079
1232.54	n/a	NonTarget	1	308135
1232.768	n/a	Target	2	308192
1232.992	n/a	NonTarget	1	308248
1233.216	n/a	NonTarget	1	308304
1233.444	n/a	NonTarget	1	308361
1233.668	n/a	Target	2	308417
1233.892	n/a	NonTarget	1	308473
1234.12	n/a	NonTarget	1	308530
1234.344	n/a	NonTarget	1	308586
1234.568	n/a	NonTarget	1	308642
1234.792	n/a	NonTarget	1	308698
1235.02	n/a	Target	2	308755
1235.244	n/a	NonTarget	1	308811
1235.472	n/a	NonTarget	1	308868
1235.696	n/a	NonTarget	1	308924
1235.92	n/a	NonTarget	1	308980
1236.144	n/a	NonTarget	1	309036
1236.372	n/a	NonTarget	1	309093
1236.596	n/a	NonTarget	1	309149
1236.824	n/a	NonTarget	1	309206
1237.048	n/a	Target	2	309262
1237.276	n/a	NonTarget	1	309319
1237.5	n/a	NonTarget	1	309375
1237.724	n/a	NonTarget	1	309431
1237.952	n/a	NonTarget	1	309488
1238.176	n/a	NonTarget	1	309544
1238.4	n/a	NonTarget	1	309600
1238.628	n/a	NonTarget	1	309657
1238.852	n/a	NonTarget	1	309713
1239.08	n/a	Target	2	309770
1239.304	n/a	NonTarget	1	309826
1239.528	n/a	NonTarget	1	309882
1239.756	n/a	NonTarget	1	309939
1239.98	n/a	NonTarget	1	309995
1240.204	n/a	NonTarget	1	310051
1240.432	n/a	NonTarget	1	310108
1240.66	n/a	NonTarget	1	310165
1240.884	n/a	NonTarget	1	310221
1267.78	n/a	NonTarget	1	316945
1268.008	n/a	NonTarget	1	317002
1268.232	n/a	NonTarget	1	317058
1268.46	n/a	NonTarget	1	317115
1268.684	n/a	NonTarget	1	317171
1268.908	n/a	NonTarget	1	317227
1269.132	n/a	NonTarget	1	317283
1269.36	n/a	NonTarget	1	317340
1269.584	n/a	Target	2	317396
1269.812	n/a	NonTarget	1	317453
1270.036	n/a	NonTarget	1	317509
1270.26	n/a	Target	2	317565
1270.488	n/a	NonTarget	1	317622
1270.712	n/a	NonTarget	1	317678
1270.94	n/a	NonTarget	1	317735
1271.164	n/a	NonTarget	1	317791
1271.388	n/a	NonTarget	1	317847
1271.616	n/a	NonTarget	1	317904
1271.84	n/a	NonTarget	1	317960
1272.068	n/a	NonTarget	1	318017
1272.292	n/a	NonTarget	1	318073
1272.516	n/a	Target	2	318129
1272.74	n/a	NonTarget	1	318185
1272.968	n/a	NonTarget	1	318242
1273.192	n/a	NonTarget	1	318298
1273.416	n/a	NonTarget	1	318354
1273.644	n/a	NonTarget	1	318411
1273.868	n/a	Target	2	318467
1274.092	n/a	NonTarget	1	318523
1274.32	n/a	NonTarget	1	318580
1274.544	n/a	NonTarget	1	318636
1274.772	n/a	NonTarget	1	318693
1274.996	n/a	NonTarget	1	318749
1275.22	n/a	NonTarget	1	318805
1275.448	n/a	NonTarget	1	318862
1275.672	n/a	NonTarget	1	318918
1275.9	n/a	Target	2	318975
1276.124	n/a	NonTarget	1	319031
1276.348	n/a	NonTarget	1	319087
1276.572	n/a	NonTarget	1	319143
1276.796	n/a	NonTarget	1	319199
1277.024	n/a	NonTarget	1	319256
1277.248	n/a	NonTarget	1	319312
1277.472	n/a	NonTarget	1	319368
1277.7	n/a	NonTarget	1	319425
1277.924	n/a	NonTarget	1	319481
1278.148	n/a	NonTarget	1	319537
1278.376	n/a	NonTarget	1	319594
1278.6	n/a	NonTarget	1	319650
1278.828	n/a	NonTarget	1	319707
1279.052	n/a	NonTarget	1	319763
1279.276	n/a	NonTarget	1	319819
1279.504	n/a	Target	2	319876
1279.728	n/a	NonTarget	1	319932
1279.956	n/a	NonTarget	1	319989
1280.18	n/a	Target	2	320045
1280.404	n/a	NonTarget	1	320101
1280.632	n/a	NonTarget	1	320158
1280.856	n/a	NonTarget	1	320214
1281.084	n/a	NonTarget	1	320271
1281.308	n/a	NonTarget	1	320327
1281.532	n/a	NonTarget	1	320383
1281.76	n/a	NonTarget	1	320440
1281.984	n/a	Target	2	320496
1282.212	n/a	NonTarget	1	320553
1282.436	n/a	NonTarget	1	320609
1282.664	n/a	NonTarget	1	320666
1282.888	n/a	NonTarget	1	320722
1283.112	n/a	NonTarget	1	320778
1283.34	n/a	NonTarget	1	320835
1283.564	n/a	NonTarget	1	320891
1283.788	n/a	NonTarget	1	320947
1284.012	n/a	NonTarget	1	321003
1284.24	n/a	NonTarget	1	321060
1284.464	n/a	NonTarget	1	321116
1284.688	n/a	NonTarget	1	321172
1284.916	n/a	Target	2	321229
1285.14	n/a	NonTarget	1	321285
1285.368	n/a	NonTarget	1	321342
1285.592	n/a	NonTarget	1	321398
1285.816	n/a	NonTarget	1	321454
1286.044	n/a	NonTarget	1	321511
1286.268	n/a	NonTarget	1	321567
1286.492	n/a	NonTarget	1	321623
1286.72	n/a	NonTarget	1	321680
1286.944	n/a	NonTarget	1	321736
1287.172	n/a	Target	2	321793
1287.396	n/a	NonTarget	1	321849
1287.62	n/a	NonTarget	1	321905
1287.844	n/a	NonTarget	1	321961
1288.072	n/a	Target	2	322018
1288.296	n/a	NonTarget	1	322074
1288.524	n/a	NonTarget	1	322131
1288.748	n/a	NonTarget	1	322187
1288.972	n/a	NonTarget	1	322243
1289.2	n/a	NonTarget	1	322300
1289.424	n/a	NonTarget	1	322356
1289.652	n/a	NonTarget	1	322413
1289.876	n/a	NonTarget	1	322469
1290.1	n/a	NonTarget	1	322525
1290.328	n/a	NonTarget	1	322582
1290.552	n/a	NonTarget	1	322638
1290.776	n/a	NonTarget	1	322694
1291.0	n/a	Target	2	322750
1291.228	n/a	NonTarget	1	322807
1291.452	n/a	NonTarget	1	322863
1291.68	n/a	NonTarget	1	322920
1291.904	n/a	NonTarget	1	322976
1292.132	n/a	Target	2	323033
1292.356	n/a	NonTarget	1	323089
1292.58	n/a	NonTarget	1	323145
1292.808	n/a	NonTarget	1	323202
1293.032	n/a	NonTarget	1	323258
1293.256	n/a	NonTarget	1	323314
1293.484	n/a	NonTarget	1	323371
1293.708	n/a	NonTarget	1	323427
1293.936	n/a	NonTarget	1	323484
1294.16	n/a	Target	2	323540
1294.388	n/a	NonTarget	1	323597
1294.612	n/a	NonTarget	1	323653
1294.836	n/a	NonTarget	1	323709
1295.064	n/a	NonTarget	1	323766
1295.288	n/a	NonTarget	1	323822
1295.512	n/a	NonTarget	1	323878
1295.74	n/a	NonTarget	1	323935
1295.964	n/a	NonTarget	1	323991
1296.192	n/a	NonTarget	1	324048
1296.416	n/a	NonTarget	1	324104
1296.64	n/a	Target	2	324160
1296.868	n/a	NonTarget	1	324217
1297.092	n/a	NonTarget	1	324273
1297.316	n/a	NonTarget	1	324329
1297.544	n/a	NonTarget	1	324386
1297.768	n/a	NonTarget	1	324442
1297.996	n/a	NonTarget	1	324499
1306.788	n/a	NonTarget	1	326697
1307.012	n/a	NonTarget	1	326753
1307.24	n/a	NonTarget	1	326810
1307.464	n/a	Target	2	326866
1307.692	n/a	NonTarget	1	326923
1307.916	n/a	NonTarget	1	326979
1308.14	n/a	NonTarget	1	327035
1308.368	n/a	NonTarget	1	327092
1308.592	n/a	NonTarget	1	327148
1308.816	n/a	NonTarget	1	327204
1309.04	n/a	NonTarget	1	327260
1309.268	n/a	NonTarget	1	327317
1309.492	n/a	Target	2	327373
1309.72	n/a	NonTarget	1	327430
1309.944	n/a	NonTarget	1	327486
1310.168	n/a	NonTarget	1	327542
1310.396	n/a	NonTarget	1	327599
1310.62	n/a	NonTarget	1	327655
1310.848	n/a	NonTarget	1	327712
1311.072	n/a	NonTarget	1	327768
1311.296	n/a	NonTarget	1	327824
1311.524	n/a	NonTarget	1	327881
1311.748	n/a	NonTarget	1	327937
1311.976	n/a	NonTarget	1	327994
1312.2	n/a	NonTarget	1	328050
1312.424	n/a	Target	2	328106
1312.652	n/a	NonTarget	1	328163
1312.876	n/a	NonTarget	1	328219
1313.1	n/a	NonTarget	1	328275
1313.328	n/a	NonTarget	1	328332
1313.552	n/a	NonTarget	1	328388
1313.776	n/a	Target	2	328444
1314.004	n/a	NonTarget	1	328501
1314.228	n/a	NonTarget	1	328557
1314.452	n/a	NonTarget	1	328613
1314.68	n/a	NonTarget	1	328670
1314.904	n/a	Target	2	328726
1315.128	n/a	NonTarget	1	328782
1315.356	n/a	NonTarget	1	328839
1315.58	n/a	NonTarget	1	328895
1315.804	n/a	NonTarget	1	328951
1316.032	n/a	NonTarget	1	329008
1316.256	n/a	NonTarget	1	329064
1316.484	n/a	NonTarget	1	329121
1316.708	n/a	NonTarget	1	329177
1316.932	n/a	NonTarget	1	329233
1317.16	n/a	NonTarget	1	329290
1317.384	n/a	NonTarget	1	329346
1317.608	n/a	NonTarget	1	329402
1317.836	n/a	NonTarget	1	329459
1318.06	n/a	NonTarget	1	329515
1318.288	n/a	Target	2	329572
1318.512	n/a	NonTarget	1	329628
1318.736	n/a	NonTarget	1	329684
1318.964	n/a	NonTarget	1	329741
1319.188	n/a	NonTarget	1	329797
1319.416	n/a	NonTarget	1	329854
1319.64	n/a	NonTarget	1	329910
1319.864	n/a	NonTarget	1	329966
1320.088	n/a	NonTarget	1	330022
1320.316	n/a	Target	2	330079
1320.54	n/a	NonTarget	1	330135
1320.764	n/a	NonTarget	1	330191
1320.992	n/a	NonTarget	1	330248
1321.22	n/a	NonTarget	1	330305
1321.444	n/a	NonTarget	1	330361
1321.668	n/a	NonTarget	1	330417
1321.896	n/a	NonTarget	1	330474
1322.12	n/a	Target	2	330530
1322.344	n/a	NonTarget	1	330586
1322.572	n/a	NonTarget	1	330643
1322.796	n/a	NonTarget	1	330699
1323.024	n/a	NonTarget	1	330756
1323.248	n/a	NonTarget	1	330812
1323.472	n/a	NonTarget	1	330868
1323.7	n/a	Target	2	330925
1323.924	n/a	NonTarget	1	330981
1324.148	n/a	NonTarget	1	331037
1324.376	n/a	NonTarget	1	331094
1324.6	n/a	NonTarget	1	331150
1324.824	n/a	NonTarget	1	331206
1325.048	n/a	NonTarget	1	331262
1325.276	n/a	NonTarget	1	331319
1325.5	n/a	NonTarget	1	331375
1325.724	n/a	NonTarget	1	331431
1325.952	n/a	NonTarget	1	331488
1326.176	n/a	NonTarget	1	331544
1326.404	n/a	Target	2	331601
1326.628	n/a	NonTarget	1	331657
1326.852	n/a	NonTarget	1	331713
1327.08	n/a	NonTarget	1	331770
1327.304	n/a	NonTarget	1	331826
1327.528	n/a	NonTarget	1	331882
1327.756	n/a	Target	2	331939
1327.98	n/a	NonTarget	1	331995
1328.208	n/a	NonTarget	1	332052
1328.432	n/a	NonTarget	1	332108
1328.656	n/a	NonTarget	1	332164
1328.884	n/a	NonTarget	1	332221
1329.108	n/a	NonTarget	1	332277
1329.332	n/a	Target	2	332333
1329.56	n/a	NonTarget	1	332390
1329.784	n/a	NonTarget	1	332446
1330.008	n/a	NonTarget	1	332502
1330.236	n/a	NonTarget	1	332559
1330.46	n/a	NonTarget	1	332615
1330.688	n/a	NonTarget	1	332672
1330.912	n/a	NonTarget	1	332728
1331.136	n/a	NonTarget	1	332784
1331.364	n/a	NonTarget	1	332841
1331.588	n/a	NonTarget	1	332897
1331.812	n/a	Target	2	332953
1332.036	n/a	NonTarget	1	333009
1332.264	n/a	NonTarget	1	333066
1332.488	n/a	NonTarget	1	333122
1332.716	n/a	NonTarget	1	333179
1332.94	n/a	NonTarget	1	333235
1333.168	n/a	NonTarget	1	333292
1333.392	n/a	NonTarget	1	333348
1333.616	n/a	Target	2	333404
1333.844	n/a	NonTarget	1	333461
1334.068	n/a	NonTarget	1	333517
1334.292	n/a	NonTarget	1	333573
1334.52	n/a	NonTarget	1	333630
1334.744	n/a	NonTarget	1	333686
1334.968	n/a	NonTarget	1	333742
1335.196	n/a	NonTarget	1	333799
1335.42	n/a	NonTarget	1	333855
1335.648	n/a	NonTarget	1	333912
1335.872	n/a	NonTarget	1	333968
1336.096	n/a	NonTarget	1	334024
1336.324	n/a	NonTarget	1	334081
1336.548	n/a	NonTarget	1	334137
1336.776	n/a	NonTarget	1	334194
1337.0	n/a	Target	2	334250
1348.956	n/a	NonTarget	1	337239
1349.184	n/a	NonTarget	1	337296
1349.408	n/a	NonTarget	1	337352
1349.632	n/a	NonTarget	1	337408
1349.86	n/a	Target	2	337465
1350.084	n/a	NonTarget	1	337521
1350.312	n/a	NonTarget	1	337578
1350.536	n/a	NonTarget	1	337634
1350.76	n/a	NonTarget	1	337690
1350.988	n/a	Target	2	337747
1351.212	n/a	NonTarget	1	337803
1351.44	n/a	NonTarget	1	337860
1351.664	n/a	NonTarget	1	337916
1351.888	n/a	NonTarget	1	337972
1352.112	n/a	NonTarget	1	338028
1352.34	n/a	NonTarget	1	338085
1352.564	n/a	NonTarget	1	338141
1352.788	n/a	NonTarget	1	338197
1353.016	n/a	NonTarget	1	338254
1353.24	n/a	NonTarget	1	338310
1353.464	n/a	NonTarget	1	338366
1353.692	n/a	NonTarget	1	338423
1353.916	n/a	NonTarget	1	338479
1354.14	n/a	NonTarget	1	338535
1354.368	n/a	Target	2	338592
1354.592	n/a	NonTarget	1	338648
1354.82	n/a	NonTarget	1	338705
1355.044	n/a	NonTarget	1	338761
1355.272	n/a	NonTarget	1	338818
1355.496	n/a	NonTarget	1	338874
1355.72	n/a	NonTarget	1	338930
1355.944	n/a	NonTarget	1	338986
1356.168	n/a	NonTarget	1	339042
1356.396	n/a	Target	2	339099
1356.62	n/a	NonTarget	1	339155
1356.848	n/a	NonTarget	1	339212
1357.072	n/a	NonTarget	1	339268
1357.296	n/a	NonTarget	1	339324
1357.524	n/a	Target	2	339381
1357.748	n/a	NonTarget	1	339437
1357.976	n/a	NonTarget	1	339494
1358.2	n/a	NonTarget	1	339550
1358.424	n/a	NonTarget	1	339606
1358.652	n/a	NonTarget	1	339663
1358.876	n/a	NonTarget	1	339719
1359.104	n/a	NonTarget	1	339776
1359.328	n/a	NonTarget	1	339832
1359.552	n/a	NonTarget	1	339888
1359.78	n/a	NonTarget	1	339945
1360.004	n/a	NonTarget	1	340001
1360.228	n/a	NonTarget	1	340057
1360.452	n/a	NonTarget	1	340113
1360.676	n/a	Target	2	340169
1360.904	n/a	NonTarget	1	340226
1361.128	n/a	NonTarget	1	340282
1361.356	n/a	NonTarget	1	340339
1361.58	n/a	Target	2	340395
1361.804	n/a	NonTarget	1	340451
1362.032	n/a	NonTarget	1	340508
1362.256	n/a	NonTarget	1	340564
1362.484	n/a	NonTarget	1	340621
1362.708	n/a	NonTarget	1	340677
1362.932	n/a	NonTarget	1	340733
1363.16	n/a	NonTarget	1	340790
1363.384	n/a	NonTarget	1	340846
1363.608	n/a	NonTarget	1	340902
1363.836	n/a	NonTarget	1	340959
1364.06	n/a	NonTarget	1	341015
1364.288	n/a	Target	2	341072
1364.512	n/a	NonTarget	1	341128
1364.736	n/a	NonTarget	1	341184
1364.964	n/a	NonTarget	1	341241
1365.188	n/a	NonTarget	1	341297
1365.416	n/a	Target	2	341354
1365.64	n/a	NonTarget	1	341410
1365.864	n/a	NonTarget	1	341466
1366.088	n/a	NonTarget	1	341522
1366.316	n/a	NonTarget	1	341579
1366.54	n/a	NonTarget	1	341635
1366.768	n/a	NonTarget	1	341692
1366.992	n/a	NonTarget	1	341748
1367.216	n/a	NonTarget	1	341804
1367.444	n/a	NonTarget	1	341861
1367.668	n/a	NonTarget	1	341917
1367.896	n/a	NonTarget	1	341974
1368.12	n/a	NonTarget	1	342030
1368.344	n/a	NonTarget	1	342086
1368.572	n/a	NonTarget	1	342143
1368.796	n/a	Target	2	342199
1369.02	n/a	NonTarget	1	342255
1369.244	n/a	NonTarget	1	342311
1369.472	n/a	NonTarget	1	342368
1369.696	n/a	NonTarget	1	342424
1369.924	n/a	Target	2	342481
1370.148	n/a	NonTarget	1	342537
1370.372	n/a	NonTarget	1	342593
1370.6	n/a	NonTarget	1	342650
1370.824	n/a	NonTarget	1	342706
1371.048	n/a	NonTarget	1	342762
1371.276	n/a	NonTarget	1	342819
1371.5	n/a	NonTarget	1	342875
1371.728	n/a	NonTarget	1	342932
1371.952	n/a	NonTarget	1	342988
1372.176	n/a	Target	2	343044
1372.404	n/a	NonTarget	1	343101
1372.628	n/a	NonTarget	1	343157
1372.852	n/a	NonTarget	1	343213
1373.076	n/a	NonTarget	1	343269
1373.304	n/a	Target	2	343326
1373.528	n/a	NonTarget	1	343382
1373.752	n/a	NonTarget	1	343438
1373.98	n/a	NonTarget	1	343495
1374.204	n/a	NonTarget	1	343551
1374.428	n/a	NonTarget	1	343607
1374.656	n/a	NonTarget	1	343664
1374.88	n/a	NonTarget	1	343720
1375.108	n/a	NonTarget	1	343777
1375.332	n/a	NonTarget	1	343833
1375.556	n/a	NonTarget	1	343889
1375.78	n/a	NonTarget	1	343945
1376.008	n/a	NonTarget	1	344002
1376.232	n/a	Target	2	344058
1376.456	n/a	NonTarget	1	344114
1376.684	n/a	NonTarget	1	344171
1376.908	n/a	NonTarget	1	344227
1377.132	n/a	NonTarget	1	344283
1377.36	n/a	NonTarget	1	344340
1377.584	n/a	NonTarget	1	344396
1377.812	n/a	NonTarget	1	344453
1378.036	n/a	NonTarget	1	344509
1378.26	n/a	NonTarget	1	344565
1378.488	n/a	NonTarget	1	344622
1378.712	n/a	NonTarget	1	344678
1378.936	n/a	NonTarget	1	344734
1379.16	n/a	Target	2	344790
1492.976	n/a	NonTarget	1	373244
1493.204	n/a	NonTarget	1	373301
1493.428	n/a	NonTarget	1	373357
1493.656	n/a	NonTarget	1	373414
1493.88	n/a	NonTarget	1	373470
1494.104	n/a	NonTarget	1	373526
1494.332	n/a	Target	2	373583
1494.556	n/a	NonTarget	1	373639
1494.78	n/a	NonTarget	1	373695
1495.008	n/a	NonTarget	1	373752
1495.232	n/a	NonTarget	1	373808
1495.46	n/a	NonTarget	1	373865
1495.684	n/a	NonTarget	1	373921
1495.908	n/a	NonTarget	1	373977
1496.136	n/a	NonTarget	1	374034
1496.36	n/a	NonTarget	1	374090
1496.588	n/a	NonTarget	1	374147
1496.812	n/a	NonTarget	1	374203
1497.036	n/a	Target	2	374259
1497.264	n/a	NonTarget	1	374316
1497.488	n/a	NonTarget	1	374372
1497.712	n/a	NonTarget	1	374428
1497.94	n/a	NonTarget	1	374485
1498.164	n/a	NonTarget	1	374541
1498.388	n/a	NonTarget	1	374597
1498.616	n/a	NonTarget	1	374654
1498.84	n/a	Target	2	374710
1499.068	n/a	NonTarget	1	374767
1499.292	n/a	NonTarget	1	374823
1499.516	n/a	NonTarget	1	374879
1499.74	n/a	NonTarget	1	374935
1499.964	n/a	NonTarget	1	374991
1500.192	n/a	NonTarget	1	375048
1500.42	n/a	NonTarget	1	375105
1500.644	n/a	NonTarget	1	375161
1500.868	n/a	NonTarget	1	375217
1501.092	n/a	Target	2	375273
1501.32	n/a	NonTarget	1	375330
1501.544	n/a	NonTarget	1	375386
1501.772	n/a	NonTarget	1	375443
1501.996	n/a	NonTarget	1	375499
1502.224	n/a	NonTarget	1	375556
1502.448	n/a	NonTarget	1	375612
1502.672	n/a	NonTarget	1	375668
1502.9	n/a	NonTarget	1	375725
1503.124	n/a	Target	2	375781
1503.348	n/a	NonTarget	1	375837
1503.576	n/a	NonTarget	1	375894
1503.8	n/a	NonTarget	1	375950
1504.028	n/a	NonTarget	1	376007
1504.252	n/a	NonTarget	1	376063
1504.48	n/a	Target	2	376120
1504.704	n/a	NonTarget	1	376176
1504.928	n/a	NonTarget	1	376232
1505.156	n/a	NonTarget	1	376289
1505.38	n/a	NonTarget	1	376345
1505.608	n/a	Target	2	376402
1505.832	n/a	NonTarget	1	376458
1506.056	n/a	NonTarget	1	376514
1506.284	n/a	NonTarget	1	376571
1506.508	n/a	NonTarget	1	376627
1506.732	n/a	NonTarget	1	376683
1506.96	n/a	NonTarget	1	376740
1507.184	n/a	NonTarget	1	376796
1507.412	n/a	NonTarget	1	376853
1507.636	n/a	NonTarget	1	376909
1507.86	n/a	NonTarget	1	376965
1508.088	n/a	NonTarget	1	377022
1508.312	n/a	NonTarget	1	377078
1508.536	n/a	NonTarget	1	377134
1508.764	n/a	NonTarget	1	377191
1508.988	n/a	NonTarget	1	377247
1509.212	n/a	NonTarget	1	377303
1509.44	n/a	NonTarget	1	377360
1509.668	n/a	NonTarget	1	377417
1509.892	n/a	NonTarget	1	377473
1510.116	n/a	NonTarget	1	377529
1510.344	n/a	NonTarget	1	377586
1510.568	n/a	NonTarget	1	377642
1510.792	n/a	NonTarget	1	377698
1511.02	n/a	NonTarget	1	377755
1511.244	n/a	Target	2	377811
1511.472	n/a	NonTarget	1	377868
1511.696	n/a	NonTarget	1	377924
1511.924	n/a	NonTarget	1	377981
1512.148	n/a	NonTarget	1	378037
1512.372	n/a	NonTarget	1	378093
1512.6	n/a	NonTarget	1	378150
1512.824	n/a	NonTarget	1	378206
1513.052	n/a	NonTarget	1	378263
1513.276	n/a	Target	2	378319
1513.5	n/a	NonTarget	1	378375
1513.728	n/a	NonTarget	1	378432
1513.952	n/a	NonTarget	1	378488
1514.176	n/a	NonTarget	1	378544
1514.404	n/a	NonTarget	1	378601
1514.628	n/a	NonTarget	1	378657
1514.856	n/a	NonTarget	1	378714
1515.08	n/a	NonTarget	1	378770
1515.308	n/a	NonTarget	1	378827
1515.532	n/a	NonTarget	1	378883
1515.756	n/a	NonTarget	1	378939
1515.984	n/a	NonTarget	1	378996
1516.208	n/a	NonTarget	1	379052
1516.436	n/a	NonTarget	1	379109
1516.66	n/a	NonTarget	1	379165
1516.884	n/a	NonTarget	1	379221
1517.112	n/a	NonTarget	1	379278
1517.336	n/a	NonTarget	1	379334
1517.564	n/a	NonTarget	1	379391
1517.788	n/a	NonTarget	1	379447
1518.016	n/a	NonTarget	1	379504
1518.24	n/a	NonTarget	1	379560
1518.468	n/a	NonTarget	1	379617
1518.692	n/a	NonTarget	1	379673
1518.916	n/a	NonTarget	1	379729
1519.144	n/a	NonTarget	1	379786
1519.368	n/a	NonTarget	1	379842
1519.596	n/a	NonTarget	1	379899
1519.82	n/a	NonTarget	1	379955
1520.044	n/a	Target	2	380011
1520.272	n/a	NonTarget	1	380068
1520.496	n/a	NonTarget	1	380124
1520.72	n/a	NonTarget	1	380180
1520.948	n/a	NonTarget	1	380237
1521.172	n/a	NonTarget	1	380293
1521.396	n/a	NonTarget	1	380349
1521.624	n/a	Target	2	380406
1521.848	n/a	NonTarget	1	380462
1522.076	n/a	NonTarget	1	380519
1522.3	n/a	NonTarget	1	380575
1522.524	n/a	NonTarget	1	380631
1522.752	n/a	NonTarget	1	380688
1522.976	n/a	NonTarget	1	380744
1523.2	n/a	NonTarget	1	380800
1531.948	n/a	NonTarget	1	382987
1532.176	n/a	Target	2	383044
1532.4	n/a	NonTarget	1	383100
1532.624	n/a	NonTarget	1	383156
1532.852	n/a	NonTarget	1	383213
1533.076	n/a	NonTarget	1	383269
1533.3	n/a	NonTarget	1	383325
1533.528	n/a	NonTarget	1	383382
1533.752	n/a	NonTarget	1	383438
1533.98	n/a	NonTarget	1	383495
1534.204	n/a	NonTarget	1	383551
1534.432	n/a	NonTarget	1	383608
1534.656	n/a	NonTarget	1	383664
1534.884	n/a	Target	2	383721
1535.108	n/a	NonTarget	1	383777
1535.332	n/a	NonTarget	1	383833
1535.56	n/a	NonTarget	1	383890
1535.784	n/a	NonTarget	1	383946
1536.012	n/a	NonTarget	1	384003
1536.236	n/a	NonTarget	1	384059
1536.46	n/a	NonTarget	1	384115
1536.684	n/a	NonTarget	1	384171
1536.912	n/a	NonTarget	1	384228
1537.136	n/a	Target	2	384284
1537.364	n/a	NonTarget	1	384341
1537.588	n/a	NonTarget	1	384397
1537.812	n/a	NonTarget	1	384453
1538.04	n/a	NonTarget	1	384510
1538.264	n/a	NonTarget	1	384566
1538.492	n/a	NonTarget	1	384623
1538.716	n/a	NonTarget	1	384679
1538.94	n/a	Target	2	384735
1539.164	n/a	NonTarget	1	384791
1539.392	n/a	NonTarget	1	384848
1539.616	n/a	NonTarget	1	384904
1539.84	n/a	NonTarget	1	384960
1540.068	n/a	NonTarget	1	385017
1540.292	n/a	NonTarget	1	385073
1540.516	n/a	NonTarget	1	385129
1540.744	n/a	NonTarget	1	385186
1540.968	n/a	NonTarget	1	385242
1541.192	n/a	Target	2	385298
1541.416	n/a	NonTarget	1	385354
1541.644	n/a	NonTarget	1	385411
1541.868	n/a	NonTarget	1	385467
1542.096	n/a	NonTarget	1	385524
1542.32	n/a	NonTarget	1	385580
1542.544	n/a	Target	2	385636
1542.772	n/a	NonTarget	1	385693
1542.996	n/a	NonTarget	1	385749
1543.224	n/a	NonTarget	1	385806
1543.448	n/a	NonTarget	1	385862
1543.672	n/a	NonTarget	1	385918
1543.9	n/a	NonTarget	1	385975
1544.124	n/a	Target	2	386031
1544.348	n/a	NonTarget	1	386087
1544.576	n/a	NonTarget	1	386144
1544.8	n/a	NonTarget	1	386200
1545.024	n/a	NonTarget	1	386256
1545.252	n/a	NonTarget	1	386313
1545.476	n/a	Target	2	386369
1545.7	n/a	NonTarget	1	386425
1545.924	n/a	NonTarget	1	386481
1546.152	n/a	NonTarget	1	386538
1546.376	n/a	NonTarget	1	386594
1546.604	n/a	NonTarget	1	386651
1546.828	n/a	Target	2	386707
1547.056	n/a	NonTarget	1	386764
1547.28	n/a	NonTarget	1	386820
1547.508	n/a	NonTarget	1	386877
1547.732	n/a	NonTarget	1	386933
1547.956	n/a	Target	2	386989
1548.184	n/a	NonTarget	1	387046
1548.408	n/a	NonTarget	1	387102
1548.636	n/a	NonTarget	1	387159
1548.86	n/a	NonTarget	1	387215
1549.084	n/a	Target	2	387271
1549.312	n/a	NonTarget	1	387328
1549.536	n/a	NonTarget	1	387384
1549.764	n/a	NonTarget	1	387441
1549.988	n/a	NonTarget	1	387497
1550.212	n/a	NonTarget	1	387553
1550.44	n/a	NonTarget	1	387610
1550.664	n/a	NonTarget	1	387666
1550.888	n/a	NonTarget	1	387722
1551.116	n/a	Target	2	387779
1551.34	n/a	NonTarget	1	387835
1551.564	n/a	NonTarget	1	387891
1551.792	n/a	NonTarget	1	387948
1552.016	n/a	NonTarget	1	388004
1552.244	n/a	NonTarget	1	388061
1552.468	n/a	NonTarget	1	388117
1552.692	n/a	Target	2	388173
1552.92	n/a	NonTarget	1	388230
1553.144	n/a	NonTarget	1	388286
1553.368	n/a	NonTarget	1	388342
1553.596	n/a	NonTarget	1	388399
1553.82	n/a	NonTarget	1	388455
1554.048	n/a	NonTarget	1	388512
1554.272	n/a	NonTarget	1	388568
1554.5	n/a	NonTarget	1	388625
1554.724	n/a	Target	2	388681
1554.948	n/a	NonTarget	1	388737
1555.176	n/a	NonTarget	1	388794
1555.4	n/a	NonTarget	1	388850
1555.624	n/a	NonTarget	1	388906
1555.852	n/a	Target	2	388963
1556.076	n/a	NonTarget	1	389019
1556.304	n/a	NonTarget	1	389076
1556.528	n/a	NonTarget	1	389132
1556.752	n/a	NonTarget	1	389188
1556.98	n/a	Target	2	389245
1557.204	n/a	NonTarget	1	389301
1557.432	n/a	NonTarget	1	389358
1557.656	n/a	NonTarget	1	389414
1557.88	n/a	NonTarget	1	389470
1558.104	n/a	Target	2	389526
1558.332	n/a	NonTarget	1	389583
1558.556	n/a	NonTarget	1	389639
1558.784	n/a	NonTarget	1	389696
1559.008	n/a	NonTarget	1	389752
1559.232	n/a	Target	2	389808
1559.46	n/a	NonTarget	1	389865
1559.688	n/a	NonTarget	1	389922
1559.912	n/a	NonTarget	1	389978
1560.136	n/a	NonTarget	1	390034
1560.364	n/a	NonTarget	1	390091
1560.588	n/a	Target	2	390147
1560.812	n/a	NonTarget	1	390203
1561.04	n/a	NonTarget	1	390260
1561.264	n/a	NonTarget	1	390316
1561.488	n/a	NonTarget	1	390372
1561.716	n/a	Target	2	390429
1561.94	n/a	NonTarget	1	390485
1576.66	n/a	NonTarget	1	394165
1576.884	n/a	NonTarget	1	394221
1577.108	n/a	NonTarget	1	394277
1577.336	n/a	NonTarget	1	394334
1577.56	n/a	NonTarget	1	394390
1577.788	n/a	NonTarget	1	394447
1578.012	n/a	NonTarget	1	394503
1578.236	n/a	NonTarget	1	394559
1578.464	n/a	Target	2	394616
1578.688	n/a	NonTarget	1	394672
1578.916	n/a	NonTarget	1	394729
1579.14	n/a	NonTarget	1	394785
1579.364	n/a	NonTarget	1	394841
1579.592	n/a	NonTarget	1	394898
1579.816	n/a	NonTarget	1	394954
1580.04	n/a	NonTarget	1	395010
1580.268	n/a	NonTarget	1	395067
1580.492	n/a	Target	2	395123
1580.72	n/a	NonTarget	1	395180
1580.944	n/a	NonTarget	1	395236
1581.168	n/a	NonTarget	1	395292
1581.392	n/a	NonTarget	1	395348
1581.62	n/a	NonTarget	1	395405
1581.844	n/a	NonTarget	1	395461
1582.068	n/a	NonTarget	1	395517
1582.296	n/a	NonTarget	1	395574
1582.52	n/a	Target	2	395630
1582.744	n/a	NonTarget	1	395686
1582.972	n/a	NonTarget	1	395743
1583.196	n/a	NonTarget	1	395799
1583.42	n/a	NonTarget	1	395855
1583.648	n/a	NonTarget	1	395912
1583.872	n/a	NonTarget	1	395968
1584.1	n/a	NonTarget	1	396025
1584.324	n/a	Target	2	396081
1584.548	n/a	NonTarget	1	396137
1584.776	n/a	NonTarget	1	396194
1585.0	n/a	NonTarget	1	396250
1585.228	n/a	NonTarget	1	396307
1585.452	n/a	NonTarget	1	396363
1585.68	n/a	NonTarget	1	396420
1585.904	n/a	NonTarget	1	396476
1586.128	n/a	NonTarget	1	396532
1586.352	n/a	Target	2	396588
1586.58	n/a	NonTarget	1	396645
1586.804	n/a	NonTarget	1	396701
1587.032	n/a	NonTarget	1	396758
1587.256	n/a	NonTarget	1	396814
1587.48	n/a	Target	2	396870
1587.708	n/a	NonTarget	1	396927
1587.932	n/a	NonTarget	1	396983
1588.156	n/a	NonTarget	1	397039
1588.384	n/a	NonTarget	1	397096
1588.608	n/a	NonTarget	1	397152
1588.832	n/a	NonTarget	1	397208
1589.06	n/a	NonTarget	1	397265
1589.284	n/a	NonTarget	1	397321
1589.512	n/a	NonTarget	1	397378
1589.736	n/a	NonTarget	1	397434
1589.96	n/a	Target	2	397490
1590.188	n/a	NonTarget	1	397547
1590.412	n/a	NonTarget	1	397603
1590.636	n/a	NonTarget	1	397659
1590.864	n/a	NonTarget	1	397716
1591.088	n/a	Target	2	397772
1591.316	n/a	NonTarget	1	397829
1591.54	n/a	NonTarget	1	397885
1591.768	n/a	NonTarget	1	397942
1591.992	n/a	NonTarget	1	397998
1592.216	n/a	Target	2	398054
1592.444	n/a	NonTarget	1	398111
1592.668	n/a	NonTarget	1	398167
1592.896	n/a	NonTarget	1	398224
1593.12	n/a	NonTarget	1	398280
1593.344	n/a	Target	2	398336
1593.572	n/a	NonTarget	1	398393
1593.796	n/a	NonTarget	1	398449
1594.02	n/a	NonTarget	1	398505
1594.248	n/a	NonTarget	1	398562
1594.472	n/a	Target	2	398618
1594.696	n/a	NonTarget	1	398674
1594.924	n/a	NonTarget	1	398731
1595.148	n/a	NonTarget	1	398787
1595.372	n/a	NonTarget	1	398843
1595.6	n/a	NonTarget	1	398900
1595.824	n/a	Target	2	398956
1596.052	n/a	NonTarget	1	399013
1596.276	n/a	NonTarget	1	399069
1596.5	n/a	NonTarget	1	399125
1596.728	n/a	NonTarget	1	399182
1596.952	n/a	Target	2	399238
1597.18	n/a	NonTarget	1	399295
1597.404	n/a	NonTarget	1	399351
1597.632	n/a	NonTarget	1	399408
1597.856	n/a	NonTarget	1	399464
1598.08	n/a	Target	2	399520
1598.308	n/a	NonTarget	1	399577
1598.532	n/a	NonTarget	1	399633
1598.76	n/a	NonTarget	1	399690
1598.984	n/a	NonTarget	1	399746
1599.212	n/a	Target	2	399803
1599.436	n/a	NonTarget	1	399859
1599.66	n/a	NonTarget	1	399915
1599.888	n/a	NonTarget	1	399972
1600.112	n/a	NonTarget	1	400028
1600.34	n/a	Target	2	400085
1600.564	n/a	NonTarget	1	400141
1600.788	n/a	NonTarget	1	400197
1601.012	n/a	NonTarget	1	400253
1601.24	n/a	NonTarget	1	400310
1601.464	n/a	NonTarget	1	400366
1601.692	n/a	Target	2	400423
1601.916	n/a	NonTarget	1	400479
1602.14	n/a	NonTarget	1	400535
1602.368	n/a	NonTarget	1	400592
1602.592	n/a	NonTarget	1	400648
1602.816	n/a	Target	2	400704
1603.044	n/a	NonTarget	1	400761
1603.268	n/a	NonTarget	1	400817
1603.496	n/a	NonTarget	1	400874
1603.72	n/a	NonTarget	1	400930
1603.948	n/a	Target	2	400987
1604.172	n/a	NonTarget	1	401043
1604.396	n/a	NonTarget	1	401099
1604.624	n/a	NonTarget	1	401156
1604.848	n/a	NonTarget	1	401212
1605.076	n/a	Target	2	401269
1605.3	n/a	NonTarget	1	401325
1605.524	n/a	NonTarget	1	401381
1605.748	n/a	NonTarget	1	401437
1605.976	n/a	NonTarget	1	401494
1606.2	n/a	Target	2	401550
1606.428	n/a	NonTarget	1	401607
1606.652	n/a	NonTarget	1	401663
1606.876	n/a	NonTarget	1	401719
1615.648	n/a	NonTarget	1	403912
1615.872	n/a	NonTarget	1	403968
1616.096	n/a	NonTarget	1	404024
1616.324	n/a	NonTarget	1	404081
1616.548	n/a	NonTarget	1	404137
1616.772	n/a	NonTarget	1	404193
1617.0	n/a	NonTarget	1	404250
1617.224	n/a	Target	2	404306
1617.448	n/a	NonTarget	1	404362
1617.676	n/a	NonTarget	1	404419
1617.9	n/a	NonTarget	1	404475
1618.124	n/a	NonTarget	1	404531
1618.352	n/a	NonTarget	1	404588
1618.58	n/a	NonTarget	1	404645
1618.804	n/a	NonTarget	1	404701
1619.028	n/a	NonTarget	1	404757
1619.256	n/a	NonTarget	1	404814
1619.48	n/a	Target	2	404870
1619.704	n/a	NonTarget	1	404926
1619.932	n/a	NonTarget	1	404983
1620.156	n/a	NonTarget	1	405039
1620.384	n/a	NonTarget	1	405096
1620.608	n/a	NonTarget	1	405152
1620.832	n/a	NonTarget	1	405208
1621.06	n/a	NonTarget	1	405265
1621.284	n/a	NonTarget	1	405321
1621.512	n/a	Target	2	405378
1621.736	n/a	NonTarget	1	405434
1621.964	n/a	NonTarget	1	405491
1622.188	n/a	NonTarget	1	405547
1622.412	n/a	NonTarget	1	405603
1622.64	n/a	NonTarget	1	405660
1622.864	n/a	NonTarget	1	405716
1623.088	n/a	NonTarget	1	405772
1623.316	n/a	NonTarget	1	405829
1623.54	n/a	NonTarget	1	405885
1623.768	n/a	NonTarget	1	405942
1623.996	n/a	NonTarget	1	405999
1624.22	n/a	Target	2	406055
1624.444	n/a	NonTarget	1	406111
1624.668	n/a	NonTarget	1	406167
1624.896	n/a	NonTarget	1	406224
1625.12	n/a	NonTarget	1	406280
1625.344	n/a	NonTarget	1	406336
1625.572	n/a	Target	2	406393
1625.796	n/a	NonTarget	1	406449
1626.02	n/a	NonTarget	1	406505
1626.248	n/a	NonTarget	1	406562
1626.472	n/a	NonTarget	1	406618
1626.7	n/a	NonTarget	1	406675
1626.924	n/a	Target	2	406731
1627.148	n/a	NonTarget	1	406787
1627.376	n/a	NonTarget	1	406844
1627.6	n/a	NonTarget	1	406900
1627.824	n/a	NonTarget	1	406956
1628.052	n/a	NonTarget	1	407013
1628.276	n/a	NonTarget	1	407069
1628.5	n/a	Target	2	407125
1628.728	n/a	NonTarget	1	407182
1628.952	n/a	NonTarget	1	407238
1629.18	n/a	NonTarget	1	407295
1629.404	n/a	NonTarget	1	407351
1629.628	n/a	Target	2	407407
1629.856	n/a	NonTarget	1	407464
1630.08	n/a	NonTarget	1	407520
1630.304	n/a	NonTarget	1	407576
1630.532	n/a	NonTarget	1	407633
1630.756	n/a	Target	2	407689
1630.98	n/a	NonTarget	1	407745
1631.208	n/a	NonTarget	1	407802
1631.432	n/a	NonTarget	1	407858
1631.66	n/a	NonTarget	1	407915
1631.884	n/a	Target	2	407971
1632.112	n/a	NonTarget	1	408028
1632.336	n/a	NonTarget	1	408084
1632.564	n/a	NonTarget	1	408141
1632.788	n/a	NonTarget	1	408197
1633.012	n/a	NonTarget	1	408253
1633.24	n/a	Target	2	408310
1633.464	n/a	NonTarget	1	408366
1633.688	n/a	NonTarget	1	408422
1633.916	n/a	NonTarget	1	408479
1634.14	n/a	NonTarget	1	408535
1634.364	n/a	NonTarget	1	408591
1634.592	n/a	Target	2	408648
1634.816	n/a	NonTarget	1	408704
1635.04	n/a	NonTarget	1	408760
1635.268	n/a	NonTarget	1	408817
1635.492	n/a	NonTarget	1	408873
1635.72	n/a	NonTarget	1	408930
1635.944	n/a	NonTarget	1	408986
1636.168	n/a	Target	2	409042
1636.396	n/a	NonTarget	1	409099
1636.62	n/a	NonTarget	1	409155
1636.848	n/a	NonTarget	1	409212
1637.072	n/a	NonTarget	1	409268
1637.3	n/a	NonTarget	1	409325
1637.524	n/a	Target	2	409381
1637.748	n/a	NonTarget	1	409437
1637.976	n/a	NonTarget	1	409494
1638.2	n/a	NonTarget	1	409550
1638.428	n/a	NonTarget	1	409607
1638.652	n/a	Target	2	409663
1638.876	n/a	NonTarget	1	409719
1639.1	n/a	NonTarget	1	409775
1639.328	n/a	NonTarget	1	409832
1639.552	n/a	NonTarget	1	409888
1639.78	n/a	NonTarget	1	409945
1640.004	n/a	Target	2	410001
1640.228	n/a	NonTarget	1	410057
1640.456	n/a	NonTarget	1	410114
1640.68	n/a	NonTarget	1	410170
1640.904	n/a	NonTarget	1	410226
1641.132	n/a	Target	2	410283
1641.356	n/a	NonTarget	1	410339
1641.584	n/a	NonTarget	1	410396
1641.808	n/a	NonTarget	1	410452
1642.032	n/a	NonTarget	1	410508
1642.26	n/a	NonTarget	1	410565
1642.484	n/a	Target	2	410621
1642.708	n/a	NonTarget	1	410677
1642.936	n/a	NonTarget	1	410734
1643.164	n/a	NonTarget	1	410791
1643.388	n/a	NonTarget	1	410847
1643.612	n/a	NonTarget	1	410903
1643.84	n/a	Target	2	410960
1644.064	n/a	NonTarget	1	411016
1644.292	n/a	NonTarget	1	411073
1644.516	n/a	NonTarget	1	411129
1644.744	n/a	NonTarget	1	411186
1644.968	n/a	Target	2	411242
1645.192	n/a	NonTarget	1	411298
1645.42	n/a	NonTarget	1	411355
1645.644	n/a	NonTarget	1	411411
1658.6	n/a	NonTarget	1	414650
1658.824	n/a	NonTarget	1	414706
1659.052	n/a	NonTarget	1	414763
1659.276	n/a	Target	2	414819
1659.504	n/a	NonTarget	1	414876
1659.728	n/a	NonTarget	1	414932
1659.952	n/a	NonTarget	1	414988
1660.18	n/a	NonTarget	1	415045
1660.404	n/a	NonTarget	1	415101
1660.632	n/a	NonTarget	1	415158
1660.856	n/a	NonTarget	1	415214
1661.08	n/a	NonTarget	1	415270
1661.308	n/a	NonTarget	1	415327
1661.532	n/a	Target	2	415383
1661.76	n/a	NonTarget	1	415440
1661.984	n/a	NonTarget	1	415496
1662.212	n/a	NonTarget	1	415553
1662.436	n/a	NonTarget	1	415609
1662.66	n/a	NonTarget	1	415665
1662.888	n/a	NonTarget	1	415722
1663.112	n/a	NonTarget	1	415778
1663.34	n/a	Target	2	415835
1663.564	n/a	NonTarget	1	415891
1663.788	n/a	NonTarget	1	415947
1664.016	n/a	NonTarget	1	416004
1664.24	n/a	NonTarget	1	416060
1664.464	n/a	NonTarget	1	416116
1664.688	n/a	NonTarget	1	416172
1664.912	n/a	NonTarget	1	416228
1665.14	n/a	NonTarget	1	416285
1665.364	n/a	Target	2	416341
1665.592	n/a	NonTarget	1	416398
1665.816	n/a	NonTarget	1	416454
1666.04	n/a	NonTarget	1	416510
1666.264	n/a	NonTarget	1	416566
1666.488	n/a	NonTarget	1	416622
1666.716	n/a	NonTarget	1	416679
1666.94	n/a	NonTarget	1	416735
1667.164	n/a	NonTarget	1	416791
1667.392	n/a	Target	2	416848
1667.616	n/a	NonTarget	1	416904
1667.844	n/a	NonTarget	1	416961
1668.068	n/a	NonTarget	1	417017
1668.296	n/a	NonTarget	1	417074
1668.52	n/a	NonTarget	1	417130
1668.744	n/a	Target	2	417186
1668.972	n/a	NonTarget	1	417243
1669.196	n/a	NonTarget	1	417299
1669.424	n/a	NonTarget	1	417356
1669.648	n/a	NonTarget	1	417412
1669.876	n/a	Target	2	417469
1670.1	n/a	NonTarget	1	417525
1670.324	n/a	NonTarget	1	417581
1670.552	n/a	NonTarget	1	417638
1670.776	n/a	NonTarget	1	417694
1671.004	n/a	Target	2	417751
1671.228	n/a	NonTarget	1	417807
1671.456	n/a	NonTarget	1	417864
1671.68	n/a	NonTarget	1	417920
1671.908	n/a	NonTarget	1	417977
1672.132	n/a	Target	2	418033
1672.36	n/a	NonTarget	1	418090
1672.584	n/a	NonTarget	1	418146
1672.808	n/a	NonTarget	1	418202
1673.036	n/a	NonTarget	1	418259
1673.26	n/a	Target	2	418315
1673.484	n/a	NonTarget	1	418371
1673.712	n/a	NonTarget	1	418428
1673.936	n/a	NonTarget	1	418484
1674.16	n/a	NonTarget	1	418540
1674.388	n/a	Target	2	418597
1674.612	n/a	NonTarget	1	418653
1674.84	n/a	NonTarget	1	418710
1675.064	n/a	NonTarget	1	418766
1675.288	n/a	NonTarget	1	418822
1675.512	n/a	Target	2	418878
1675.74	n/a	NonTarget	1	418935
1675.964	n/a	NonTarget	1	418991
1676.192	n/a	NonTarget	1	419048
1676.416	n/a	NonTarget	1	419104
1676.64	n/a	NonTarget	1	419160
1676.868	n/a	Target	2	419217
1677.092	n/a	NonTarget	1	419273
1677.32	n/a	NonTarget	1	419330
1677.544	n/a	NonTarget	1	419386
1677.772	n/a	NonTarget	1	419443
1677.996	n/a	NonTarget	1	419499
1678.22	n/a	Target	2	419555
1678.444	n/a	NonTarget	1	419611
1678.672	n/a	NonTarget	1	419668
1678.896	n/a	NonTarget	1	419724
1679.124	n/a	NonTarget	1	419781
1679.348	n/a	NonTarget	1	419837
1679.572	n/a	NonTarget	1	419893
1679.8	n/a	NonTarget	1	419950
1680.024	n/a	Target	2	420006
1680.248	n/a	NonTarget	1	420062
1680.476	n/a	NonTarget	1	420119
1680.7	n/a	NonTarget	1	420175
1680.924	n/a	NonTarget	1	420231
1681.152	n/a	Target	2	420288
1681.376	n/a	NonTarget	1	420344
1681.604	n/a	NonTarget	1	420401
1681.828	n/a	NonTarget	1	420457
1682.056	n/a	NonTarget	1	420514
1682.28	n/a	Target	2	420570
1682.504	n/a	NonTarget	1	420626
1682.732	n/a	NonTarget	1	420683
1682.956	n/a	NonTarget	1	420739
1683.18	n/a	NonTarget	1	420795
1683.408	n/a	NonTarget	1	420852
1683.632	n/a	Target	2	420908
1683.86	n/a	NonTarget	1	420965
1684.084	n/a	NonTarget	1	421021
1684.308	n/a	NonTarget	1	421077
1684.536	n/a	NonTarget	1	421134
1684.76	n/a	NonTarget	1	421190
1684.984	n/a	NonTarget	1	421246
1685.212	n/a	Target	2	421303
1685.436	n/a	NonTarget	1	421359
1685.66	n/a	NonTarget	1	421415
1685.888	n/a	NonTarget	1	421472
1686.112	n/a	NonTarget	1	421528
1686.34	n/a	NonTarget	1	421585
1686.564	n/a	Target	2	421641
1686.792	n/a	NonTarget	1	421698
1687.016	n/a	NonTarget	1	421754
1687.244	n/a	NonTarget	1	421811
1687.468	n/a	NonTarget	1	421867
1687.692	n/a	Target	2	421923
1687.92	n/a	NonTarget	1	421980
1688.144	n/a	NonTarget	1	422036
1688.368	n/a	NonTarget	1	422092
1688.596	n/a	NonTarget	1	422149
1688.82	n/a	NonTarget	1	422205
1697.588	n/a	NonTarget	1	424397
1697.812	n/a	NonTarget	1	424453
1698.036	n/a	NonTarget	1	424509
1698.26	n/a	Target	2	424565
1698.488	n/a	NonTarget	1	424622
1698.712	n/a	NonTarget	1	424678
1698.936	n/a	NonTarget	1	424734
1699.16	n/a	NonTarget	1	424790
1699.388	n/a	NonTarget	1	424847
1699.612	n/a	Target	2	424903
1699.84	n/a	NonTarget	1	424960
1700.064	n/a	NonTarget	1	425016
1700.292	n/a	NonTarget	1	425073
1700.516	n/a	NonTarget	1	425129
1700.74	n/a	Target	2	425185
1700.968	n/a	NonTarget	1	425242
1701.192	n/a	NonTarget	1	425298
1701.416	n/a	NonTarget	1	425354
1701.644	n/a	NonTarget	1	425411
1701.868	n/a	NonTarget	1	425467
1702.096	n/a	NonTarget	1	425524
1702.32	n/a	Target	2	425580
1702.544	n/a	NonTarget	1	425636
1702.772	n/a	NonTarget	1	425693
1702.996	n/a	NonTarget	1	425749
1703.224	n/a	NonTarget	1	425806
1703.448	n/a	NonTarget	1	425862
1703.672	n/a	NonTarget	1	425918
1703.896	n/a	NonTarget	1	425974
1704.124	n/a	Target	2	426031
1704.348	n/a	NonTarget	1	426087
1704.572	n/a	NonTarget	1	426143
1704.8	n/a	NonTarget	1	426200
1705.024	n/a	NonTarget	1	426256
1705.252	n/a	NonTarget	1	426313
1705.476	n/a	Target	2	426369
1705.7	n/a	NonTarget	1	426425
1705.928	n/a	NonTarget	1	426482
1706.152	n/a	NonTarget	1	426538
1706.38	n/a	NonTarget	1	426595
1706.604	n/a	NonTarget	1	426651
1706.828	n/a	NonTarget	1	426707
1707.056	n/a	NonTarget	1	426764
1707.28	n/a	NonTarget	1	426820
1707.508	n/a	Target	2	426877
1707.736	n/a	NonTarget	1	426934
1707.96	n/a	NonTarget	1	426990
1708.184	n/a	NonTarget	1	427046
1708.412	n/a	NonTarget	1	427103
1708.636	n/a	Target	2	427159
1708.86	n/a	NonTarget	1	427215
1709.088	n/a	NonTarget	1	427272
1709.312	n/a	NonTarget	1	427328
1709.54	n/a	NonTarget	1	427385
1709.764	n/a	NonTarget	1	427441
1709.988	n/a	Target	2	427497
1710.216	n/a	NonTarget	1	427554
1710.44	n/a	NonTarget	1	427610
1710.668	n/a	NonTarget	1	427667
1710.892	n/a	NonTarget	1	427723
1711.116	n/a	Target	2	427779
1711.344	n/a	NonTarget	1	427836
1711.568	n/a	NonTarget	1	427892
1711.792	n/a	NonTarget	1	427948
1712.02	n/a	NonTarget	1	428005
1712.244	n/a	Target	2	428061
1712.468	n/a	NonTarget	1	428117
1712.696	n/a	NonTarget	1	428174
1712.92	n/a	NonTarget	1	428230
1713.144	n/a	NonTarget	1	428286
1713.372	n/a	NonTarget	1	428343
1713.596	n/a	NonTarget	1	428399
1713.824	n/a	Target	2	428456
1714.048	n/a	NonTarget	1	428512
1714.276	n/a	NonTarget	1	428569
1714.5	n/a	NonTarget	1	428625
1714.724	n/a	NonTarget	1	428681
1714.952	n/a	NonTarget	1	428738
1715.176	n/a	Target	2	428794
1715.404	n/a	NonTarget	1	428851
1715.628	n/a	NonTarget	1	428907
1715.852	n/a	NonTarget	1	428963
1716.08	n/a	NonTarget	1	429020
1716.304	n/a	Target	2	429076
1716.528	n/a	NonTarget	1	429132
1716.756	n/a	NonTarget	1	429189
1716.98	n/a	NonTarget	1	429245
1717.208	n/a	NonTarget	1	429302
1717.432	n/a	Target	2	429358
1717.656	n/a	NonTarget	1	429414
1717.884	n/a	NonTarget	1	429471
1718.108	n/a	NonTarget	1	429527
1718.332	n/a	NonTarget	1	429583
1718.56	n/a	NonTarget	1	429640
1718.784	n/a	NonTarget	1	429696
1719.012	n/a	Target	2	429753
1719.236	n/a	NonTarget	1	429809
1719.46	n/a	NonTarget	1	429865
1719.688	n/a	NonTarget	1	429922
1719.912	n/a	NonTarget	1	429978
1720.14	n/a	NonTarget	1	430035
1720.364	n/a	NonTarget	1	430091
1720.588	n/a	Target	2	430147
1720.816	n/a	NonTarget	1	430204
1721.04	n/a	NonTarget	1	430260
1721.268	n/a	NonTarget	1	430317
1721.492	n/a	NonTarget	1	430373
1721.716	n/a	NonTarget	1	430429
1721.944	n/a	Target	2	430486
1722.168	n/a	NonTarget	1	430542
1722.396	n/a	NonTarget	1	430599
1722.62	n/a	NonTarget	1	430655
1722.848	n/a	NonTarget	1	430712
1723.072	n/a	NonTarget	1	430768
1723.296	n/a	Target	2	430824
1723.524	n/a	NonTarget	1	430881
1723.748	n/a	NonTarget	1	430937
1723.972	n/a	NonTarget	1	430993
1724.2	n/a	NonTarget	1	431050
1724.424	n/a	Target	2	431106
1724.652	n/a	NonTarget	1	431163
1724.876	n/a	NonTarget	1	431219
1725.1	n/a	NonTarget	1	431275
1725.324	n/a	NonTarget	1	431331
1725.552	n/a	Target	2	431388
1725.776	n/a	NonTarget	1	431444
1726.004	n/a	NonTarget	1	431501
1726.228	n/a	NonTarget	1	431557
1726.452	n/a	NonTarget	1	431613
1726.68	n/a	NonTarget	1	431670
1726.904	n/a	Target	2	431726
1727.132	n/a	NonTarget	1	431783
1727.356	n/a	NonTarget	1	431839
1727.584	n/a	NonTarget	1	431896
1740.596	n/a	NonTarget	1	435149
1740.824	n/a	NonTarget	1	435206
1741.048	n/a	Target	2	435262
1741.272	n/a	NonTarget	1	435318
1741.5	n/a	NonTarget	1	435375
1741.724	n/a	NonTarget	1	435431
1741.948	n/a	NonTarget	1	435487
1742.176	n/a	NonTarget	1	435544
1742.4	n/a	NonTarget	1	435600
1742.628	n/a	Target	2	435657
1742.852	n/a	NonTarget	1	435713
1743.08	n/a	NonTarget	1	435770
1743.308	n/a	NonTarget	1	435827
1743.532	n/a	NonTarget	1	435883
1743.76	n/a	Target	2	435940
1743.984	n/a	NonTarget	1	435996
1744.208	n/a	NonTarget	1	436052
1744.432	n/a	NonTarget	1	436108
1744.66	n/a	NonTarget	1	436165
1744.884	n/a	NonTarget	1	436221
1745.108	n/a	Target	2	436277
1745.336	n/a	NonTarget	1	436334
1745.56	n/a	NonTarget	1	436390
1745.784	n/a	NonTarget	1	436446
1746.012	n/a	NonTarget	1	436503
1746.236	n/a	NonTarget	1	436559
1746.46	n/a	NonTarget	1	436615
1746.684	n/a	NonTarget	1	436671
1746.912	n/a	NonTarget	1	436728
1747.136	n/a	NonTarget	1	436784
1747.36	n/a	NonTarget	1	436840
1747.588	n/a	Target	2	436897
1747.812	n/a	NonTarget	1	436953
1748.036	n/a	NonTarget	1	437009
1748.264	n/a	NonTarget	1	437066
1748.488	n/a	NonTarget	1	437122
1748.716	n/a	NonTarget	1	437179
1748.94	n/a	NonTarget	1	437235
1749.164	n/a	NonTarget	1	437291
1749.392	n/a	NonTarget	1	437348
1749.616	n/a	NonTarget	1	437404
1749.84	n/a	Target	2	437460
1750.068	n/a	NonTarget	1	437517
1750.292	n/a	NonTarget	1	437573
1750.52	n/a	NonTarget	1	437630
1750.744	n/a	NonTarget	1	437686
1750.972	n/a	NonTarget	1	437743
1751.196	n/a	NonTarget	1	437799
1751.42	n/a	NonTarget	1	437855
1751.644	n/a	NonTarget	1	437911
1751.872	n/a	NonTarget	1	437968
1752.096	n/a	Target	2	438024
1752.324	n/a	NonTarget	1	438081
1752.548	n/a	NonTarget	1	438137
1752.772	n/a	NonTarget	1	438193
1753.0	n/a	NonTarget	1	438250
1753.224	n/a	NonTarget	1	438306
1753.448	n/a	NonTarget	1	438362
1753.676	n/a	NonTarget	1	438419
1753.9	n/a	NonTarget	1	438475
1754.128	n/a	NonTarget	1	438532
1754.352	n/a	NonTarget	1	438588
1754.576	n/a	Target	2	438644
1754.804	n/a	NonTarget	1	438701
1755.028	n/a	NonTarget	1	438757
1755.256	n/a	NonTarget	1	438814
1755.48	n/a	NonTarget	1	438870
1755.708	n/a	NonTarget	1	438927
1755.932	n/a	NonTarget	1	438983
1756.156	n/a	Target	2	439039
1756.384	n/a	NonTarget	1	439096
1756.608	n/a	NonTarget	1	439152
1756.836	n/a	NonTarget	1	439209
1757.06	n/a	NonTarget	1	439265
1757.284	n/a	NonTarget	1	439321
1757.508	n/a	NonTarget	1	439377
1757.736	n/a	NonTarget	1	439434
1757.96	n/a	NonTarget	1	439490
1758.184	n/a	NonTarget	1	439546
1758.412	n/a	Target	2	439603
1758.636	n/a	NonTarget	1	439659
1758.864	n/a	NonTarget	1	439716
1759.088	n/a	NonTarget	1	439772
1759.312	n/a	NonTarget	1	439828
1759.54	n/a	NonTarget	1	439885
1759.764	n/a	NonTarget	1	439941
1759.992	n/a	NonTarget	1	439998
1760.216	n/a	NonTarget	1	440054
1760.444	n/a	NonTarget	1	440111
1760.668	n/a	NonTarget	1	440167
1760.892	n/a	NonTarget	1	440223
1761.12	n/a	NonTarget	1	440280
1761.344	n/a	NonTarget	1	440336
1761.572	n/a	NonTarget	1	440393
1761.796	n/a	NonTarget	1	440449
1762.02	n/a	NonTarget	1	440505
1762.248	n/a	NonTarget	1	440562
1762.472	n/a	NonTarget	1	440618
1762.7	n/a	NonTarget	1	440675
1762.924	n/a	NonTarget	1	440731
1763.152	n/a	NonTarget	1	440788
1763.376	n/a	NonTarget	1	440844
1763.6	n/a	NonTarget	1	440900
1763.828	n/a	NonTarget	1	440957
1764.052	n/a	NonTarget	1	441013
1764.276	n/a	NonTarget	1	441069
1764.504	n/a	NonTarget	1	441126
1764.728	n/a	NonTarget	1	441182
1764.952	n/a	NonTarget	1	441238
1765.18	n/a	NonTarget	1	441295
1765.404	n/a	NonTarget	1	441351
1765.632	n/a	NonTarget	1	441408
1765.856	n/a	NonTarget	1	441464
1766.08	n/a	NonTarget	1	441520
1766.308	n/a	NonTarget	1	441577
1766.532	n/a	NonTarget	1	441633
1766.756	n/a	NonTarget	1	441689
1766.984	n/a	NonTarget	1	441746
1767.208	n/a	NonTarget	1	441802
1767.436	n/a	NonTarget	1	441859
1767.66	n/a	NonTarget	1	441915
1767.888	n/a	NonTarget	1	441972
1768.112	n/a	NonTarget	1	442028
1768.336	n/a	NonTarget	1	442084
1768.564	n/a	NonTarget	1	442141
1768.788	n/a	NonTarget	1	442197
1769.016	n/a	NonTarget	1	442254
1769.24	n/a	NonTarget	1	442310
1769.464	n/a	NonTarget	1	442366
1769.688	n/a	NonTarget	1	442422
1769.916	n/a	NonTarget	1	442479
1770.14	n/a	NonTarget	1	442535
1770.368	n/a	NonTarget	1	442592
1770.592	n/a	NonTarget	1	442648
1770.816	n/a	NonTarget	1	442704
1779.564	n/a	NonTarget	1	444891
1779.792	n/a	NonTarget	1	444948
1780.016	n/a	NonTarget	1	445004
1780.24	n/a	NonTarget	1	445060
1780.468	n/a	NonTarget	1	445117
1780.692	n/a	NonTarget	1	445173
1780.916	n/a	NonTarget	1	445229
1781.144	n/a	NonTarget	1	445286
1781.368	n/a	Target	2	445342
1781.592	n/a	NonTarget	1	445398
1781.816	n/a	NonTarget	1	445454
1782.044	n/a	NonTarget	1	445511
1782.268	n/a	NonTarget	1	445567
1782.492	n/a	NonTarget	1	445623
1782.72	n/a	Target	2	445680
1782.944	n/a	NonTarget	1	445736
1783.172	n/a	NonTarget	1	445793
1783.396	n/a	NonTarget	1	445849
1783.624	n/a	NonTarget	1	445906
1783.848	n/a	NonTarget	1	445962
1784.072	n/a	NonTarget	1	446018
1784.3	n/a	NonTarget	1	446075
1784.524	n/a	Target	2	446131
1784.752	n/a	NonTarget	1	446188
1784.976	n/a	NonTarget	1	446244
1785.2	n/a	NonTarget	1	446300
1785.428	n/a	NonTarget	1	446357
1785.652	n/a	NonTarget	1	446413
1785.88	n/a	NonTarget	1	446470
1786.104	n/a	NonTarget	1	446526
1786.328	n/a	NonTarget	1	446582
1786.552	n/a	NonTarget	1	446638
1786.78	n/a	Target	2	446695
1787.004	n/a	NonTarget	1	446751
1787.232	n/a	NonTarget	1	446808
1787.456	n/a	NonTarget	1	446864
1787.68	n/a	NonTarget	1	446920
1787.904	n/a	NonTarget	1	446976
1788.132	n/a	NonTarget	1	447033
1788.356	n/a	NonTarget	1	447089
1788.584	n/a	NonTarget	1	447146
1788.808	n/a	NonTarget	1	447202
1789.032	n/a	NonTarget	1	447258
1789.26	n/a	Target	2	447315
1789.484	n/a	NonTarget	1	447371
1789.712	n/a	NonTarget	1	447428
1789.936	n/a	NonTarget	1	447484
1790.16	n/a	NonTarget	1	447540
1790.388	n/a	Target	2	447597
1790.612	n/a	NonTarget	1	447653
1790.84	n/a	NonTarget	1	447710
1791.064	n/a	NonTarget	1	447766
1791.292	n/a	NonTarget	1	447823
1791.516	n/a	NonTarget	1	447879
1791.74	n/a	Target	2	447935
1791.968	n/a	NonTarget	1	447992
1792.192	n/a	NonTarget	1	448048
1792.42	n/a	NonTarget	1	448105
1792.644	n/a	NonTarget	1	448161
1792.872	n/a	NonTarget	1	448218
1793.096	n/a	Target	2	448274
1793.32	n/a	NonTarget	1	448330
1793.548	n/a	NonTarget	1	448387
1793.772	n/a	NonTarget	1	448443
1794.0	n/a	NonTarget	1	448500
1794.224	n/a	NonTarget	1	448556
1794.448	n/a	Target	2	448612
1794.676	n/a	NonTarget	1	448669
1794.9	n/a	NonTarget	1	448725
1795.128	n/a	NonTarget	1	448782
1795.352	n/a	NonTarget	1	448838
1795.576	n/a	NonTarget	1	448894
1795.8	n/a	Target	2	448950
1796.028	n/a	NonTarget	1	449007
1796.252	n/a	NonTarget	1	449063
1796.48	n/a	NonTarget	1	449120
1796.704	n/a	NonTarget	1	449176
1796.928	n/a	Target	2	449232
1797.156	n/a	NonTarget	1	449289
1797.38	n/a	NonTarget	1	449345
1797.608	n/a	NonTarget	1	449402
1797.832	n/a	NonTarget	1	449458
1798.06	n/a	Target	2	449515
1798.284	n/a	NonTarget	1	449571
1798.508	n/a	NonTarget	1	449627
1798.736	n/a	NonTarget	1	449684
1798.96	n/a	NonTarget	1	449740
1799.184	n/a	NonTarget	1	449796
1799.412	n/a	Target	2	449853
1799.636	n/a	NonTarget	1	449909
1799.864	n/a	NonTarget	1	449966
1800.088	n/a	NonTarget	1	450022
1800.312	n/a	NonTarget	1	450078
1800.536	n/a	Target	2	450134
1800.764	n/a	NonTarget	1	450191
1800.988	n/a	NonTarget	1	450247
1801.216	n/a	NonTarget	1	450304
1801.44	n/a	NonTarget	1	450360
1801.664	n/a	Target	2	450416
1801.892	n/a	NonTarget	1	450473
1802.116	n/a	NonTarget	1	450529
1802.344	n/a	NonTarget	1	450586
1802.568	n/a	NonTarget	1	450642
1802.796	n/a	Target	2	450699
1803.02	n/a	NonTarget	1	450755
1803.244	n/a	NonTarget	1	450811
1803.472	n/a	NonTarget	1	450868
1803.696	n/a	NonTarget	1	450924
1803.924	n/a	NonTarget	1	450981
1804.148	n/a	NonTarget	1	451037
1804.376	n/a	NonTarget	1	451094
1804.6	n/a	NonTarget	1	451150
1804.824	n/a	Target	2	451206
1805.052	n/a	NonTarget	1	451263
1805.276	n/a	NonTarget	1	451319
1805.504	n/a	NonTarget	1	451376
1805.728	n/a	NonTarget	1	451432
1805.952	n/a	NonTarget	1	451488
1806.18	n/a	Target	2	451545
1806.404	n/a	NonTarget	1	451601
1806.628	n/a	NonTarget	1	451657
1806.856	n/a	NonTarget	1	451714
1807.08	n/a	NonTarget	1	451770
1807.304	n/a	NonTarget	1	451826
1807.532	n/a	Target	2	451883
1807.756	n/a	NonTarget	1	451939
1807.98	n/a	NonTarget	1	451995
1808.208	n/a	NonTarget	1	452052
1808.432	n/a	NonTarget	1	452108
1808.656	n/a	NonTarget	1	452164
1808.884	n/a	NonTarget	1	452221
1809.108	n/a	NonTarget	1	452277
1809.336	n/a	NonTarget	1	452334
1809.56	n/a	Target	2	452390
1809.784	n/a	NonTarget	1	452446
1829.88	n/a	NonTarget	1	457470
1830.104	n/a	NonTarget	1	457526
1830.328	n/a	NonTarget	1	457582
1830.556	n/a	NonTarget	1	457639
1830.78	n/a	NonTarget	1	457695
1831.004	n/a	NonTarget	1	457751
1831.232	n/a	Target	2	457808
1831.46	n/a	NonTarget	1	457865
1831.684	n/a	NonTarget	1	457921
1831.908	n/a	NonTarget	1	457977
1832.132	n/a	NonTarget	1	458033
1832.36	n/a	NonTarget	1	458090
1832.584	n/a	NonTarget	1	458146
1832.812	n/a	NonTarget	1	458203
1833.036	n/a	NonTarget	1	458259
1833.264	n/a	NonTarget	1	458316
1833.488	n/a	Target	2	458372
1833.712	n/a	NonTarget	1	458428
1833.94	n/a	NonTarget	1	458485
1834.164	n/a	NonTarget	1	458541
1834.392	n/a	NonTarget	1	458598
1834.616	n/a	NonTarget	1	458654
1834.84	n/a	NonTarget	1	458710
1835.064	n/a	NonTarget	1	458766
1835.292	n/a	NonTarget	1	458823
1835.516	n/a	Target	2	458879
1835.74	n/a	NonTarget	1	458935
1835.968	n/a	NonTarget	1	458992
1836.192	n/a	NonTarget	1	459048
1836.416	n/a	NonTarget	1	459104
1836.644	n/a	NonTarget	1	459161
1836.868	n/a	NonTarget	1	459217
1837.092	n/a	NonTarget	1	459273
1837.32	n/a	NonTarget	1	459330
1837.544	n/a	Target	2	459386
1837.768	n/a	NonTarget	1	459442
1837.996	n/a	NonTarget	1	459499
1838.22	n/a	NonTarget	1	459555
1838.448	n/a	NonTarget	1	459612
1838.672	n/a	NonTarget	1	459668
1838.896	n/a	Target	2	459724
1839.124	n/a	NonTarget	1	459781
1839.352	n/a	NonTarget	1	459838
1839.576	n/a	NonTarget	1	459894
1839.8	n/a	NonTarget	1	459950
1840.028	n/a	NonTarget	1	460007
1840.252	n/a	NonTarget	1	460063
1840.48	n/a	NonTarget	1	460120
1840.704	n/a	NonTarget	1	460176
1840.928	n/a	Target	2	460232
1841.156	n/a	NonTarget	1	460289
1841.38	n/a	NonTarget	1	460345
1841.608	n/a	NonTarget	1	460402
1841.832	n/a	NonTarget	1	460458
1842.056	n/a	NonTarget	1	460514
1842.284	n/a	NonTarget	1	460571
1842.508	n/a	Target	2	460627
1842.736	n/a	NonTarget	1	460684
1842.96	n/a	NonTarget	1	460740
1843.188	n/a	NonTarget	1	460797
1843.412	n/a	NonTarget	1	460853
1843.64	n/a	NonTarget	1	460910
1843.864	n/a	NonTarget	1	460966
1844.092	n/a	Target	2	461023
1844.316	n/a	NonTarget	1	461079
1844.544	n/a	NonTarget	1	461136
1844.768	n/a	NonTarget	1	461192
1844.992	n/a	NonTarget	1	461248
1845.22	n/a	Target	2	461305
1845.444	n/a	NonTarget	1	461361
1845.668	n/a	NonTarget	1	461417
1845.896	n/a	NonTarget	1	461474
1846.12	n/a	NonTarget	1	461530
1846.348	n/a	NonTarget	1	461587
1846.572	n/a	Target	2	461643
1846.796	n/a	NonTarget	1	461699
1847.024	n/a	NonTarget	1	461756
1847.248	n/a	NonTarget	1	461812
1847.472	n/a	NonTarget	1	461868
1847.7	n/a	NonTarget	1	461925
1847.924	n/a	Target	2	461981
1848.148	n/a	NonTarget	1	462037
1848.376	n/a	NonTarget	1	462094
1848.6	n/a	NonTarget	1	462150
1848.824	n/a	NonTarget	1	462206
1849.052	n/a	Target	2	462263
1849.276	n/a	NonTarget	1	462319
1849.504	n/a	NonTarget	1	462376
1849.728	n/a	NonTarget	1	462432
1849.952	n/a	NonTarget	1	462488
1850.18	n/a	Target	2	462545
1850.404	n/a	NonTarget	1	462601
1850.628	n/a	NonTarget	1	462657
1850.856	n/a	NonTarget	1	462714
1851.08	n/a	NonTarget	1	462770
1851.308	n/a	Target	2	462827
1851.532	n/a	NonTarget	1	462883
1851.756	n/a	NonTarget	1	462939
1851.984	n/a	NonTarget	1	462996
1852.208	n/a	NonTarget	1	463052
1852.432	n/a	Target	2	463108
1852.66	n/a	NonTarget	1	463165
1852.884	n/a	NonTarget	1	463221
1853.108	n/a	NonTarget	1	463277
1853.336	n/a	NonTarget	1	463334
1853.56	n/a	Target	2	463390
1853.788	n/a	NonTarget	1	463447
1854.012	n/a	NonTarget	1	463503
1854.236	n/a	NonTarget	1	463559
1854.464	n/a	NonTarget	1	463616
1854.688	n/a	Target	2	463672
1854.916	n/a	NonTarget	1	463729
1855.14	n/a	NonTarget	1	463785
1855.368	n/a	NonTarget	1	463842
1855.592	n/a	NonTarget	1	463898
1855.816	n/a	NonTarget	1	463954
1856.044	n/a	NonTarget	1	464011
1856.268	n/a	NonTarget	1	464067
1856.496	n/a	Target	2	464124
1856.72	n/a	NonTarget	1	464180
1856.944	n/a	NonTarget	1	464236
1857.172	n/a	NonTarget	1	464293
1857.396	n/a	NonTarget	1	464349
1857.624	n/a	NonTarget	1	464406
1857.848	n/a	Target	2	464462
1858.072	n/a	NonTarget	1	464518
1858.3	n/a	NonTarget	1	464575
1858.524	n/a	NonTarget	1	464631
1858.748	n/a	NonTarget	1	464687
1858.976	n/a	Target	2	464744
1859.2	n/a	NonTarget	1	464800
1859.428	n/a	NonTarget	1	464857
1859.652	n/a	NonTarget	1	464913
1859.876	n/a	NonTarget	1	464969
1868.872	n/a	NonTarget	1	467218
1869.096	n/a	NonTarget	1	467274
1869.324	n/a	NonTarget	1	467331
1869.548	n/a	NonTarget	1	467387
1869.772	n/a	NonTarget	1	467443
1869.996	n/a	NonTarget	1	467499
1870.224	n/a	NonTarget	1	467556
1870.448	n/a	Target	2	467612
1870.672	n/a	NonTarget	1	467668
1870.9	n/a	NonTarget	1	467725
1871.124	n/a	NonTarget	1	467781
1871.352	n/a	NonTarget	1	467838
1871.576	n/a	NonTarget	1	467894
1871.8	n/a	NonTarget	1	467950
1872.028	n/a	NonTarget	1	468007
1872.252	n/a	NonTarget	1	468063
1872.48	n/a	Target	2	468120
1872.704	n/a	NonTarget	1	468176
1872.928	n/a	NonTarget	1	468232
1873.152	n/a	NonTarget	1	468288
1873.38	n/a	NonTarget	1	468345
1873.604	n/a	NonTarget	1	468401
1873.828	n/a	NonTarget	1	468457
1874.056	n/a	NonTarget	1	468514
1874.28	n/a	Target	2	468570
1874.504	n/a	NonTarget	1	468626
1874.732	n/a	NonTarget	1	468683
1874.956	n/a	NonTarget	1	468739
1875.18	n/a	NonTarget	1	468795
1875.404	n/a	NonTarget	1	468851
1875.632	n/a	NonTarget	1	468908
1875.856	n/a	NonTarget	1	468964
1876.084	n/a	NonTarget	1	469021
1876.308	n/a	Target	2	469077
1876.536	n/a	NonTarget	1	469134
1876.76	n/a	NonTarget	1	469190
1876.984	n/a	NonTarget	1	469246
1877.212	n/a	NonTarget	1	469303
1877.436	n/a	NonTarget	1	469359
1877.664	n/a	NonTarget	1	469416
1877.892	n/a	NonTarget	1	469473
1878.116	n/a	NonTarget	1	469529
1878.34	n/a	Target	2	469585
1878.564	n/a	NonTarget	1	469641
1878.792	n/a	NonTarget	1	469698
1879.02	n/a	NonTarget	1	469755
1879.244	n/a	NonTarget	1	469811
1879.468	n/a	Target	2	469867
1879.692	n/a	NonTarget	1	469923
1879.92	n/a	NonTarget	1	469980
1880.144	n/a	NonTarget	1	470036
1880.372	n/a	NonTarget	1	470093
1880.596	n/a	NonTarget	1	470149
1880.82	n/a	NonTarget	1	470205
1881.048	n/a	NonTarget	1	470262
1881.272	n/a	Target	2	470318
1881.496	n/a	NonTarget	1	470374
1881.724	n/a	NonTarget	1	470431
1881.948	n/a	NonTarget	1	470487
1882.176	n/a	NonTarget	1	470544
1882.4	n/a	Target	2	470600
1882.628	n/a	NonTarget	1	470657
1882.852	n/a	NonTarget	1	470713
1883.076	n/a	NonTarget	1	470769
1883.304	n/a	NonTarget	1	470826
1883.528	n/a	NonTarget	1	470882
1883.752	n/a	Target	2	470938
1883.98	n/a	NonTarget	1	470995
1884.204	n/a	NonTarget	1	471051
1884.432	n/a	NonTarget	1	471108
1884.656	n/a	NonTarget	1	471164
1884.88	n/a	NonTarget	1	471220
1885.108	n/a	NonTarget	1	471277
1885.332	n/a	Target	2	471333
1885.556	n/a	NonTarget	1	471389
1885.784	n/a	NonTarget	1	471446
1886.008	n/a	NonTarget	1	471502
1886.232	n/a	NonTarget	1	471558
1886.46	n/a	NonTarget	1	471615
1886.684	n/a	NonTarget	1	471671
1886.912	n/a	Target	2	471728
1887.136	n/a	NonTarget	1	471784
1887.36	n/a	NonTarget	1	471840
1887.588	n/a	NonTarget	1	471897
1887.812	n/a	NonTarget	1	471953
1888.04	n/a	Target	2	472010
1888.264	n/a	NonTarget	1	472066
1888.492	n/a	NonTarget	1	472123
1888.716	n/a	NonTarget	1	472179
1888.94	n/a	NonTarget	1	472235
1889.168	n/a	Target	2	472292
1889.392	n/a	NonTarget	1	472348
1889.616	n/a	NonTarget	1	472404
1889.844	n/a	NonTarget	1	472461
1890.068	n/a	NonTarget	1	472517
1890.292	n/a	Target	2	472573
1890.52	n/a	NonTarget	1	472630
1890.744	n/a	NonTarget	1	472686
1890.972	n/a	NonTarget	1	472743
1891.196	n/a	NonTarget	1	472799
1891.42	n/a	Target	2	472855
1891.648	n/a	NonTarget	1	472912
1891.872	n/a	NonTarget	1	472968
1892.096	n/a	NonTarget	1	473024
1892.324	n/a	NonTarget	1	473081
1892.548	n/a	Target	2	473137
1892.772	n/a	NonTarget	1	473193
1893.0	n/a	NonTarget	1	473250
1893.224	n/a	NonTarget	1	473306
1893.452	n/a	NonTarget	1	473363
1893.676	n/a	NonTarget	1	473419
1893.9	n/a	NonTarget	1	473475
1894.128	n/a	Target	2	473532
1894.352	n/a	NonTarget	1	473588
1894.58	n/a	NonTarget	1	473645
1894.804	n/a	NonTarget	1	473701
1895.032	n/a	NonTarget	1	473758
1895.256	n/a	NonTarget	1	473814
1895.48	n/a	Target	2	473870
1895.708	n/a	NonTarget	1	473927
1895.932	n/a	NonTarget	1	473983
1896.156	n/a	NonTarget	1	474039
1896.384	n/a	NonTarget	1	474096
1896.608	n/a	Target	2	474152
1896.836	n/a	NonTarget	1	474209
1897.06	n/a	NonTarget	1	474265
1897.284	n/a	NonTarget	1	474321
1897.512	n/a	NonTarget	1	474378
1897.736	n/a	Target	2	474434
1897.96	n/a	NonTarget	1	474490
1898.188	n/a	NonTarget	1	474547
1898.412	n/a	NonTarget	1	474603
1898.636	n/a	NonTarget	1	474659
1898.864	n/a	NonTarget	1	474716
1899.088	n/a	NonTarget	1	474772
1916.844	n/a	NonTarget	1	479211
1917.068	n/a	NonTarget	1	479267
1917.296	n/a	NonTarget	1	479324
1917.52	n/a	NonTarget	1	479380
1917.748	n/a	NonTarget	1	479437
1917.972	n/a	NonTarget	1	479493
1918.2	n/a	NonTarget	1	479550
1918.424	n/a	NonTarget	1	479606
1918.648	n/a	Target	2	479662
1918.872	n/a	NonTarget	1	479718
1919.1	n/a	NonTarget	1	479775
1919.324	n/a	NonTarget	1	479831
1919.548	n/a	NonTarget	1	479887
1919.772	n/a	NonTarget	1	479943
1920.0	n/a	NonTarget	1	480000
1920.224	n/a	NonTarget	1	480056
1920.452	n/a	Target	2	480113
1920.676	n/a	NonTarget	1	480169
1920.9	n/a	NonTarget	1	480225
1921.128	n/a	NonTarget	1	480282
1921.352	n/a	NonTarget	1	480338
1921.58	n/a	NonTarget	1	480395
1921.804	n/a	NonTarget	1	480451
1922.028	n/a	NonTarget	1	480507
1922.256	n/a	NonTarget	1	480564
1922.48	n/a	NonTarget	1	480620
1922.708	n/a	NonTarget	1	480677
1922.932	n/a	Target	2	480733
1923.156	n/a	NonTarget	1	480789
1923.384	n/a	NonTarget	1	480846
1923.608	n/a	NonTarget	1	480902
1923.832	n/a	NonTarget	1	480958
1924.06	n/a	NonTarget	1	481015
1924.284	n/a	NonTarget	1	481071
1924.512	n/a	NonTarget	1	481128
1924.736	n/a	NonTarget	1	481184
1924.96	n/a	NonTarget	1	481240
1925.184	n/a	NonTarget	1	481296
1925.412	n/a	Target	2	481353
1925.636	n/a	NonTarget	1	481409
1925.86	n/a	NonTarget	1	481465
1926.088	n/a	NonTarget	1	481522
1926.312	n/a	NonTarget	1	481578
1926.536	n/a	NonTarget	1	481634
1926.764	n/a	NonTarget	1	481691
1926.988	n/a	Target	2	481747
1927.216	n/a	NonTarget	1	481804
1927.44	n/a	NonTarget	1	481860
1927.668	n/a	NonTarget	1	481917
1927.892	n/a	NonTarget	1	481973
1928.116	n/a	NonTarget	1	482029
1928.344	n/a	NonTarget	1	482086
1928.568	n/a	Target	2	482142
1928.792	n/a	NonTarget	1	482198
1929.02	n/a	NonTarget	1	482255
1929.244	n/a	NonTarget	1	482311
1929.472	n/a	NonTarget	1	482368
1929.696	n/a	Target	2	482424
1929.92	n/a	NonTarget	1	482480
1930.148	n/a	NonTarget	1	482537
1930.372	n/a	NonTarget	1	482593
1930.596	n/a	NonTarget	1	482649
1930.824	n/a	NonTarget	1	482706
1931.048	n/a	Target	2	482762
1931.276	n/a	NonTarget	1	482819
1931.5	n/a	NonTarget	1	482875
1931.724	n/a	NonTarget	1	482931
1931.952	n/a	NonTarget	1	482988
1932.176	n/a	NonTarget	1	483044
1932.4	n/a	NonTarget	1	483100
1932.628	n/a	Target	2	483157
1932.852	n/a	NonTarget	1	483213
1933.076	n/a	NonTarget	1	483269
1933.304	n/a	NonTarget	1	483326
1933.528	n/a	NonTarget	1	483382
1933.752	n/a	Target	2	483438
1933.98	n/a	NonTarget	1	483495
1934.204	n/a	NonTarget	1	483551
1934.432	n/a	NonTarget	1	483608
1934.656	n/a	NonTarget	1	483664
1934.88	n/a	Target	2	483720
1935.108	n/a	NonTarget	1	483777
1935.332	n/a	NonTarget	1	483833
1935.56	n/a	NonTarget	1	483890
1935.784	n/a	NonTarget	1	483946
1936.012	n/a	Target	2	484003
1936.236	n/a	NonTarget	1	484059
1936.46	n/a	NonTarget	1	484115
1936.688	n/a	NonTarget	1	484172
1936.912	n/a	NonTarget	1	484228
1937.136	n/a	Target	2	484284
1937.364	n/a	NonTarget	1	484341
1937.588	n/a	NonTarget	1	484397
1937.812	n/a	NonTarget	1	484453
1938.04	n/a	NonTarget	1	484510
1938.264	n/a	NonTarget	1	484566
1938.492	n/a	Target	2	484623
1938.716	n/a	NonTarget	1	484679
1938.94	n/a	NonTarget	1	484735
1939.168	n/a	NonTarget	1	484792
1939.392	n/a	NonTarget	1	484848
1939.616	n/a	Target	2	484904
1939.844	n/a	NonTarget	1	484961
1940.068	n/a	NonTarget	1	485017
1940.296	n/a	NonTarget	1	485074
1940.52	n/a	NonTarget	1	485130
1940.748	n/a	Target	2	485187
1940.972	n/a	NonTarget	1	485243
1941.196	n/a	NonTarget	1	485299
1941.424	n/a	NonTarget	1	485356
1941.648	n/a	NonTarget	1	485412
1941.876	n/a	Target	2	485469
1942.1	n/a	NonTarget	1	485525
1942.324	n/a	NonTarget	1	485581
1942.552	n/a	NonTarget	1	485638
1942.776	n/a	NonTarget	1	485694
1943.0	n/a	NonTarget	1	485750
1943.228	n/a	NonTarget	1	485807
1943.452	n/a	Target	2	485863
1943.676	n/a	NonTarget	1	485919
1943.904	n/a	NonTarget	1	485976
1944.128	n/a	NonTarget	1	486032
1944.356	n/a	NonTarget	1	486089
1944.58	n/a	NonTarget	1	486145
1944.804	n/a	Target	2	486201
1945.032	n/a	NonTarget	1	486258
1945.256	n/a	NonTarget	1	486314
1945.48	n/a	NonTarget	1	486370
1945.708	n/a	NonTarget	1	486427
1945.932	n/a	Target	2	486483
1946.16	n/a	NonTarget	1	486540
1946.384	n/a	NonTarget	1	486596
1946.612	n/a	NonTarget	1	486653
1946.836	n/a	NonTarget	1	486709
1947.06	n/a	NonTarget	1	486765
1955.808	n/a	NonTarget	1	488952
1956.036	n/a	NonTarget	1	489009
1956.26	n/a	NonTarget	1	489065
1956.488	n/a	NonTarget	1	489122
1956.712	n/a	Target	2	489178
1956.94	n/a	NonTarget	1	489235
1957.164	n/a	NonTarget	1	489291
1957.392	n/a	NonTarget	1	489348
1957.616	n/a	NonTarget	1	489404
1957.84	n/a	Target	2	489460
1958.064	n/a	NonTarget	1	489516
1958.292	n/a	NonTarget	1	489573
1958.516	n/a	NonTarget	1	489629
1958.74	n/a	NonTarget	1	489685
1958.968	n/a	NonTarget	1	489742
1959.192	n/a	NonTarget	1	489798
1959.416	n/a	NonTarget	1	489854
1959.644	n/a	NonTarget	1	489911
1959.868	n/a	Target	2	489967
1960.092	n/a	NonTarget	1	490023
1960.316	n/a	NonTarget	1	490079
1960.544	n/a	NonTarget	1	490136
1960.768	n/a	NonTarget	1	490192
1960.996	n/a	NonTarget	1	490249
1961.22	n/a	NonTarget	1	490305
1961.444	n/a	NonTarget	1	490361
1961.672	n/a	NonTarget	1	490418
1961.896	n/a	Target	2	490474
1962.12	n/a	NonTarget	1	490530
1962.348	n/a	NonTarget	1	490587
1962.572	n/a	NonTarget	1	490643
1962.796	n/a	NonTarget	1	490699
1963.024	n/a	NonTarget	1	490756
1963.248	n/a	NonTarget	1	490812
1963.476	n/a	NonTarget	1	490869
1963.7	n/a	NonTarget	1	490925
1963.924	n/a	NonTarget	1	490981
1964.152	n/a	NonTarget	1	491038
1964.376	n/a	Target	2	491094
1964.604	n/a	NonTarget	1	491151
1964.828	n/a	NonTarget	1	491207
1965.052	n/a	NonTarget	1	491263
1965.28	n/a	NonTarget	1	491320
1965.504	n/a	NonTarget	1	491376
1965.732	n/a	NonTarget	1	491433
1965.956	n/a	Target	2	491489
1966.184	n/a	NonTarget	1	491546
1966.408	n/a	NonTarget	1	491602
1966.632	n/a	NonTarget	1	491658
1966.86	n/a	NonTarget	1	491715
1967.084	n/a	NonTarget	1	491771
1967.308	n/a	Target	2	491827
1967.536	n/a	NonTarget	1	491884
1967.76	n/a	NonTarget	1	491940
1967.984	n/a	NonTarget	1	491996
1968.212	n/a	NonTarget	1	492053
1968.436	n/a	NonTarget	1	492109
1968.664	n/a	NonTarget	1	492166
1968.888	n/a	Target	2	492222
1969.112	n/a	NonTarget	1	492278
1969.34	n/a	NonTarget	1	492335
1969.564	n/a	NonTarget	1	492391
1969.792	n/a	NonTarget	1	492448
1970.016	n/a	Target	2	492504
1970.244	n/a	NonTarget	1	492561
1970.468	n/a	NonTarget	1	492617
1970.692	n/a	NonTarget	1	492673
1970.92	n/a	NonTarget	1	492730
1971.144	n/a	Target	2	492786
1971.368	n/a	NonTarget	1	492842
1971.596	n/a	NonTarget	1	492899
1971.824	n/a	NonTarget	1	492956
1972.048	n/a	NonTarget	1	493012
1972.272	n/a	Target	2	493068
1972.5	n/a	NonTarget	1	493125
1972.724	n/a	NonTarget	1	493181
1972.948	n/a	NonTarget	1	493237
1973.176	n/a	NonTarget	1	493294
1973.4	n/a	Target	2	493350
1973.628	n/a	NonTarget	1	493407
1973.852	n/a	NonTarget	1	493463
1974.076	n/a	NonTarget	1	493519
1974.304	n/a	NonTarget	1	493576
1974.528	n/a	NonTarget	1	493632
1974.752	n/a	Target	2	493688
1974.98	n/a	NonTarget	1	493745
1975.204	n/a	NonTarget	1	493801
1975.432	n/a	NonTarget	1	493858
1975.656	n/a	NonTarget	1	493914
1975.88	n/a	NonTarget	1	493970
1976.108	n/a	Target	2	494027
1976.332	n/a	NonTarget	1	494083
1976.556	n/a	NonTarget	1	494139
1976.784	n/a	NonTarget	1	494196
1977.008	n/a	NonTarget	1	494252
1977.236	n/a	NonTarget	1	494309
1977.46	n/a	Target	2	494365
1977.688	n/a	NonTarget	1	494422
1977.912	n/a	NonTarget	1	494478
1978.136	n/a	NonTarget	1	494534
1978.36	n/a	NonTarget	1	494590
1978.588	n/a	Target	2	494647
1978.812	n/a	NonTarget	1	494703
1979.04	n/a	NonTarget	1	494760
1979.264	n/a	NonTarget	1	494816
1979.488	n/a	NonTarget	1	494872
1979.716	n/a	NonTarget	1	494929
1979.94	n/a	Target	2	494985
1980.168	n/a	NonTarget	1	495042
1980.392	n/a	NonTarget	1	495098
1980.616	n/a	NonTarget	1	495154
1980.844	n/a	NonTarget	1	495211
1981.068	n/a	NonTarget	1	495267
1981.292	n/a	NonTarget	1	495323
1981.52	n/a	Target	2	495380
1981.744	n/a	NonTarget	1	495436
1981.968	n/a	NonTarget	1	495492
1982.196	n/a	NonTarget	1	495549
1982.42	n/a	NonTarget	1	495605
1982.648	n/a	Target	2	495662
1982.872	n/a	NonTarget	1	495718
1983.1	n/a	NonTarget	1	495775
1983.324	n/a	NonTarget	1	495831
1983.548	n/a	NonTarget	1	495887
1983.776	n/a	Target	2	495944
1984.0	n/a	NonTarget	1	496000
1984.228	n/a	NonTarget	1	496057
1984.452	n/a	NonTarget	1	496113
1984.676	n/a	NonTarget	1	496169
1984.904	n/a	Target	2	496226
1985.128	n/a	NonTarget	1	496282
1985.356	n/a	NonTarget	1	496339
1985.58	n/a	NonTarget	1	496395
1985.808	n/a	NonTarget	1	496452
1999.704	n/a	NonTarget	1	499926
1999.928	n/a	Target	2	499982
2000.156	n/a	NonTarget	1	500039
2000.38	n/a	NonTarget	1	500095
2000.608	n/a	NonTarget	1	500152
2000.832	n/a	NonTarget	1	500208
2001.056	n/a	NonTarget	1	500264
2001.284	n/a	NonTarget	1	500321
2001.508	n/a	NonTarget	1	500377
2001.736	n/a	NonTarget	1	500434
2001.96	n/a	Target	2	500490
2002.184	n/a	NonTarget	1	500546
2002.412	n/a	NonTarget	1	500603
2002.636	n/a	NonTarget	1	500659
2002.864	n/a	NonTarget	1	500716
2003.088	n/a	NonTarget	1	500772
2003.312	n/a	NonTarget	1	500828
2003.536	n/a	NonTarget	1	500884
2003.76	n/a	NonTarget	1	500940
2003.988	n/a	Target	2	500997
2004.212	n/a	NonTarget	1	501053
2004.44	n/a	NonTarget	1	501110
2004.664	n/a	NonTarget	1	501166
2004.888	n/a	NonTarget	1	501222
2005.116	n/a	Target	2	501279
2005.34	n/a	NonTarget	1	501335
2005.564	n/a	NonTarget	1	501391
2005.792	n/a	NonTarget	1	501448
2006.016	n/a	NonTarget	1	501504
2006.244	n/a	Target	2	501561
2006.468	n/a	NonTarget	1	501617
2006.696	n/a	NonTarget	1	501674
2006.92	n/a	NonTarget	1	501730
2007.144	n/a	NonTarget	1	501786
2007.372	n/a	Target	2	501843
2007.596	n/a	NonTarget	1	501899
2007.824	n/a	NonTarget	1	501956
2008.048	n/a	NonTarget	1	502012
2008.272	n/a	NonTarget	1	502068
2008.5	n/a	NonTarget	1	502125
2008.724	n/a	Target	2	502181
2008.952	n/a	NonTarget	1	502238
2009.176	n/a	NonTarget	1	502294
2009.4	n/a	NonTarget	1	502350
2009.628	n/a	NonTarget	1	502407
2009.852	n/a	Target	2	502463
2010.076	n/a	NonTarget	1	502519
2010.304	n/a	NonTarget	1	502576
2010.528	n/a	NonTarget	1	502632
2010.756	n/a	NonTarget	1	502689
2010.98	n/a	Target	2	502745
2011.204	n/a	NonTarget	1	502801
2011.432	n/a	NonTarget	1	502858
2011.656	n/a	NonTarget	1	502914
2011.884	n/a	NonTarget	1	502971
2012.108	n/a	Target	2	503027
2012.332	n/a	NonTarget	1	503083
2012.56	n/a	NonTarget	1	503140
2012.784	n/a	NonTarget	1	503196
2013.012	n/a	NonTarget	1	503253
2013.236	n/a	Target	2	503309
2013.46	n/a	NonTarget	1	503365
2013.688	n/a	NonTarget	1	503422
2013.912	n/a	NonTarget	1	503478
2014.14	n/a	NonTarget	1	503535
2014.364	n/a	NonTarget	1	503591
2014.592	n/a	Target	2	503648
2014.816	n/a	NonTarget	1	503704
2015.04	n/a	NonTarget	1	503760
2015.268	n/a	NonTarget	1	503817
2015.492	n/a	NonTarget	1	503873
2015.72	n/a	Target	2	503930
2015.944	n/a	NonTarget	1	503986
2016.172	n/a	NonTarget	1	504043
2016.396	n/a	NonTarget	1	504099
2016.62	n/a	NonTarget	1	504155
2016.848	n/a	Target	2	504212
2017.072	n/a	NonTarget	1	504268
2017.3	n/a	NonTarget	1	504325
2017.524	n/a	NonTarget	1	504381
2017.748	n/a	NonTarget	1	504437
2017.976	n/a	NonTarget	1	504494
2018.2	n/a	NonTarget	1	504550
2018.424	n/a	NonTarget	1	504606
2018.652	n/a	NonTarget	1	504663
2018.876	n/a	Target	2	504719
2019.1	n/a	NonTarget	1	504775
2019.328	n/a	NonTarget	1	504832
2019.552	n/a	NonTarget	1	504888
2019.78	n/a	NonTarget	1	504945
2020.004	n/a	Target	2	505001
2020.228	n/a	NonTarget	1	505057
2020.456	n/a	NonTarget	1	505114
2020.68	n/a	NonTarget	1	505170
2020.908	n/a	NonTarget	1	505227
2021.132	n/a	Target	2	505283
2021.356	n/a	NonTarget	1	505339
2021.58	n/a	NonTarget	1	505395
2021.808	n/a	NonTarget	1	505452
2022.032	n/a	NonTarget	1	505508
2022.256	n/a	NonTarget	1	505564
2022.484	n/a	NonTarget	1	505621
2022.708	n/a	Target	2	505677
2022.936	n/a	NonTarget	1	505734
2023.16	n/a	NonTarget	1	505790
2023.384	n/a	NonTarget	1	505846
2023.612	n/a	NonTarget	1	505903
2023.836	n/a	NonTarget	1	505959
2024.06	n/a	NonTarget	1	506015
2024.288	n/a	Target	2	506072
2024.512	n/a	NonTarget	1	506128
2024.74	n/a	NonTarget	1	506185
2024.964	n/a	NonTarget	1	506241
2025.188	n/a	NonTarget	1	506297
2025.416	n/a	NonTarget	1	506354
2025.64	n/a	NonTarget	1	506410
2025.864	n/a	Target	2	506466
2026.092	n/a	NonTarget	1	506523
2026.316	n/a	NonTarget	1	506579
2026.54	n/a	NonTarget	1	506635
2026.768	n/a	NonTarget	1	506692
2026.996	n/a	Target	2	506749
2027.22	n/a	NonTarget	1	506805
2027.444	n/a	NonTarget	1	506861
2027.672	n/a	NonTarget	1	506918
2027.896	n/a	NonTarget	1	506974
2028.12	n/a	Target	2	507030
2028.348	n/a	NonTarget	1	507087
2028.572	n/a	NonTarget	1	507143
2028.8	n/a	NonTarget	1	507200
2029.024	n/a	NonTarget	1	507256
2029.248	n/a	Target	2	507312
2029.476	n/a	NonTarget	1	507369
2029.7	n/a	NonTarget	1	507425
2029.924	n/a	NonTarget	1	507481
2038.696	n/a	NonTarget	1	509674
2038.92	n/a	NonTarget	1	509730
2039.144	n/a	NonTarget	1	509786
2039.372	n/a	Target	2	509843
2039.596	n/a	NonTarget	1	509899
2039.82	n/a	NonTarget	1	509955
2040.048	n/a	NonTarget	1	510012
2040.272	n/a	NonTarget	1	510068
2040.5	n/a	NonTarget	1	510125
2040.724	n/a	Target	2	510181
2040.952	n/a	NonTarget	1	510238
2041.176	n/a	NonTarget	1	510294
2041.4	n/a	NonTarget	1	510350
2041.624	n/a	NonTarget	1	510406
2041.852	n/a	NonTarget	1	510463
2042.076	n/a	NonTarget	1	510519
2057.872	n/a	NonTarget	1	514468
2058.096	n/a	NonTarget	1	514524
2058.32	n/a	Target	2	514580
2058.548	n/a	NonTarget	1	514637
2058.772	n/a	NonTarget	1	514693
2058.996	n/a	NonTarget	1	514749
2059.224	n/a	NonTarget	1	514806
2059.448	n/a	NonTarget	1	514862
2059.676	n/a	NonTarget	1	514919
2059.9	n/a	Target	2	514975
2060.128	n/a	NonTarget	1	515032
2060.352	n/a	NonTarget	1	515088
2060.58	n/a	NonTarget	1	515145
2060.804	n/a	NonTarget	1	515201
2061.028	n/a	NonTarget	1	515257
2061.256	n/a	NonTarget	1	515314
2061.48	n/a	NonTarget	1	515370
2061.704	n/a	NonTarget	1	515426
2061.932	n/a	NonTarget	1	515483
2062.156	n/a	Target	2	515539
2062.38	n/a	NonTarget	1	515595
2062.608	n/a	NonTarget	1	515652
2062.832	n/a	NonTarget	1	515708
2063.056	n/a	NonTarget	1	515764
2063.284	n/a	NonTarget	1	515821
2063.508	n/a	NonTarget	1	515877
2063.732	n/a	NonTarget	1	515933
2063.956	n/a	NonTarget	1	515989
2064.184	n/a	NonTarget	1	516046
2064.408	n/a	NonTarget	1	516102
2064.636	n/a	NonTarget	1	516159
2064.86	n/a	NonTarget	1	516215
2065.084	n/a	NonTarget	1	516271
2065.308	n/a	Target	2	516327
2065.536	n/a	NonTarget	1	516384
2065.76	n/a	NonTarget	1	516440
2065.988	n/a	NonTarget	1	516497
2066.212	n/a	NonTarget	1	516553
2066.436	n/a	NonTarget	1	516609
2066.664	n/a	Target	2	516666
2066.888	n/a	NonTarget	1	516722
2067.116	n/a	NonTarget	1	516779
2067.34	n/a	NonTarget	1	516835
2067.568	n/a	NonTarget	1	516892
2067.792	n/a	NonTarget	1	516948
2068.016	n/a	NonTarget	1	517004
2068.244	n/a	Target	2	517061
2068.468	n/a	NonTarget	1	517117
2068.696	n/a	NonTarget	1	517174
2068.92	n/a	NonTarget	1	517230
2069.144	n/a	NonTarget	1	517286
2069.372	n/a	Target	2	517343
2069.596	n/a	NonTarget	1	517399
2069.82	n/a	NonTarget	1	517455
2070.048	n/a	NonTarget	1	517512
2070.272	n/a	NonTarget	1	517568
2070.496	n/a	Target	2	517624
2070.724	n/a	NonTarget	1	517681
2070.948	n/a	NonTarget	1	517737
2071.172	n/a	NonTarget	1	517793
2071.4	n/a	NonTarget	1	517850
2071.624	n/a	Target	2	517906
2071.852	n/a	NonTarget	1	517963
2072.076	n/a	NonTarget	1	518019
2072.304	n/a	NonTarget	1	518076
2072.528	n/a	NonTarget	1	518132
2072.752	n/a	Target	2	518188
2072.98	n/a	NonTarget	1	518245
2073.204	n/a	NonTarget	1	518301
2073.432	n/a	NonTarget	1	518358
2073.656	n/a	NonTarget	1	518414
2073.88	n/a	NonTarget	1	518470
2074.108	n/a	Target	2	518527
2074.332	n/a	NonTarget	1	518583
2074.56	n/a	NonTarget	1	518640
2074.784	n/a	NonTarget	1	518696
2075.012	n/a	NonTarget	1	518753
2075.236	n/a	NonTarget	1	518809
2075.46	n/a	Target	2	518865
2075.688	n/a	NonTarget	1	518922
2075.912	n/a	NonTarget	1	518978
2076.136	n/a	NonTarget	1	519034
2076.364	n/a	NonTarget	1	519091
2076.588	n/a	Target	2	519147
2076.812	n/a	NonTarget	1	519203
2077.04	n/a	NonTarget	1	519260
2077.264	n/a	NonTarget	1	519316
2077.492	n/a	NonTarget	1	519373
2077.716	n/a	Target	2	519429
2077.94	n/a	NonTarget	1	519485
2078.168	n/a	NonTarget	1	519542
2078.392	n/a	NonTarget	1	519598
2078.616	n/a	NonTarget	1	519654
2078.844	n/a	Target	2	519711
2079.068	n/a	NonTarget	1	519767
2079.296	n/a	NonTarget	1	519824
2079.52	n/a	NonTarget	1	519880
2079.744	n/a	NonTarget	1	519936
2079.972	n/a	NonTarget	1	519993
2080.196	n/a	Target	2	520049
2080.424	n/a	NonTarget	1	520106
2080.648	n/a	NonTarget	1	520162
2080.876	n/a	NonTarget	1	520219
2081.1	n/a	NonTarget	1	520275
2081.324	n/a	Target	2	520331
2081.548	n/a	NonTarget	1	520387
2081.776	n/a	NonTarget	1	520444
2082.0	n/a	NonTarget	1	520500
2082.228	n/a	NonTarget	1	520557
2082.452	n/a	NonTarget	1	520613
2082.676	n/a	Target	2	520669
2082.904	n/a	NonTarget	1	520726
2083.128	n/a	NonTarget	1	520782
2083.352	n/a	NonTarget	1	520838
2083.58	n/a	NonTarget	1	520895
2083.804	n/a	Target	2	520951
2084.032	n/a	NonTarget	1	521008
2084.256	n/a	NonTarget	1	521064
2084.48	n/a	NonTarget	1	521120
2106.784	n/a	NonTarget	1	526696
2107.008	n/a	NonTarget	1	526752
2107.232	n/a	NonTarget	1	526808
2107.46	n/a	Target	2	526865
2107.684	n/a	NonTarget	1	526921
2107.908	n/a	NonTarget	1	526977
2108.136	n/a	NonTarget	1	527034
2108.36	n/a	NonTarget	1	527090
2108.584	n/a	NonTarget	1	527146
2108.808	n/a	NonTarget	1	527202
2109.036	n/a	NonTarget	1	527259
2109.26	n/a	NonTarget	1	527315
2109.488	n/a	Target	2	527372
2109.712	n/a	NonTarget	1	527428
2109.94	n/a	NonTarget	1	527485
2110.164	n/a	NonTarget	1	527541
2110.388	n/a	NonTarget	1	527597
2110.616	n/a	NonTarget	1	527654
2110.84	n/a	NonTarget	1	527710
2111.068	n/a	NonTarget	1	527767
2111.292	n/a	NonTarget	1	527823
2111.516	n/a	NonTarget	1	527879
2111.744	n/a	Target	2	527936
2111.968	n/a	NonTarget	1	527992
2112.196	n/a	NonTarget	1	528049
2112.42	n/a	NonTarget	1	528105
2112.644	n/a	NonTarget	1	528161
2112.872	n/a	NonTarget	1	528218
2113.096	n/a	NonTarget	1	528274
2113.32	n/a	NonTarget	1	528330
2113.544	n/a	NonTarget	1	528386
2113.772	n/a	Target	2	528443
2114.0	n/a	NonTarget	1	528500
2114.224	n/a	NonTarget	1	528556
2114.448	n/a	NonTarget	1	528612
2114.672	n/a	NonTarget	1	528668
2114.9	n/a	NonTarget	1	528725
2115.128	n/a	NonTarget	1	528782
2115.352	n/a	NonTarget	1	528838
2115.576	n/a	NonTarget	1	528894
2115.8	n/a	Target	2	528950
2116.028	n/a	NonTarget	1	529007
2116.252	n/a	NonTarget	1	529063
2116.476	n/a	NonTarget	1	529119
2116.704	n/a	NonTarget	1	529176
2116.928	n/a	NonTarget	1	529232
2117.156	n/a	NonTarget	1	529289
2117.38	n/a	Target	2	529345
2117.604	n/a	NonTarget	1	529401
2117.832	n/a	NonTarget	1	529458
2118.056	n/a	NonTarget	1	529514
2118.284	n/a	NonTarget	1	529571
2118.508	n/a	Target	2	529627
2118.736	n/a	NonTarget	1	529684
2118.96	n/a	NonTarget	1	529740
2119.184	n/a	NonTarget	1	529796
2119.412	n/a	NonTarget	1	529853
2119.636	n/a	Target	2	529909
2119.864	n/a	NonTarget	1	529966
2120.088	n/a	NonTarget	1	530022
2120.316	n/a	NonTarget	1	530079
2120.54	n/a	NonTarget	1	530135
2120.764	n/a	Target	2	530191
2120.992	n/a	NonTarget	1	530248
2121.216	n/a	NonTarget	1	530304
2121.444	n/a	NonTarget	1	530361
2121.668	n/a	NonTarget	1	530417
2121.892	n/a	Target	2	530473
2122.12	n/a	NonTarget	1	530530
2122.344	n/a	NonTarget	1	530586
2122.568	n/a	NonTarget	1	530642
2122.796	n/a	NonTarget	1	530699
2123.02	n/a	NonTarget	1	530755
2123.244	n/a	NonTarget	1	530811
2123.472	n/a	NonTarget	1	530868
2123.696	n/a	Target	2	530924
2123.92	n/a	NonTarget	1	530980
2124.148	n/a	NonTarget	1	531037
2124.372	n/a	NonTarget	1	531093
2124.6	n/a	NonTarget	1	531150
2124.824	n/a	Target	2	531206
2125.048	n/a	NonTarget	1	531262
2125.276	n/a	NonTarget	1	531319
2125.5	n/a	NonTarget	1	531375
2125.728	n/a	NonTarget	1	531432
2125.952	n/a	NonTarget	1	531488
2126.18	n/a	NonTarget	1	531545
2126.404	n/a	NonTarget	1	531601
2126.628	n/a	Target	2	531657
2126.856	n/a	NonTarget	1	531714
2127.08	n/a	NonTarget	1	531770
2127.304	n/a	NonTarget	1	531826
2127.532	n/a	NonTarget	1	531883
2127.756	n/a	Target	2	531939
2127.984	n/a	NonTarget	1	531996
2128.208	n/a	NonTarget	1	532052
2128.432	n/a	NonTarget	1	532108
2128.66	n/a	NonTarget	1	532165
2128.884	n/a	Target	2	532221
2129.108	n/a	NonTarget	1	532277
2129.336	n/a	NonTarget	1	532334
2129.56	n/a	NonTarget	1	532390
2129.784	n/a	NonTarget	1	532446
2130.012	n/a	NonTarget	1	532503
2130.236	n/a	Target	2	532559
2130.464	n/a	NonTarget	1	532616
2130.688	n/a	NonTarget	1	532672
2130.916	n/a	NonTarget	1	532729
2131.14	n/a	NonTarget	1	532785
2131.364	n/a	NonTarget	1	532841
2131.592	n/a	NonTarget	1	532898
2131.816	n/a	NonTarget	1	532954
2132.04	n/a	NonTarget	1	533010
2132.268	n/a	Target	2	533067
2132.492	n/a	NonTarget	1	533123
2132.72	n/a	NonTarget	1	533180
2132.944	n/a	NonTarget	1	533236
2133.168	n/a	NonTarget	1	533292
2133.396	n/a	Target	2	533349
2133.62	n/a	NonTarget	1	533405
2133.844	n/a	NonTarget	1	533461
2134.072	n/a	NonTarget	1	533518
2134.296	n/a	NonTarget	1	533574
2134.52	n/a	Target	2	533630
2134.748	n/a	NonTarget	1	533687
2134.972	n/a	NonTarget	1	533743
2135.2	n/a	NonTarget	1	533800
2135.424	n/a	NonTarget	1	533856
2135.648	n/a	NonTarget	1	533912
2135.876	n/a	NonTarget	1	533969
2136.1	n/a	Target	2	534025
2136.328	n/a	NonTarget	1	534082
2136.552	n/a	NonTarget	1	534138
2136.78	n/a	NonTarget	1	534195
2137.004	n/a	NonTarget	1	534251
2145.768	n/a	NonTarget	1	536442
2145.992	n/a	NonTarget	1	536498
2146.22	n/a	Target	2	536555
2146.444	n/a	NonTarget	1	536611
2146.668	n/a	NonTarget	1	536667
2146.896	n/a	NonTarget	1	536724
2147.12	n/a	NonTarget	1	536780
2147.344	n/a	NonTarget	1	536836
2147.572	n/a	NonTarget	1	536893
2147.796	n/a	NonTarget	1	536949
2148.024	n/a	Target	2	537006
2148.248	n/a	NonTarget	1	537062
2148.472	n/a	NonTarget	1	537118
2148.7	n/a	NonTarget	1	537175
2148.924	n/a	NonTarget	1	537231
2149.148	n/a	NonTarget	1	537287
2149.376	n/a	NonTarget	1	537344
2149.6	n/a	NonTarget	1	537400
2149.824	n/a	NonTarget	1	537456
2150.048	n/a	NonTarget	1	537512
2150.276	n/a	NonTarget	1	537569
2150.5	n/a	NonTarget	1	537625
2150.728	n/a	NonTarget	1	537682
2150.952	n/a	Target	2	537738
2151.18	n/a	NonTarget	1	537795
2151.404	n/a	NonTarget	1	537851
2151.632	n/a	NonTarget	1	537908
2151.856	n/a	NonTarget	1	537964
2152.08	n/a	NonTarget	1	538020
2152.308	n/a	NonTarget	1	538077
2152.532	n/a	NonTarget	1	538133
2152.756	n/a	NonTarget	1	538189
2152.984	n/a	NonTarget	1	538246
2153.212	n/a	Target	2	538303
2153.436	n/a	NonTarget	1	538359
2153.66	n/a	NonTarget	1	538415
2153.884	n/a	NonTarget	1	538471
2154.112	n/a	NonTarget	1	538528
2154.336	n/a	NonTarget	1	538584
2154.564	n/a	Target	2	538641
2154.788	n/a	NonTarget	1	538697
2155.016	n/a	NonTarget	1	538754
2155.24	n/a	NonTarget	1	538810
2155.464	n/a	NonTarget	1	538866
2155.692	n/a	NonTarget	1	538923
2155.92	n/a	NonTarget	1	538980
2156.144	n/a	NonTarget	1	539036
2156.368	n/a	Target	2	539092
2156.596	n/a	NonTarget	1	539149
2156.82	n/a	NonTarget	1	539205
2157.048	n/a	NonTarget	1	539262
2157.272	n/a	NonTarget	1	539318
2157.496	n/a	Target	2	539374
2157.724	n/a	NonTarget	1	539431
2157.948	n/a	NonTarget	1	539487
2158.172	n/a	NonTarget	1	539543
2158.4	n/a	NonTarget	1	539600
2158.628	n/a	NonTarget	1	539657
2158.852	n/a	NonTarget	1	539713
2159.076	n/a	Target	2	539769
2159.304	n/a	NonTarget	1	539826
2159.528	n/a	NonTarget	1	539882
2159.756	n/a	NonTarget	1	539939
2159.98	n/a	NonTarget	1	539995
2160.208	n/a	NonTarget	1	540052
2160.432	n/a	Target	2	540108
2160.656	n/a	NonTarget	1	540164
2160.884	n/a	NonTarget	1	540221
2161.108	n/a	NonTarget	1	540277
2161.332	n/a	NonTarget	1	540333
2161.56	n/a	Target	2	540390
2161.784	n/a	NonTarget	1	540446
2162.008	n/a	NonTarget	1	540502
2162.236	n/a	NonTarget	1	540559
2162.46	n/a	NonTarget	1	540615
2162.688	n/a	Target	2	540672
2162.912	n/a	NonTarget	1	540728
2163.136	n/a	NonTarget	1	540784
2163.364	n/a	NonTarget	1	540841
2163.588	n/a	NonTarget	1	540897
2163.816	n/a	Target	2	540954
2164.04	n/a	NonTarget	1	541010
2164.268	n/a	NonTarget	1	541067
2164.492	n/a	NonTarget	1	541123
2164.716	n/a	NonTarget	1	541179
2164.944	n/a	Target	2	541236
2165.168	n/a	NonTarget	1	541292
2165.396	n/a	NonTarget	1	541349
2165.62	n/a	NonTarget	1	541405
2165.848	n/a	NonTarget	1	541462
2166.072	n/a	NonTarget	1	541518
2166.296	n/a	NonTarget	1	541574
2166.524	n/a	Target	2	541631
2166.748	n/a	NonTarget	1	541687
2166.976	n/a	NonTarget	1	541744
2167.2	n/a	NonTarget	1	541800
2167.428	n/a	NonTarget	1	541857
2167.652	n/a	Target	2	541913
2167.876	n/a	NonTarget	1	541969
2168.104	n/a	NonTarget	1	542026
2168.332	n/a	NonTarget	1	542083
2168.552	n/a	NonTarget	1	542138
2168.78	n/a	Target	2	542195
2169.004	n/a	NonTarget	1	542251
2169.232	n/a	NonTarget	1	542308
2169.456	n/a	NonTarget	1	542364
2169.68	n/a	NonTarget	1	542420
2169.908	n/a	NonTarget	1	542477
2170.132	n/a	Target	2	542533
2170.36	n/a	NonTarget	1	542590
2170.584	n/a	NonTarget	1	542646
2170.808	n/a	NonTarget	1	542702
2171.036	n/a	NonTarget	1	542759
2171.26	n/a	Target	2	542815
2171.488	n/a	NonTarget	1	542872
2171.712	n/a	NonTarget	1	542928
2171.936	n/a	NonTarget	1	542984
2172.164	n/a	NonTarget	1	543041
2172.388	n/a	NonTarget	1	543097
2172.612	n/a	Target	2	543153
2172.84	n/a	NonTarget	1	543210
2173.064	n/a	NonTarget	1	543266
2173.292	n/a	NonTarget	1	543323
2173.516	n/a	NonTarget	1	543379
2173.74	n/a	NonTarget	1	543435
2173.968	n/a	Target	2	543492
2174.192	n/a	NonTarget	1	543548
2174.416	n/a	NonTarget	1	543604
2174.644	n/a	NonTarget	1	543661
2174.868	n/a	NonTarget	1	543717
2175.092	n/a	NonTarget	1	543773
2175.32	n/a	NonTarget	1	543830
2175.544	n/a	NonTarget	1	543886
2175.772	n/a	Target	2	543943
2188.572	n/a	NonTarget	1	547143
2188.8	n/a	NonTarget	1	547200
2189.024	n/a	NonTarget	1	547256
2189.252	n/a	NonTarget	1	547313
2189.476	n/a	NonTarget	1	547369
2189.7	n/a	Target	2	547425
2189.928	n/a	NonTarget	1	547482
2190.152	n/a	NonTarget	1	547538
2190.376	n/a	NonTarget	1	547594
2190.604	n/a	NonTarget	1	547651
2190.828	n/a	NonTarget	1	547707
2191.056	n/a	NonTarget	1	547764
2191.28	n/a	NonTarget	1	547820
2191.504	n/a	NonTarget	1	547876
2191.732	n/a	NonTarget	1	547933
2191.956	n/a	NonTarget	1	547989
2192.18	n/a	NonTarget	1	548045
2192.408	n/a	NonTarget	1	548102
2192.632	n/a	Target	2	548158
2192.86	n/a	NonTarget	1	548215
2193.084	n/a	NonTarget	1	548271
2193.312	n/a	NonTarget	1	548328
2193.536	n/a	NonTarget	1	548384
2193.76	n/a	NonTarget	1	548440
2193.988	n/a	Target	2	548497
2194.212	n/a	NonTarget	1	548553
2194.44	n/a	NonTarget	1	548610
2194.664	n/a	NonTarget	1	548666
2194.888	n/a	NonTarget	1	548722
2195.116	n/a	NonTarget	1	548779
2195.34	n/a	Target	2	548835
2195.568	n/a	NonTarget	1	548892
2195.792	n/a	NonTarget	1	548948
2196.02	n/a	NonTarget	1	549005
2196.244	n/a	NonTarget	1	549061
2196.468	n/a	NonTarget	1	549117
2196.696	n/a	NonTarget	1	549174
2196.92	n/a	NonTarget	1	549230
2197.144	n/a	NonTarget	1	549286
2197.368	n/a	NonTarget	1	549342
2197.596	n/a	NonTarget	1	549399
2197.82	n/a	Target	2	549455
2198.044	n/a	NonTarget	1	549511
2198.272	n/a	NonTarget	1	549568
2198.5	n/a	NonTarget	1	549625
2198.724	n/a	NonTarget	1	549681
2198.948	n/a	Target	2	549737
2199.176	n/a	NonTarget	1	549794
2199.4	n/a	NonTarget	1	549850
2199.624	n/a	NonTarget	1	549906
2199.852	n/a	NonTarget	1	549963
2200.076	n/a	Target	2	550019
2200.304	n/a	NonTarget	1	550076
2200.528	n/a	NonTarget	1	550132
2200.756	n/a	NonTarget	1	550189
2200.98	n/a	NonTarget	1	550245
2201.208	n/a	Target	2	550302
2201.432	n/a	NonTarget	1	550358
2201.656	n/a	NonTarget	1	550414
2201.88	n/a	NonTarget	1	550470
2202.108	n/a	NonTarget	1	550527
2202.332	n/a	Target	2	550583
2202.56	n/a	NonTarget	1	550640
2202.784	n/a	NonTarget	1	550696
2203.008	n/a	NonTarget	1	550752
2203.236	n/a	NonTarget	1	550809
2203.46	n/a	NonTarget	1	550865
2203.684	n/a	Target	2	550921
2203.912	n/a	NonTarget	1	550978
2204.136	n/a	NonTarget	1	551034
2204.364	n/a	NonTarget	1	551091
2204.588	n/a	NonTarget	1	551147
2204.812	n/a	Target	2	551203
2205.04	n/a	NonTarget	1	551260
2205.264	n/a	NonTarget	1	551316
2205.492	n/a	NonTarget	1	551373
2205.716	n/a	NonTarget	1	551429
2205.94	n/a	Target	2	551485
2206.168	n/a	NonTarget	1	551542
2206.392	n/a	NonTarget	1	551598
2206.62	n/a	NonTarget	1	551655
2206.844	n/a	NonTarget	1	551711
2207.072	n/a	NonTarget	1	551768
2207.296	n/a	Target	2	551824
2207.524	n/a	NonTarget	1	551881
2207.748	n/a	NonTarget	1	551937
2207.972	n/a	NonTarget	1	551993
2208.2	n/a	NonTarget	1	552050
2208.424	n/a	NonTarget	1	552106
2208.652	n/a	NonTarget	1	552163
2208.876	n/a	Target	2	552219
2209.1	n/a	NonTarget	1	552275
2209.328	n/a	NonTarget	1	552332
2209.552	n/a	NonTarget	1	552388
2209.776	n/a	NonTarget	1	552444
2210.004	n/a	Target	2	552501
2210.228	n/a	NonTarget	1	552557
2210.452	n/a	NonTarget	1	552613
2210.68	n/a	NonTarget	1	552670
2210.904	n/a	NonTarget	1	552726
2211.128	n/a	Target	2	552782
2211.356	n/a	NonTarget	1	552839
2211.58	n/a	NonTarget	1	552895
2211.808	n/a	NonTarget	1	552952
2212.032	n/a	NonTarget	1	553008
2212.256	n/a	Target	2	553064
2212.484	n/a	NonTarget	1	553121
2212.708	n/a	NonTarget	1	553177
2212.936	n/a	NonTarget	1	553234
2213.16	n/a	NonTarget	1	553290
2213.388	n/a	Target	2	553347
2213.612	n/a	NonTarget	1	553403
2213.836	n/a	NonTarget	1	553459
2214.064	n/a	NonTarget	1	553516
2214.288	n/a	NonTarget	1	553572
2214.512	n/a	NonTarget	1	553628
2214.74	n/a	Target	2	553685
2214.964	n/a	NonTarget	1	553741
2215.188	n/a	NonTarget	1	553797
2215.416	n/a	NonTarget	1	553854
2215.64	n/a	NonTarget	1	553910
2215.868	n/a	NonTarget	1	553967
2216.092	n/a	Target	2	554023
2216.316	n/a	NonTarget	1	554079
2216.54	n/a	NonTarget	1	554135
2216.768	n/a	NonTarget	1	554192
2216.992	n/a	NonTarget	1	554248
2217.22	n/a	NonTarget	1	554305
2217.444	n/a	NonTarget	1	554361
2217.668	n/a	Target	2	554417
2217.896	n/a	NonTarget	1	554474
2218.12	n/a	NonTarget	1	554530
2218.348	n/a	NonTarget	1	554587
2218.572	n/a	NonTarget	1	554643
2218.8	n/a	NonTarget	1	554700
2227.568	n/a	NonTarget	1	556892
2227.796	n/a	NonTarget	1	556949
2228.02	n/a	NonTarget	1	557005
2228.248	n/a	NonTarget	1	557062
2228.472	n/a	NonTarget	1	557118
2228.696	n/a	Target	2	557174
2228.92	n/a	NonTarget	1	557230
2229.148	n/a	NonTarget	1	557287
2229.372	n/a	NonTarget	1	557343
2229.6	n/a	NonTarget	1	557400
2229.824	n/a	NonTarget	1	557456
2230.048	n/a	NonTarget	1	557512
2230.272	n/a	NonTarget	1	557568
2230.5	n/a	NonTarget	1	557625
2230.724	n/a	NonTarget	1	557681
2230.948	n/a	NonTarget	1	557737
2231.172	n/a	NonTarget	1	557793
2231.4	n/a	NonTarget	1	557850
2231.624	n/a	Target	2	557906
2231.852	n/a	NonTarget	1	557963
2232.076	n/a	NonTarget	1	558019
2232.3	n/a	NonTarget	1	558075
2232.528	n/a	NonTarget	1	558132
2232.752	n/a	NonTarget	1	558188
2232.98	n/a	NonTarget	1	558245
2233.204	n/a	NonTarget	1	558301
2233.428	n/a	NonTarget	1	558357
2233.652	n/a	NonTarget	1	558413
2233.876	n/a	Target	2	558469
2234.104	n/a	NonTarget	1	558526
2234.328	n/a	NonTarget	1	558582
2234.552	n/a	NonTarget	1	558638
2234.78	n/a	NonTarget	1	558695
2235.004	n/a	NonTarget	1	558751
2235.232	n/a	Target	2	558808
2235.456	n/a	NonTarget	1	558864
2235.684	n/a	NonTarget	1	558921
2235.908	n/a	NonTarget	1	558977
2236.132	n/a	NonTarget	1	559033
2236.36	n/a	NonTarget	1	559090
2236.584	n/a	Target	2	559146
2236.812	n/a	NonTarget	1	559203
2237.036	n/a	NonTarget	1	559259
2237.26	n/a	NonTarget	1	559315
2237.488	n/a	NonTarget	1	559372
2237.712	n/a	NonTarget	1	559428
2237.94	n/a	NonTarget	1	559485
2238.164	n/a	NonTarget	1	559541
2238.388	n/a	NonTarget	1	559597
2238.616	n/a	NonTarget	1	559654
2238.84	n/a	NonTarget	1	559710
2239.068	n/a	NonTarget	1	559767
2239.292	n/a	NonTarget	1	559823
2239.516	n/a	NonTarget	1	559879
2239.744	n/a	Target	2	559936
2239.968	n/a	NonTarget	1	559992
2240.196	n/a	NonTarget	1	560049
2240.42	n/a	NonTarget	1	560105
2240.648	n/a	NonTarget	1	560162
2240.872	n/a	NonTarget	1	560218
2241.096	n/a	NonTarget	1	560274
2241.324	n/a	NonTarget	1	560331
2241.548	n/a	Target	2	560387
2241.772	n/a	NonTarget	1	560443
2242.0	n/a	NonTarget	1	560500
2242.224	n/a	NonTarget	1	560556
2242.448	n/a	NonTarget	1	560612
2242.676	n/a	NonTarget	1	560669
2242.9	n/a	NonTarget	1	560725
2243.128	n/a	NonTarget	1	560782
2243.352	n/a	NonTarget	1	560838
2243.576	n/a	NonTarget	1	560894
2243.804	n/a	NonTarget	1	560951
2244.028	n/a	NonTarget	1	561007
2244.252	n/a	NonTarget	1	561063
2244.48	n/a	NonTarget	1	561120
2244.704	n/a	NonTarget	1	561176
2244.932	n/a	NonTarget	1	561233
2245.156	n/a	NonTarget	1	561289
2245.38	n/a	NonTarget	1	561345
2245.604	n/a	NonTarget	1	561401
2245.832	n/a	NonTarget	1	561458
2246.056	n/a	NonTarget	1	561514
2291.384	n/a	NonTarget	1	572846
2291.612	n/a	Target	2	572903
2291.836	n/a	NonTarget	1	572959
2292.06	n/a	NonTarget	1	573015
2292.288	n/a	NonTarget	1	573072
2292.512	n/a	NonTarget	1	573128
2292.736	n/a	Target	2	573184
2292.964	n/a	NonTarget	1	573241
2293.188	n/a	NonTarget	1	573297
2293.416	n/a	NonTarget	1	573354
2293.64	n/a	NonTarget	1	573410
2293.864	n/a	NonTarget	1	573466
2294.092	n/a	NonTarget	1	573523
2294.316	n/a	NonTarget	1	573579
2294.544	n/a	Target	2	573636
2294.768	n/a	NonTarget	1	573692
2294.996	n/a	NonTarget	1	573749
2295.22	n/a	NonTarget	1	573805
2295.444	n/a	NonTarget	1	573861
2295.672	n/a	Target	2	573918
2295.896	n/a	NonTarget	1	573974
2296.12	n/a	NonTarget	1	574030
2296.348	n/a	NonTarget	1	574087
2296.572	n/a	NonTarget	1	574143
2296.796	n/a	NonTarget	1	574199
2297.024	n/a	NonTarget	1	574256
2297.248	n/a	Target	2	574312
2297.476	n/a	NonTarget	1	574369
2297.7	n/a	NonTarget	1	574425
2297.924	n/a	NonTarget	1	574481
2298.152	n/a	NonTarget	1	574538
2298.376	n/a	Target	2	574594
2298.6	n/a	NonTarget	1	574650
2298.828	n/a	NonTarget	1	574707
2299.052	n/a	NonTarget	1	574763
2299.28	n/a	NonTarget	1	574820
2299.504	n/a	NonTarget	1	574876
2299.732	n/a	NonTarget	1	574933
2299.956	n/a	Target	2	574989
2300.18	n/a	NonTarget	1	575045
2300.408	n/a	NonTarget	1	575102
2300.632	n/a	NonTarget	1	575158
2300.86	n/a	NonTarget	1	575215
2301.084	n/a	Target	2	575271
2301.308	n/a	NonTarget	1	575327
2301.536	n/a	NonTarget	1	575384
2301.76	n/a	NonTarget	1	575440
2301.984	n/a	NonTarget	1	575496
2302.212	n/a	Target	2	575553
2302.436	n/a	NonTarget	1	575609
2302.664	n/a	NonTarget	1	575666
2324.496	n/a	Target	2	581124
2324.724	n/a	NonTarget	1	581181
2324.948	n/a	NonTarget	1	581237
2325.176	n/a	NonTarget	1	581294
2325.4	n/a	NonTarget	1	581350
2325.624	n/a	NonTarget	1	581406
2325.848	n/a	NonTarget	1	581462
2326.076	n/a	NonTarget	1	581519
2326.3	n/a	NonTarget	1	581575
2326.524	n/a	NonTarget	1	581631
2326.752	n/a	NonTarget	1	581688
2326.976	n/a	Target	2	581744
2327.204	n/a	NonTarget	1	581801
2327.428	n/a	NonTarget	1	581857
2327.656	n/a	NonTarget	1	581914
2327.88	n/a	NonTarget	1	581970
2328.104	n/a	NonTarget	1	582026
2328.332	n/a	NonTarget	1	582083
2328.556	n/a	NonTarget	1	582139
2328.784	n/a	NonTarget	1	582196
2329.008	n/a	NonTarget	1	582252
2329.232	n/a	NonTarget	1	582308
2329.46	n/a	Target	2	582365
2329.684	n/a	NonTarget	1	582421
2329.908	n/a	NonTarget	1	582477
2330.132	n/a	NonTarget	1	582533
2330.36	n/a	NonTarget	1	582590
2330.584	n/a	NonTarget	1	582646
2330.808	n/a	NonTarget	1	582702
2331.036	n/a	NonTarget	1	582759
2331.26	n/a	NonTarget	1	582815
2331.484	n/a	NonTarget	1	582871
2331.712	n/a	Target	2	582928
2331.936	n/a	NonTarget	1	582984
2332.16	n/a	NonTarget	1	583040
2332.384	n/a	NonTarget	1	583096
2332.612	n/a	NonTarget	1	583153
2332.836	n/a	NonTarget	1	583209
2333.06	n/a	NonTarget	1	583265
2333.284	n/a	NonTarget	1	583321
2333.512	n/a	NonTarget	1	583378
2333.736	n/a	NonTarget	1	583434
2333.964	n/a	NonTarget	1	583491
2334.188	n/a	Target	2	583547
2334.412	n/a	NonTarget	1	583603
2334.64	n/a	NonTarget	1	583660
2334.864	n/a	NonTarget	1	583716
2335.088	n/a	NonTarget	1	583772
2335.316	n/a	NonTarget	1	583829
2335.54	n/a	NonTarget	1	583885
2335.768	n/a	Target	2	583942
2335.992	n/a	NonTarget	1	583998
2336.216	n/a	NonTarget	1	584054
2336.444	n/a	NonTarget	1	584111
2336.668	n/a	NonTarget	1	584167
2336.896	n/a	Target	2	584224
2337.12	n/a	NonTarget	1	584280
2337.348	n/a	NonTarget	1	584337
2337.572	n/a	NonTarget	1	584393
2337.8	n/a	NonTarget	1	584450
2338.024	n/a	NonTarget	1	584506
2338.248	n/a	NonTarget	1	584562
2338.476	n/a	Target	2	584619
2338.7	n/a	NonTarget	1	584675
2338.924	n/a	NonTarget	1	584731
2339.152	n/a	NonTarget	1	584788
2339.376	n/a	NonTarget	1	584844
2339.6	n/a	NonTarget	1	584900
2339.824	n/a	Target	2	584956
2340.052	n/a	NonTarget	1	585013
2340.276	n/a	NonTarget	1	585069
2340.504	n/a	NonTarget	1	585126
2340.728	n/a	NonTarget	1	585182
2340.952	n/a	Target	2	585238
2341.18	n/a	NonTarget	1	585295
2341.404	n/a	NonTarget	1	585351
2341.632	n/a	NonTarget	1	585408
2341.856	n/a	NonTarget	1	585464
2342.084	n/a	Target	2	585521
2342.308	n/a	NonTarget	1	585577
2342.532	n/a	NonTarget	1	585633
2342.76	n/a	NonTarget	1	585690
2342.984	n/a	NonTarget	1	585746
2343.212	n/a	NonTarget	1	585803
2343.436	n/a	Target	2	585859
2343.66	n/a	NonTarget	1	585915
2343.888	n/a	NonTarget	1	585972
2344.112	n/a	NonTarget	1	586028
2344.34	n/a	NonTarget	1	586085
2344.564	n/a	Target	2	586141
2344.788	n/a	NonTarget	1	586197
2345.016	n/a	NonTarget	1	586254
2345.24	n/a	NonTarget	1	586310
2345.468	n/a	NonTarget	1	586367
2345.692	n/a	NonTarget	1	586423
2345.916	n/a	NonTarget	1	586479
2346.144	n/a	Target	2	586536
2346.368	n/a	NonTarget	1	586592
2346.596	n/a	NonTarget	1	586649
2346.82	n/a	NonTarget	1	586705
2347.044	n/a	NonTarget	1	586761
2347.272	n/a	NonTarget	1	586818
2347.496	n/a	NonTarget	1	586874
2347.72	n/a	Target	2	586930
2347.948	n/a	NonTarget	1	586987
2348.172	n/a	NonTarget	1	587043
2348.396	n/a	NonTarget	1	587099
2348.624	n/a	NonTarget	1	587156
2348.848	n/a	NonTarget	1	587212
2349.076	n/a	Target	2	587269
2349.3	n/a	NonTarget	1	587325
2349.528	n/a	NonTarget	1	587382
2349.752	n/a	NonTarget	1	587438
2349.976	n/a	NonTarget	1	587494
2350.204	n/a	Target	2	587551
2350.428	n/a	NonTarget	1	587607
2350.656	n/a	NonTarget	1	587664
2350.88	n/a	NonTarget	1	587720
2351.104	n/a	NonTarget	1	587776
2351.332	n/a	Target	2	587833
2351.556	n/a	NonTarget	1	587889
2351.78	n/a	NonTarget	1	587945
2352.008	n/a	NonTarget	1	588002
2352.232	n/a	NonTarget	1	588058
2352.456	n/a	Target	2	588114
2352.684	n/a	NonTarget	1	588171
2352.908	n/a	NonTarget	1	588227
2353.132	n/a	NonTarget	1	588283
2353.36	n/a	NonTarget	1	588340
2353.584	n/a	NonTarget	1	588396
2353.812	n/a	NonTarget	1	588453
2354.036	n/a	NonTarget	1	588509
2354.26	n/a	NonTarget	1	588565
2354.488	n/a	Target	2	588622
2354.712	n/a	NonTarget	1	588678
2363.48	n/a	NonTarget	1	590870
2363.704	n/a	NonTarget	1	590926
2363.928	n/a	NonTarget	1	590982
2364.156	n/a	NonTarget	1	591039
2364.38	n/a	NonTarget	1	591095
2364.604	n/a	NonTarget	1	591151
2364.832	n/a	NonTarget	1	591208
2365.056	n/a	NonTarget	1	591264
2365.28	n/a	Target	2	591320
2365.504	n/a	NonTarget	1	591376
2365.732	n/a	NonTarget	1	591433
2365.956	n/a	NonTarget	1	591489
2366.184	n/a	NonTarget	1	591546
2366.408	n/a	NonTarget	1	591602
2366.636	n/a	NonTarget	1	591659
2366.86	n/a	Target	2	591715
2367.084	n/a	NonTarget	1	591771
2367.312	n/a	NonTarget	1	591828
2367.536	n/a	NonTarget	1	591884
2367.764	n/a	NonTarget	1	591941
2367.988	n/a	NonTarget	1	591997
2368.212	n/a	NonTarget	1	592053
2368.44	n/a	NonTarget	1	592110
2368.664	n/a	NonTarget	1	592166
2368.892	n/a	NonTarget	1	592223
2369.116	n/a	NonTarget	1	592279
2369.344	n/a	Target	2	592336
2369.568	n/a	NonTarget	1	592392
2369.792	n/a	NonTarget	1	592448
2370.02	n/a	NonTarget	1	592505
2370.244	n/a	NonTarget	1	592561
2370.472	n/a	NonTarget	1	592618
2370.696	n/a	NonTarget	1	592674
2370.92	n/a	NonTarget	1	592730
2371.148	n/a	NonTarget	1	592787
2371.372	n/a	NonTarget	1	592843
2371.6	n/a	NonTarget	1	592900
2371.824	n/a	NonTarget	1	592956
2372.052	n/a	Target	2	593013
2372.276	n/a	NonTarget	1	593069
2372.5	n/a	NonTarget	1	593125
2372.728	n/a	NonTarget	1	593182
2372.952	n/a	NonTarget	1	593238
2373.18	n/a	NonTarget	1	593295
2373.408	n/a	NonTarget	1	593352
2373.632	n/a	NonTarget	1	593408
2373.856	n/a	NonTarget	1	593464
2374.08	n/a	NonTarget	1	593520
2374.308	n/a	Target	2	593577
2374.532	n/a	NonTarget	1	593633
2374.76	n/a	NonTarget	1	593690
2374.984	n/a	NonTarget	1	593746
2375.208	n/a	NonTarget	1	593802
2375.436	n/a	Target	2	593859
2375.66	n/a	NonTarget	1	593915
2375.884	n/a	NonTarget	1	593971
2376.112	n/a	NonTarget	1	594028
2376.336	n/a	NonTarget	1	594084
2376.564	n/a	Target	2	594141
2376.788	n/a	NonTarget	1	594197
2377.016	n/a	NonTarget	1	594254
2377.24	n/a	NonTarget	1	594310
2377.464	n/a	NonTarget	1	594366
2377.692	n/a	NonTarget	1	594423
2377.916	n/a	NonTarget	1	594479
2378.144	n/a	NonTarget	1	594536
2378.368	n/a	Target	2	594592
2378.592	n/a	NonTarget	1	594648
2378.816	n/a	NonTarget	1	594704
2379.044	n/a	NonTarget	1	594761
2379.268	n/a	NonTarget	1	594817
2379.496	n/a	NonTarget	1	594874
2379.72	n/a	NonTarget	1	594930
2379.944	n/a	NonTarget	1	594986
2380.172	n/a	Target	2	595043
2380.396	n/a	NonTarget	1	595099
2380.62	n/a	NonTarget	1	595155
2380.848	n/a	NonTarget	1	595212
2381.072	n/a	NonTarget	1	595268
2381.3	n/a	NonTarget	1	595325
2381.524	n/a	NonTarget	1	595381
2381.748	n/a	Target	2	595437
2381.976	n/a	NonTarget	1	595494
2382.2	n/a	NonTarget	1	595550
2382.428	n/a	NonTarget	1	595607
2382.652	n/a	NonTarget	1	595663
2382.88	n/a	Target	2	595720
2383.104	n/a	NonTarget	1	595776
2383.328	n/a	NonTarget	1	595832
2383.556	n/a	NonTarget	1	595889
2383.78	n/a	NonTarget	1	595945
2384.004	n/a	NonTarget	1	596001
2384.232	n/a	NonTarget	1	596058
2384.456	n/a	NonTarget	1	596114
2384.68	n/a	NonTarget	1	596170
2384.908	n/a	NonTarget	1	596227
2385.132	n/a	Target	2	596283
2385.36	n/a	NonTarget	1	596340
2385.584	n/a	NonTarget	1	596396
2385.808	n/a	NonTarget	1	596452
2386.036	n/a	NonTarget	1	596509
2386.26	n/a	NonTarget	1	596565
2386.484	n/a	Target	2	596621
2386.712	n/a	NonTarget	1	596678
2386.936	n/a	NonTarget	1	596734
2387.164	n/a	NonTarget	1	596791
2387.388	n/a	NonTarget	1	596847
2387.612	n/a	NonTarget	1	596903
2387.84	n/a	Target	2	596960
2388.064	n/a	NonTarget	1	597016
2388.288	n/a	NonTarget	1	597072
2388.516	n/a	NonTarget	1	597129
2388.74	n/a	NonTarget	1	597185
2388.968	n/a	NonTarget	1	597242
2389.192	n/a	Target	2	597298
2389.42	n/a	NonTarget	1	597355
2389.644	n/a	NonTarget	1	597411
2389.868	n/a	NonTarget	1	597467
2390.096	n/a	NonTarget	1	597524
2390.32	n/a	NonTarget	1	597580
2390.544	n/a	Target	2	597636
2390.772	n/a	NonTarget	1	597693
2390.996	n/a	NonTarget	1	597749
2391.22	n/a	NonTarget	1	597805
2391.448	n/a	NonTarget	1	597862
2391.672	n/a	Target	2	597918
2391.9	n/a	NonTarget	1	597975
2392.124	n/a	NonTarget	1	598031
2392.348	n/a	NonTarget	1	598087
2392.576	n/a	NonTarget	1	598144
2392.8	n/a	NonTarget	1	598200
2393.024	n/a	NonTarget	1	598256
2393.252	n/a	Target	2	598313
2393.476	n/a	NonTarget	1	598369
2406.816	n/a	NonTarget	1	601704
2407.04	n/a	NonTarget	1	601760
2407.268	n/a	NonTarget	1	601817
2407.492	n/a	NonTarget	1	601873
2407.72	n/a	NonTarget	1	601930
2407.944	n/a	Target	2	601986
2408.168	n/a	NonTarget	1	602042
2408.396	n/a	NonTarget	1	602099
2408.62	n/a	NonTarget	1	602155
2408.848	n/a	NonTarget	1	602212
2409.072	n/a	NonTarget	1	602268
2409.296	n/a	NonTarget	1	602324
2409.524	n/a	NonTarget	1	602381
2409.748	n/a	NonTarget	1	602437
2409.972	n/a	NonTarget	1	602493
2410.2	n/a	NonTarget	1	602550
2410.424	n/a	NonTarget	1	602606
2410.652	n/a	NonTarget	1	602663
2410.876	n/a	Target	2	602719
2411.104	n/a	NonTarget	1	602776
2411.328	n/a	NonTarget	1	602832
2411.552	n/a	NonTarget	1	602888
2411.776	n/a	NonTarget	1	602944
2412.0	n/a	NonTarget	1	603000
2412.228	n/a	NonTarget	1	603057
2412.452	n/a	NonTarget	1	603113
2412.68	n/a	NonTarget	1	603170
2412.904	n/a	NonTarget	1	603226
2413.132	n/a	Target	2	603283
2413.356	n/a	NonTarget	1	603339
2413.584	n/a	NonTarget	1	603396
2413.808	n/a	NonTarget	1	603452
2414.036	n/a	NonTarget	1	603509
2414.26	n/a	NonTarget	1	603565
2414.484	n/a	NonTarget	1	603621
2414.712	n/a	Target	2	603678
2414.936	n/a	NonTarget	1	603734
2415.164	n/a	NonTarget	1	603791
2415.388	n/a	NonTarget	1	603847
2415.612	n/a	NonTarget	1	603903
2415.84	n/a	NonTarget	1	603960
2416.064	n/a	NonTarget	1	604016
2416.292	n/a	NonTarget	1	604073
2416.516	n/a	NonTarget	1	604129
2416.744	n/a	NonTarget	1	604186
2416.968	n/a	Target	2	604242
2417.192	n/a	NonTarget	1	604298
2417.42	n/a	NonTarget	1	604355
2417.644	n/a	NonTarget	1	604411
2417.872	n/a	NonTarget	1	604468
2418.096	n/a	Target	2	604524
2418.324	n/a	NonTarget	1	604581
2418.548	n/a	NonTarget	1	604637
2418.772	n/a	NonTarget	1	604693
2419.0	n/a	NonTarget	1	604750
2419.224	n/a	Target	2	604806
2419.452	n/a	NonTarget	1	604863
2419.676	n/a	NonTarget	1	604919
2419.9	n/a	NonTarget	1	604975
2420.128	n/a	NonTarget	1	605032
2420.352	n/a	Target	2	605088
2420.576	n/a	NonTarget	1	605144
2420.804	n/a	NonTarget	1	605201
2421.028	n/a	NonTarget	1	605257
2421.256	n/a	NonTarget	1	605314
2421.48	n/a	Target	2	605370
2421.704	n/a	NonTarget	1	605426
2421.932	n/a	NonTarget	1	605483
2422.156	n/a	NonTarget	1	605539
2422.38	n/a	NonTarget	1	605595
2422.608	n/a	Target	2	605652
2422.832	n/a	NonTarget	1	605708
2423.06	n/a	NonTarget	1	605765
2423.284	n/a	NonTarget	1	605821
2423.508	n/a	NonTarget	1	605877
2423.736	n/a	Target	2	605934
2423.96	n/a	NonTarget	1	605990
2424.188	n/a	NonTarget	1	606047
2424.412	n/a	NonTarget	1	606103
2424.636	n/a	NonTarget	1	606159
2424.864	n/a	Target	2	606216
2425.092	n/a	NonTarget	1	606273
2425.316	n/a	NonTarget	1	606329
2425.54	n/a	NonTarget	1	606385
2425.768	n/a	NonTarget	1	606442
2425.992	n/a	Target	2	606498
2426.216	n/a	NonTarget	1	606554
2426.444	n/a	NonTarget	1	606611
2426.668	n/a	NonTarget	1	606667
2426.896	n/a	NonTarget	1	606724
2427.12	n/a	NonTarget	1	606780
2427.344	n/a	Target	2	606836
2427.572	n/a	NonTarget	1	606893
2427.796	n/a	NonTarget	1	606949
2428.02	n/a	NonTarget	1	607005
2428.248	n/a	NonTarget	1	607062
2428.472	n/a	NonTarget	1	607118
2428.7	n/a	Target	2	607175
2428.924	n/a	NonTarget	1	607231
2429.148	n/a	NonTarget	1	607287
2429.372	n/a	NonTarget	1	607343
2429.6	n/a	NonTarget	1	607400
2429.824	n/a	NonTarget	1	607456
2430.052	n/a	Target	2	607513
2430.276	n/a	NonTarget	1	607569
2430.504	n/a	NonTarget	1	607626
2430.728	n/a	NonTarget	1	607682
2430.952	n/a	NonTarget	1	607738
2431.18	n/a	Target	2	607795
2431.404	n/a	NonTarget	1	607851
2431.632	n/a	NonTarget	1	607908
2431.856	n/a	NonTarget	1	607964
2432.08	n/a	NonTarget	1	608020
2432.308	n/a	NonTarget	1	608077
2432.532	n/a	Target	2	608133
2432.76	n/a	NonTarget	1	608190
2432.984	n/a	NonTarget	1	608246
2433.208	n/a	NonTarget	1	608302
2433.436	n/a	NonTarget	1	608359
2433.66	n/a	NonTarget	1	608415
2433.884	n/a	Target	2	608471
2434.112	n/a	NonTarget	1	608528
2434.336	n/a	NonTarget	1	608584
2434.56	n/a	NonTarget	1	608640
2434.788	n/a	NonTarget	1	608697
2435.012	n/a	Target	2	608753
2435.24	n/a	NonTarget	1	608810
2435.464	n/a	NonTarget	1	608866
2435.688	n/a	NonTarget	1	608922
2435.916	n/a	NonTarget	1	608979
2436.14	n/a	NonTarget	1	609035
2436.368	n/a	Target	2	609092
2436.592	n/a	NonTarget	1	609148
2436.816	n/a	NonTarget	1	609204
2437.044	n/a	NonTarget	1	609261
2445.816	n/a	NonTarget	1	611454
2446.04	n/a	NonTarget	1	611510
2446.264	n/a	NonTarget	1	611566
2446.492	n/a	Target	2	611623
2446.716	n/a	NonTarget	1	611679
2446.944	n/a	NonTarget	1	611736
2447.168	n/a	NonTarget	1	611792
2447.396	n/a	NonTarget	1	611849
2447.62	n/a	NonTarget	1	611905
2447.848	n/a	NonTarget	1	611962
2448.072	n/a	NonTarget	1	612018
2448.296	n/a	Target	2	612074
2448.52	n/a	NonTarget	1	612130
2448.744	n/a	NonTarget	1	612186
2448.972	n/a	NonTarget	1	612243
2449.196	n/a	NonTarget	1	612299
2449.424	n/a	NonTarget	1	612356
2449.648	n/a	NonTarget	1	612412
2449.872	n/a	NonTarget	1	612468
2450.1	n/a	NonTarget	1	612525
2450.324	n/a	NonTarget	1	612581
2450.548	n/a	NonTarget	1	612637
2450.776	n/a	NonTarget	1	612694
2451.0	n/a	Target	2	612750
2451.224	n/a	NonTarget	1	612806
2451.448	n/a	NonTarget	1	612862
2451.676	n/a	NonTarget	1	612919
2451.9	n/a	NonTarget	1	612975
2452.124	n/a	NonTarget	1	613031
2452.352	n/a	NonTarget	1	613088
2452.576	n/a	Target	2	613144
2452.804	n/a	NonTarget	1	613201
2453.028	n/a	NonTarget	1	613257
2453.256	n/a	NonTarget	1	613314
2453.48	n/a	NonTarget	1	613370
2453.704	n/a	NonTarget	1	613426
2453.928	n/a	NonTarget	1	613482
2454.152	n/a	NonTarget	1	613538
2454.38	n/a	NonTarget	1	613595
2454.604	n/a	NonTarget	1	613651
2454.832	n/a	NonTarget	1	613708
2455.06	n/a	NonTarget	1	613765
2455.284	n/a	NonTarget	1	613821
2455.508	n/a	Target	2	613877
2455.736	n/a	NonTarget	1	613934
2455.96	n/a	NonTarget	1	613990
2456.184	n/a	NonTarget	1	614046
2456.412	n/a	NonTarget	1	614103
2456.636	n/a	NonTarget	1	614159
2456.864	n/a	NonTarget	1	614216
2457.088	n/a	NonTarget	1	614272
2457.312	n/a	NonTarget	1	614328
2457.54	n/a	Target	2	614385
2457.764	n/a	NonTarget	1	614441
2457.992	n/a	NonTarget	1	614498
2458.216	n/a	NonTarget	1	614554
2458.444	n/a	NonTarget	1	614611
2458.668	n/a	NonTarget	1	614667
2458.892	n/a	NonTarget	1	614723
2459.12	n/a	Target	2	614780
2459.344	n/a	NonTarget	1	614836
2459.572	n/a	NonTarget	1	614893
2459.796	n/a	NonTarget	1	614949
2460.02	n/a	NonTarget	1	615005
2460.244	n/a	Target	2	615061
2460.472	n/a	NonTarget	1	615118
2460.696	n/a	NonTarget	1	615174
2460.924	n/a	NonTarget	1	615231
2461.148	n/a	NonTarget	1	615287
2461.372	n/a	NonTarget	1	615343
2461.6	n/a	NonTarget	1	615400
2461.824	n/a	NonTarget	1	615456
2462.052	n/a	Target	2	615513
2462.276	n/a	NonTarget	1	615569
2462.5	n/a	NonTarget	1	615625
2462.724	n/a	NonTarget	1	615681
2462.952	n/a	NonTarget	1	615738
2463.18	n/a	NonTarget	1	615795
2463.404	n/a	Target	2	615851
2463.628	n/a	NonTarget	1	615907
2463.856	n/a	NonTarget	1	615964
2464.08	n/a	NonTarget	1	616020
2464.308	n/a	NonTarget	1	616077
2464.532	n/a	NonTarget	1	616133
2464.756	n/a	Target	2	616189
2464.984	n/a	NonTarget	1	616246
2465.208	n/a	NonTarget	1	616302
2465.432	n/a	NonTarget	1	616358
2465.66	n/a	NonTarget	1	616415
2465.884	n/a	Target	2	616471
2466.108	n/a	NonTarget	1	616527
2466.336	n/a	NonTarget	1	616584
2466.56	n/a	NonTarget	1	616640
2466.788	n/a	NonTarget	1	616697
2467.012	n/a	Target	2	616753
2467.236	n/a	NonTarget	1	616809
2467.464	n/a	NonTarget	1	616866
2467.688	n/a	NonTarget	1	616922
2467.912	n/a	NonTarget	1	616978
2468.14	n/a	Target	2	617035
2468.364	n/a	NonTarget	1	617091
2468.588	n/a	NonTarget	1	617147
2468.816	n/a	NonTarget	1	617204
2469.04	n/a	NonTarget	1	617260
2469.268	n/a	NonTarget	1	617317
2469.492	n/a	NonTarget	1	617373
2469.72	n/a	NonTarget	1	617430
2469.944	n/a	NonTarget	1	617486
2470.168	n/a	NonTarget	1	617542
2470.396	n/a	Target	2	617599
2470.62	n/a	NonTarget	1	617655
2470.848	n/a	NonTarget	1	617712
2471.072	n/a	NonTarget	1	617768
2471.296	n/a	NonTarget	1	617824
2471.524	n/a	Target	2	617881
2471.748	n/a	NonTarget	1	617937
2471.972	n/a	NonTarget	1	617993
2472.2	n/a	NonTarget	1	618050
2472.424	n/a	NonTarget	1	618106
2472.652	n/a	Target	2	618163
2472.876	n/a	NonTarget	1	618219
2473.104	n/a	NonTarget	1	618276
2473.328	n/a	NonTarget	1	618332
2473.552	n/a	NonTarget	1	618388
2473.78	n/a	NonTarget	1	618445
2474.004	n/a	NonTarget	1	618501
2474.228	n/a	Target	2	618557
2474.456	n/a	NonTarget	1	618614
2474.68	n/a	NonTarget	1	618670
2474.904	n/a	NonTarget	1	618726
2475.132	n/a	NonTarget	1	618783
2475.356	n/a	NonTarget	1	618839
2475.584	n/a	NonTarget	1	618896
2475.808	n/a	Target	2	618952
2476.032	n/a	NonTarget	1	619008
2488.664	n/a	NonTarget	1	622166
2488.892	n/a	NonTarget	1	622223
2489.116	n/a	NonTarget	1	622279
2489.344	n/a	NonTarget	1	622336
2489.568	n/a	NonTarget	1	622392
2489.796	n/a	Target	2	622449
2490.02	n/a	NonTarget	1	622505
2490.244	n/a	NonTarget	1	622561
2490.472	n/a	NonTarget	1	622618
2490.696	n/a	NonTarget	1	622674
2490.924	n/a	NonTarget	1	622731
2491.148	n/a	NonTarget	1	622787
2491.372	n/a	NonTarget	1	622843
2491.6	n/a	NonTarget	1	622900
2491.824	n/a	NonTarget	1	622956
2492.052	n/a	NonTarget	1	623013
2492.276	n/a	NonTarget	1	623069
2492.504	n/a	Target	2	623126
2492.728	n/a	NonTarget	1	623182
2492.952	n/a	NonTarget	1	623238
2493.18	n/a	NonTarget	1	623295
2493.404	n/a	NonTarget	1	623351
2493.632	n/a	NonTarget	1	623408
2493.856	n/a	NonTarget	1	623464
2494.08	n/a	NonTarget	1	623520
2494.304	n/a	Target	2	623576
2494.532	n/a	NonTarget	1	623633
2494.756	n/a	NonTarget	1	623689
2494.98	n/a	NonTarget	1	623745
2495.208	n/a	NonTarget	1	623802
2495.432	n/a	NonTarget	1	623858
2495.656	n/a	NonTarget	1	623914
2495.884	n/a	NonTarget	1	623971
2496.108	n/a	NonTarget	1	624027
2496.336	n/a	NonTarget	1	624084
2496.56	n/a	NonTarget	1	624140
2496.788	n/a	NonTarget	1	624197
2497.012	n/a	NonTarget	1	624253
2497.24	n/a	Target	2	624310
2497.464	n/a	NonTarget	1	624366
2497.688	n/a	NonTarget	1	624422
2497.916	n/a	NonTarget	1	624479
2498.14	n/a	NonTarget	1	624535
2498.364	n/a	NonTarget	1	624591
2498.592	n/a	Target	2	624648
2498.816	n/a	NonTarget	1	624704
2499.04	n/a	NonTarget	1	624760
2499.268	n/a	NonTarget	1	624817
2499.492	n/a	NonTarget	1	624873
2499.72	n/a	NonTarget	1	624930
2499.944	n/a	NonTarget	1	624986
2500.168	n/a	Target	2	625042
2500.392	n/a	NonTarget	1	625098
2500.62	n/a	NonTarget	1	625155
2500.844	n/a	NonTarget	1	625211
2501.072	n/a	NonTarget	1	625268
2501.296	n/a	NonTarget	1	625324
2501.524	n/a	Target	2	625381
2501.748	n/a	NonTarget	1	625437
2501.972	n/a	NonTarget	1	625493
2502.2	n/a	NonTarget	1	625550
2502.424	n/a	NonTarget	1	625606
2502.652	n/a	Target	2	625663
2502.876	n/a	NonTarget	1	625719
2503.1	n/a	NonTarget	1	625775
2503.328	n/a	NonTarget	1	625832
2503.552	n/a	NonTarget	1	625888
2503.776	n/a	Target	2	625944
2504.004	n/a	NonTarget	1	626001
2504.228	n/a	NonTarget	1	626057
2504.456	n/a	NonTarget	1	626114
2504.68	n/a	NonTarget	1	626170
2504.904	n/a	Target	2	626226
2505.132	n/a	NonTarget	1	626283
2505.356	n/a	NonTarget	1	626339
2505.58	n/a	NonTarget	1	626395
2505.808	n/a	NonTarget	1	626452
2506.032	n/a	Target	2	626508
2506.256	n/a	NonTarget	1	626564
2506.484	n/a	NonTarget	1	626621
2506.708	n/a	NonTarget	1	626677
2506.936	n/a	NonTarget	1	626734
2507.16	n/a	Target	2	626790
2507.388	n/a	NonTarget	1	626847
2507.612	n/a	NonTarget	1	626903
2507.836	n/a	NonTarget	1	626959
2508.064	n/a	NonTarget	1	627016
2508.288	n/a	NonTarget	1	627072
2508.516	n/a	NonTarget	1	627129
2508.74	n/a	NonTarget	1	627185
2508.964	n/a	NonTarget	1	627241
2509.192	n/a	Target	2	627298
2509.416	n/a	NonTarget	1	627354
2509.64	n/a	NonTarget	1	627410
2509.868	n/a	NonTarget	1	627467
2510.092	n/a	NonTarget	1	627523
2510.316	n/a	Target	2	627579
2510.544	n/a	NonTarget	1	627636
2510.768	n/a	NonTarget	1	627692
2510.992	n/a	NonTarget	1	627748
2511.22	n/a	NonTarget	1	627805
2511.444	n/a	Target	2	627861
2511.672	n/a	NonTarget	1	627918
2511.896	n/a	NonTarget	1	627974
2512.12	n/a	NonTarget	1	628030
2512.348	n/a	NonTarget	1	628087
2512.572	n/a	Target	2	628143
2512.8	n/a	NonTarget	1	628200
2513.024	n/a	NonTarget	1	628256
2513.252	n/a	NonTarget	1	628313
2513.476	n/a	NonTarget	1	628369
2513.7	n/a	Target	2	628425
2513.928	n/a	NonTarget	1	628482
2514.152	n/a	NonTarget	1	628538
2514.38	n/a	NonTarget	1	628595
2514.604	n/a	NonTarget	1	628651
2514.828	n/a	NonTarget	1	628707
2515.056	n/a	Target	2	628764
2515.28	n/a	NonTarget	1	628820
2515.508	n/a	NonTarget	1	628877
2515.732	n/a	NonTarget	1	628933
2515.96	n/a	NonTarget	1	628990
2516.184	n/a	Target	2	629046
2516.408	n/a	NonTarget	1	629102
2516.636	n/a	NonTarget	1	629159
2516.86	n/a	NonTarget	1	629215
2517.084	n/a	NonTarget	1	629271
2517.312	n/a	NonTarget	1	629328
2517.536	n/a	NonTarget	1	629384
2517.764	n/a	Target	2	629441
2517.988	n/a	NonTarget	1	629497
2518.212	n/a	NonTarget	1	629553
2518.436	n/a	NonTarget	1	629609
2518.664	n/a	NonTarget	1	629666
2518.888	n/a	NonTarget	1	629722
2540.12	n/a	NonTarget	1	635030
2540.344	n/a	NonTarget	1	635086
2540.568	n/a	Target	2	635142
2540.796	n/a	NonTarget	1	635199
2541.02	n/a	NonTarget	1	635255
2541.244	n/a	NonTarget	1	635311
2541.472	n/a	NonTarget	1	635368
2541.696	n/a	NonTarget	1	635424
2541.92	n/a	NonTarget	1	635480
2542.144	n/a	NonTarget	1	635536
2542.368	n/a	NonTarget	1	635592
2542.596	n/a	Target	2	635649
2542.82	n/a	NonTarget	1	635705
2543.048	n/a	NonTarget	1	635762
2543.272	n/a	NonTarget	1	635818
2543.496	n/a	NonTarget	1	635874
2543.724	n/a	NonTarget	1	635931
2543.948	n/a	NonTarget	1	635987
2544.172	n/a	NonTarget	1	636043
2544.396	n/a	Target	2	636099
2544.62	n/a	NonTarget	1	636155
2544.848	n/a	NonTarget	1	636212
2545.072	n/a	NonTarget	1	636268
2545.3	n/a	NonTarget	1	636325
2545.524	n/a	Target	2	636381
2545.748	n/a	NonTarget	1	636437
2545.972	n/a	NonTarget	1	636493
2546.196	n/a	NonTarget	1	636549
2546.424	n/a	NonTarget	1	636606
2546.648	n/a	NonTarget	1	636662
2546.876	n/a	NonTarget	1	636719
2547.1	n/a	NonTarget	1	636775
2547.324	n/a	NonTarget	1	636831
2547.552	n/a	Target	2	636888
2547.776	n/a	NonTarget	1	636944
2548.0	n/a	NonTarget	1	637000
2548.224	n/a	NonTarget	1	637056
2548.448	n/a	NonTarget	1	637112
2548.676	n/a	NonTarget	1	637169
2548.9	n/a	NonTarget	1	637225
2549.128	n/a	Target	2	637282
2549.352	n/a	NonTarget	1	637338
2549.576	n/a	NonTarget	1	637394
2549.8	n/a	NonTarget	1	637450
2550.028	n/a	NonTarget	1	637507
2550.252	n/a	NonTarget	1	637563
2550.476	n/a	Target	2	637619
2550.704	n/a	NonTarget	1	637676
2550.928	n/a	NonTarget	1	637732
2551.156	n/a	NonTarget	1	637789
2551.38	n/a	NonTarget	1	637845
2551.604	n/a	NonTarget	1	637901
2551.832	n/a	Target	2	637958
2552.056	n/a	NonTarget	1	638014
2552.28	n/a	NonTarget	1	638070
2552.508	n/a	NonTarget	1	638127
2552.736	n/a	NonTarget	1	638184
2552.96	n/a	Target	2	638240
2553.184	n/a	NonTarget	1	638296
2553.412	n/a	NonTarget	1	638353
2553.636	n/a	NonTarget	1	638409
2553.86	n/a	NonTarget	1	638465
2554.088	n/a	Target	2	638522
2554.312	n/a	NonTarget	1	638578
2554.536	n/a	NonTarget	1	638634
2554.764	n/a	NonTarget	1	638691
2554.988	n/a	NonTarget	1	638747
2555.216	n/a	Target	2	638804
2555.44	n/a	NonTarget	1	638860
2555.664	n/a	NonTarget	1	638916
2555.892	n/a	NonTarget	1	638973
2556.116	n/a	NonTarget	1	639029
2556.344	n/a	NonTarget	1	639086
2556.568	n/a	Target	2	639142
2556.792	n/a	NonTarget	1	639198
2557.016	n/a	NonTarget	1	639254
2557.244	n/a	NonTarget	1	639311
2557.472	n/a	NonTarget	1	639368
2557.696	n/a	Target	2	639424
2557.92	n/a	NonTarget	1	639480
2558.148	n/a	NonTarget	1	639537
2558.372	n/a	NonTarget	1	639593
2558.6	n/a	NonTarget	1	639650
2558.824	n/a	NonTarget	1	639706
2559.048	n/a	NonTarget	1	639762
2559.276	n/a	Target	2	639819
2559.5	n/a	NonTarget	1	639875
2559.728	n/a	NonTarget	1	639932
2559.952	n/a	NonTarget	1	639988
2560.176	n/a	NonTarget	1	640044
2560.404	n/a	Target	2	640101
2560.628	n/a	NonTarget	1	640157
2560.856	n/a	NonTarget	1	640214
2561.08	n/a	NonTarget	1	640270
2561.304	n/a	NonTarget	1	640326
2561.532	n/a	Target	2	640383
2561.756	n/a	NonTarget	1	640439
2561.98	n/a	NonTarget	1	640495
2562.208	n/a	NonTarget	1	640552
2562.432	n/a	NonTarget	1	640608
2562.66	n/a	Target	2	640665
2562.884	n/a	NonTarget	1	640721
2563.108	n/a	NonTarget	1	640777
2563.336	n/a	NonTarget	1	640834
2563.56	n/a	NonTarget	1	640890
2563.784	n/a	NonTarget	1	640946
2564.012	n/a	NonTarget	1	641003
2564.236	n/a	NonTarget	1	641059
2564.46	n/a	Target	2	641115
2564.688	n/a	NonTarget	1	641172
2564.912	n/a	NonTarget	1	641228
2565.14	n/a	NonTarget	1	641285
2565.364	n/a	NonTarget	1	641341
2565.592	n/a	NonTarget	1	641398
2565.816	n/a	NonTarget	1	641454
2566.04	n/a	Target	2	641510
2566.268	n/a	NonTarget	1	641567
2566.492	n/a	NonTarget	1	641623
2566.716	n/a	NonTarget	1	641679
2566.944	n/a	NonTarget	1	641736
2567.168	n/a	Target	2	641792
2567.396	n/a	NonTarget	1	641849
2567.62	n/a	NonTarget	1	641905
2567.844	n/a	NonTarget	1	641961
2568.072	n/a	NonTarget	1	642018
2568.296	n/a	Target	2	642074
2568.52	n/a	NonTarget	1	642130
2568.748	n/a	NonTarget	1	642187
2568.972	n/a	NonTarget	1	642243
2569.196	n/a	NonTarget	1	642299
2569.424	n/a	Target	2	642356
2569.648	n/a	NonTarget	1	642412
2569.876	n/a	NonTarget	1	642469
2570.1	n/a	NonTarget	1	642525
2570.324	n/a	NonTarget	1	642581
2584.836	n/a	NonTarget	1	646209
2585.06	n/a	NonTarget	1	646265
2585.288	n/a	NonTarget	1	646322
2585.512	n/a	Target	2	646378
2585.736	n/a	NonTarget	1	646434
2585.96	n/a	NonTarget	1	646490
2586.188	n/a	NonTarget	1	646547
2586.412	n/a	NonTarget	1	646603
2586.636	n/a	NonTarget	1	646659
2586.864	n/a	NonTarget	1	646716
2587.088	n/a	Target	2	646772
2587.316	n/a	NonTarget	1	646829
2587.54	n/a	NonTarget	1	646885
2587.764	n/a	NonTarget	1	646941
2587.988	n/a	NonTarget	1	646997
2588.216	n/a	NonTarget	1	647054
2588.44	n/a	NonTarget	1	647110
2588.668	n/a	NonTarget	1	647167
2588.892	n/a	NonTarget	1	647223
2589.116	n/a	NonTarget	1	647279
2589.344	n/a	Target	2	647336
2589.568	n/a	NonTarget	1	647392
2589.796	n/a	NonTarget	1	647449
2590.02	n/a	NonTarget	1	647505
2590.244	n/a	NonTarget	1	647561
2590.472	n/a	NonTarget	1	647618
2590.696	n/a	NonTarget	1	647674
2590.92	n/a	NonTarget	1	647730
2591.144	n/a	NonTarget	1	647786
2591.372	n/a	NonTarget	1	647843
2591.596	n/a	NonTarget	1	647899
2591.82	n/a	NonTarget	1	647955
2592.048	n/a	Target	2	648012
2592.272	n/a	NonTarget	1	648068
2592.496	n/a	NonTarget	1	648124
2592.724	n/a	NonTarget	1	648181
2592.948	n/a	NonTarget	1	648237
2593.176	n/a	NonTarget	1	648294
2593.4	n/a	NonTarget	1	648350
2593.628	n/a	NonTarget	1	648407
2593.852	n/a	NonTarget	1	648463
2594.076	n/a	NonTarget	1	648519
2594.304	n/a	Target	2	648576
2594.528	n/a	NonTarget	1	648632
2594.756	n/a	NonTarget	1	648689
2594.98	n/a	NonTarget	1	648745
2595.204	n/a	NonTarget	1	648801
2595.432	n/a	NonTarget	1	648858
2595.656	n/a	Target	2	648914
2595.88	n/a	NonTarget	1	648970
2596.108	n/a	NonTarget	1	649027
2596.332	n/a	NonTarget	1	649083
2596.56	n/a	NonTarget	1	649140
2596.784	n/a	NonTarget	1	649196
2597.008	n/a	Target	2	649252
2597.232	n/a	NonTarget	1	649308
2597.46	n/a	NonTarget	1	649365
2597.684	n/a	NonTarget	1	649421
2597.912	n/a	NonTarget	1	649478
2598.136	n/a	NonTarget	1	649534
2598.36	n/a	Target	2	649590
2598.588	n/a	NonTarget	1	649647
2598.812	n/a	NonTarget	1	649703
2599.04	n/a	NonTarget	1	649760
2599.264	n/a	NonTarget	1	649816
2599.492	n/a	NonTarget	1	649873
2599.716	n/a	Target	2	649929
2599.94	n/a	NonTarget	1	649985
2600.168	n/a	NonTarget	1	650042
2600.392	n/a	NonTarget	1	650098
2600.616	n/a	NonTarget	1	650154
2600.844	n/a	NonTarget	1	650211
2601.068	n/a	NonTarget	1	650267
2601.292	n/a	NonTarget	1	650323
2601.52	n/a	NonTarget	1	650380
2601.744	n/a	NonTarget	1	650436
2601.972	n/a	NonTarget	1	650493
2602.196	n/a	NonTarget	1	650549
2602.42	n/a	NonTarget	1	650605
2602.648	n/a	Target	2	650662
2602.872	n/a	NonTarget	1	650718
2603.096	n/a	NonTarget	1	650774
2603.324	n/a	NonTarget	1	650831
2603.548	n/a	NonTarget	1	650887
2603.776	n/a	NonTarget	1	650944
2604.0	n/a	Target	2	651000
2604.224	n/a	NonTarget	1	651056
2604.452	n/a	NonTarget	1	651113
2604.68	n/a	NonTarget	1	651170
2604.904	n/a	NonTarget	1	651226
2605.128	n/a	NonTarget	1	651282
2605.356	n/a	NonTarget	1	651339
2605.58	n/a	Target	2	651395
2605.804	n/a	NonTarget	1	651451
2606.032	n/a	NonTarget	1	651508
2606.256	n/a	NonTarget	1	651564
2606.484	n/a	NonTarget	1	651621
2606.708	n/a	NonTarget	1	651677
2606.936	n/a	Target	2	651734
2607.16	n/a	NonTarget	1	651790
2607.384	n/a	NonTarget	1	651846
2607.612	n/a	NonTarget	1	651903
2607.836	n/a	NonTarget	1	651959
2608.06	n/a	Target	2	652015
2608.288	n/a	NonTarget	1	652072
2608.512	n/a	NonTarget	1	652128
2608.736	n/a	NonTarget	1	652184
2608.964	n/a	NonTarget	1	652241
2609.188	n/a	NonTarget	1	652297
2609.416	n/a	NonTarget	1	652354
2609.64	n/a	NonTarget	1	652410
2609.864	n/a	Target	2	652466
2610.092	n/a	NonTarget	1	652523
2610.316	n/a	NonTarget	1	652579
2610.54	n/a	NonTarget	1	652635
2610.768	n/a	NonTarget	1	652692
2610.992	n/a	NonTarget	1	652748
2611.22	n/a	NonTarget	1	652805
2611.444	n/a	Target	2	652861
2611.672	n/a	NonTarget	1	652918
2611.896	n/a	NonTarget	1	652974
2612.12	n/a	NonTarget	1	653030
2612.348	n/a	NonTarget	1	653087
2612.572	n/a	Target	2	653143
2612.8	n/a	NonTarget	1	653200
2613.024	n/a	NonTarget	1	653256
2613.248	n/a	NonTarget	1	653312
2613.476	n/a	NonTarget	1	653369
2613.7	n/a	NonTarget	1	653425
2613.924	n/a	Target	2	653481
2614.152	n/a	NonTarget	1	653538
2614.376	n/a	NonTarget	1	653594
2614.6	n/a	NonTarget	1	653650
2614.828	n/a	NonTarget	1	653707
2623.816	n/a	Target	2	655954
2624.04	n/a	NonTarget	1	656010
2624.264	n/a	NonTarget	1	656066
2624.488	n/a	NonTarget	1	656122
2624.716	n/a	NonTarget	1	656179
2624.94	n/a	NonTarget	1	656235
2625.164	n/a	NonTarget	1	656291
2625.392	n/a	NonTarget	1	656348
2625.616	n/a	NonTarget	1	656404
2625.84	n/a	NonTarget	1	656460
2626.064	n/a	NonTarget	1	656516
2626.292	n/a	Target	2	656573
2626.52	n/a	NonTarget	1	656630
2626.744	n/a	NonTarget	1	656686
2626.968	n/a	NonTarget	1	656742
2627.192	n/a	NonTarget	1	656798
2627.42	n/a	NonTarget	1	656855
2627.644	n/a	NonTarget	1	656911
2627.872	n/a	NonTarget	1	656968
2628.096	n/a	NonTarget	1	657024
2628.324	n/a	NonTarget	1	657081
2628.548	n/a	NonTarget	1	657137
2628.772	n/a	Target	2	657193
2629.0	n/a	NonTarget	1	657250
2629.224	n/a	NonTarget	1	657306
2629.448	n/a	NonTarget	1	657362
2629.676	n/a	NonTarget	1	657419
2629.9	n/a	NonTarget	1	657475
2630.128	n/a	NonTarget	1	657532
2630.352	n/a	NonTarget	1	657588
2630.58	n/a	NonTarget	1	657645
2630.804	n/a	Target	2	657701
2631.028	n/a	NonTarget	1	657757
2631.256	n/a	NonTarget	1	657814
2631.48	n/a	NonTarget	1	657870
2631.708	n/a	NonTarget	1	657927
2631.932	n/a	NonTarget	1	657983
2632.156	n/a	NonTarget	1	658039
2632.38	n/a	NonTarget	1	658095
2632.608	n/a	NonTarget	1	658152
2632.832	n/a	Target	2	658208
2633.056	n/a	NonTarget	1	658264
2633.284	n/a	NonTarget	1	658321
2633.508	n/a	NonTarget	1	658377
2633.732	n/a	NonTarget	1	658433
2633.96	n/a	NonTarget	1	658490
2634.184	n/a	NonTarget	1	658546
2634.412	n/a	Target	2	658603
2634.636	n/a	NonTarget	1	658659
2634.86	n/a	NonTarget	1	658715
2635.088	n/a	NonTarget	1	658772
2635.312	n/a	NonTarget	1	658828
2635.54	n/a	Target	2	658885
2635.764	n/a	NonTarget	1	658941
2635.988	n/a	NonTarget	1	658997
2636.216	n/a	NonTarget	1	659054
2636.44	n/a	NonTarget	1	659110
2636.664	n/a	NonTarget	1	659166
2636.892	n/a	Target	2	659223
2637.116	n/a	NonTarget	1	659279
2637.34	n/a	NonTarget	1	659335
2637.568	n/a	NonTarget	1	659392
2637.796	n/a	NonTarget	1	659449
2638.02	n/a	Target	2	659505
2638.244	n/a	NonTarget	1	659561
2638.472	n/a	NonTarget	1	659618
2638.696	n/a	NonTarget	1	659674
2638.92	n/a	NonTarget	1	659730
2639.148	n/a	Target	2	659787
2639.372	n/a	NonTarget	1	659843
2639.596	n/a	NonTarget	1	659899
2639.824	n/a	NonTarget	1	659956
2640.048	n/a	NonTarget	1	660012
2640.276	n/a	Target	2	660069
2640.5	n/a	NonTarget	1	660125
2640.724	n/a	NonTarget	1	660181
2640.952	n/a	NonTarget	1	660238
2641.176	n/a	NonTarget	1	660294
2641.4	n/a	Target	2	660350
2641.628	n/a	NonTarget	1	660407
2641.852	n/a	NonTarget	1	660463
2642.08	n/a	NonTarget	1	660520
2642.304	n/a	NonTarget	1	660576
2642.528	n/a	Target	2	660632
2642.756	n/a	NonTarget	1	660689
2642.98	n/a	NonTarget	1	660745
2643.208	n/a	NonTarget	1	660802
2643.432	n/a	NonTarget	1	660858
2643.66	n/a	Target	2	660915
2643.884	n/a	NonTarget	1	660971
2644.108	n/a	NonTarget	1	661027
2644.332	n/a	NonTarget	1	661083
2644.56	n/a	NonTarget	1	661140
2644.784	n/a	Target	2	661196
2645.012	n/a	NonTarget	1	661253
2645.236	n/a	NonTarget	1	661309
2645.46	n/a	NonTarget	1	661365
2645.688	n/a	NonTarget	1	661422
2645.912	n/a	Target	2	661478
2646.14	n/a	NonTarget	1	661535
2646.364	n/a	NonTarget	1	661591
2646.588	n/a	NonTarget	1	661647
2646.816	n/a	NonTarget	1	661704
2647.04	n/a	Target	2	661760
2647.264	n/a	NonTarget	1	661816
2647.492	n/a	NonTarget	1	661873
2647.716	n/a	NonTarget	1	661929
2647.944	n/a	NonTarget	1	661986
2648.168	n/a	Target	2	662042
2648.396	n/a	NonTarget	1	662099
2648.62	n/a	NonTarget	1	662155
2648.844	n/a	NonTarget	1	662211
2649.072	n/a	NonTarget	1	662268
2649.296	n/a	NonTarget	1	662324
2649.524	n/a	Target	2	662381
2649.748	n/a	NonTarget	1	662437
2649.976	n/a	NonTarget	1	662494
2650.2	n/a	NonTarget	1	662550
2650.424	n/a	NonTarget	1	662606
2650.652	n/a	NonTarget	1	662663
2650.876	n/a	NonTarget	1	662719
2651.104	n/a	NonTarget	1	662776
2651.328	n/a	Target	2	662832
2651.552	n/a	NonTarget	1	662888
2651.776	n/a	NonTarget	1	662944
2652.004	n/a	NonTarget	1	663001
2652.228	n/a	NonTarget	1	663057
2652.456	n/a	Target	2	663114
2652.68	n/a	NonTarget	1	663170
2652.904	n/a	NonTarget	1	663226
2653.132	n/a	NonTarget	1	663283
2653.356	n/a	NonTarget	1	663339
2653.584	n/a	Target	2	663396
2653.808	n/a	NonTarget	1	663452
2654.032	n/a	NonTarget	1	663508
2668.464	n/a	NonTarget	1	667116
2668.688	n/a	NonTarget	1	667172
2668.916	n/a	Target	2	667229
2669.14	n/a	NonTarget	1	667285
2669.364	n/a	NonTarget	1	667341
2669.592	n/a	NonTarget	1	667398
2669.816	n/a	NonTarget	1	667454
2670.044	n/a	NonTarget	1	667511
2670.268	n/a	NonTarget	1	667567
2670.496	n/a	NonTarget	1	667624
2670.72	n/a	NonTarget	1	667680
2670.944	n/a	Target	2	667736
2671.168	n/a	NonTarget	1	667792
2671.396	n/a	NonTarget	1	667849
2671.62	n/a	NonTarget	1	667905
2671.844	n/a	NonTarget	1	667961
2672.068	n/a	NonTarget	1	668017
2672.296	n/a	NonTarget	1	668074
2672.52	n/a	NonTarget	1	668130
2672.744	n/a	NonTarget	1	668186
2672.972	n/a	Target	2	668243
2673.196	n/a	NonTarget	1	668299
2673.42	n/a	NonTarget	1	668355
2673.648	n/a	NonTarget	1	668412
2673.876	n/a	NonTarget	1	668469
2674.1	n/a	NonTarget	1	668525
2674.324	n/a	NonTarget	1	668581
2674.548	n/a	NonTarget	1	668637
2674.772	n/a	NonTarget	1	668693
2675.0	n/a	NonTarget	1	668750
2675.224	n/a	NonTarget	1	668806
2675.452	n/a	Target	2	668863
2675.676	n/a	NonTarget	1	668919
2675.9	n/a	NonTarget	1	668975
2676.128	n/a	NonTarget	1	669032
2676.352	n/a	NonTarget	1	669088
2676.58	n/a	NonTarget	1	669145
2676.804	n/a	NonTarget	1	669201
2677.028	n/a	NonTarget	1	669257
2677.256	n/a	NonTarget	1	669314
2677.48	n/a	NonTarget	1	669370
2677.708	n/a	NonTarget	1	669427
2677.932	n/a	Target	2	669483
2678.156	n/a	NonTarget	1	669539
2678.384	n/a	NonTarget	1	669596
2678.608	n/a	NonTarget	1	669652
2678.836	n/a	NonTarget	1	669709
2679.06	n/a	NonTarget	1	669765
2679.288	n/a	Target	2	669822
2679.512	n/a	NonTarget	1	669878
2679.736	n/a	NonTarget	1	669934
2679.964	n/a	NonTarget	1	669991
2680.188	n/a	NonTarget	1	670047
2680.416	n/a	Target	2	670104
2680.64	n/a	NonTarget	1	670160
2680.864	n/a	NonTarget	1	670216
2681.092	n/a	NonTarget	1	670273
2681.316	n/a	NonTarget	1	670329
2681.54	n/a	Target	2	670385
2681.768	n/a	NonTarget	1	670442
2681.996	n/a	NonTarget	1	670499
2682.22	n/a	NonTarget	1	670555
2682.444	n/a	NonTarget	1	670611
2682.672	n/a	NonTarget	1	670668
2682.896	n/a	NonTarget	1	670724
2683.12	n/a	NonTarget	1	670780
2683.348	n/a	NonTarget	1	670837
2683.572	n/a	Target	2	670893
2683.8	n/a	NonTarget	1	670950
2684.024	n/a	NonTarget	1	671006
2684.248	n/a	NonTarget	1	671062
2684.476	n/a	NonTarget	1	671119
2684.7	n/a	NonTarget	1	671175
2684.924	n/a	Target	2	671231
2685.152	n/a	NonTarget	1	671288
2685.376	n/a	NonTarget	1	671344
2685.604	n/a	NonTarget	1	671401
2685.828	n/a	NonTarget	1	671457
2686.056	n/a	Target	2	671514
2686.28	n/a	NonTarget	1	671570
2686.504	n/a	NonTarget	1	671626
2686.732	n/a	NonTarget	1	671683
2686.956	n/a	NonTarget	1	671739
2687.184	n/a	Target	2	671796
2687.408	n/a	NonTarget	1	671852
2687.632	n/a	NonTarget	1	671908
2687.86	n/a	NonTarget	1	671965
2688.084	n/a	NonTarget	1	672021
2688.308	n/a	Target	2	672077
2688.536	n/a	NonTarget	1	672134
2688.76	n/a	NonTarget	1	672190
2688.988	n/a	NonTarget	1	672247
2689.212	n/a	NonTarget	1	672303
2689.436	n/a	Target	2	672359
2689.664	n/a	NonTarget	1	672416
2689.888	n/a	NonTarget	1	672472
2690.112	n/a	NonTarget	1	672528
2690.34	n/a	NonTarget	1	672585
2690.564	n/a	Target	2	672641
2690.788	n/a	NonTarget	1	672697
2691.016	n/a	NonTarget	1	672754
2691.24	n/a	NonTarget	1	672810
2691.468	n/a	NonTarget	1	672867
2691.692	n/a	Target	2	672923
2691.92	n/a	NonTarget	1	672980
2692.144	n/a	NonTarget	1	673036
2692.368	n/a	NonTarget	1	673092
2692.596	n/a	NonTarget	1	673149
2692.82	n/a	Target	2	673205
2693.048	n/a	NonTarget	1	673262
2693.272	n/a	NonTarget	1	673318
2693.496	n/a	NonTarget	1	673374
2693.724	n/a	NonTarget	1	673431
2693.948	n/a	NonTarget	1	673487
2694.172	n/a	Target	2	673543
2694.4	n/a	NonTarget	1	673600
2694.624	n/a	NonTarget	1	673656
2694.848	n/a	NonTarget	1	673712
2695.076	n/a	NonTarget	1	673769
2695.3	n/a	Target	2	673825
2695.524	n/a	NonTarget	1	673881
2695.752	n/a	NonTarget	1	673938
2695.976	n/a	NonTarget	1	673994
2696.204	n/a	NonTarget	1	674051
2696.428	n/a	Target	2	674107
2696.652	n/a	NonTarget	1	674163
2696.88	n/a	NonTarget	1	674220
2697.104	n/a	NonTarget	1	674276
2697.332	n/a	NonTarget	1	674333
2697.556	n/a	Target	2	674389
2697.784	n/a	NonTarget	1	674446
2698.008	n/a	NonTarget	1	674502
2698.232	n/a	NonTarget	1	674558
2698.46	n/a	NonTarget	1	674615
2698.684	n/a	Target	2	674671
2707.432	n/a	NonTarget	1	676858
2707.656	n/a	NonTarget	1	676914
2707.884	n/a	NonTarget	1	676971
2708.108	n/a	NonTarget	1	677027
2708.332	n/a	NonTarget	1	677083
2708.556	n/a	NonTarget	1	677139
2708.784	n/a	NonTarget	1	677196
2709.012	n/a	Target	2	677253
2709.236	n/a	NonTarget	1	677309
2709.46	n/a	NonTarget	1	677365
2709.684	n/a	NonTarget	1	677421
2709.912	n/a	NonTarget	1	677478
2710.136	n/a	NonTarget	1	677534
2710.364	n/a	NonTarget	1	677591
2710.588	n/a	Target	2	677647
2710.812	n/a	NonTarget	1	677703
2711.04	n/a	NonTarget	1	677760
2711.264	n/a	NonTarget	1	677816
2711.488	n/a	NonTarget	1	677872
2711.716	n/a	NonTarget	1	677929
2711.94	n/a	NonTarget	1	677985
2712.168	n/a	Target	2	678042
2712.392	n/a	NonTarget	1	678098
2712.616	n/a	NonTarget	1	678154
2712.84	n/a	NonTarget	1	678210
2713.068	n/a	NonTarget	1	678267
2713.292	n/a	NonTarget	1	678323
2713.516	n/a	NonTarget	1	678379
2713.744	n/a	NonTarget	1	678436
2713.968	n/a	NonTarget	1	678492
2714.192	n/a	NonTarget	1	678548
2714.42	n/a	NonTarget	1	678605
2714.644	n/a	Target	2	678661
2714.872	n/a	NonTarget	1	678718
2715.096	n/a	NonTarget	1	678774
2715.32	n/a	NonTarget	1	678830
2715.548	n/a	NonTarget	1	678887
2715.772	n/a	NonTarget	1	678943
2716.0	n/a	NonTarget	1	679000
2716.224	n/a	NonTarget	1	679056
2716.452	n/a	Target	2	679113
2716.676	n/a	NonTarget	1	679169
2716.9	n/a	NonTarget	1	679225
2717.128	n/a	NonTarget	1	679282
2717.352	n/a	NonTarget	1	679338
2717.576	n/a	NonTarget	1	679394
2717.804	n/a	Target	2	679451
2718.028	n/a	NonTarget	1	679507
2718.256	n/a	NonTarget	1	679564
2718.48	n/a	NonTarget	1	679620
2718.704	n/a	NonTarget	1	679676
2718.928	n/a	Target	2	679732
2719.156	n/a	NonTarget	1	679789
2719.38	n/a	NonTarget	1	679845
2719.608	n/a	NonTarget	1	679902
2719.832	n/a	NonTarget	1	679958
2720.056	n/a	Target	2	680014
2720.284	n/a	NonTarget	1	680071
2720.508	n/a	NonTarget	1	680127
2720.736	n/a	NonTarget	1	680184
2720.96	n/a	NonTarget	1	680240
2721.188	n/a	NonTarget	1	680297
2721.412	n/a	Target	2	680353
2721.636	n/a	NonTarget	1	680409
2721.864	n/a	NonTarget	1	680466
2722.088	n/a	NonTarget	1	680522
2722.316	n/a	NonTarget	1	680579
2722.54	n/a	Target	2	680635
2722.764	n/a	NonTarget	1	680691
2722.992	n/a	NonTarget	1	680748
2723.216	n/a	NonTarget	1	680804
2723.444	n/a	NonTarget	1	680861
2723.668	n/a	Target	2	680917
2723.896	n/a	NonTarget	1	680974
2724.12	n/a	NonTarget	1	681030
2724.344	n/a	NonTarget	1	681086
2724.572	n/a	NonTarget	1	681143
2724.796	n/a	NonTarget	1	681199
2725.02	n/a	Target	2	681255
2725.248	n/a	NonTarget	1	681312
2725.472	n/a	NonTarget	1	681368
2725.696	n/a	NonTarget	1	681424
2725.924	n/a	NonTarget	1	681481
2726.148	n/a	NonTarget	1	681537
2726.376	n/a	NonTarget	1	681594
2726.6	n/a	Target	2	681650
2726.824	n/a	NonTarget	1	681706
2727.052	n/a	NonTarget	1	681763
2727.276	n/a	NonTarget	1	681819
2727.5	n/a	NonTarget	1	681875
2727.728	n/a	Target	2	681932
2727.952	n/a	NonTarget	1	681988
2728.18	n/a	NonTarget	1	682045
2728.404	n/a	NonTarget	1	682101
2728.632	n/a	NonTarget	1	682158
2728.856	n/a	NonTarget	1	682214
2729.08	n/a	Target	2	682270
2729.308	n/a	NonTarget	1	682327
2729.532	n/a	NonTarget	1	682383
2729.756	n/a	NonTarget	1	682439
2729.984	n/a	NonTarget	1	682496
2730.208	n/a	NonTarget	1	682552
2730.436	n/a	NonTarget	1	682609
2730.66	n/a	Target	2	682665
2730.884	n/a	NonTarget	1	682721
2731.112	n/a	NonTarget	1	682778
2731.336	n/a	NonTarget	1	682834
2731.56	n/a	NonTarget	1	682890
2731.788	n/a	Target	2	682947
2732.012	n/a	NonTarget	1	683003
2732.236	n/a	NonTarget	1	683059
2732.464	n/a	NonTarget	1	683116
2732.688	n/a	NonTarget	1	683172
2732.916	n/a	Target	2	683229
2733.14	n/a	NonTarget	1	683285
2733.364	n/a	NonTarget	1	683341
2733.592	n/a	NonTarget	1	683398
2733.816	n/a	NonTarget	1	683454
2734.044	n/a	Target	2	683511
2734.268	n/a	NonTarget	1	683567
2734.492	n/a	NonTarget	1	683623
2734.72	n/a	NonTarget	1	683680
2734.944	n/a	NonTarget	1	683736
2735.172	n/a	Target	2	683793
2735.396	n/a	NonTarget	1	683849
2735.624	n/a	NonTarget	1	683906
2735.848	n/a	NonTarget	1	683962
2736.076	n/a	NonTarget	1	684019
2736.3	n/a	Target	2	684075
2736.524	n/a	NonTarget	1	684131
2736.752	n/a	NonTarget	1	684188
2736.976	n/a	NonTarget	1	684244
2737.2	n/a	NonTarget	1	684300
2737.428	n/a	Target	2	684357
2737.652	n/a	NonTarget	1	684413
2749.664	n/a	NonTarget	1	687416
2749.892	n/a	NonTarget	1	687473
2750.116	n/a	NonTarget	1	687529
2750.34	n/a	NonTarget	1	687585
2750.564	n/a	NonTarget	1	687641
2750.792	n/a	NonTarget	1	687698
2751.016	n/a	Target	2	687754
2751.244	n/a	NonTarget	1	687811
2751.468	n/a	NonTarget	1	687867
2751.696	n/a	NonTarget	1	687924
2751.92	n/a	NonTarget	1	687980
2752.144	n/a	NonTarget	1	688036
2752.372	n/a	NonTarget	1	688093
2752.596	n/a	NonTarget	1	688149
2752.824	n/a	NonTarget	1	688206
2753.048	n/a	Target	2	688262
2753.272	n/a	NonTarget	1	688318
2753.496	n/a	NonTarget	1	688374
2753.724	n/a	NonTarget	1	688431
2753.948	n/a	NonTarget	1	688487
2754.172	n/a	NonTarget	1	688543
2754.396	n/a	NonTarget	1	688599
2754.624	n/a	NonTarget	1	688656
2754.848	n/a	NonTarget	1	688712
2755.076	n/a	NonTarget	1	688769
2755.3	n/a	NonTarget	1	688825
2755.528	n/a	Target	2	688882
2755.752	n/a	NonTarget	1	688938
2755.98	n/a	NonTarget	1	688995
2756.204	n/a	NonTarget	1	689051
2756.428	n/a	NonTarget	1	689107
2756.652	n/a	NonTarget	1	689163
2756.88	n/a	NonTarget	1	689220
2757.104	n/a	NonTarget	1	689276
2757.328	n/a	NonTarget	1	689332
2757.556	n/a	NonTarget	1	689389
2757.78	n/a	NonTarget	1	689445
2758.004	n/a	Target	2	689501
2758.232	n/a	NonTarget	1	689558
2758.456	n/a	NonTarget	1	689614
2758.684	n/a	NonTarget	1	689671
2758.908	n/a	NonTarget	1	689727
2759.132	n/a	NonTarget	1	689783
2759.356	n/a	NonTarget	1	689839
2759.584	n/a	NonTarget	1	689896
2759.808	n/a	NonTarget	1	689952
2760.036	n/a	NonTarget	1	690009
2760.26	n/a	NonTarget	1	690065
2760.484	n/a	NonTarget	1	690121
2760.712	n/a	NonTarget	1	690178
2760.936	n/a	NonTarget	1	690234
2761.16	n/a	NonTarget	1	690290
2761.388	n/a	Target	2	690347
2761.612	n/a	NonTarget	1	690403
2761.84	n/a	NonTarget	1	690460
2762.064	n/a	NonTarget	1	690516
2762.288	n/a	NonTarget	1	690572
2762.516	n/a	NonTarget	1	690629
2762.74	n/a	NonTarget	1	690685
2762.964	n/a	NonTarget	1	690741
2763.192	n/a	NonTarget	1	690798
2763.416	n/a	NonTarget	1	690854
2763.644	n/a	Target	2	690911
2763.868	n/a	NonTarget	1	690967
2764.092	n/a	NonTarget	1	691023
2764.32	n/a	NonTarget	1	691080
2764.544	n/a	NonTarget	1	691136
2764.772	n/a	NonTarget	1	691193
2764.996	n/a	NonTarget	1	691249
2765.22	n/a	NonTarget	1	691305
2765.444	n/a	NonTarget	1	691361
2765.672	n/a	NonTarget	1	691418
2765.896	n/a	NonTarget	1	691474
2766.124	n/a	Target	2	691531
2766.348	n/a	NonTarget	1	691587
2766.572	n/a	NonTarget	1	691643
2766.8	n/a	NonTarget	1	691700
2767.024	n/a	NonTarget	1	691756
2767.252	n/a	NonTarget	1	691813
2767.476	n/a	Target	2	691869
2767.704	n/a	NonTarget	1	691926
2767.928	n/a	NonTarget	1	691982
2768.152	n/a	NonTarget	1	692038
2768.38	n/a	NonTarget	1	692095
2768.604	n/a	NonTarget	1	692151
2768.828	n/a	NonTarget	1	692207
2769.056	n/a	Target	2	692264
2769.28	n/a	NonTarget	1	692320
2769.508	n/a	NonTarget	1	692377
2769.732	n/a	NonTarget	1	692433
2769.96	n/a	NonTarget	1	692490
2770.184	n/a	NonTarget	1	692546
2770.408	n/a	Target	2	692602
2770.636	n/a	NonTarget	1	692659
2770.86	n/a	NonTarget	1	692715
2771.088	n/a	NonTarget	1	692772
2771.312	n/a	NonTarget	1	692828
2771.54	n/a	NonTarget	1	692885
2771.764	n/a	Target	2	692941
2771.988	n/a	NonTarget	1	692997
2772.216	n/a	NonTarget	1	693054
2772.44	n/a	NonTarget	1	693110
2772.668	n/a	NonTarget	1	693167
2772.892	n/a	Target	2	693223
2773.12	n/a	NonTarget	1	693280
2773.344	n/a	NonTarget	1	693336
2773.568	n/a	NonTarget	1	693392
2773.796	n/a	NonTarget	1	693449
2774.02	n/a	NonTarget	1	693505
2774.248	n/a	NonTarget	1	693562
2774.472	n/a	Target	2	693618
2774.696	n/a	NonTarget	1	693674
2774.924	n/a	NonTarget	1	693731
2775.148	n/a	NonTarget	1	693787
2775.372	n/a	NonTarget	1	693843
2775.6	n/a	Target	2	693900
2775.824	n/a	NonTarget	1	693956
2776.048	n/a	NonTarget	1	694012
2776.272	n/a	NonTarget	1	694068
2776.5	n/a	NonTarget	1	694125
2776.724	n/a	NonTarget	1	694181
2776.952	n/a	Target	2	694238
2777.176	n/a	NonTarget	1	694294
2777.4	n/a	NonTarget	1	694350
2777.624	n/a	NonTarget	1	694406
2777.852	n/a	NonTarget	1	694463
2778.076	n/a	Target	2	694519
2778.304	n/a	NonTarget	1	694576
2778.528	n/a	NonTarget	1	694632
2778.752	n/a	NonTarget	1	694688
2778.98	n/a	NonTarget	1	694745
2779.204	n/a	NonTarget	1	694801
2779.428	n/a	Target	2	694857
2779.656	n/a	NonTarget	1	694914
2779.88	n/a	NonTarget	1	694970
2788.652	n/a	NonTarget	1	697163
2788.876	n/a	NonTarget	1	697219
2789.104	n/a	NonTarget	1	697276
2789.328	n/a	NonTarget	1	697332
2789.552	n/a	Target	2	697388
2789.78	n/a	NonTarget	1	697445
2790.004	n/a	NonTarget	1	697501
2790.228	n/a	NonTarget	1	697557
2790.456	n/a	NonTarget	1	697614
2790.68	n/a	NonTarget	1	697670
2790.904	n/a	NonTarget	1	697726
2791.128	n/a	NonTarget	1	697782
2791.352	n/a	NonTarget	1	697838
2791.58	n/a	Target	2	697895
2791.804	n/a	NonTarget	1	697951
2792.032	n/a	NonTarget	1	698008
2792.256	n/a	NonTarget	1	698064
2792.48	n/a	NonTarget	1	698120
2792.708	n/a	NonTarget	1	698177
2792.932	n/a	NonTarget	1	698233
2793.16	n/a	NonTarget	1	698290
2793.384	n/a	NonTarget	1	698346
2793.608	n/a	Target	2	698402
2793.836	n/a	NonTarget	1	698459
2794.06	n/a	NonTarget	1	698515
2794.284	n/a	NonTarget	1	698571
2794.512	n/a	NonTarget	1	698628
2794.736	n/a	NonTarget	1	698684
2794.964	n/a	NonTarget	1	698741
2795.188	n/a	Target	2	698797
2795.412	n/a	NonTarget	1	698853
2795.64	n/a	NonTarget	1	698910
2795.864	n/a	NonTarget	1	698966
2796.092	n/a	NonTarget	1	699023
2796.316	n/a	NonTarget	1	699079
2796.54	n/a	NonTarget	1	699135
2796.768	n/a	Target	2	699192
2796.992	n/a	NonTarget	1	699248
2797.22	n/a	NonTarget	1	699305
2797.444	n/a	NonTarget	1	699361
2797.668	n/a	NonTarget	1	699417
2797.896	n/a	NonTarget	1	699474
2798.12	n/a	NonTarget	1	699530
2798.348	n/a	NonTarget	1	699587
2798.572	n/a	Target	2	699643
2798.8	n/a	NonTarget	1	699700
2799.024	n/a	NonTarget	1	699756
2799.248	n/a	NonTarget	1	699812
2799.476	n/a	NonTarget	1	699869
2799.7	n/a	Target	2	699925
2799.928	n/a	NonTarget	1	699982
2800.152	n/a	NonTarget	1	700038
2800.376	n/a	NonTarget	1	700094
2800.604	n/a	NonTarget	1	700151
2800.828	n/a	Target	2	700207
2801.052	n/a	NonTarget	1	700263
2801.28	n/a	NonTarget	1	700320
2801.504	n/a	NonTarget	1	700376
2801.732	n/a	NonTarget	1	700433
2801.956	n/a	Target	2	700489
2802.18	n/a	NonTarget	1	700545
2802.408	n/a	NonTarget	1	700602
2802.632	n/a	NonTarget	1	700658
2802.856	n/a	NonTarget	1	700714
2803.084	n/a	NonTarget	1	700771
2803.308	n/a	Target	2	700827
2803.532	n/a	NonTarget	1	700883
2803.76	n/a	NonTarget	1	700940
2803.984	n/a	NonTarget	1	700996
2804.208	n/a	NonTarget	1	701052
2804.436	n/a	Target	2	701109
2804.66	n/a	NonTarget	1	701165
2804.888	n/a	NonTarget	1	701222
2805.112	n/a	NonTarget	1	701278
2805.336	n/a	NonTarget	1	701334
2805.564	n/a	Target	2	701391
2805.788	n/a	NonTarget	1	701447
2806.016	n/a	NonTarget	1	701504
2806.24	n/a	NonTarget	1	701560
2806.468	n/a	NonTarget	1	701617
2806.692	n/a	NonTarget	1	701673
2806.916	n/a	Target	2	701729
2807.144	n/a	NonTarget	1	701786
2807.368	n/a	NonTarget	1	701842
2807.596	n/a	NonTarget	1	701899
2807.82	n/a	NonTarget	1	701955
2808.044	n/a	Target	2	702011
2808.272	n/a	NonTarget	1	702068
2808.496	n/a	NonTarget	1	702124
2808.72	n/a	NonTarget	1	702180
2808.948	n/a	NonTarget	1	702237
2809.172	n/a	Target	2	702293
2809.396	n/a	NonTarget	1	702349
2809.624	n/a	NonTarget	1	702406
2809.848	n/a	NonTarget	1	702462
2810.072	n/a	NonTarget	1	702518
2810.3	n/a	Target	2	702575
2810.524	n/a	NonTarget	1	702631
2810.752	n/a	NonTarget	1	702688
2810.976	n/a	NonTarget	1	702744
2811.204	n/a	NonTarget	1	702801
2811.428	n/a	NonTarget	1	702857
2811.652	n/a	NonTarget	1	702913
2811.88	n/a	NonTarget	1	702970
2812.104	n/a	Target	2	703026
2812.332	n/a	NonTarget	1	703083
2812.556	n/a	NonTarget	1	703139
2812.78	n/a	NonTarget	1	703195
2813.008	n/a	NonTarget	1	703252
2813.232	n/a	NonTarget	1	703308
2813.456	n/a	Target	2	703364
2813.684	n/a	NonTarget	1	703421
2813.908	n/a	NonTarget	1	703477
2814.132	n/a	NonTarget	1	703533
2814.36	n/a	NonTarget	1	703590
2814.584	n/a	Target	2	703646
2814.812	n/a	NonTarget	1	703703
2815.036	n/a	NonTarget	1	703759
2815.26	n/a	NonTarget	1	703815
2815.488	n/a	NonTarget	1	703872
2815.712	n/a	NonTarget	1	703928
2815.936	n/a	Target	2	703984
2816.164	n/a	NonTarget	1	704041
2816.388	n/a	NonTarget	1	704097
2816.616	n/a	NonTarget	1	704154
2816.84	n/a	NonTarget	1	704210
2817.064	n/a	NonTarget	1	704266
2817.292	n/a	Target	2	704323
2817.516	n/a	NonTarget	1	704379
2817.744	n/a	NonTarget	1	704436
2817.968	n/a	NonTarget	1	704492
2818.196	n/a	NonTarget	1	704549
2818.42	n/a	Target	2	704605
2818.644	n/a	NonTarget	1	704661
2831.94	n/a	NonTarget	1	707985
2832.168	n/a	NonTarget	1	708042
2832.392	n/a	NonTarget	1	708098
2832.62	n/a	NonTarget	1	708155
2832.844	n/a	NonTarget	1	708211
2833.068	n/a	NonTarget	1	708267
2833.296	n/a	NonTarget	1	708324
2833.52	n/a	Target	2	708380
2833.744	n/a	NonTarget	1	708436
2833.968	n/a	NonTarget	1	708492
2834.196	n/a	NonTarget	1	708549
2834.42	n/a	NonTarget	1	708605
2834.644	n/a	NonTarget	1	708661
2834.872	n/a	NonTarget	1	708718
2835.096	n/a	Target	2	708774
2835.32	n/a	NonTarget	1	708830
2835.548	n/a	NonTarget	1	708887
2835.772	n/a	NonTarget	1	708943
2835.996	n/a	NonTarget	1	708999
2836.224	n/a	NonTarget	1	709056
2836.448	n/a	NonTarget	1	709112
2836.672	n/a	NonTarget	1	709168
2836.9	n/a	Target	2	709225
2837.124	n/a	NonTarget	1	709281
2837.348	n/a	NonTarget	1	709337
2837.576	n/a	NonTarget	1	709394
2837.8	n/a	NonTarget	1	709450
2838.028	n/a	NonTarget	1	709507
2838.252	n/a	NonTarget	1	709563
2838.476	n/a	Target	2	709619
2838.704	n/a	NonTarget	1	709676
2838.928	n/a	NonTarget	1	709732
2839.156	n/a	NonTarget	1	709789
2839.38	n/a	NonTarget	1	709845
2839.604	n/a	NonTarget	1	709901
2839.828	n/a	Target	2	709957
2840.056	n/a	NonTarget	1	710014
2840.28	n/a	NonTarget	1	710070
2840.504	n/a	NonTarget	1	710126
2840.728	n/a	NonTarget	1	710182
2840.956	n/a	NonTarget	1	710239
2841.18	n/a	NonTarget	1	710295
2841.408	n/a	NonTarget	1	710352
2841.632	n/a	NonTarget	1	710408
2841.86	n/a	NonTarget	1	710465
2842.084	n/a	Target	2	710521
2842.312	n/a	NonTarget	1	710578
2842.536	n/a	NonTarget	1	710634
2842.764	n/a	NonTarget	1	710691
2842.988	n/a	NonTarget	1	710747
2843.212	n/a	Target	2	710803
2843.44	n/a	NonTarget	1	710860
2843.664	n/a	NonTarget	1	710916
2843.892	n/a	NonTarget	1	710973
2844.116	n/a	NonTarget	1	711029
2844.34	n/a	Target	2	711085
2844.568	n/a	NonTarget	1	711142
2844.792	n/a	NonTarget	1	711198
2845.016	n/a	NonTarget	1	711254
2845.244	n/a	NonTarget	1	711311
2845.468	n/a	Target	2	711367
2845.692	n/a	NonTarget	1	711423
2845.92	n/a	NonTarget	1	711480
2846.144	n/a	NonTarget	1	711536
2846.372	n/a	NonTarget	1	711593
2846.596	n/a	Target	2	711649
2846.824	n/a	NonTarget	1	711706
2847.048	n/a	NonTarget	1	711762
2847.272	n/a	NonTarget	1	711818
2847.5	n/a	NonTarget	1	711875
2847.724	n/a	Target	2	711931
2847.952	n/a	NonTarget	1	711988
2848.176	n/a	NonTarget	1	712044
2848.404	n/a	NonTarget	1	712101
2848.628	n/a	NonTarget	1	712157
2848.852	n/a	Target	2	712213
2849.08	n/a	NonTarget	1	712270
2849.304	n/a	NonTarget	1	712326
2849.528	n/a	NonTarget	1	712382
2849.756	n/a	NonTarget	1	712439
2849.98	n/a	Target	2	712495
2850.204	n/a	NonTarget	1	712551
2850.428	n/a	NonTarget	1	712607
2850.656	n/a	NonTarget	1	712664
2850.88	n/a	NonTarget	1	712720
2851.108	n/a	Target	2	712777
2851.332	n/a	NonTarget	1	712833
2851.56	n/a	NonTarget	1	712890
2851.784	n/a	NonTarget	1	712946
2852.008	n/a	NonTarget	1	713002
2852.236	n/a	Target	2	713059
2852.46	n/a	NonTarget	1	713115
2852.688	n/a	NonTarget	1	713172
2852.912	n/a	NonTarget	1	713228
2853.136	n/a	NonTarget	1	713284
2853.364	n/a	Target	2	713341
2853.588	n/a	NonTarget	1	713397
2853.816	n/a	NonTarget	1	713454
2854.04	n/a	NonTarget	1	713510
2854.268	n/a	NonTarget	1	713567
2854.492	n/a	Target	2	713623
2854.716	n/a	NonTarget	1	713679
2854.944	n/a	NonTarget	1	713736
2855.168	n/a	NonTarget	1	713792
2855.392	n/a	NonTarget	1	713848
2855.62	n/a	Target	2	713905
2855.844	n/a	NonTarget	1	713961
2856.072	n/a	NonTarget	1	714018
2856.296	n/a	NonTarget	1	714074
2856.52	n/a	NonTarget	1	714130
2856.748	n/a	Target	2	714187
2856.972	n/a	NonTarget	1	714243
2857.2	n/a	NonTarget	1	714300
2857.424	n/a	NonTarget	1	714356
2857.648	n/a	NonTarget	1	714412
2857.872	n/a	NonTarget	1	714468
2858.1	n/a	NonTarget	1	714525
2858.324	n/a	NonTarget	1	714581
2858.552	n/a	Target	2	714638
2858.776	n/a	NonTarget	1	714694
2859.004	n/a	NonTarget	1	714751
2859.228	n/a	NonTarget	1	714807
2859.452	n/a	NonTarget	1	714863
2859.68	n/a	NonTarget	1	714920
2859.904	n/a	Target	2	714976
2860.132	n/a	NonTarget	1	715033
2860.356	n/a	NonTarget	1	715089
2860.58	n/a	NonTarget	1	715145
2860.808	n/a	NonTarget	1	715202
2861.032	n/a	Target	2	715258
2861.26	n/a	NonTarget	1	715315
2861.484	n/a	NonTarget	1	715371
2861.712	n/a	NonTarget	1	715428
2861.936	n/a	NonTarget	1	715484
2862.164	n/a	NonTarget	1	715541
2870.924	n/a	Target	2	717731
2871.152	n/a	NonTarget	1	717788
2871.376	n/a	NonTarget	1	717844
2871.6	n/a	NonTarget	1	717900
2871.828	n/a	NonTarget	1	717957
2872.052	n/a	NonTarget	1	718013
2872.28	n/a	NonTarget	1	718070
2872.504	n/a	NonTarget	1	718126
2872.728	n/a	NonTarget	1	718182
2872.952	n/a	NonTarget	1	718238
2873.18	n/a	Target	2	718295
2873.404	n/a	NonTarget	1	718351
2873.632	n/a	NonTarget	1	718408
2873.86	n/a	NonTarget	1	718465
2874.084	n/a	NonTarget	1	718521
2874.308	n/a	NonTarget	1	718577
2874.532	n/a	NonTarget	1	718633
2874.76	n/a	NonTarget	1	718690
2874.984	n/a	NonTarget	1	718746
2875.208	n/a	NonTarget	1	718802
2875.436	n/a	NonTarget	1	718859
2875.66	n/a	Target	2	718915
2875.888	n/a	NonTarget	1	718972
2876.112	n/a	NonTarget	1	719028
2876.336	n/a	NonTarget	1	719084
2876.564	n/a	NonTarget	1	719141
2876.788	n/a	NonTarget	1	719197
2877.016	n/a	NonTarget	1	719254
2877.24	n/a	NonTarget	1	719310
2877.468	n/a	NonTarget	1	719367
2877.692	n/a	NonTarget	1	719423
2877.916	n/a	Target	2	719479
2878.144	n/a	NonTarget	1	719536
2878.368	n/a	NonTarget	1	719592
2878.596	n/a	NonTarget	1	719649
2878.82	n/a	NonTarget	1	719705
2879.044	n/a	NonTarget	1	719761
2879.268	n/a	NonTarget	1	719817
2879.496	n/a	NonTarget	1	719874
2879.72	n/a	NonTarget	1	719930
2879.944	n/a	Target	2	719986
2880.172	n/a	NonTarget	1	720043
2880.396	n/a	NonTarget	1	720099
2880.62	n/a	NonTarget	1	720155
2880.844	n/a	NonTarget	1	720211
2881.072	n/a	NonTarget	1	720268
2881.296	n/a	NonTarget	1	720324
2881.52	n/a	NonTarget	1	720380
2881.748	n/a	Target	2	720437
2881.972	n/a	NonTarget	1	720493
2882.196	n/a	NonTarget	1	720549
2882.424	n/a	NonTarget	1	720606
2882.648	n/a	NonTarget	1	720662
2882.872	n/a	NonTarget	1	720718
2883.1	n/a	NonTarget	1	720775
2883.324	n/a	NonTarget	1	720831
2883.552	n/a	NonTarget	1	720888
2883.776	n/a	Target	2	720944
2884.0	n/a	NonTarget	1	721000
2884.228	n/a	NonTarget	1	721057
2884.452	n/a	NonTarget	1	721113
2884.68	n/a	NonTarget	1	721170
2884.904	n/a	NonTarget	1	721226
2885.132	n/a	NonTarget	1	721283
2885.356	n/a	Target	2	721339
2885.58	n/a	NonTarget	1	721395
2885.808	n/a	NonTarget	1	721452
2886.032	n/a	NonTarget	1	721508
2886.26	n/a	NonTarget	1	721565
2886.484	n/a	NonTarget	1	721621
2886.712	n/a	NonTarget	1	721678
2886.936	n/a	NonTarget	1	721734
2887.16	n/a	Target	2	721790
2887.388	n/a	NonTarget	1	721847
2887.612	n/a	NonTarget	1	721903
2887.84	n/a	NonTarget	1	721960
2888.064	n/a	NonTarget	1	722016
2888.288	n/a	NonTarget	1	722072
2888.516	n/a	Target	2	722129
2888.74	n/a	NonTarget	1	722185
2888.964	n/a	NonTarget	1	722241
2889.192	n/a	NonTarget	1	722298
2889.416	n/a	NonTarget	1	722354
2889.64	n/a	NonTarget	1	722410
2889.868	n/a	Target	2	722467
2890.092	n/a	NonTarget	1	722523
2890.316	n/a	NonTarget	1	722579
2890.544	n/a	NonTarget	1	722636
2890.768	n/a	NonTarget	1	722692
2890.996	n/a	NonTarget	1	722749
2891.22	n/a	Target	2	722805
2891.448	n/a	NonTarget	1	722862
2891.672	n/a	NonTarget	1	722918
2891.896	n/a	NonTarget	1	722974
2892.124	n/a	NonTarget	1	723031
2892.348	n/a	Target	2	723087
2892.576	n/a	NonTarget	1	723144
2892.8	n/a	NonTarget	1	723200
2893.024	n/a	NonTarget	1	723256
2893.252	n/a	NonTarget	1	723313
2893.476	n/a	NonTarget	1	723369
2893.7	n/a	NonTarget	1	723425
2893.928	n/a	NonTarget	1	723482
2894.152	n/a	Target	2	723538
2894.376	n/a	NonTarget	1	723594
2894.604	n/a	NonTarget	1	723651
2894.828	n/a	NonTarget	1	723707
2895.052	n/a	NonTarget	1	723763
2895.28	n/a	NonTarget	1	723820
2895.504	n/a	Target	2	723876
2895.728	n/a	NonTarget	1	723932
2895.952	n/a	NonTarget	1	723988
2896.18	n/a	NonTarget	1	724045
2896.404	n/a	NonTarget	1	724101
2896.632	n/a	NonTarget	1	724158
2896.856	n/a	Target	2	724214
2897.08	n/a	NonTarget	1	724270
2897.308	n/a	NonTarget	1	724327
2897.532	n/a	NonTarget	1	724383
2897.76	n/a	NonTarget	1	724440
2897.984	n/a	NonTarget	1	724496
2898.212	n/a	NonTarget	1	724553
2898.436	n/a	Target	2	724609
2898.66	n/a	NonTarget	1	724665
2898.888	n/a	NonTarget	1	724722
2899.112	n/a	NonTarget	1	724778
2899.336	n/a	NonTarget	1	724834
2899.564	n/a	Target	2	724891
2899.788	n/a	NonTarget	1	724947
2900.012	n/a	NonTarget	1	725003
2900.24	n/a	NonTarget	1	725060
2900.464	n/a	NonTarget	1	725116
2900.692	n/a	Target	2	725173
2900.916	n/a	NonTarget	1	725229
2948.748	n/a	NonTarget	1	737187
2948.976	n/a	NonTarget	1	737244
2949.2	n/a	Target	2	737300
2949.428	n/a	NonTarget	1	737357
2949.652	n/a	NonTarget	1	737413
2949.876	n/a	NonTarget	1	737469
2950.1	n/a	NonTarget	1	737525
2950.328	n/a	NonTarget	1	737582
2950.552	n/a	NonTarget	1	737638
2950.78	n/a	NonTarget	1	737695
2951.004	n/a	NonTarget	1	737751
2951.228	n/a	Target	2	737807
2951.452	n/a	NonTarget	1	737863
2951.676	n/a	NonTarget	1	737919
2951.904	n/a	NonTarget	1	737976
2952.128	n/a	NonTarget	1	738032
2952.356	n/a	NonTarget	1	738089
2952.584	n/a	NonTarget	1	738146
2952.808	n/a	NonTarget	1	738202
2953.032	n/a	NonTarget	1	738258
2953.26	n/a	NonTarget	1	738315
2953.484	n/a	Target	2	738371
2953.712	n/a	NonTarget	1	738428
2953.936	n/a	NonTarget	1	738484
2954.16	n/a	NonTarget	1	738540
2954.388	n/a	NonTarget	1	738597
2954.612	n/a	NonTarget	1	738653
2954.84	n/a	NonTarget	1	738710
2955.064	n/a	NonTarget	1	738766
2955.292	n/a	NonTarget	1	738823
2955.516	n/a	NonTarget	1	738879
2955.74	n/a	NonTarget	1	738935
2955.968	n/a	Target	2	738992
2956.192	n/a	NonTarget	1	739048
2956.42	n/a	NonTarget	1	739105
2956.644	n/a	NonTarget	1	739161
2956.868	n/a	NonTarget	1	739217
2957.096	n/a	NonTarget	1	739274
2957.32	n/a	NonTarget	1	739330
2957.544	n/a	NonTarget	1	739386
2957.772	n/a	NonTarget	1	739443
2957.996	n/a	NonTarget	1	739499
2958.22	n/a	Target	2	739555
2958.444	n/a	NonTarget	1	739611
2958.672	n/a	NonTarget	1	739668
2958.896	n/a	NonTarget	1	739724
2959.12	n/a	NonTarget	1	739780
2959.348	n/a	NonTarget	1	739837
2959.572	n/a	Target	2	739893
2959.8	n/a	NonTarget	1	739950
2960.024	n/a	NonTarget	1	740006
2960.248	n/a	NonTarget	1	740062
2960.476	n/a	NonTarget	1	740119
2960.7	n/a	Target	2	740175
2960.928	n/a	NonTarget	1	740232
2961.152	n/a	NonTarget	1	740288
2961.38	n/a	NonTarget	1	740345
2961.604	n/a	NonTarget	1	740401
2961.828	n/a	NonTarget	1	740457
2962.056	n/a	NonTarget	1	740514
2962.28	n/a	Target	2	740570
2962.508	n/a	NonTarget	1	740627
2962.732	n/a	NonTarget	1	740683
2962.956	n/a	NonTarget	1	740739
2963.184	n/a	NonTarget	1	740796
2963.408	n/a	Target	2	740852
2963.636	n/a	NonTarget	1	740909
2963.86	n/a	NonTarget	1	740965
2964.084	n/a	NonTarget	1	741021
2964.312	n/a	NonTarget	1	741078
2964.536	n/a	Target	2	741134
2964.764	n/a	NonTarget	1	741191
2964.988	n/a	NonTarget	1	741247
2965.212	n/a	NonTarget	1	741303
2965.44	n/a	NonTarget	1	741360
2965.664	n/a	Target	2	741416
2965.888	n/a	NonTarget	1	741472
2966.116	n/a	NonTarget	1	741529
2966.34	n/a	NonTarget	1	741585
2966.564	n/a	NonTarget	1	741641
2966.792	n/a	Target	2	741698
2967.016	n/a	NonTarget	1	741754
2967.244	n/a	NonTarget	1	741811
2967.468	n/a	NonTarget	1	741867
2967.696	n/a	NonTarget	1	741924
2967.92	n/a	Target	2	741980
2968.144	n/a	NonTarget	1	742036
2968.372	n/a	NonTarget	1	742093
2968.596	n/a	NonTarget	1	742149
2968.824	n/a	NonTarget	1	742206
2969.048	n/a	NonTarget	1	742262
2969.272	n/a	NonTarget	1	742318
2969.5	n/a	Target	2	742375
2969.724	n/a	NonTarget	1	742431
2969.948	n/a	NonTarget	1	742487
2970.176	n/a	NonTarget	1	742544
2970.4	n/a	NonTarget	1	742600
2970.624	n/a	Target	2	742656
2970.852	n/a	NonTarget	1	742713
2971.076	n/a	NonTarget	1	742769
2971.304	n/a	NonTarget	1	742826
2971.528	n/a	NonTarget	1	742882
2971.752	n/a	Target	2	742938
2971.98	n/a	NonTarget	1	742995
2972.204	n/a	NonTarget	1	743051
2972.428	n/a	NonTarget	1	743107
2972.656	n/a	NonTarget	1	743164
2972.88	n/a	Target	2	743220
2973.108	n/a	NonTarget	1	743277
2973.332	n/a	NonTarget	1	743333
2973.56	n/a	NonTarget	1	743390
2973.784	n/a	NonTarget	1	743446
2974.008	n/a	Target	2	743502
2974.236	n/a	NonTarget	1	743559
2974.46	n/a	NonTarget	1	743615
2974.688	n/a	NonTarget	1	743672
2974.912	n/a	NonTarget	1	743728
2975.14	n/a	Target	2	743785
2975.364	n/a	NonTarget	1	743841
2975.588	n/a	NonTarget	1	743897
2975.816	n/a	NonTarget	1	743954
2976.04	n/a	NonTarget	1	744010
2976.268	n/a	Target	2	744067
2976.492	n/a	NonTarget	1	744123
2976.716	n/a	NonTarget	1	744179
2976.944	n/a	NonTarget	1	744236
2977.168	n/a	NonTarget	1	744292
2977.392	n/a	Target	2	744348
2977.62	n/a	NonTarget	1	744405
2977.844	n/a	NonTarget	1	744461
2978.068	n/a	NonTarget	1	744517
2978.296	n/a	NonTarget	1	744574
2978.524	n/a	Target	2	744631
2978.748	n/a	NonTarget	1	744687
2978.972	n/a	NonTarget	1	744743
2987.74	n/a	NonTarget	1	746935
2987.968	n/a	NonTarget	1	746992
2988.196	n/a	Target	2	747049
2988.42	n/a	NonTarget	1	747105
2988.644	n/a	NonTarget	1	747161
2988.868	n/a	NonTarget	1	747217
2989.096	n/a	NonTarget	1	747274
2989.32	n/a	NonTarget	1	747330
2989.548	n/a	NonTarget	1	747387
2989.772	n/a	NonTarget	1	747443
2989.996	n/a	NonTarget	1	747499
2990.224	n/a	Target	2	747556
2990.448	n/a	NonTarget	1	747612
2990.672	n/a	NonTarget	1	747668
2990.9	n/a	NonTarget	1	747725
2991.124	n/a	NonTarget	1	747781
2991.348	n/a	NonTarget	1	747837
2991.572	n/a	NonTarget	1	747893
2991.8	n/a	NonTarget	1	747950
2992.024	n/a	NonTarget	1	748006
2992.248	n/a	Target	2	748062
2992.476	n/a	NonTarget	1	748119
2992.7	n/a	NonTarget	1	748175
2992.924	n/a	NonTarget	1	748231
2993.152	n/a	NonTarget	1	748288
2993.376	n/a	NonTarget	1	748344
2993.604	n/a	NonTarget	1	748401
2993.832	n/a	NonTarget	1	748458
2994.056	n/a	NonTarget	1	748514
2994.28	n/a	Target	2	748570
2994.504	n/a	NonTarget	1	748626
2994.732	n/a	NonTarget	1	748683
2994.956	n/a	NonTarget	1	748739
2995.18	n/a	NonTarget	1	748795
2995.404	n/a	Target	2	748851
2995.632	n/a	NonTarget	1	748908
2995.856	n/a	NonTarget	1	748964
2996.08	n/a	NonTarget	1	749020
2996.308	n/a	NonTarget	1	749077
2996.532	n/a	NonTarget	1	749133
2996.76	n/a	NonTarget	1	749190
2996.984	n/a	NonTarget	1	749246
2997.208	n/a	Target	2	749302
2997.432	n/a	NonTarget	1	749358
2997.66	n/a	NonTarget	1	749415
2997.884	n/a	NonTarget	1	749471
2998.108	n/a	NonTarget	1	749527
2998.336	n/a	Target	2	749584
2998.56	n/a	NonTarget	1	749640
2998.784	n/a	NonTarget	1	749696
2999.012	n/a	NonTarget	1	749753
2999.236	n/a	NonTarget	1	749809
2999.464	n/a	NonTarget	1	749866
2999.688	n/a	Target	2	749922
2999.912	n/a	NonTarget	1	749978
3000.14	n/a	NonTarget	1	750035
3000.364	n/a	NonTarget	1	750091
3000.592	n/a	NonTarget	1	750148
3000.816	n/a	Target	2	750204
3001.044	n/a	NonTarget	1	750261
3001.268	n/a	NonTarget	1	750317
3001.492	n/a	NonTarget	1	750373
3001.72	n/a	NonTarget	1	750430
3001.944	n/a	Target	2	750486
3002.172	n/a	NonTarget	1	750543
3002.396	n/a	NonTarget	1	750599
3002.62	n/a	NonTarget	1	750655
3002.844	n/a	NonTarget	1	750711
3003.072	n/a	Target	2	750768
3003.296	n/a	NonTarget	1	750824
3003.524	n/a	NonTarget	1	750881
3003.748	n/a	NonTarget	1	750937
3003.972	n/a	NonTarget	1	750993
3004.2	n/a	Target	2	751050
3004.424	n/a	NonTarget	1	751106
3004.648	n/a	NonTarget	1	751162
3004.876	n/a	NonTarget	1	751219
3005.1	n/a	NonTarget	1	751275
3005.328	n/a	Target	2	751332
3005.552	n/a	NonTarget	1	751388
3005.78	n/a	NonTarget	1	751445
3006.004	n/a	NonTarget	1	751501
3006.228	n/a	NonTarget	1	751557
3006.456	n/a	Target	2	751614
3006.68	n/a	NonTarget	1	751670
3006.908	n/a	NonTarget	1	751727
3007.132	n/a	NonTarget	1	751783
3007.356	n/a	NonTarget	1	751839
3007.584	n/a	Target	2	751896
3007.808	n/a	NonTarget	1	751952
3008.032	n/a	NonTarget	1	752008
3008.26	n/a	NonTarget	1	752065
3008.484	n/a	NonTarget	1	752121
3008.712	n/a	Target	2	752178
3008.936	n/a	NonTarget	1	752234
3009.16	n/a	NonTarget	1	752290
3009.388	n/a	NonTarget	1	752347
3009.612	n/a	NonTarget	1	752403
3009.836	n/a	NonTarget	1	752459
3010.064	n/a	Target	2	752516
3010.288	n/a	NonTarget	1	752572
3010.512	n/a	NonTarget	1	752628
3010.74	n/a	NonTarget	1	752685
3010.964	n/a	NonTarget	1	752741
3011.192	n/a	Target	2	752798
3011.416	n/a	NonTarget	1	752854
3011.64	n/a	NonTarget	1	752910
3011.868	n/a	NonTarget	1	752967
3012.092	n/a	NonTarget	1	753023
3012.316	n/a	NonTarget	1	753079
3012.544	n/a	NonTarget	1	753136
3012.768	n/a	Target	2	753192
3012.996	n/a	NonTarget	1	753249
3013.22	n/a	NonTarget	1	753305
3013.448	n/a	NonTarget	1	753362
3013.672	n/a	NonTarget	1	753418
3013.896	n/a	NonTarget	1	753474
3014.124	n/a	Target	2	753531
3014.348	n/a	NonTarget	1	753587
3014.572	n/a	NonTarget	1	753643
3014.8	n/a	NonTarget	1	753700
3015.024	n/a	NonTarget	1	753756
3015.248	n/a	Target	2	753812
3015.476	n/a	NonTarget	1	753869
3015.7	n/a	NonTarget	1	753925
3015.928	n/a	NonTarget	1	753982
3016.152	n/a	NonTarget	1	754038
3016.376	n/a	Target	2	754094
3016.604	n/a	NonTarget	1	754151
3016.828	n/a	NonTarget	1	754207
3017.052	n/a	NonTarget	1	754263
3017.28	n/a	NonTarget	1	754320
3017.504	n/a	Target	2	754376
3017.732	n/a	NonTarget	1	754433
3017.956	n/a	NonTarget	1	754489
3032.388	n/a	NonTarget	1	758097
3032.612	n/a	NonTarget	1	758153
3032.84	n/a	NonTarget	1	758210
3033.064	n/a	NonTarget	1	758266
3033.288	n/a	Target	2	758322
3033.512	n/a	NonTarget	1	758378
3033.74	n/a	NonTarget	1	758435
3033.964	n/a	NonTarget	1	758491
3034.192	n/a	NonTarget	1	758548
3034.416	n/a	NonTarget	1	758604
3034.644	n/a	NonTarget	1	758661
3034.868	n/a	NonTarget	1	758717
3035.092	n/a	Target	2	758773
3035.32	n/a	NonTarget	1	758830
3035.544	n/a	NonTarget	1	758886
3035.772	n/a	NonTarget	1	758943
3035.996	n/a	NonTarget	1	758999
3036.22	n/a	NonTarget	1	759055
3036.448	n/a	NonTarget	1	759112
3036.672	n/a	NonTarget	1	759168
3036.9	n/a	NonTarget	1	759225
3037.124	n/a	NonTarget	1	759281
3037.348	n/a	NonTarget	1	759337
3037.576	n/a	Target	2	759394
3037.8	n/a	NonTarget	1	759450
3038.024	n/a	NonTarget	1	759506
3038.252	n/a	NonTarget	1	759563
3038.476	n/a	NonTarget	1	759619
3038.704	n/a	NonTarget	1	759676
3038.928	n/a	NonTarget	1	759732
3039.156	n/a	NonTarget	1	759789
3039.38	n/a	Target	2	759845
3039.604	n/a	NonTarget	1	759901
3039.832	n/a	NonTarget	1	759958
3040.056	n/a	NonTarget	1	760014
3040.28	n/a	NonTarget	1	760070
3040.504	n/a	NonTarget	1	760126
3040.732	n/a	NonTarget	1	760183
3040.956	n/a	NonTarget	1	760239
3041.18	n/a	NonTarget	1	760295
3041.404	n/a	Target	2	760351
3041.632	n/a	NonTarget	1	760408
3041.856	n/a	NonTarget	1	760464
3042.08	n/a	NonTarget	1	760520
3042.308	n/a	NonTarget	1	760577
3042.532	n/a	NonTarget	1	760633
3042.756	n/a	NonTarget	1	760689
3042.984	n/a	Target	2	760746
3043.212	n/a	NonTarget	1	760803
3043.436	n/a	NonTarget	1	760859
3043.66	n/a	NonTarget	1	760915
3043.888	n/a	NonTarget	1	760972
3044.112	n/a	NonTarget	1	761028
3044.34	n/a	Target	2	761085
3044.564	n/a	NonTarget	1	761141
3044.788	n/a	NonTarget	1	761197
3045.012	n/a	NonTarget	1	761253
3045.24	n/a	NonTarget	1	761310
3045.464	n/a	Target	2	761366
3045.692	n/a	NonTarget	1	761423
3045.916	n/a	NonTarget	1	761479
3046.14	n/a	NonTarget	1	761535
3046.368	n/a	NonTarget	1	761592
3046.592	n/a	Target	2	761648
3046.816	n/a	NonTarget	1	761704
3047.044	n/a	NonTarget	1	761761
3047.268	n/a	NonTarget	1	761817
3047.496	n/a	NonTarget	1	761874
3047.72	n/a	Target	2	761930
3047.948	n/a	NonTarget	1	761987
3048.172	n/a	NonTarget	1	762043
3048.396	n/a	NonTarget	1	762099
3048.624	n/a	NonTarget	1	762156
3048.848	n/a	Target	2	762212
3049.076	n/a	NonTarget	1	762269
3049.3	n/a	NonTarget	1	762325
3049.524	n/a	NonTarget	1	762381
3049.752	n/a	NonTarget	1	762438
3049.976	n/a	NonTarget	1	762494
3050.204	n/a	NonTarget	1	762551
3050.428	n/a	NonTarget	1	762607
3050.656	n/a	NonTarget	1	762664
3050.88	n/a	Target	2	762720
3051.104	n/a	NonTarget	1	762776
3051.328	n/a	NonTarget	1	762832
3051.556	n/a	NonTarget	1	762889
3051.78	n/a	NonTarget	1	762945
3052.008	n/a	NonTarget	1	763002
3052.232	n/a	Target	2	763058
3052.456	n/a	NonTarget	1	763114
3052.684	n/a	NonTarget	1	763171
3052.908	n/a	NonTarget	1	763227
3053.132	n/a	NonTarget	1	763283
3053.36	n/a	NonTarget	1	763340
3053.584	n/a	Target	2	763396
3053.812	n/a	NonTarget	1	763453
3054.036	n/a	NonTarget	1	763509
3054.26	n/a	NonTarget	1	763565
3054.488	n/a	NonTarget	1	763622
3054.712	n/a	Target	2	763678
3054.94	n/a	NonTarget	1	763735
3055.164	n/a	NonTarget	1	763791
3055.392	n/a	NonTarget	1	763848
3055.616	n/a	NonTarget	1	763904
3055.84	n/a	NonTarget	1	763960
3056.068	n/a	NonTarget	1	764017
3056.292	n/a	NonTarget	1	764073
3056.52	n/a	NonTarget	1	764130
3056.744	n/a	Target	2	764186
3056.968	n/a	NonTarget	1	764242
3057.192	n/a	NonTarget	1	764298
3057.42	n/a	NonTarget	1	764355
3057.644	n/a	NonTarget	1	764411
3057.872	n/a	Target	2	764468
3058.096	n/a	NonTarget	1	764524
3058.32	n/a	NonTarget	1	764580
3058.548	n/a	NonTarget	1	764637
3058.772	n/a	NonTarget	1	764693
3058.996	n/a	Target	2	764749
3059.224	n/a	NonTarget	1	764806
3059.448	n/a	NonTarget	1	764862
3059.676	n/a	NonTarget	1	764919
3059.9	n/a	NonTarget	1	764975
3060.128	n/a	NonTarget	1	765032
3060.352	n/a	NonTarget	1	765088
3060.576	n/a	Target	2	765144
3060.804	n/a	NonTarget	1	765201
3061.028	n/a	NonTarget	1	765257
3061.256	n/a	NonTarget	1	765314
3061.48	n/a	NonTarget	1	765370
3061.704	n/a	Target	2	765426
3061.932	n/a	NonTarget	1	765483
3062.156	n/a	NonTarget	1	765539
3062.384	n/a	NonTarget	1	765596
3062.608	n/a	NonTarget	1	765652
3071.376	n/a	Target	2	767844
3071.6	n/a	NonTarget	1	767900
3071.828	n/a	NonTarget	1	767957
3072.052	n/a	NonTarget	1	768013
3072.28	n/a	NonTarget	1	768070
3072.504	n/a	NonTarget	1	768126
3072.728	n/a	NonTarget	1	768182
3072.956	n/a	NonTarget	1	768239
3073.18	n/a	NonTarget	1	768295
3073.408	n/a	NonTarget	1	768352
3073.632	n/a	Target	2	768408
3073.856	n/a	NonTarget	1	768464
3074.084	n/a	NonTarget	1	768521
3074.308	n/a	NonTarget	1	768577
3074.536	n/a	NonTarget	1	768634
3074.76	n/a	NonTarget	1	768690
3074.984	n/a	NonTarget	1	768746
3075.212	n/a	NonTarget	1	768803
3075.436	n/a	NonTarget	1	768859
3075.664	n/a	NonTarget	1	768916
3075.888	n/a	NonTarget	1	768972
3076.112	n/a	Target	2	769028
3076.336	n/a	NonTarget	1	769084
3076.564	n/a	NonTarget	1	769141
3076.788	n/a	NonTarget	1	769197
3077.012	n/a	NonTarget	1	769253
3077.24	n/a	NonTarget	1	769310
3077.464	n/a	NonTarget	1	769366
3077.688	n/a	NonTarget	1	769422
3077.916	n/a	NonTarget	1	769479
3078.14	n/a	NonTarget	1	769535
3078.368	n/a	NonTarget	1	769592
3078.592	n/a	NonTarget	1	769648
3078.82	n/a	Target	2	769705
3079.044	n/a	NonTarget	1	769761
3079.268	n/a	NonTarget	1	769817
3079.496	n/a	NonTarget	1	769874
3079.72	n/a	NonTarget	1	769930
3079.948	n/a	NonTarget	1	769987
3080.172	n/a	NonTarget	1	770043
3080.4	n/a	NonTarget	1	770100
3080.624	n/a	Target	2	770156
3080.852	n/a	NonTarget	1	770213
3081.076	n/a	NonTarget	1	770269
3081.3	n/a	NonTarget	1	770325
3081.528	n/a	NonTarget	1	770382
3081.752	n/a	Target	2	770438
3081.98	n/a	NonTarget	1	770495
3082.204	n/a	NonTarget	1	770551
3082.432	n/a	NonTarget	1	770608
3082.656	n/a	NonTarget	1	770664
3082.88	n/a	NonTarget	1	770720
3083.108	n/a	NonTarget	1	770777
3083.332	n/a	NonTarget	1	770833
3083.56	n/a	NonTarget	1	770890
3083.784	n/a	NonTarget	1	770946
3084.008	n/a	Target	2	771002
3084.236	n/a	NonTarget	1	771059
3084.46	n/a	NonTarget	1	771115
3084.684	n/a	NonTarget	1	771171
3084.912	n/a	NonTarget	1	771228
3085.136	n/a	NonTarget	1	771284
3085.364	n/a	NonTarget	1	771341
3085.588	n/a	NonTarget	1	771397
3085.812	n/a	NonTarget	1	771453
3086.04	n/a	NonTarget	1	771510
3086.264	n/a	Target	2	771566
3086.488	n/a	NonTarget	1	771622
3086.716	n/a	NonTarget	1	771679
3086.94	n/a	NonTarget	1	771735
3087.164	n/a	NonTarget	1	771791
3087.392	n/a	Target	2	771848
3087.616	n/a	NonTarget	1	771904
3087.844	n/a	NonTarget	1	771961
3088.068	n/a	NonTarget	1	772017
3088.296	n/a	NonTarget	1	772074
3088.52	n/a	NonTarget	1	772130
3088.748	n/a	Target	2	772187
3088.972	n/a	NonTarget	1	772243
3089.196	n/a	NonTarget	1	772299
3089.42	n/a	NonTarget	1	772355
3089.648	n/a	NonTarget	1	772412
3089.872	n/a	NonTarget	1	772468
3090.1	n/a	Target	2	772525
3090.324	n/a	NonTarget	1	772581
3090.548	n/a	NonTarget	1	772637
3090.776	n/a	NonTarget	1	772694
3091.0	n/a	NonTarget	1	772750
3091.224	n/a	NonTarget	1	772806
3091.452	n/a	NonTarget	1	772863
3091.676	n/a	Target	2	772919
3091.904	n/a	NonTarget	1	772976
3092.128	n/a	NonTarget	1	773032
3092.352	n/a	NonTarget	1	773088
3092.58	n/a	NonTarget	1	773145
3092.804	n/a	NonTarget	1	773201
3093.028	n/a	Target	2	773257
3093.256	n/a	NonTarget	1	773314
3093.48	n/a	NonTarget	1	773370
3093.704	n/a	NonTarget	1	773426
3093.932	n/a	NonTarget	1	773483
3094.156	n/a	Target	2	773539
3094.38	n/a	NonTarget	1	773595
3094.608	n/a	NonTarget	1	773652
3094.832	n/a	NonTarget	1	773708
3095.06	n/a	NonTarget	1	773765
3095.284	n/a	NonTarget	1	773821
3095.508	n/a	NonTarget	1	773877
3095.736	n/a	Target	2	773934
3095.96	n/a	NonTarget	1	773990
3096.188	n/a	NonTarget	1	774047
3096.412	n/a	NonTarget	1	774103
3096.636	n/a	NonTarget	1	774159
3096.864	n/a	NonTarget	1	774216
3097.088	n/a	Target	2	774272
3097.312	n/a	NonTarget	1	774328
3097.54	n/a	NonTarget	1	774385
3097.764	n/a	NonTarget	1	774441
3097.988	n/a	NonTarget	1	774497
3098.216	n/a	NonTarget	1	774554
3098.44	n/a	Target	2	774610
3098.668	n/a	NonTarget	1	774667
3098.892	n/a	NonTarget	1	774723
3099.116	n/a	NonTarget	1	774779
3099.344	n/a	NonTarget	1	774836
3099.568	n/a	NonTarget	1	774892
3099.792	n/a	Target	2	774948
3100.02	n/a	NonTarget	1	775005
3100.244	n/a	NonTarget	1	775061
3100.472	n/a	NonTarget	1	775118
3100.696	n/a	NonTarget	1	775174
3100.924	n/a	Target	2	775231
3101.148	n/a	NonTarget	1	775287
3101.372	n/a	NonTarget	1	775343
3101.6	n/a	NonTarget	1	775400
3167.352	n/a	NonTarget	1	791838
3167.58	n/a	NonTarget	1	791895
3167.804	n/a	NonTarget	1	791951
3168.028	n/a	NonTarget	1	792007
3168.256	n/a	NonTarget	1	792064
3168.48	n/a	NonTarget	1	792120
3168.704	n/a	NonTarget	1	792176
3168.932	n/a	NonTarget	1	792233
3169.156	n/a	Target	2	792289
3169.384	n/a	NonTarget	1	792346
3169.608	n/a	NonTarget	1	792402
3169.836	n/a	NonTarget	1	792459
3170.06	n/a	NonTarget	1	792515
3170.284	n/a	NonTarget	1	792571
3170.512	n/a	NonTarget	1	792628
3170.736	n/a	Target	2	792684
3170.96	n/a	NonTarget	1	792740
3171.188	n/a	NonTarget	1	792797
3171.412	n/a	NonTarget	1	792853
3171.64	n/a	NonTarget	1	792910
3171.864	n/a	NonTarget	1	792966
3172.092	n/a	NonTarget	1	793023
3172.316	n/a	NonTarget	1	793079
3172.54	n/a	NonTarget	1	793135
3172.768	n/a	NonTarget	1	793192
3172.992	n/a	NonTarget	1	793248
3173.216	n/a	NonTarget	1	793304
3173.444	n/a	Target	2	793361
3173.668	n/a	NonTarget	1	793417
3173.892	n/a	NonTarget	1	793473
3174.12	n/a	NonTarget	1	793530
3174.344	n/a	NonTarget	1	793586
3174.568	n/a	NonTarget	1	793642
3174.796	n/a	NonTarget	1	793699
3175.02	n/a	Target	2	793755
3175.244	n/a	NonTarget	1	793811
3175.472	n/a	NonTarget	1	793868
3175.696	n/a	NonTarget	1	793924
3175.92	n/a	NonTarget	1	793980
3176.148	n/a	NonTarget	1	794037
3176.372	n/a	NonTarget	1	794093
3176.596	n/a	Target	2	794149
3176.824	n/a	NonTarget	1	794206
3177.048	n/a	NonTarget	1	794262
3177.272	n/a	NonTarget	1	794318
3177.5	n/a	NonTarget	1	794375
3177.724	n/a	Target	2	794431
3177.948	n/a	NonTarget	1	794487
3178.176	n/a	NonTarget	1	794544
3178.4	n/a	NonTarget	1	794600
3178.628	n/a	NonTarget	1	794657
3178.852	n/a	NonTarget	1	794713
3179.076	n/a	NonTarget	1	794769
3179.304	n/a	NonTarget	1	794826
3179.528	n/a	Target	2	794882
3179.756	n/a	NonTarget	1	794939
3179.98	n/a	NonTarget	1	794995
3180.208	n/a	NonTarget	1	795052
3180.432	n/a	NonTarget	1	795108
3180.656	n/a	NonTarget	1	795164
3180.884	n/a	NonTarget	1	795221
3181.108	n/a	Target	2	795277
3181.332	n/a	NonTarget	1	795333
3181.56	n/a	NonTarget	1	795390
3181.784	n/a	NonTarget	1	795446
3182.008	n/a	NonTarget	1	795502
3182.236	n/a	NonTarget	1	795559
3182.46	n/a	Target	2	795615
3182.688	n/a	NonTarget	1	795672
3182.912	n/a	NonTarget	1	795728
3183.136	n/a	NonTarget	1	795784
3183.364	n/a	NonTarget	1	795841
3183.588	n/a	Target	2	795897
3183.812	n/a	NonTarget	1	795953
3184.04	n/a	NonTarget	1	796010
3184.264	n/a	NonTarget	1	796066
3184.492	n/a	NonTarget	1	796123
3184.716	n/a	NonTarget	1	796179
3184.94	n/a	Target	2	796235
3185.168	n/a	NonTarget	1	796292
3185.392	n/a	NonTarget	1	796348
3185.62	n/a	NonTarget	1	796405
3185.844	n/a	NonTarget	1	796461
3186.072	n/a	Target	2	796518
3186.296	n/a	NonTarget	1	796574
3186.52	n/a	NonTarget	1	796630
3186.744	n/a	NonTarget	1	796686
3186.972	n/a	NonTarget	1	796743
3187.196	n/a	Target	2	796799
3187.424	n/a	NonTarget	1	796856
3187.648	n/a	NonTarget	1	796912
3187.872	n/a	NonTarget	1	796968
3188.1	n/a	NonTarget	1	797025
3188.324	n/a	Target	2	797081
3188.548	n/a	NonTarget	1	797137
3188.776	n/a	NonTarget	1	797194
3189.0	n/a	NonTarget	1	797250
3189.224	n/a	NonTarget	1	797306
3189.448	n/a	Target	2	797362
3189.676	n/a	NonTarget	1	797419
3189.9	n/a	NonTarget	1	797475
3190.128	n/a	NonTarget	1	797532
3190.352	n/a	NonTarget	1	797588
3190.58	n/a	Target	2	797645
3190.804	n/a	NonTarget	1	797701
3191.028	n/a	NonTarget	1	797757
3191.256	n/a	NonTarget	1	797814
3191.48	n/a	NonTarget	1	797870
3191.708	n/a	Target	2	797927
3191.932	n/a	NonTarget	1	797983
3192.156	n/a	NonTarget	1	798039
3192.384	n/a	NonTarget	1	798096
3192.608	n/a	NonTarget	1	798152
3192.836	n/a	NonTarget	1	798209
3193.06	n/a	NonTarget	1	798265
3193.284	n/a	Target	2	798321
3193.512	n/a	NonTarget	1	798378
3193.736	n/a	NonTarget	1	798434
3193.964	n/a	NonTarget	1	798491
3194.188	n/a	NonTarget	1	798547
3194.412	n/a	Target	2	798603
3194.64	n/a	NonTarget	1	798660
3194.864	n/a	NonTarget	1	798716
3195.092	n/a	NonTarget	1	798773
3195.316	n/a	NonTarget	1	798829
3195.54	n/a	Target	2	798885
3195.764	n/a	NonTarget	1	798941
3195.992	n/a	NonTarget	1	798998
3196.216	n/a	NonTarget	1	799054
3196.444	n/a	NonTarget	1	799111
3196.668	n/a	Target	2	799167
3196.892	n/a	NonTarget	1	799223
3197.12	n/a	NonTarget	1	799280
3197.348	n/a	NonTarget	1	799337
3197.572	n/a	NonTarget	1	799393
3206.32	n/a	NonTarget	1	801580
3206.544	n/a	NonTarget	1	801636
3206.772	n/a	NonTarget	1	801693
3206.996	n/a	Target	2	801749
3207.22	n/a	NonTarget	1	801805
3207.448	n/a	NonTarget	1	801862
3207.672	n/a	NonTarget	1	801918
3207.896	n/a	NonTarget	1	801974
3208.124	n/a	NonTarget	1	802031
3208.348	n/a	NonTarget	1	802087
3208.572	n/a	Target	2	802143
3208.8	n/a	NonTarget	1	802200
3209.024	n/a	NonTarget	1	802256
3209.248	n/a	NonTarget	1	802312
3209.476	n/a	NonTarget	1	802369
3209.7	n/a	NonTarget	1	802425
3209.928	n/a	NonTarget	1	802482
3210.152	n/a	NonTarget	1	802538
3210.376	n/a	NonTarget	1	802594
3210.604	n/a	NonTarget	1	802651
3210.828	n/a	NonTarget	1	802707
3211.052	n/a	NonTarget	1	802763
3211.28	n/a	Target	2	802820
3211.504	n/a	NonTarget	1	802876
3211.728	n/a	NonTarget	1	802932
3211.956	n/a	NonTarget	1	802989
3212.18	n/a	NonTarget	1	803045
3212.408	n/a	NonTarget	1	803102
3212.632	n/a	NonTarget	1	803158
3212.856	n/a	NonTarget	1	803214
3213.084	n/a	Target	2	803271
3213.308	n/a	NonTarget	1	803327
3213.536	n/a	NonTarget	1	803384
3213.76	n/a	NonTarget	1	803440
3213.984	n/a	NonTarget	1	803496
3214.212	n/a	NonTarget	1	803553
3214.436	n/a	NonTarget	1	803609
3214.664	n/a	NonTarget	1	803666
3214.888	n/a	NonTarget	1	803722
3215.116	n/a	NonTarget	1	803779
3215.34	n/a	Target	2	803835
3215.568	n/a	NonTarget	1	803892
3215.792	n/a	NonTarget	1	803948
3216.016	n/a	NonTarget	1	804004
3216.244	n/a	NonTarget	1	804061
3216.468	n/a	NonTarget	1	804117
3216.696	n/a	NonTarget	1	804174
3216.92	n/a	Target	2	804230
3217.148	n/a	NonTarget	1	804287
3217.372	n/a	NonTarget	1	804343
3217.596	n/a	NonTarget	1	804399
3217.82	n/a	NonTarget	1	804455
3218.048	n/a	Target	2	804512
3218.272	n/a	NonTarget	1	804568
3218.5	n/a	NonTarget	1	804625
3218.724	n/a	NonTarget	1	804681
3218.948	n/a	NonTarget	1	804737
3219.176	n/a	Target	2	804794
3219.4	n/a	NonTarget	1	804850
3219.624	n/a	NonTarget	1	804906
3219.848	n/a	NonTarget	1	804962
3220.076	n/a	NonTarget	1	805019
3220.3	n/a	Target	2	805075
3220.528	n/a	NonTarget	1	805132
3220.752	n/a	NonTarget	1	805188
3220.98	n/a	NonTarget	1	805245
3221.204	n/a	NonTarget	1	805301
3221.432	n/a	Target	2	805358
3221.656	n/a	NonTarget	1	805414
3221.884	n/a	NonTarget	1	805471
3222.108	n/a	NonTarget	1	805527
3222.332	n/a	NonTarget	1	805583
3222.56	n/a	Target	2	805640
3222.784	n/a	NonTarget	1	805696
3223.008	n/a	NonTarget	1	805752
3223.236	n/a	NonTarget	1	805809
3223.46	n/a	NonTarget	1	805865
3223.684	n/a	NonTarget	1	805921
3223.912	n/a	Target	2	805978
3224.136	n/a	NonTarget	1	806034
3224.364	n/a	NonTarget	1	806091
3224.588	n/a	NonTarget	1	806147
3224.816	n/a	NonTarget	1	806204
3225.04	n/a	Target	2	806260
3225.264	n/a	NonTarget	1	806316
3225.492	n/a	NonTarget	1	806373
3225.716	n/a	NonTarget	1	806429
3225.944	n/a	NonTarget	1	806486
3226.168	n/a	Target	2	806542
3226.396	n/a	NonTarget	1	806599
3226.62	n/a	NonTarget	1	806655
3226.844	n/a	NonTarget	1	806711
3227.072	n/a	NonTarget	1	806768
3227.296	n/a	Target	2	806824
3227.524	n/a	NonTarget	1	806881
3227.748	n/a	NonTarget	1	806937
3227.972	n/a	NonTarget	1	806993
3228.2	n/a	NonTarget	1	807050
3228.424	n/a	Target	2	807106
3228.652	n/a	NonTarget	1	807163
3228.876	n/a	NonTarget	1	807219
3229.104	n/a	NonTarget	1	807276
3229.328	n/a	NonTarget	1	807332
3229.552	n/a	Target	2	807388
3229.78	n/a	NonTarget	1	807445
3230.004	n/a	NonTarget	1	807501
3230.228	n/a	NonTarget	1	807557
3230.456	n/a	NonTarget	1	807614
3230.68	n/a	Target	2	807670
3230.904	n/a	NonTarget	1	807726
3231.132	n/a	NonTarget	1	807783
3231.356	n/a	NonTarget	1	807839
3231.584	n/a	NonTarget	1	807896
3231.808	n/a	Target	2	807952
3232.032	n/a	NonTarget	1	808008
3232.26	n/a	NonTarget	1	808065
3232.484	n/a	NonTarget	1	808121
3232.708	n/a	NonTarget	1	808177
3232.936	n/a	Target	2	808234
3233.16	n/a	NonTarget	1	808290
3233.388	n/a	NonTarget	1	808347
3233.612	n/a	NonTarget	1	808403
3233.836	n/a	NonTarget	1	808459
3234.06	n/a	Target	2	808515
3234.288	n/a	NonTarget	1	808572
3234.512	n/a	NonTarget	1	808628
3234.74	n/a	NonTarget	1	808685
3234.964	n/a	NonTarget	1	808741
3235.188	n/a	NonTarget	1	808797
3235.416	n/a	Target	2	808854
3235.64	n/a	NonTarget	1	808910
3235.864	n/a	NonTarget	1	808966
3236.092	n/a	NonTarget	1	809023
3236.316	n/a	NonTarget	1	809079
3236.544	n/a	Target	2	809136
3249.2	n/a	Target	2	812300
3249.428	n/a	NonTarget	1	812357
3249.652	n/a	NonTarget	1	812413
3249.876	n/a	NonTarget	1	812469
3250.104	n/a	NonTarget	1	812526
3250.328	n/a	NonTarget	1	812582
3250.556	n/a	NonTarget	1	812639
3250.78	n/a	NonTarget	1	812695
3251.004	n/a	NonTarget	1	812751
3251.228	n/a	NonTarget	1	812807
3251.456	n/a	Target	2	812864
3251.68	n/a	NonTarget	1	812920
3251.904	n/a	NonTarget	1	812976
3252.132	n/a	NonTarget	1	813033
3252.356	n/a	NonTarget	1	813089
3252.584	n/a	NonTarget	1	813146
3252.808	n/a	NonTarget	1	813202
3253.032	n/a	NonTarget	1	813258
3253.256	n/a	NonTarget	1	813314
3253.484	n/a	NonTarget	1	813371
3253.708	n/a	NonTarget	1	813427
3253.936	n/a	NonTarget	1	813484
3254.16	n/a	NonTarget	1	813540
3254.388	n/a	Target	2	813597
3254.612	n/a	NonTarget	1	813653
3254.836	n/a	NonTarget	1	813709
3255.064	n/a	NonTarget	1	813766
3255.288	n/a	NonTarget	1	813822
3255.512	n/a	NonTarget	1	813878
3255.736	n/a	Target	2	813934
3255.964	n/a	NonTarget	1	813991
3256.188	n/a	NonTarget	1	814047
3256.412	n/a	NonTarget	1	814103
3256.64	n/a	NonTarget	1	814160
3256.868	n/a	NonTarget	1	814217
3257.092	n/a	NonTarget	1	814273
3257.316	n/a	NonTarget	1	814329
3257.54	n/a	NonTarget	1	814385
3257.768	n/a	Target	2	814442
3257.992	n/a	NonTarget	1	814498
3258.22	n/a	NonTarget	1	814555
3258.444	n/a	NonTarget	1	814611
3258.672	n/a	NonTarget	1	814668
3258.896	n/a	NonTarget	1	814724
3259.124	n/a	NonTarget	1	814781
3259.348	n/a	NonTarget	1	814837
3259.572	n/a	NonTarget	1	814893
3259.8	n/a	NonTarget	1	814950
3260.024	n/a	NonTarget	1	815006
3260.248	n/a	NonTarget	1	815062
3260.476	n/a	NonTarget	1	815119
3260.704	n/a	Target	2	815176
3260.928	n/a	NonTarget	1	815232
3261.152	n/a	NonTarget	1	815288
3261.38	n/a	NonTarget	1	815345
3261.604	n/a	NonTarget	1	815401
3261.832	n/a	Target	2	815458
3262.056	n/a	NonTarget	1	815514
3262.28	n/a	NonTarget	1	815570
3262.508	n/a	NonTarget	1	815627
3262.732	n/a	NonTarget	1	815683
3262.96	n/a	NonTarget	1	815740
3263.184	n/a	NonTarget	1	815796
3263.408	n/a	Target	2	815852
3263.636	n/a	NonTarget	1	815909
3263.86	n/a	NonTarget	1	815965
3264.088	n/a	NonTarget	1	816022
3264.312	n/a	NonTarget	1	816078
3264.536	n/a	NonTarget	1	816134
3264.764	n/a	NonTarget	1	816191
3264.988	n/a	Target	2	816247
3265.212	n/a	NonTarget	1	816303
3265.44	n/a	NonTarget	1	816360
3265.664	n/a	NonTarget	1	816416
3265.892	n/a	NonTarget	1	816473
3266.116	n/a	NonTarget	1	816529
3266.34	n/a	Target	2	816585
3266.568	n/a	NonTarget	1	816642
3266.792	n/a	NonTarget	1	816698
3267.016	n/a	NonTarget	1	816754
3267.244	n/a	NonTarget	1	816811
3267.468	n/a	NonTarget	1	816867
3267.692	n/a	Target	2	816923
3267.92	n/a	NonTarget	1	816980
3268.144	n/a	NonTarget	1	817036
3268.372	n/a	NonTarget	1	817093
3268.596	n/a	NonTarget	1	817149
3268.824	n/a	NonTarget	1	817206
3269.048	n/a	NonTarget	1	817262
3269.276	n/a	Target	2	817319
3269.5	n/a	NonTarget	1	817375
3269.724	n/a	NonTarget	1	817431
3269.948	n/a	NonTarget	1	817487
3270.176	n/a	NonTarget	1	817544
3270.4	n/a	NonTarget	1	817600
3270.624	n/a	NonTarget	1	817656
3270.852	n/a	NonTarget	1	817713
3271.076	n/a	NonTarget	1	817769
3271.3	n/a	Target	2	817825
3271.524	n/a	NonTarget	1	817881
3271.752	n/a	NonTarget	1	817938
3271.976	n/a	NonTarget	1	817994
3272.204	n/a	NonTarget	1	818051
3272.428	n/a	NonTarget	1	818107
3272.652	n/a	NonTarget	1	818163
3272.88	n/a	NonTarget	1	818220
3273.104	n/a	NonTarget	1	818276
3273.328	n/a	NonTarget	1	818332
3273.556	n/a	NonTarget	1	818389
3273.78	n/a	NonTarget	1	818445
3274.008	n/a	Target	2	818502
3274.232	n/a	NonTarget	1	818558
3274.456	n/a	NonTarget	1	818614
3274.684	n/a	NonTarget	1	818671
3274.908	n/a	NonTarget	1	818727
3275.136	n/a	Target	2	818784
3275.36	n/a	NonTarget	1	818840
3275.584	n/a	NonTarget	1	818896
3275.808	n/a	NonTarget	1	818952
3276.036	n/a	NonTarget	1	819009
3276.26	n/a	NonTarget	1	819065
3276.488	n/a	Target	2	819122
3276.712	n/a	NonTarget	1	819178
3276.936	n/a	NonTarget	1	819234
3277.164	n/a	NonTarget	1	819291
3277.388	n/a	NonTarget	1	819347
3277.612	n/a	NonTarget	1	819403
3277.84	n/a	NonTarget	1	819460
3278.064	n/a	Target	2	819516
3278.292	n/a	NonTarget	1	819573
3278.516	n/a	NonTarget	1	819629
3278.74	n/a	NonTarget	1	819685
3278.964	n/a	NonTarget	1	819741
3279.192	n/a	Target	2	819798
3288.168	n/a	NonTarget	1	822042
3288.392	n/a	NonTarget	1	822098
3288.616	n/a	Target	2	822154
3288.844	n/a	NonTarget	1	822211
3289.068	n/a	NonTarget	1	822267
3289.296	n/a	NonTarget	1	822324
3289.52	n/a	NonTarget	1	822380
3289.744	n/a	NonTarget	1	822436
3289.972	n/a	NonTarget	1	822493
3290.196	n/a	Target	2	822549
3290.424	n/a	NonTarget	1	822606
3290.648	n/a	NonTarget	1	822662
3290.872	n/a	NonTarget	1	822718
3291.1	n/a	NonTarget	1	822775
3291.324	n/a	Target	2	822831
3291.548	n/a	NonTarget	1	822887
3291.776	n/a	NonTarget	1	822944
3292.0	n/a	NonTarget	1	823000
3292.228	n/a	NonTarget	1	823057
3292.452	n/a	NonTarget	1	823113
3292.676	n/a	NonTarget	1	823169
3292.904	n/a	Target	2	823226
3293.128	n/a	NonTarget	1	823282
3293.356	n/a	NonTarget	1	823339
3293.58	n/a	NonTarget	1	823395
3293.804	n/a	NonTarget	1	823451
3294.032	n/a	NonTarget	1	823508
3294.256	n/a	NonTarget	1	823564
3294.484	n/a	NonTarget	1	823621
3294.708	n/a	NonTarget	1	823677
3294.932	n/a	NonTarget	1	823733
3295.16	n/a	Target	2	823790
3295.384	n/a	NonTarget	1	823846
3295.612	n/a	NonTarget	1	823903
3295.836	n/a	NonTarget	1	823959
3296.06	n/a	NonTarget	1	824015
3296.284	n/a	NonTarget	1	824071
3296.512	n/a	NonTarget	1	824128
3296.736	n/a	NonTarget	1	824184
3296.964	n/a	NonTarget	1	824241
3297.188	n/a	NonTarget	1	824297
3297.412	n/a	Target	2	824353
3297.64	n/a	NonTarget	1	824410
3297.864	n/a	NonTarget	1	824466
3298.092	n/a	NonTarget	1	824523
3298.316	n/a	NonTarget	1	824579
3298.54	n/a	NonTarget	1	824635
3298.768	n/a	NonTarget	1	824692
3298.992	n/a	NonTarget	1	824748
3299.22	n/a	NonTarget	1	824805
3299.444	n/a	Target	2	824861
3299.672	n/a	NonTarget	1	824918
3299.896	n/a	NonTarget	1	824974
3300.124	n/a	NonTarget	1	825031
3300.348	n/a	NonTarget	1	825087
3300.572	n/a	Target	2	825143
3300.8	n/a	NonTarget	1	825200
3301.024	n/a	NonTarget	1	825256
3301.248	n/a	NonTarget	1	825312
3301.476	n/a	NonTarget	1	825369
3301.7	n/a	Target	2	825425
3301.924	n/a	NonTarget	1	825481
3302.152	n/a	NonTarget	1	825538
3302.376	n/a	NonTarget	1	825594
3302.6	n/a	NonTarget	1	825650
3302.828	n/a	NonTarget	1	825707
3303.052	n/a	Target	2	825763
3303.28	n/a	NonTarget	1	825820
3303.504	n/a	NonTarget	1	825876
3303.728	n/a	NonTarget	1	825932
3303.956	n/a	NonTarget	1	825989
3304.18	n/a	Target	2	826045
3304.404	n/a	NonTarget	1	826101
3304.632	n/a	NonTarget	1	826158
3304.86	n/a	NonTarget	1	826215
3305.084	n/a	NonTarget	1	826271
3305.308	n/a	Target	2	826327
3305.536	n/a	NonTarget	1	826384
3305.76	n/a	NonTarget	1	826440
3305.984	n/a	NonTarget	1	826496
3306.212	n/a	NonTarget	1	826553
3306.436	n/a	NonTarget	1	826609
3306.66	n/a	NonTarget	1	826665
3306.888	n/a	NonTarget	1	826722
3307.112	n/a	Target	2	826778
3307.34	n/a	NonTarget	1	826835
3307.564	n/a	NonTarget	1	826891
3307.788	n/a	NonTarget	1	826947
3308.016	n/a	NonTarget	1	827004
3308.24	n/a	NonTarget	1	827060
3308.468	n/a	NonTarget	1	827117
3308.692	n/a	Target	2	827173
3308.92	n/a	NonTarget	1	827230
3309.144	n/a	NonTarget	1	827286
3309.368	n/a	NonTarget	1	827342
3309.596	n/a	NonTarget	1	827399
3309.82	n/a	Target	2	827455
3310.048	n/a	NonTarget	1	827512
3310.272	n/a	NonTarget	1	827568
3310.496	n/a	NonTarget	1	827624
3310.724	n/a	NonTarget	1	827681
3310.948	n/a	NonTarget	1	827737
3311.176	n/a	Target	2	827794
3311.4	n/a	NonTarget	1	827850
3311.624	n/a	NonTarget	1	827906
3311.852	n/a	NonTarget	1	827963
3312.076	n/a	NonTarget	1	828019
3312.304	n/a	Target	2	828076
3312.528	n/a	NonTarget	1	828132
3312.752	n/a	NonTarget	1	828188
3312.98	n/a	NonTarget	1	828245
3313.204	n/a	NonTarget	1	828301
3313.428	n/a	NonTarget	1	828357
3313.656	n/a	Target	2	828414
3313.88	n/a	NonTarget	1	828470
3314.104	n/a	NonTarget	1	828526
3314.332	n/a	NonTarget	1	828583
3314.556	n/a	NonTarget	1	828639
3314.784	n/a	Target	2	828696
3315.008	n/a	NonTarget	1	828752
3315.232	n/a	NonTarget	1	828808
3315.46	n/a	NonTarget	1	828865
3315.684	n/a	NonTarget	1	828921
3315.908	n/a	NonTarget	1	828977
3316.136	n/a	Target	2	829034
3316.36	n/a	NonTarget	1	829090
3316.588	n/a	NonTarget	1	829147
3316.812	n/a	NonTarget	1	829203
3317.036	n/a	NonTarget	1	829259
3317.264	n/a	Target	2	829316
3317.488	n/a	NonTarget	1	829372
3317.716	n/a	NonTarget	1	829429
3317.94	n/a	NonTarget	1	829485
3318.168	n/a	NonTarget	1	829542
3318.392	n/a	Target	2	829598
3330.3	n/a	NonTarget	1	832575
3330.524	n/a	NonTarget	1	832631
3330.752	n/a	NonTarget	1	832688
3330.976	n/a	NonTarget	1	832744
3331.204	n/a	NonTarget	1	832801
3331.428	n/a	Target	2	832857
3331.652	n/a	NonTarget	1	832913
3331.88	n/a	NonTarget	1	832970
3332.104	n/a	NonTarget	1	833026
3332.332	n/a	NonTarget	1	833083
3332.556	n/a	NonTarget	1	833139
3332.784	n/a	NonTarget	1	833196
3333.008	n/a	NonTarget	1	833252
3333.232	n/a	NonTarget	1	833308
3333.46	n/a	Target	2	833365
3333.684	n/a	NonTarget	1	833421
3333.908	n/a	NonTarget	1	833477
3334.136	n/a	NonTarget	1	833534
3334.36	n/a	NonTarget	1	833590
3334.588	n/a	Target	2	833647
3334.812	n/a	NonTarget	1	833703
3335.036	n/a	NonTarget	1	833759
3335.264	n/a	NonTarget	1	833816
3335.488	n/a	NonTarget	1	833872
3335.716	n/a	Target	2	833929
3335.94	n/a	NonTarget	1	833985
3336.164	n/a	NonTarget	1	834041
3336.392	n/a	NonTarget	1	834098
3336.616	n/a	NonTarget	1	834154
3336.844	n/a	NonTarget	1	834211
3337.068	n/a	Target	2	834267
3337.292	n/a	NonTarget	1	834323
3337.52	n/a	NonTarget	1	834380
3337.744	n/a	NonTarget	1	834436
3337.972	n/a	NonTarget	1	834493
3338.196	n/a	NonTarget	1	834549
3338.424	n/a	NonTarget	1	834606
3338.648	n/a	NonTarget	1	834662
3338.872	n/a	NonTarget	1	834718
3339.1	n/a	Target	2	834775
3339.324	n/a	NonTarget	1	834831
3339.552	n/a	NonTarget	1	834888
3339.776	n/a	NonTarget	1	834944
3340.004	n/a	NonTarget	1	835001
3340.228	n/a	NonTarget	1	835057
3340.456	n/a	NonTarget	1	835114
3340.68	n/a	NonTarget	1	835170
3340.904	n/a	NonTarget	1	835226
3341.128	n/a	NonTarget	1	835282
3341.356	n/a	NonTarget	1	835339
3341.58	n/a	Target	2	835395
3341.808	n/a	NonTarget	1	835452
3342.032	n/a	NonTarget	1	835508
3342.26	n/a	NonTarget	1	835565
3342.484	n/a	NonTarget	1	835621
3342.712	n/a	NonTarget	1	835678
3342.936	n/a	NonTarget	1	835734
3343.16	n/a	Target	2	835790
3343.388	n/a	NonTarget	1	835847
3343.612	n/a	NonTarget	1	835903
3343.84	n/a	NonTarget	1	835960
3344.064	n/a	NonTarget	1	836016
3344.288	n/a	Target	2	836072
3344.516	n/a	NonTarget	1	836129
3344.74	n/a	NonTarget	1	836185
3344.964	n/a	NonTarget	1	836241
3345.192	n/a	NonTarget	1	836298
3345.416	n/a	NonTarget	1	836354
3345.644	n/a	Target	2	836411
3345.868	n/a	NonTarget	1	836467
3346.092	n/a	NonTarget	1	836523
3346.32	n/a	NonTarget	1	836580
3346.544	n/a	NonTarget	1	836636
3346.768	n/a	Target	2	836692
3346.996	n/a	NonTarget	1	836749
3347.22	n/a	NonTarget	1	836805
3347.448	n/a	NonTarget	1	836862
3347.672	n/a	NonTarget	1	836918
3347.896	n/a	NonTarget	1	836974
3348.124	n/a	Target	2	837031
3348.348	n/a	NonTarget	1	837087
3348.572	n/a	NonTarget	1	837143
3348.8	n/a	NonTarget	1	837200
3349.024	n/a	NonTarget	1	837256
3349.252	n/a	NonTarget	1	837313
3349.476	n/a	NonTarget	1	837369
3349.704	n/a	NonTarget	1	837426
3349.928	n/a	Target	2	837482
3350.152	n/a	NonTarget	1	837538
3350.38	n/a	NonTarget	1	837595
3350.604	n/a	NonTarget	1	837651
3350.828	n/a	NonTarget	1	837707
3351.056	n/a	NonTarget	1	837764
3351.28	n/a	NonTarget	1	837820
3351.508	n/a	Target	2	837877
3351.732	n/a	NonTarget	1	837933
3351.956	n/a	NonTarget	1	837989
3352.18	n/a	NonTarget	1	838045
3352.408	n/a	NonTarget	1	838102
3352.632	n/a	Target	2	838158
3352.86	n/a	NonTarget	1	838215
3353.084	n/a	NonTarget	1	838271
3353.308	n/a	NonTarget	1	838327
3353.536	n/a	NonTarget	1	838384
3353.764	n/a	Target	2	838441
3353.988	n/a	NonTarget	1	838497
3354.212	n/a	NonTarget	1	838553
3354.44	n/a	NonTarget	1	838610
3354.664	n/a	NonTarget	1	838666
3354.888	n/a	Target	2	838722
3355.116	n/a	NonTarget	1	838779
3355.34	n/a	NonTarget	1	838835
3355.568	n/a	NonTarget	1	838892
3355.792	n/a	NonTarget	1	838948
3356.02	n/a	Target	2	839005
3356.244	n/a	NonTarget	1	839061
3356.468	n/a	NonTarget	1	839117
3356.696	n/a	NonTarget	1	839174
3356.92	n/a	NonTarget	1	839230
3357.148	n/a	Target	2	839287
3357.372	n/a	NonTarget	1	839343
3357.596	n/a	NonTarget	1	839399
3357.824	n/a	NonTarget	1	839456
3358.048	n/a	NonTarget	1	839512
3358.272	n/a	NonTarget	1	839568
3358.5	n/a	Target	2	839625
3358.724	n/a	NonTarget	1	839681
3358.952	n/a	NonTarget	1	839738
3359.176	n/a	NonTarget	1	839794
3359.4	n/a	NonTarget	1	839850
3359.628	n/a	NonTarget	1	839907
3359.852	n/a	NonTarget	1	839963
3360.076	n/a	Target	2	840019
3360.304	n/a	NonTarget	1	840076
3369.296	n/a	NonTarget	1	842324
3369.524	n/a	NonTarget	1	842381
3369.752	n/a	Target	2	842438
3369.976	n/a	NonTarget	1	842494
3370.2	n/a	NonTarget	1	842550
3370.424	n/a	NonTarget	1	842606
3370.652	n/a	NonTarget	1	842663
3370.876	n/a	NonTarget	1	842719
3371.1	n/a	NonTarget	1	842775
3371.328	n/a	NonTarget	1	842832
3371.552	n/a	NonTarget	1	842888
3371.776	n/a	NonTarget	1	842944
3372.004	n/a	NonTarget	1	843001
3372.228	n/a	Target	2	843057
3372.452	n/a	NonTarget	1	843113
3372.68	n/a	NonTarget	1	843170
3372.904	n/a	NonTarget	1	843226
3373.132	n/a	NonTarget	1	843283
3373.356	n/a	NonTarget	1	843339
3373.58	n/a	NonTarget	1	843395
3373.804	n/a	NonTarget	1	843451
3374.032	n/a	NonTarget	1	843508
3374.256	n/a	Target	2	843564
3374.48	n/a	NonTarget	1	843620
3374.704	n/a	NonTarget	1	843676
3374.932	n/a	NonTarget	1	843733
3375.156	n/a	NonTarget	1	843789
3375.384	n/a	NonTarget	1	843846
3375.608	n/a	NonTarget	1	843902
3375.836	n/a	NonTarget	1	843959
3376.06	n/a	NonTarget	1	844015
3376.284	n/a	NonTarget	1	844071
3376.512	n/a	NonTarget	1	844128
3376.736	n/a	Target	2	844184
3376.964	n/a	NonTarget	1	844241
3377.188	n/a	NonTarget	1	844297
3377.412	n/a	NonTarget	1	844353
3377.64	n/a	NonTarget	1	844410
3377.864	n/a	NonTarget	1	844466
3378.088	n/a	NonTarget	1	844522
3378.316	n/a	NonTarget	1	844579
3378.54	n/a	NonTarget	1	844635
3378.764	n/a	Target	2	844691
3378.992	n/a	NonTarget	1	844748
3379.216	n/a	NonTarget	1	844804
3379.44	n/a	NonTarget	1	844860
3379.668	n/a	NonTarget	1	844917
3379.892	n/a	NonTarget	1	844973
3380.116	n/a	NonTarget	1	845029
3380.344	n/a	Target	2	845086
3380.568	n/a	NonTarget	1	845142
3380.792	n/a	NonTarget	1	845198
3381.02	n/a	NonTarget	1	845255
3381.244	n/a	NonTarget	1	845311
3381.472	n/a	Target	2	845368
3381.696	n/a	NonTarget	1	845424
3381.924	n/a	NonTarget	1	845481
3382.148	n/a	NonTarget	1	845537
3382.372	n/a	NonTarget	1	845593
3382.6	n/a	NonTarget	1	845650
3382.824	n/a	NonTarget	1	845706
3383.048	n/a	Target	2	845762
3383.276	n/a	NonTarget	1	845819
3383.5	n/a	NonTarget	1	845875
3383.728	n/a	NonTarget	1	845932
3383.952	n/a	NonTarget	1	845988
3384.176	n/a	Target	2	846044
3384.404	n/a	NonTarget	1	846101
3384.628	n/a	NonTarget	1	846157
3384.852	n/a	NonTarget	1	846213
3385.08	n/a	NonTarget	1	846270
3385.304	n/a	NonTarget	1	846326
3385.528	n/a	Target	2	846382
3385.756	n/a	NonTarget	1	846439
3385.98	n/a	NonTarget	1	846495
3386.208	n/a	NonTarget	1	846552
3386.432	n/a	NonTarget	1	846608
3386.656	n/a	NonTarget	1	846664
3386.884	n/a	NonTarget	1	846721
3387.108	n/a	NonTarget	1	846777
3387.336	n/a	NonTarget	1	846834
3387.56	n/a	Target	2	846890
3387.788	n/a	NonTarget	1	846947
3388.012	n/a	NonTarget	1	847003
3388.236	n/a	NonTarget	1	847059
3388.464	n/a	NonTarget	1	847116
3388.688	n/a	NonTarget	1	847172
3388.916	n/a	NonTarget	1	847229
3389.14	n/a	NonTarget	1	847285
3389.368	n/a	NonTarget	1	847342
3389.592	n/a	NonTarget	1	847398
3389.816	n/a	NonTarget	1	847454
3390.044	n/a	Target	2	847511
3390.268	n/a	NonTarget	1	847567
3390.496	n/a	NonTarget	1	847624
3390.72	n/a	NonTarget	1	847680
3390.944	n/a	NonTarget	1	847736
3391.172	n/a	Target	2	847793
3391.396	n/a	NonTarget	1	847849
3391.62	n/a	NonTarget	1	847905
3391.848	n/a	NonTarget	1	847962
3392.072	n/a	NonTarget	1	848018
3392.3	n/a	NonTarget	1	848075
3392.524	n/a	Target	2	848131
3392.752	n/a	NonTarget	1	848188
3392.976	n/a	NonTarget	1	848244
3393.2	n/a	NonTarget	1	848300
3393.428	n/a	NonTarget	1	848357
3393.652	n/a	Target	2	848413
3393.88	n/a	NonTarget	1	848470
3394.104	n/a	NonTarget	1	848526
3394.332	n/a	NonTarget	1	848583
3394.556	n/a	NonTarget	1	848639
3394.78	n/a	Target	2	848695
3395.008	n/a	NonTarget	1	848752
3395.232	n/a	NonTarget	1	848808
3395.46	n/a	NonTarget	1	848865
3395.684	n/a	NonTarget	1	848921
3395.908	n/a	NonTarget	1	848977
3396.132	n/a	Target	2	849033
3396.36	n/a	NonTarget	1	849090
3396.584	n/a	NonTarget	1	849146
3396.812	n/a	NonTarget	1	849203
3397.036	n/a	NonTarget	1	849259
3397.26	n/a	NonTarget	1	849315
3397.488	n/a	NonTarget	1	849372
3397.712	n/a	Target	2	849428
3397.936	n/a	NonTarget	1	849484
3398.164	n/a	NonTarget	1	849541
3398.388	n/a	NonTarget	1	849597
3398.616	n/a	NonTarget	1	849654
3398.84	n/a	NonTarget	1	849710
3399.064	n/a	Target	2	849766
3399.292	n/a	NonTarget	1	849823
3399.516	n/a	NonTarget	1	849879
3425.968	n/a	NonTarget	1	856492
3426.196	n/a	Target	2	856549
3426.42	n/a	NonTarget	1	856605
3426.648	n/a	NonTarget	1	856662
3426.872	n/a	NonTarget	1	856718
3427.096	n/a	NonTarget	1	856774
3427.324	n/a	NonTarget	1	856831
3427.548	n/a	NonTarget	1	856887
3427.772	n/a	NonTarget	1	856943
3428.0	n/a	Target	2	857000
3428.224	n/a	NonTarget	1	857056
3428.452	n/a	NonTarget	1	857113
3428.676	n/a	NonTarget	1	857169
3428.904	n/a	NonTarget	1	857226
3429.128	n/a	NonTarget	1	857282
3429.352	n/a	NonTarget	1	857338
3429.576	n/a	Target	2	857394
3429.804	n/a	NonTarget	1	857451
3430.028	n/a	NonTarget	1	857507
3430.256	n/a	NonTarget	1	857564
3430.48	n/a	NonTarget	1	857620
3430.708	n/a	NonTarget	1	857677
3430.932	n/a	NonTarget	1	857733
3431.156	n/a	NonTarget	1	857789
3431.384	n/a	NonTarget	1	857846
3431.608	n/a	NonTarget	1	857902
3431.836	n/a	NonTarget	1	857959
3432.06	n/a	Target	2	858015
3432.284	n/a	NonTarget	1	858071
3432.512	n/a	NonTarget	1	858128
3432.736	n/a	NonTarget	1	858184
3432.96	n/a	NonTarget	1	858240
3433.188	n/a	NonTarget	1	858297
3433.412	n/a	NonTarget	1	858353
3433.64	n/a	Target	2	858410
3433.864	n/a	NonTarget	1	858466
3434.088	n/a	NonTarget	1	858522
3434.316	n/a	NonTarget	1	858579
3434.54	n/a	NonTarget	1	858635
3434.768	n/a	NonTarget	1	858692
3434.992	n/a	NonTarget	1	858748
3435.216	n/a	NonTarget	1	858804
3435.44	n/a	NonTarget	1	858860
3435.668	n/a	Target	2	858917
3435.892	n/a	NonTarget	1	858973
3436.116	n/a	NonTarget	1	859029
3436.344	n/a	NonTarget	1	859086
3436.568	n/a	NonTarget	1	859142
3436.796	n/a	Target	2	859199
3437.02	n/a	NonTarget	1	859255
3437.244	n/a	NonTarget	1	859311
3437.468	n/a	NonTarget	1	859367
3437.696	n/a	NonTarget	1	859424
3437.92	n/a	Target	2	859480
3438.148	n/a	NonTarget	1	859537
3438.372	n/a	NonTarget	1	859593
3438.596	n/a	NonTarget	1	859649
3438.824	n/a	NonTarget	1	859706
3439.048	n/a	Target	2	859762
3439.276	n/a	NonTarget	1	859819
3439.5	n/a	NonTarget	1	859875
3439.728	n/a	NonTarget	1	859932
3439.952	n/a	NonTarget	1	859988
3440.176	n/a	NonTarget	1	860044
3440.404	n/a	Target	2	860101
3440.628	n/a	NonTarget	1	860157
3440.856	n/a	NonTarget	1	860214
3441.08	n/a	NonTarget	1	860270
3441.308	n/a	NonTarget	1	860327
3441.532	n/a	NonTarget	1	860383
3441.756	n/a	NonTarget	1	860439
3441.984	n/a	Target	2	860496
3442.208	n/a	NonTarget	1	860552
3442.436	n/a	NonTarget	1	860609
3442.66	n/a	NonTarget	1	860665
3442.884	n/a	NonTarget	1	860721
3443.108	n/a	NonTarget	1	860777
3443.336	n/a	Target	2	860834
3443.56	n/a	NonTarget	1	860890
3443.788	n/a	NonTarget	1	860947
3444.012	n/a	NonTarget	1	861003
3444.236	n/a	NonTarget	1	861059
3444.464	n/a	NonTarget	1	861116
3444.688	n/a	Target	2	861172
3444.912	n/a	NonTarget	1	861228
3445.14	n/a	NonTarget	1	861285
3445.364	n/a	NonTarget	1	861341
3445.592	n/a	NonTarget	1	861398
3445.816	n/a	Target	2	861454
3446.044	n/a	NonTarget	1	861511
3446.268	n/a	NonTarget	1	861567
3446.492	n/a	NonTarget	1	861623
3446.72	n/a	NonTarget	1	861680
3446.944	n/a	NonTarget	1	861736
3447.172	n/a	Target	2	861793
3447.396	n/a	NonTarget	1	861849
3447.62	n/a	NonTarget	1	861905
3447.848	n/a	NonTarget	1	861962
3448.072	n/a	NonTarget	1	862018
3448.296	n/a	Target	2	862074
3448.524	n/a	NonTarget	1	862131
3448.748	n/a	NonTarget	1	862187
3448.972	n/a	NonTarget	1	862243
3449.2	n/a	NonTarget	1	862300
3449.424	n/a	NonTarget	1	862356
3449.652	n/a	Target	2	862413
3449.876	n/a	NonTarget	1	862469
3450.1	n/a	NonTarget	1	862525
3450.328	n/a	NonTarget	1	862582
3450.552	n/a	NonTarget	1	862638
3450.776	n/a	Target	2	862694
3451.004	n/a	NonTarget	1	862751
3451.228	n/a	NonTarget	1	862807
3451.452	n/a	NonTarget	1	862863
3451.676	n/a	NonTarget	1	862919
3451.904	n/a	Target	2	862976
3452.132	n/a	NonTarget	1	863033
3452.356	n/a	NonTarget	1	863089
3452.58	n/a	NonTarget	1	863145
3452.808	n/a	NonTarget	1	863202
3453.032	n/a	NonTarget	1	863258
3453.256	n/a	NonTarget	1	863314
3453.484	n/a	Target	2	863371
3453.708	n/a	NonTarget	1	863427
3453.932	n/a	NonTarget	1	863483
3454.16	n/a	NonTarget	1	863540
3454.384	n/a	NonTarget	1	863596
3454.612	n/a	Target	2	863653
3454.836	n/a	NonTarget	1	863709
3455.06	n/a	NonTarget	1	863765
3455.288	n/a	NonTarget	1	863822
3455.512	n/a	NonTarget	1	863878
3455.736	n/a	NonTarget	1	863934
3455.964	n/a	NonTarget	1	863991
3456.188	n/a	NonTarget	1	864047
3464.936	n/a	NonTarget	1	866234
3465.16	n/a	NonTarget	1	866290
3465.388	n/a	NonTarget	1	866347
3465.612	n/a	NonTarget	1	866403
3465.84	n/a	NonTarget	1	866460
3466.064	n/a	NonTarget	1	866516
3466.292	n/a	Target	2	866573
3466.516	n/a	NonTarget	1	866629
3466.74	n/a	NonTarget	1	866685
3466.968	n/a	NonTarget	1	866742
3467.192	n/a	NonTarget	1	866798
3467.42	n/a	NonTarget	1	866855
3467.644	n/a	NonTarget	1	866911
3467.872	n/a	NonTarget	1	866968
3468.096	n/a	NonTarget	1	867024
3468.32	n/a	NonTarget	1	867080
3468.548	n/a	NonTarget	1	867137
3468.772	n/a	NonTarget	1	867193
3468.996	n/a	Target	2	867249
3469.22	n/a	NonTarget	1	867305
3469.448	n/a	NonTarget	1	867362
3469.676	n/a	NonTarget	1	867419
3469.9	n/a	NonTarget	1	867475
3470.124	n/a	NonTarget	1	867531
3470.348	n/a	NonTarget	1	867587
3470.576	n/a	NonTarget	1	867644
3470.8	n/a	NonTarget	1	867700
3471.028	n/a	Target	2	867757
3471.252	n/a	NonTarget	1	867813
3471.476	n/a	NonTarget	1	867869
3471.704	n/a	NonTarget	1	867926
3471.928	n/a	NonTarget	1	867982
3472.152	n/a	NonTarget	1	868038
3472.376	n/a	NonTarget	1	868094
3472.604	n/a	NonTarget	1	868151
3472.828	n/a	NonTarget	1	868207
3473.052	n/a	NonTarget	1	868263
3473.28	n/a	NonTarget	1	868320
3473.504	n/a	Target	2	868376
3473.728	n/a	NonTarget	1	868432
3473.956	n/a	NonTarget	1	868489
3474.18	n/a	NonTarget	1	868545
3474.408	n/a	NonTarget	1	868602
3474.632	n/a	NonTarget	1	868658
3474.86	n/a	NonTarget	1	868715
3475.084	n/a	NonTarget	1	868771
3475.312	n/a	NonTarget	1	868828
3475.536	n/a	NonTarget	1	868884
3475.76	n/a	NonTarget	1	868940
3475.988	n/a	NonTarget	1	868997
3476.212	n/a	NonTarget	1	869053
3476.44	n/a	NonTarget	1	869110
3476.664	n/a	NonTarget	1	869166
3476.888	n/a	Target	2	869222
3477.116	n/a	NonTarget	1	869279
3477.34	n/a	NonTarget	1	869335
3477.564	n/a	NonTarget	1	869391
3477.792	n/a	NonTarget	1	869448
3478.016	n/a	NonTarget	1	869504
3478.24	n/a	NonTarget	1	869560
3478.468	n/a	NonTarget	1	869617
3478.692	n/a	NonTarget	1	869673
3478.92	n/a	Target	2	869730
3479.144	n/a	NonTarget	1	869786
3479.368	n/a	NonTarget	1	869842
3479.596	n/a	NonTarget	1	869899
3479.82	n/a	NonTarget	1	869955
3480.044	n/a	Target	2	870011
3480.272	n/a	NonTarget	1	870068
3480.496	n/a	NonTarget	1	870124
3480.724	n/a	NonTarget	1	870181
3480.948	n/a	NonTarget	1	870237
3481.176	n/a	NonTarget	1	870294
3481.4	n/a	Target	2	870350
3481.624	n/a	NonTarget	1	870406
3481.852	n/a	NonTarget	1	870463
3482.076	n/a	NonTarget	1	870519
3482.304	n/a	NonTarget	1	870576
3482.528	n/a	Target	2	870632
3482.752	n/a	NonTarget	1	870688
3482.98	n/a	NonTarget	1	870745
3483.204	n/a	NonTarget	1	870801
3483.428	n/a	NonTarget	1	870857
3483.656	n/a	Target	2	870914
3483.88	n/a	NonTarget	1	870970
3484.108	n/a	NonTarget	1	871027
3484.332	n/a	NonTarget	1	871083
3484.56	n/a	NonTarget	1	871140
3484.784	n/a	NonTarget	1	871196
3485.008	n/a	NonTarget	1	871252
3485.236	n/a	Target	2	871309
3485.46	n/a	NonTarget	1	871365
3485.688	n/a	NonTarget	1	871422
3485.912	n/a	NonTarget	1	871478
3486.136	n/a	NonTarget	1	871534
3486.36	n/a	NonTarget	1	871590
3486.588	n/a	NonTarget	1	871647
3486.812	n/a	NonTarget	1	871703
3487.04	n/a	Target	2	871760
3487.264	n/a	NonTarget	1	871816
3487.488	n/a	NonTarget	1	871872
3487.716	n/a	NonTarget	1	871929
3487.94	n/a	NonTarget	1	871985
3488.168	n/a	NonTarget	1	872042
3488.392	n/a	Target	2	872098
3488.62	n/a	NonTarget	1	872155
3488.844	n/a	NonTarget	1	872211
3489.068	n/a	NonTarget	1	872267
3489.296	n/a	NonTarget	1	872324
3489.52	n/a	Target	2	872380
3489.744	n/a	NonTarget	1	872436
3489.972	n/a	NonTarget	1	872493
3490.196	n/a	NonTarget	1	872549
3490.424	n/a	NonTarget	1	872606
3490.648	n/a	Target	2	872662
3490.872	n/a	NonTarget	1	872718
3491.1	n/a	NonTarget	1	872775
3491.324	n/a	NonTarget	1	872831
3491.548	n/a	NonTarget	1	872887
3491.776	n/a	Target	2	872944
3492.0	n/a	NonTarget	1	873000
3492.224	n/a	NonTarget	1	873056
3492.452	n/a	NonTarget	1	873113
3492.676	n/a	NonTarget	1	873169
3492.904	n/a	Target	2	873226
3493.128	n/a	NonTarget	1	873282
3493.352	n/a	NonTarget	1	873338
3493.58	n/a	NonTarget	1	873395
3493.804	n/a	NonTarget	1	873451
3494.032	n/a	Target	2	873508
3494.256	n/a	NonTarget	1	873564
3494.484	n/a	NonTarget	1	873621
3494.708	n/a	NonTarget	1	873677
3494.932	n/a	NonTarget	1	873733
3512.948	n/a	Target	2	878237
3513.172	n/a	NonTarget	1	878293
3513.396	n/a	NonTarget	1	878349
3513.624	n/a	NonTarget	1	878406
3513.848	n/a	NonTarget	1	878462
3514.072	n/a	NonTarget	1	878518
3514.3	n/a	NonTarget	1	878575
3514.524	n/a	NonTarget	1	878631
3514.748	n/a	NonTarget	1	878687
3514.976	n/a	Target	2	878744
3515.2	n/a	NonTarget	1	878800
3515.424	n/a	NonTarget	1	878856
3515.652	n/a	NonTarget	1	878913
3515.876	n/a	NonTarget	1	878969
3516.104	n/a	NonTarget	1	879026
3516.328	n/a	Target	2	879082
3516.552	n/a	NonTarget	1	879138
3516.776	n/a	NonTarget	1	879194
3517.004	n/a	NonTarget	1	879251
3517.228	n/a	NonTarget	1	879307
3517.456	n/a	NonTarget	1	879364
3517.68	n/a	NonTarget	1	879420
3517.908	n/a	NonTarget	1	879477
3518.132	n/a	NonTarget	1	879533
3518.356	n/a	NonTarget	1	879589
3518.584	n/a	Target	2	879646
3518.808	n/a	NonTarget	1	879702
3519.032	n/a	NonTarget	1	879758
3519.26	n/a	NonTarget	1	879815
3519.484	n/a	NonTarget	1	879871
3519.712	n/a	NonTarget	1	879928
3519.936	n/a	NonTarget	1	879984
3520.164	n/a	NonTarget	1	880041
3520.388	n/a	NonTarget	1	880097
3520.612	n/a	NonTarget	1	880153
3520.84	n/a	NonTarget	1	880210
3521.064	n/a	Target	2	880266
3521.292	n/a	NonTarget	1	880323
3521.516	n/a	NonTarget	1	880379
3521.744	n/a	NonTarget	1	880436
3521.968	n/a	NonTarget	1	880492
3522.192	n/a	NonTarget	1	880548
3522.416	n/a	NonTarget	1	880604
3522.644	n/a	NonTarget	1	880661
3522.868	n/a	NonTarget	1	880717
3523.096	n/a	Target	2	880774
3523.32	n/a	NonTarget	1	880830
3523.548	n/a	NonTarget	1	880887
3523.772	n/a	NonTarget	1	880943
3523.996	n/a	NonTarget	1	880999
3524.224	n/a	NonTarget	1	881056
3524.448	n/a	Target	2	881112
3524.676	n/a	NonTarget	1	881169
3524.9	n/a	NonTarget	1	881225
3525.128	n/a	NonTarget	1	881282
3525.352	n/a	NonTarget	1	881338
3525.576	n/a	Target	2	881394
3525.804	n/a	NonTarget	1	881451
3526.028	n/a	NonTarget	1	881507
3526.256	n/a	NonTarget	1	881564
3526.48	n/a	NonTarget	1	881620
3526.708	n/a	NonTarget	1	881677
3526.932	n/a	Target	2	881733
3527.156	n/a	NonTarget	1	881789
3527.384	n/a	NonTarget	1	881846
3527.608	n/a	NonTarget	1	881902
3527.836	n/a	NonTarget	1	881959
3528.06	n/a	Target	2	882015
3528.288	n/a	NonTarget	1	882072
3528.512	n/a	NonTarget	1	882128
3528.736	n/a	NonTarget	1	882184
3528.964	n/a	NonTarget	1	882241
3529.188	n/a	NonTarget	1	882297
3529.416	n/a	Target	2	882354
3529.64	n/a	NonTarget	1	882410
3529.864	n/a	NonTarget	1	882466
3530.092	n/a	NonTarget	1	882523
3530.316	n/a	NonTarget	1	882579
3530.54	n/a	NonTarget	1	882635
3530.768	n/a	Target	2	882692
3530.992	n/a	NonTarget	1	882748
3531.216	n/a	NonTarget	1	882804
3531.444	n/a	NonTarget	1	882861
3531.668	n/a	NonTarget	1	882917
3531.896	n/a	NonTarget	1	882974
3532.12	n/a	Target	2	883030
3532.344	n/a	NonTarget	1	883086
3532.572	n/a	NonTarget	1	883143
3532.796	n/a	NonTarget	1	883199
3533.02	n/a	NonTarget	1	883255
3533.248	n/a	NonTarget	1	883312
3533.472	n/a	NonTarget	1	883368
3533.696	n/a	NonTarget	1	883424
3533.924	n/a	Target	2	883481
3534.148	n/a	NonTarget	1	883537
3534.372	n/a	NonTarget	1	883593
3534.6	n/a	NonTarget	1	883650
3534.824	n/a	NonTarget	1	883706
3535.052	n/a	NonTarget	1	883763
3535.276	n/a	NonTarget	1	883819
3535.5	n/a	NonTarget	1	883875
3535.728	n/a	NonTarget	1	883932
3535.952	n/a	Target	2	883988
3536.176	n/a	NonTarget	1	884044
3536.404	n/a	NonTarget	1	884101
3536.628	n/a	NonTarget	1	884157
3536.856	n/a	NonTarget	1	884214
3537.08	n/a	NonTarget	1	884270
3537.304	n/a	Target	2	884326
3537.532	n/a	NonTarget	1	884383
3537.756	n/a	NonTarget	1	884439
3537.98	n/a	NonTarget	1	884495
3538.208	n/a	NonTarget	1	884552
3538.432	n/a	Target	2	884608
3538.656	n/a	NonTarget	1	884664
3538.884	n/a	NonTarget	1	884721
3539.108	n/a	NonTarget	1	884777
3539.336	n/a	NonTarget	1	884834
3539.56	n/a	NonTarget	1	884890
3539.788	n/a	Target	2	884947
3540.012	n/a	NonTarget	1	885003
3540.236	n/a	NonTarget	1	885059
3540.464	n/a	NonTarget	1	885116
3540.688	n/a	NonTarget	1	885172
3540.916	n/a	NonTarget	1	885229
3541.14	n/a	Target	2	885285
3541.368	n/a	NonTarget	1	885342
3541.592	n/a	NonTarget	1	885398
3541.816	n/a	NonTarget	1	885454
3542.044	n/a	NonTarget	1	885511
3542.268	n/a	NonTarget	1	885567
3542.496	n/a	NonTarget	1	885624
3542.72	n/a	Target	2	885680
3542.944	n/a	NonTarget	1	885736
3551.944	n/a	NonTarget	1	887986
3552.168	n/a	NonTarget	1	888042
3552.396	n/a	NonTarget	1	888099
3552.62	n/a	Target	2	888155
3552.848	n/a	NonTarget	1	888212
3553.072	n/a	NonTarget	1	888268
3553.296	n/a	NonTarget	1	888324
3553.524	n/a	NonTarget	1	888381
3553.748	n/a	NonTarget	1	888437
3553.976	n/a	NonTarget	1	888494
3554.2	n/a	NonTarget	1	888550
3554.424	n/a	Target	2	888606
3554.652	n/a	NonTarget	1	888663
3554.876	n/a	NonTarget	1	888719
3555.104	n/a	NonTarget	1	888776
3555.328	n/a	NonTarget	1	888832
3555.556	n/a	NonTarget	1	888889
3555.78	n/a	NonTarget	1	888945
3556.004	n/a	NonTarget	1	889001
3556.228	n/a	NonTarget	1	889057
3556.456	n/a	NonTarget	1	889114
3556.68	n/a	Target	2	889170
3556.908	n/a	NonTarget	1	889227
3557.132	n/a	NonTarget	1	889283
3557.356	n/a	NonTarget	1	889339
3557.584	n/a	NonTarget	1	889396
3557.808	n/a	NonTarget	1	889452
3558.036	n/a	NonTarget	1	889509
3558.26	n/a	NonTarget	1	889565
3558.484	n/a	Target	2	889621
3558.712	n/a	NonTarget	1	889678
3558.936	n/a	NonTarget	1	889734
3559.164	n/a	NonTarget	1	889791
3559.388	n/a	NonTarget	1	889847
3559.612	n/a	Target	2	889903
3559.84	n/a	NonTarget	1	889960
3560.064	n/a	NonTarget	1	890016
3560.292	n/a	NonTarget	1	890073
3560.516	n/a	NonTarget	1	890129
3560.74	n/a	NonTarget	1	890185
3560.964	n/a	NonTarget	1	890241
3561.192	n/a	Target	2	890298
3561.416	n/a	NonTarget	1	890354
3561.64	n/a	NonTarget	1	890410
3561.868	n/a	NonTarget	1	890467
3562.092	n/a	NonTarget	1	890523
3562.316	n/a	Target	2	890579
3562.544	n/a	NonTarget	1	890636
3562.768	n/a	NonTarget	1	890692
3562.996	n/a	NonTarget	1	890749
3563.22	n/a	NonTarget	1	890805
3563.444	n/a	NonTarget	1	890861
3563.672	n/a	NonTarget	1	890918
3563.896	n/a	NonTarget	1	890974
3564.124	n/a	Target	2	891031
3564.348	n/a	NonTarget	1	891087
3564.572	n/a	NonTarget	1	891143
3564.8	n/a	NonTarget	1	891200
3565.024	n/a	NonTarget	1	891256
3565.248	n/a	Target	2	891312
3565.476	n/a	NonTarget	1	891369
3565.7	n/a	NonTarget	1	891425
3565.928	n/a	NonTarget	1	891482
3566.152	n/a	NonTarget	1	891538
3566.38	n/a	NonTarget	1	891595
3566.604	n/a	Target	2	891651
3566.828	n/a	NonTarget	1	891707
3567.056	n/a	NonTarget	1	891764
3567.28	n/a	NonTarget	1	891820
3567.508	n/a	NonTarget	1	891877
3567.732	n/a	Target	2	891933
3567.956	n/a	NonTarget	1	891989
3568.184	n/a	NonTarget	1	892046
3568.408	n/a	NonTarget	1	892102
3568.636	n/a	NonTarget	1	892159
3568.86	n/a	Target	2	892215
3569.088	n/a	NonTarget	1	892272
3569.312	n/a	NonTarget	1	892328
3569.536	n/a	NonTarget	1	892384
3569.764	n/a	NonTarget	1	892441
3569.988	n/a	NonTarget	1	892497
3570.216	n/a	NonTarget	1	892554
3570.44	n/a	Target	2	892610
3570.664	n/a	NonTarget	1	892666
3570.888	n/a	NonTarget	1	892722
3571.116	n/a	NonTarget	1	892779
3571.34	n/a	NonTarget	1	892835
3571.568	n/a	NonTarget	1	892892
3571.792	n/a	Target	2	892948
3572.016	n/a	NonTarget	1	893004
3572.244	n/a	NonTarget	1	893061
3572.468	n/a	NonTarget	1	893117
3572.696	n/a	NonTarget	1	893174
3572.92	n/a	Target	2	893230
3573.144	n/a	NonTarget	1	893286
3573.372	n/a	NonTarget	1	893343
3573.596	n/a	NonTarget	1	893399
3573.824	n/a	NonTarget	1	893456
3574.048	n/a	Target	2	893512
3574.272	n/a	NonTarget	1	893568
3574.5	n/a	NonTarget	1	893625
3574.724	n/a	NonTarget	1	893681
3574.952	n/a	NonTarget	1	893738
3575.176	n/a	Target	2	893794
3575.4	n/a	NonTarget	1	893850
3575.624	n/a	NonTarget	1	893906
3575.852	n/a	NonTarget	1	893963
3576.076	n/a	NonTarget	1	894019
3576.304	n/a	Target	2	894076
3576.528	n/a	NonTarget	1	894132
3576.752	n/a	NonTarget	1	894188
3576.98	n/a	NonTarget	1	894245
3577.204	n/a	NonTarget	1	894301
3577.428	n/a	NonTarget	1	894357
3577.656	n/a	Target	2	894414
3577.88	n/a	NonTarget	1	894470
3578.108	n/a	NonTarget	1	894527
3578.332	n/a	NonTarget	1	894583
3578.556	n/a	NonTarget	1	894639
3578.784	n/a	Target	2	894696
3579.008	n/a	NonTarget	1	894752
3579.236	n/a	NonTarget	1	894809
3579.46	n/a	NonTarget	1	894865
3579.688	n/a	NonTarget	1	894922
3579.912	n/a	NonTarget	1	894978
3580.136	n/a	NonTarget	1	895034
3580.364	n/a	Target	2	895091
3580.588	n/a	NonTarget	1	895147
3580.816	n/a	NonTarget	1	895204
3581.04	n/a	NonTarget	1	895260
3581.264	n/a	NonTarget	1	895316
3581.492	n/a	Target	2	895373
3581.716	n/a	NonTarget	1	895429
3581.944	n/a	NonTarget	1	895486
3596.324	n/a	NonTarget	1	899081
3596.548	n/a	NonTarget	1	899137
3596.772	n/a	NonTarget	1	899193
3597.0	n/a	NonTarget	1	899250
3597.224	n/a	Target	2	899306
3597.448	n/a	NonTarget	1	899362
3597.676	n/a	NonTarget	1	899419
3597.9	n/a	NonTarget	1	899475
3598.124	n/a	NonTarget	1	899531
3598.352	n/a	NonTarget	1	899588
3598.576	n/a	NonTarget	1	899644
3598.804	n/a	NonTarget	1	899701
3599.028	n/a	NonTarget	1	899757
3599.252	n/a	Target	2	899813
3599.48	n/a	NonTarget	1	899870
3599.704	n/a	NonTarget	1	899926
3599.928	n/a	NonTarget	1	899982
3600.156	n/a	NonTarget	1	900039
3600.38	n/a	NonTarget	1	900095
3600.608	n/a	NonTarget	1	900152
3600.832	n/a	Target	2	900208
3601.056	n/a	NonTarget	1	900264
3601.284	n/a	NonTarget	1	900321
3601.508	n/a	NonTarget	1	900377
3601.732	n/a	NonTarget	1	900433
3601.96	n/a	NonTarget	1	900490
3602.184	n/a	NonTarget	1	900546
3602.412	n/a	NonTarget	1	900603
3602.636	n/a	NonTarget	1	900659
3602.86	n/a	NonTarget	1	900715
3603.088	n/a	NonTarget	1	900772
3603.312	n/a	NonTarget	1	900828
3603.536	n/a	NonTarget	1	900884
3603.76	n/a	Target	2	900940
3603.988	n/a	NonTarget	1	900997
3604.212	n/a	NonTarget	1	901053
3604.436	n/a	NonTarget	1	901109
3604.664	n/a	NonTarget	1	901166
3604.888	n/a	NonTarget	1	901222
3605.116	n/a	NonTarget	1	901279
3605.34	n/a	NonTarget	1	901335
3605.564	n/a	Target	2	901391
3605.792	n/a	NonTarget	1	901448
3606.016	n/a	NonTarget	1	901504
3606.244	n/a	NonTarget	1	901561
3606.468	n/a	NonTarget	1	901617
3606.692	n/a	NonTarget	1	901673
3606.92	n/a	NonTarget	1	901730
3607.144	n/a	NonTarget	1	901786
3607.372	n/a	Target	2	901843
3607.596	n/a	NonTarget	1	901899
3607.82	n/a	NonTarget	1	901955
3608.048	n/a	NonTarget	1	902012
3608.272	n/a	NonTarget	1	902068
3608.5	n/a	Target	2	902125
3608.724	n/a	NonTarget	1	902181
3608.952	n/a	NonTarget	1	902238
3609.176	n/a	NonTarget	1	902294
3609.4	n/a	NonTarget	1	902350
3609.628	n/a	NonTarget	1	902407
3609.852	n/a	NonTarget	1	902463
3610.08	n/a	Target	2	902520
3610.304	n/a	NonTarget	1	902576
3610.532	n/a	NonTarget	1	902633
3610.756	n/a	NonTarget	1	902689
3610.98	n/a	NonTarget	1	902745
3611.208	n/a	NonTarget	1	902802
3611.432	n/a	Target	2	902858
3611.66	n/a	NonTarget	1	902915
3611.884	n/a	NonTarget	1	902971
3612.108	n/a	NonTarget	1	903027
3612.336	n/a	NonTarget	1	903084
3612.56	n/a	NonTarget	1	903140
3612.784	n/a	Target	2	903196
3613.012	n/a	NonTarget	1	903253
3613.236	n/a	NonTarget	1	903309
3613.46	n/a	NonTarget	1	903365
3613.688	n/a	NonTarget	1	903422
3613.912	n/a	Target	2	903478
3614.14	n/a	NonTarget	1	903535
3614.364	n/a	NonTarget	1	903591
3614.588	n/a	NonTarget	1	903647
3614.816	n/a	NonTarget	1	903704
3615.04	n/a	NonTarget	1	903760
3615.264	n/a	Target	2	903816
3615.492	n/a	NonTarget	1	903873
3615.716	n/a	NonTarget	1	903929
3615.944	n/a	NonTarget	1	903986
3616.168	n/a	NonTarget	1	904042
3616.396	n/a	NonTarget	1	904099
3616.62	n/a	NonTarget	1	904155
3616.844	n/a	Target	2	904211
3617.072	n/a	NonTarget	1	904268
3617.296	n/a	NonTarget	1	904324
3617.52	n/a	NonTarget	1	904380
3617.748	n/a	NonTarget	1	904437
3617.972	n/a	Target	2	904493
3618.196	n/a	NonTarget	1	904549
3618.424	n/a	NonTarget	1	904606
3618.648	n/a	NonTarget	1	904662
3618.876	n/a	NonTarget	1	904719
3619.1	n/a	NonTarget	1	904775
3619.324	n/a	NonTarget	1	904831
3619.552	n/a	Target	2	904888
3619.776	n/a	NonTarget	1	904944
3620.0	n/a	NonTarget	1	905000
3620.228	n/a	NonTarget	1	905057
3620.452	n/a	NonTarget	1	905113
3620.68	n/a	NonTarget	1	905170
3620.904	n/a	NonTarget	1	905226
3621.128	n/a	NonTarget	1	905282
3621.356	n/a	NonTarget	1	905339
3621.58	n/a	Target	2	905395
3621.808	n/a	NonTarget	1	905452
3622.032	n/a	NonTarget	1	905508
3622.26	n/a	NonTarget	1	905565
3622.484	n/a	NonTarget	1	905621
3622.708	n/a	Target	2	905677
3622.936	n/a	NonTarget	1	905734
3623.16	n/a	NonTarget	1	905790
3623.388	n/a	NonTarget	1	905847
3623.612	n/a	NonTarget	1	905903
3623.84	n/a	Target	2	905960
3624.064	n/a	NonTarget	1	906016
3624.288	n/a	NonTarget	1	906072
3624.512	n/a	NonTarget	1	906128
3624.74	n/a	NonTarget	1	906185
3624.964	n/a	NonTarget	1	906241
3625.192	n/a	Target	2	906298
3625.416	n/a	NonTarget	1	906354
3625.64	n/a	NonTarget	1	906410
3625.868	n/a	NonTarget	1	906467
3626.092	n/a	NonTarget	1	906523
3626.32	n/a	NonTarget	1	906580
3635.312	n/a	NonTarget	1	908828
3635.536	n/a	NonTarget	1	908884
3635.764	n/a	NonTarget	1	908941
3635.988	n/a	NonTarget	1	908997
3636.212	n/a	NonTarget	1	909053
3636.436	n/a	NonTarget	1	909109
3636.664	n/a	NonTarget	1	909166
3636.888	n/a	NonTarget	1	909222
3637.112	n/a	Target	2	909278
3637.34	n/a	NonTarget	1	909335
3637.564	n/a	NonTarget	1	909391
3637.788	n/a	NonTarget	1	909447
3638.016	n/a	NonTarget	1	909504
3638.24	n/a	NonTarget	1	909560
3638.468	n/a	Target	2	909617
3638.692	n/a	NonTarget	1	909673
3638.916	n/a	NonTarget	1	909729
3639.14	n/a	NonTarget	1	909785
3639.368	n/a	NonTarget	1	909842
3639.592	n/a	NonTarget	1	909898
3639.82	n/a	NonTarget	1	909955
3640.048	n/a	Target	2	910012
3640.272	n/a	NonTarget	1	910068
3640.496	n/a	NonTarget	1	910124
3640.72	n/a	NonTarget	1	910180
3640.948	n/a	NonTarget	1	910237
3641.172	n/a	NonTarget	1	910293
3641.396	n/a	NonTarget	1	910349
3641.624	n/a	NonTarget	1	910406
3641.848	n/a	Target	2	910462
3642.076	n/a	NonTarget	1	910519
3642.3	n/a	NonTarget	1	910575
3642.524	n/a	NonTarget	1	910631
3642.752	n/a	NonTarget	1	910688
3642.976	n/a	NonTarget	1	910744
3643.204	n/a	NonTarget	1	910801
3643.428	n/a	Target	2	910857
3643.652	n/a	NonTarget	1	910913
3643.876	n/a	NonTarget	1	910969
3644.104	n/a	NonTarget	1	911026
3644.328	n/a	NonTarget	1	911082
3644.552	n/a	NonTarget	1	911138
3644.78	n/a	NonTarget	1	911195
3645.004	n/a	NonTarget	1	911251
3645.232	n/a	Target	2	911308
3645.456	n/a	NonTarget	1	911364
3645.68	n/a	NonTarget	1	911420
3645.908	n/a	NonTarget	1	911477
3646.132	n/a	NonTarget	1	911533
3646.36	n/a	Target	2	911590
3646.584	n/a	NonTarget	1	911646
3646.812	n/a	NonTarget	1	911703
3647.036	n/a	NonTarget	1	911759
3647.26	n/a	NonTarget	1	911815
3647.488	n/a	Target	2	911872
3647.712	n/a	NonTarget	1	911928
3647.94	n/a	NonTarget	1	911985
3648.164	n/a	NonTarget	1	912041
3648.388	n/a	NonTarget	1	912097
3648.616	n/a	Target	2	912154
3648.84	n/a	NonTarget	1	912210
3649.068	n/a	NonTarget	1	912267
3649.292	n/a	NonTarget	1	912323
3649.52	n/a	NonTarget	1	912380
3649.744	n/a	Target	2	912436
3649.968	n/a	NonTarget	1	912492
3650.196	n/a	NonTarget	1	912549
3650.42	n/a	NonTarget	1	912605
3650.644	n/a	NonTarget	1	912661
3650.872	n/a	NonTarget	1	912718
3651.096	n/a	Target	2	912774
3651.324	n/a	NonTarget	1	912831
3651.548	n/a	NonTarget	1	912887
3651.772	n/a	NonTarget	1	912943
3652.0	n/a	NonTarget	1	913000
3652.224	n/a	Target	2	913056
3652.452	n/a	NonTarget	1	913113
3652.676	n/a	NonTarget	1	913169
3652.9	n/a	NonTarget	1	913225
3653.124	n/a	NonTarget	1	913281
3653.352	n/a	NonTarget	1	913338
3653.576	n/a	Target	2	913394
3653.804	n/a	NonTarget	1	913451
3654.028	n/a	NonTarget	1	913507
3654.252	n/a	NonTarget	1	913563
3654.48	n/a	NonTarget	1	913620
3654.704	n/a	NonTarget	1	913676
3654.932	n/a	NonTarget	1	913733
3655.156	n/a	Target	2	913789
3655.384	n/a	NonTarget	1	913846
3655.608	n/a	NonTarget	1	913902
3655.832	n/a	NonTarget	1	913958
3656.06	n/a	NonTarget	1	914015
3656.284	n/a	Target	2	914071
3656.508	n/a	NonTarget	1	914127
3656.736	n/a	NonTarget	1	914184
3656.96	n/a	NonTarget	1	914240
3657.188	n/a	NonTarget	1	914297
3657.412	n/a	Target	2	914353
3657.636	n/a	NonTarget	1	914409
3657.86	n/a	NonTarget	1	914465
3658.088	n/a	NonTarget	1	914522
3658.312	n/a	NonTarget	1	914578
3658.54	n/a	NonTarget	1	914635
3658.764	n/a	NonTarget	1	914691
3658.988	n/a	Target	2	914747
3659.216	n/a	NonTarget	1	914804
3659.44	n/a	NonTarget	1	914860
3659.668	n/a	NonTarget	1	914917
3659.892	n/a	NonTarget	1	914973
3660.12	n/a	NonTarget	1	915030
3660.344	n/a	Target	2	915086
3660.572	n/a	NonTarget	1	915143
3660.796	n/a	NonTarget	1	915199
3661.02	n/a	NonTarget	1	915255
3661.248	n/a	NonTarget	1	915312
3661.472	n/a	NonTarget	1	915368
3661.7	n/a	Target	2	915425
3661.924	n/a	NonTarget	1	915481
3662.148	n/a	NonTarget	1	915537
3662.376	n/a	NonTarget	1	915594
3662.6	n/a	NonTarget	1	915650
3662.828	n/a	Target	2	915707
3663.052	n/a	NonTarget	1	915763
3663.276	n/a	NonTarget	1	915819
3663.504	n/a	NonTarget	1	915876
3663.728	n/a	NonTarget	1	915932
3663.952	n/a	Target	2	915988
3664.18	n/a	NonTarget	1	916045
3664.404	n/a	NonTarget	1	916101
3664.628	n/a	NonTarget	1	916157
3664.856	n/a	NonTarget	1	916214
3665.08	n/a	Target	2	916270
3665.308	n/a	NonTarget	1	916327
3665.532	n/a	NonTarget	1	916383
3680.408	n/a	NonTarget	1	920102
3680.632	n/a	NonTarget	1	920158
3680.86	n/a	NonTarget	1	920215
3681.084	n/a	NonTarget	1	920271
3681.308	n/a	NonTarget	1	920327
3681.536	n/a	NonTarget	1	920384
3681.76	n/a	Target	2	920440
3681.988	n/a	NonTarget	1	920497
3682.212	n/a	NonTarget	1	920553
3682.436	n/a	NonTarget	1	920609
3682.664	n/a	NonTarget	1	920666
3682.888	n/a	NonTarget	1	920722
3683.116	n/a	NonTarget	1	920779
3683.34	n/a	NonTarget	1	920835
3683.568	n/a	NonTarget	1	920892
3683.792	n/a	NonTarget	1	920948
3684.02	n/a	Target	2	921005
3684.244	n/a	NonTarget	1	921061
3684.468	n/a	NonTarget	1	921117
3684.696	n/a	NonTarget	1	921174
3684.92	n/a	NonTarget	1	921230
3685.148	n/a	NonTarget	1	921287
3685.372	n/a	NonTarget	1	921343
3685.6	n/a	NonTarget	1	921400
3685.824	n/a	NonTarget	1	921456
3686.048	n/a	NonTarget	1	921512
3686.276	n/a	NonTarget	1	921569
3686.5	n/a	Target	2	921625
3686.728	n/a	NonTarget	1	921682
3686.952	n/a	NonTarget	1	921738
3687.18	n/a	NonTarget	1	921795
3687.404	n/a	NonTarget	1	921851
3687.628	n/a	NonTarget	1	921907
3687.856	n/a	NonTarget	1	921964
3688.08	n/a	NonTarget	1	922020
3688.308	n/a	NonTarget	1	922077
3688.532	n/a	NonTarget	1	922133
3688.76	n/a	NonTarget	1	922190
3688.984	n/a	Target	2	922246
3689.208	n/a	NonTarget	1	922302
3689.436	n/a	NonTarget	1	922359
3689.66	n/a	NonTarget	1	922415
3689.888	n/a	NonTarget	1	922472
3690.112	n/a	NonTarget	1	922528
3690.34	n/a	NonTarget	1	922585
3690.564	n/a	Target	2	922641
3690.788	n/a	NonTarget	1	922697
3691.016	n/a	NonTarget	1	922754
3691.24	n/a	NonTarget	1	922810
3691.468	n/a	NonTarget	1	922867
3691.692	n/a	Target	2	922923
3691.916	n/a	NonTarget	1	922979
3692.144	n/a	NonTarget	1	923036
3692.368	n/a	NonTarget	1	923092
3692.596	n/a	NonTarget	1	923149
3692.82	n/a	Target	2	923205
3693.048	n/a	NonTarget	1	923262
3693.272	n/a	NonTarget	1	923318
3693.496	n/a	NonTarget	1	923374
3693.724	n/a	NonTarget	1	923431
3693.948	n/a	Target	2	923487
3694.172	n/a	NonTarget	1	923543
3694.4	n/a	NonTarget	1	923600
3694.624	n/a	NonTarget	1	923656
3694.852	n/a	NonTarget	1	923713
3695.076	n/a	Target	2	923769
3695.304	n/a	NonTarget	1	923826
3695.528	n/a	NonTarget	1	923882
3695.752	n/a	NonTarget	1	923938
3695.98	n/a	NonTarget	1	923995
3696.204	n/a	Target	2	924051
3696.432	n/a	NonTarget	1	924108
3696.656	n/a	NonTarget	1	924164
3696.88	n/a	NonTarget	1	924220
3697.108	n/a	NonTarget	1	924277
3697.332	n/a	Target	2	924333
3697.56	n/a	NonTarget	1	924390
3697.784	n/a	NonTarget	1	924446
3698.008	n/a	NonTarget	1	924502
3698.236	n/a	NonTarget	1	924559
3698.46	n/a	NonTarget	1	924615
3698.684	n/a	Target	2	924671
3698.912	n/a	NonTarget	1	924728
3699.136	n/a	NonTarget	1	924784
3699.36	n/a	NonTarget	1	924840
3699.588	n/a	NonTarget	1	924897
3699.812	n/a	NonTarget	1	924953
3700.036	n/a	Target	2	925009
3700.264	n/a	NonTarget	1	925066
3700.488	n/a	NonTarget	1	925122
3700.716	n/a	NonTarget	1	925179
3700.94	n/a	NonTarget	1	925235
3701.168	n/a	NonTarget	1	925292
3701.392	n/a	Target	2	925348
3701.62	n/a	NonTarget	1	925405
3701.844	n/a	NonTarget	1	925461
3702.072	n/a	NonTarget	1	925518
3702.296	n/a	NonTarget	1	925574
3702.52	n/a	NonTarget	1	925630
3702.748	n/a	Target	2	925687
3702.972	n/a	NonTarget	1	925743
3703.2	n/a	NonTarget	1	925800
3703.424	n/a	NonTarget	1	925856
3703.652	n/a	NonTarget	1	925913
3703.876	n/a	NonTarget	1	925969
3704.1	n/a	Target	2	926025
3704.328	n/a	NonTarget	1	926082
3704.552	n/a	NonTarget	1	926138
3704.78	n/a	NonTarget	1	926195
3705.004	n/a	NonTarget	1	926251
3705.232	n/a	Target	2	926308
3705.456	n/a	NonTarget	1	926364
3705.68	n/a	NonTarget	1	926420
3705.908	n/a	NonTarget	1	926477
3706.132	n/a	NonTarget	1	926533
3706.36	n/a	Target	2	926590
3706.584	n/a	NonTarget	1	926646
3706.808	n/a	NonTarget	1	926702
3707.036	n/a	NonTarget	1	926759
3707.26	n/a	NonTarget	1	926815
3707.484	n/a	NonTarget	1	926871
3707.712	n/a	NonTarget	1	926928
3707.936	n/a	Target	2	926984
3708.164	n/a	NonTarget	1	927041
3708.388	n/a	NonTarget	1	927097
3708.612	n/a	NonTarget	1	927153
3708.836	n/a	NonTarget	1	927209
3709.064	n/a	Target	2	927266
3709.288	n/a	NonTarget	1	927322
3709.516	n/a	NonTarget	1	927379
3709.74	n/a	NonTarget	1	927435
3709.964	n/a	NonTarget	1	927491
3710.192	n/a	Target	2	927548
3710.416	n/a	NonTarget	1	927604
3710.644	n/a	NonTarget	1	927661
3719.388	n/a	NonTarget	1	929847
3719.616	n/a	NonTarget	1	929904
3719.84	n/a	NonTarget	1	929960
3720.068	n/a	NonTarget	1	930017
3720.296	n/a	Target	2	930074
3720.52	n/a	NonTarget	1	930130
3720.748	n/a	NonTarget	1	930187
3720.972	n/a	NonTarget	1	930243
3721.196	n/a	NonTarget	1	930299
3721.424	n/a	NonTarget	1	930356
3721.648	n/a	NonTarget	1	930412
3721.876	n/a	NonTarget	1	930469
3722.1	n/a	Target	2	930525
3722.328	n/a	NonTarget	1	930582
3722.552	n/a	NonTarget	1	930638
3722.776	n/a	NonTarget	1	930694
3723.004	n/a	NonTarget	1	930751
3723.228	n/a	NonTarget	1	930807
3723.452	n/a	NonTarget	1	930863
3723.676	n/a	NonTarget	1	930919
3723.904	n/a	Target	2	930976
3724.128	n/a	NonTarget	1	931032
3724.352	n/a	NonTarget	1	931088
3724.58	n/a	NonTarget	1	931145
3724.804	n/a	NonTarget	1	931201
3725.032	n/a	NonTarget	1	931258
3725.256	n/a	NonTarget	1	931314
3725.484	n/a	NonTarget	1	931371
3725.708	n/a	NonTarget	1	931427
3725.932	n/a	NonTarget	1	931483
3726.156	n/a	NonTarget	1	931539
3726.384	n/a	NonTarget	1	931596
3726.608	n/a	NonTarget	1	931652
3726.836	n/a	Target	2	931709
3727.06	n/a	NonTarget	1	931765
3727.288	n/a	NonTarget	1	931822
3727.512	n/a	NonTarget	1	931878
3727.736	n/a	NonTarget	1	931934
3727.964	n/a	NonTarget	1	931991
3728.188	n/a	Target	2	932047
3728.412	n/a	NonTarget	1	932103
3728.64	n/a	NonTarget	1	932160
3728.864	n/a	NonTarget	1	932216
3729.088	n/a	NonTarget	1	932272
3729.316	n/a	NonTarget	1	932329
3729.54	n/a	NonTarget	1	932385
3729.768	n/a	NonTarget	1	932442
3729.992	n/a	Target	2	932498
3730.216	n/a	NonTarget	1	932554
3730.444	n/a	NonTarget	1	932611
3730.668	n/a	NonTarget	1	932667
3730.892	n/a	NonTarget	1	932723
3731.12	n/a	Target	2	932780
3731.344	n/a	NonTarget	1	932836
3731.572	n/a	NonTarget	1	932893
3731.796	n/a	NonTarget	1	932949
3732.02	n/a	NonTarget	1	933005
3732.248	n/a	Target	2	933062
3732.472	n/a	NonTarget	1	933118
3732.7	n/a	NonTarget	1	933175
3732.924	n/a	NonTarget	1	933231
3733.148	n/a	NonTarget	1	933287
3733.372	n/a	Target	2	933343
3733.6	n/a	NonTarget	1	933400
3733.824	n/a	NonTarget	1	933456
3734.052	n/a	NonTarget	1	933513
3734.276	n/a	NonTarget	1	933569
3734.5	n/a	Target	2	933625
3734.728	n/a	NonTarget	1	933682
3734.952	n/a	NonTarget	1	933738
3735.18	n/a	NonTarget	1	933795
3735.404	n/a	NonTarget	1	933851
3735.628	n/a	NonTarget	1	933907
3735.856	n/a	NonTarget	1	933964
3736.08	n/a	NonTarget	1	934020
3736.308	n/a	NonTarget	1	934077
3736.532	n/a	Target	2	934133
3736.756	n/a	NonTarget	1	934189
3736.984	n/a	NonTarget	1	934246
3737.208	n/a	NonTarget	1	934302
3737.436	n/a	NonTarget	1	934359
3737.66	n/a	NonTarget	1	934415
3737.884	n/a	Target	2	934471
3738.108	n/a	NonTarget	1	934527
3738.336	n/a	NonTarget	1	934584
3738.56	n/a	NonTarget	1	934640
3738.788	n/a	NonTarget	1	934697
3739.012	n/a	NonTarget	1	934753
3739.236	n/a	Target	2	934809
3739.464	n/a	NonTarget	1	934866
3739.692	n/a	NonTarget	1	934923
3739.916	n/a	NonTarget	1	934979
3740.14	n/a	NonTarget	1	935035
3740.368	n/a	Target	2	935092
3740.592	n/a	NonTarget	1	935148
3740.816	n/a	NonTarget	1	935204
3741.044	n/a	NonTarget	1	935261
3741.268	n/a	NonTarget	1	935317
3741.496	n/a	Target	2	935374
3741.72	n/a	NonTarget	1	935430
3741.948	n/a	NonTarget	1	935487
3742.172	n/a	NonTarget	1	935543
3742.396	n/a	NonTarget	1	935599
3742.624	n/a	Target	2	935656
3742.852	n/a	NonTarget	1	935713
3743.072	n/a	NonTarget	1	935768
3743.3	n/a	NonTarget	1	935825
3743.524	n/a	NonTarget	1	935881
3743.752	n/a	NonTarget	1	935938
3743.976	n/a	NonTarget	1	935994
3744.2	n/a	NonTarget	1	936050
3744.428	n/a	NonTarget	1	936107
3744.652	n/a	Target	2	936163
3744.876	n/a	NonTarget	1	936219
3745.104	n/a	NonTarget	1	936276
3745.328	n/a	NonTarget	1	936332
3745.552	n/a	NonTarget	1	936388
3745.78	n/a	NonTarget	1	936445
3746.004	n/a	NonTarget	1	936501
3746.232	n/a	NonTarget	1	936558
3746.456	n/a	Target	2	936614
3746.68	n/a	NonTarget	1	936670
3746.908	n/a	NonTarget	1	936727
3747.132	n/a	NonTarget	1	936783
3747.356	n/a	NonTarget	1	936839
3747.584	n/a	NonTarget	1	936896
3747.808	n/a	NonTarget	1	936952
3748.036	n/a	NonTarget	1	937009
3748.26	n/a	Target	2	937065
3748.484	n/a	NonTarget	1	937121
3748.712	n/a	NonTarget	1	937178
3748.936	n/a	NonTarget	1	937234
3749.16	n/a	NonTarget	1	937290
3749.388	n/a	Target	2	937347
3773.244	n/a	NonTarget	1	943311
3773.472	n/a	NonTarget	1	943368
3773.696	n/a	NonTarget	1	943424
3773.924	n/a	NonTarget	1	943481
3774.148	n/a	Target	2	943537
3774.372	n/a	NonTarget	1	943593
3774.596	n/a	NonTarget	1	943649
3774.824	n/a	NonTarget	1	943706
3775.048	n/a	NonTarget	1	943762
3775.276	n/a	NonTarget	1	943819
3775.5	n/a	NonTarget	1	943875
3775.724	n/a	Target	2	943931
3775.952	n/a	NonTarget	1	943988
3776.176	n/a	NonTarget	1	944044
3776.404	n/a	NonTarget	1	944101
3776.628	n/a	NonTarget	1	944157
3776.852	n/a	NonTarget	1	944213
3777.08	n/a	NonTarget	1	944270
3777.304	n/a	NonTarget	1	944326
3777.532	n/a	NonTarget	1	944383
3777.756	n/a	Target	2	944439
3777.98	n/a	NonTarget	1	944495
3778.208	n/a	NonTarget	1	944552
3778.432	n/a	NonTarget	1	944608
3778.66	n/a	NonTarget	1	944665
3778.884	n/a	NonTarget	1	944721
3779.108	n/a	NonTarget	1	944777
3779.332	n/a	NonTarget	1	944833
3779.56	n/a	NonTarget	1	944890
3779.784	n/a	NonTarget	1	944946
3780.008	n/a	NonTarget	1	945002
3780.236	n/a	Target	2	945059
3780.46	n/a	NonTarget	1	945115
3780.684	n/a	NonTarget	1	945171
3780.912	n/a	NonTarget	1	945228
3781.136	n/a	NonTarget	1	945284
3781.36	n/a	NonTarget	1	945340
3781.584	n/a	NonTarget	1	945396
3781.812	n/a	NonTarget	1	945453
3782.036	n/a	NonTarget	1	945509
3782.264	n/a	Target	2	945566
3782.488	n/a	NonTarget	1	945622
3782.712	n/a	NonTarget	1	945678
3782.94	n/a	NonTarget	1	945735
3783.168	n/a	NonTarget	1	945792
3783.392	n/a	Target	2	945848
3783.616	n/a	NonTarget	1	945904
3783.844	n/a	NonTarget	1	945961
3784.068	n/a	NonTarget	1	946017
3784.296	n/a	NonTarget	1	946074
3784.52	n/a	NonTarget	1	946130
3784.748	n/a	Target	2	946187
3784.972	n/a	NonTarget	1	946243
3785.2	n/a	NonTarget	1	946300
3785.424	n/a	NonTarget	1	946356
3785.648	n/a	NonTarget	1	946412
3785.876	n/a	NonTarget	1	946469
3786.1	n/a	Target	2	946525
3786.328	n/a	NonTarget	1	946582
3786.552	n/a	NonTarget	1	946638
3786.776	n/a	NonTarget	1	946694
3787.0	n/a	NonTarget	1	946750
3787.228	n/a	Target	2	946807
3787.452	n/a	NonTarget	1	946863
3787.68	n/a	NonTarget	1	946920
3787.904	n/a	NonTarget	1	946976
3788.128	n/a	NonTarget	1	947032
3788.356	n/a	NonTarget	1	947089
3788.58	n/a	Target	2	947145
3788.808	n/a	NonTarget	1	947202
3789.032	n/a	NonTarget	1	947258
3789.26	n/a	NonTarget	1	947315
3789.484	n/a	NonTarget	1	947371
3789.708	n/a	Target	2	947427
3789.936	n/a	NonTarget	1	947484
3790.16	n/a	NonTarget	1	947540
3790.388	n/a	NonTarget	1	947597
3790.612	n/a	NonTarget	1	947653
3790.836	n/a	NonTarget	1	947709
3791.064	n/a	NonTarget	1	947766
3791.288	n/a	Target	2	947822
3791.516	n/a	NonTarget	1	947879
3791.74	n/a	NonTarget	1	947935
3791.968	n/a	NonTarget	1	947992
3792.192	n/a	NonTarget	1	948048
3792.416	n/a	NonTarget	1	948104
3792.644	n/a	Target	2	948161
3792.868	n/a	NonTarget	1	948217
3793.092	n/a	NonTarget	1	948273
3793.32	n/a	NonTarget	1	948330
3793.544	n/a	NonTarget	1	948386
3793.772	n/a	NonTarget	1	948443
3793.996	n/a	NonTarget	1	948499
3794.22	n/a	Target	2	948555
3794.444	n/a	NonTarget	1	948611
3794.672	n/a	NonTarget	1	948668
3794.896	n/a	NonTarget	1	948724
3795.124	n/a	NonTarget	1	948781
3795.348	n/a	NonTarget	1	948837
3795.572	n/a	Target	2	948893
3795.8	n/a	NonTarget	1	948950
3796.024	n/a	NonTarget	1	949006
3796.252	n/a	NonTarget	1	949063
3796.476	n/a	NonTarget	1	949119
3796.704	n/a	Target	2	949176
3796.928	n/a	NonTarget	1	949232
3797.152	n/a	NonTarget	1	949288
3797.38	n/a	NonTarget	1	949345
3797.604	n/a	NonTarget	1	949401
3797.832	n/a	NonTarget	1	949458
3798.056	n/a	Target	2	949514
3798.28	n/a	NonTarget	1	949570
3798.508	n/a	NonTarget	1	949627
3798.732	n/a	NonTarget	1	949683
3798.956	n/a	NonTarget	1	949739
3799.184	n/a	NonTarget	1	949796
3799.408	n/a	NonTarget	1	949852
3799.636	n/a	Target	2	949909
3799.86	n/a	NonTarget	1	949965
3800.088	n/a	NonTarget	1	950022
3800.312	n/a	NonTarget	1	950078
3800.536	n/a	NonTarget	1	950134
3800.764	n/a	NonTarget	1	950191
3800.988	n/a	Target	2	950247
3801.216	n/a	NonTarget	1	950304
3801.44	n/a	NonTarget	1	950360
3801.664	n/a	NonTarget	1	950416
3801.892	n/a	NonTarget	1	950473
3802.116	n/a	Target	2	950529
3802.34	n/a	NonTarget	1	950585
3802.568	n/a	NonTarget	1	950642
3802.792	n/a	NonTarget	1	950698
3803.02	n/a	NonTarget	1	950755
3803.244	n/a	NonTarget	1	950811
3803.468	n/a	Target	2	950867
3812.22	n/a	NonTarget	1	953055
3812.444	n/a	Target	2	953111
3812.668	n/a	NonTarget	1	953167
3812.896	n/a	NonTarget	1	953224
3813.12	n/a	NonTarget	1	953280
3813.344	n/a	NonTarget	1	953336
3813.572	n/a	NonTarget	1	953393
3813.796	n/a	NonTarget	1	953449
3814.02	n/a	NonTarget	1	953505
3814.244	n/a	Target	2	953561
3814.472	n/a	NonTarget	1	953618
3814.696	n/a	NonTarget	1	953674
3814.92	n/a	NonTarget	1	953730
3815.148	n/a	NonTarget	1	953787
3815.372	n/a	NonTarget	1	953843
3815.596	n/a	NonTarget	1	953899
3815.824	n/a	Target	2	953956
3816.048	n/a	NonTarget	1	954012
3816.276	n/a	NonTarget	1	954069
3816.5	n/a	NonTarget	1	954125
3816.724	n/a	NonTarget	1	954181
3816.952	n/a	NonTarget	1	954238
3817.176	n/a	NonTarget	1	954294
3817.404	n/a	NonTarget	1	954351
3817.628	n/a	NonTarget	1	954407
3817.852	n/a	NonTarget	1	954463
3818.076	n/a	NonTarget	1	954519
3818.304	n/a	Target	2	954576
3818.528	n/a	NonTarget	1	954632
3818.752	n/a	NonTarget	1	954688
3818.98	n/a	NonTarget	1	954745
3819.204	n/a	NonTarget	1	954801
3819.428	n/a	NonTarget	1	954857
3819.656	n/a	NonTarget	1	954914
3819.88	n/a	NonTarget	1	954970
3820.108	n/a	Target	2	955027
3820.332	n/a	NonTarget	1	955083
3820.556	n/a	NonTarget	1	955139
3820.784	n/a	NonTarget	1	955196
3821.008	n/a	NonTarget	1	955252
3821.236	n/a	NonTarget	1	955309
3821.46	n/a	NonTarget	1	955365
3821.688	n/a	NonTarget	1	955422
3821.912	n/a	NonTarget	1	955478
3822.136	n/a	NonTarget	1	955534
3822.36	n/a	NonTarget	1	955590
3822.588	n/a	Target	2	955647
3822.812	n/a	NonTarget	1	955703
3823.04	n/a	NonTarget	1	955760
3823.264	n/a	NonTarget	1	955816
3823.488	n/a	NonTarget	1	955872
3823.716	n/a	NonTarget	1	955929
3823.94	n/a	NonTarget	1	955985
3824.164	n/a	Target	2	956041
3824.392	n/a	NonTarget	1	956098
3824.616	n/a	NonTarget	1	956154
3824.84	n/a	NonTarget	1	956210
3825.068	n/a	NonTarget	1	956267
3825.292	n/a	NonTarget	1	956323
3825.52	n/a	NonTarget	1	956380
3825.744	n/a	Target	2	956436
3825.972	n/a	NonTarget	1	956493
3826.196	n/a	NonTarget	1	956549
3826.42	n/a	NonTarget	1	956605
3826.648	n/a	NonTarget	1	956662
3826.872	n/a	Target	2	956718
3827.096	n/a	NonTarget	1	956774
3827.324	n/a	NonTarget	1	956831
3827.548	n/a	NonTarget	1	956887
3827.776	n/a	NonTarget	1	956944
3828.0	n/a	Target	2	957000
3828.224	n/a	NonTarget	1	957056
3828.452	n/a	NonTarget	1	957113
3828.676	n/a	NonTarget	1	957169
3828.904	n/a	NonTarget	1	957226
3829.128	n/a	NonTarget	1	957282
3829.352	n/a	Target	2	957338
3829.58	n/a	NonTarget	1	957395
3829.804	n/a	NonTarget	1	957451
3830.028	n/a	NonTarget	1	957507
3830.256	n/a	NonTarget	1	957564
3830.48	n/a	Target	2	957620
3830.704	n/a	NonTarget	1	957676
3830.932	n/a	NonTarget	1	957733
3831.16	n/a	NonTarget	1	957790
3831.384	n/a	NonTarget	1	957846
3831.608	n/a	Target	2	957902
3831.836	n/a	NonTarget	1	957959
3832.06	n/a	NonTarget	1	958015
3832.284	n/a	NonTarget	1	958071
3832.512	n/a	NonTarget	1	958128
3832.736	n/a	NonTarget	1	958184
3832.964	n/a	Target	2	958241
3833.188	n/a	NonTarget	1	958297
3833.416	n/a	NonTarget	1	958354
3833.64	n/a	NonTarget	1	958410
3833.864	n/a	NonTarget	1	958466
3834.092	n/a	Target	2	958523
3834.316	n/a	NonTarget	1	958579
3834.544	n/a	NonTarget	1	958636
3834.768	n/a	NonTarget	1	958692
3834.992	n/a	NonTarget	1	958748
3835.22	n/a	Target	2	958805
3835.444	n/a	NonTarget	1	958861
3835.672	n/a	NonTarget	1	958918
3835.896	n/a	NonTarget	1	958974
3836.12	n/a	NonTarget	1	959030
3836.348	n/a	Target	2	959087
3836.572	n/a	NonTarget	1	959143
3836.8	n/a	NonTarget	1	959200
3837.024	n/a	NonTarget	1	959256
3837.248	n/a	NonTarget	1	959312
3837.476	n/a	NonTarget	1	959369
3837.7	n/a	Target	2	959425
3837.928	n/a	NonTarget	1	959482
3838.152	n/a	NonTarget	1	959538
3838.38	n/a	NonTarget	1	959595
3838.604	n/a	NonTarget	1	959651
3838.828	n/a	NonTarget	1	959707
3839.056	n/a	NonTarget	1	959764
3839.28	n/a	NonTarget	1	959820
3839.508	n/a	Target	2	959877
3839.732	n/a	NonTarget	1	959933
3839.956	n/a	NonTarget	1	959989
3840.18	n/a	NonTarget	1	960045
3840.408	n/a	NonTarget	1	960102
3840.632	n/a	NonTarget	1	960158
3840.86	n/a	Target	2	960215
3841.084	n/a	NonTarget	1	960271
3841.312	n/a	NonTarget	1	960328
3841.536	n/a	NonTarget	1	960384
3841.764	n/a	NonTarget	1	960441
3841.988	n/a	NonTarget	1	960497
3842.212	n/a	Target	2	960553
3842.44	n/a	NonTarget	1	960610
3862.248	n/a	NonTarget	1	965562
3862.476	n/a	NonTarget	1	965619
3862.7	n/a	Target	2	965675
3862.924	n/a	NonTarget	1	965731
3863.152	n/a	NonTarget	1	965788
3863.376	n/a	NonTarget	1	965844
3863.604	n/a	NonTarget	1	965901
3863.828	n/a	NonTarget	1	965957
3864.052	n/a	NonTarget	1	966013
3864.28	n/a	NonTarget	1	966070
3864.504	n/a	Target	2	966126
3864.732	n/a	NonTarget	1	966183
3864.956	n/a	NonTarget	1	966239
3865.18	n/a	NonTarget	1	966295
3865.404	n/a	NonTarget	1	966351
3865.632	n/a	NonTarget	1	966408
3865.856	n/a	NonTarget	1	966464
3866.08	n/a	NonTarget	1	966520
3866.308	n/a	NonTarget	1	966577
3866.532	n/a	NonTarget	1	966633
3866.756	n/a	NonTarget	1	966689
3866.984	n/a	NonTarget	1	966746
3867.208	n/a	NonTarget	1	966802
3867.436	n/a	Target	2	966859
3867.66	n/a	NonTarget	1	966915
3867.884	n/a	NonTarget	1	966971
3868.112	n/a	NonTarget	1	967028
3868.336	n/a	NonTarget	1	967084
3868.564	n/a	NonTarget	1	967141
3868.788	n/a	NonTarget	1	967197
3869.012	n/a	NonTarget	1	967253
3869.236	n/a	NonTarget	1	967309
3869.464	n/a	NonTarget	1	967366
3869.688	n/a	Target	2	967422
3869.912	n/a	NonTarget	1	967478
3870.14	n/a	NonTarget	1	967535
3870.364	n/a	NonTarget	1	967591
3870.588	n/a	NonTarget	1	967647
3870.816	n/a	NonTarget	1	967704
3871.04	n/a	NonTarget	1	967760
3871.268	n/a	NonTarget	1	967817
3871.492	n/a	NonTarget	1	967873
3871.716	n/a	NonTarget	1	967929
3871.944	n/a	Target	2	967986
3872.168	n/a	NonTarget	1	968042
3872.392	n/a	NonTarget	1	968098
3872.62	n/a	NonTarget	1	968155
3872.844	n/a	NonTarget	1	968211
3873.068	n/a	Target	2	968267
3873.296	n/a	NonTarget	1	968324
3873.52	n/a	NonTarget	1	968380
3873.744	n/a	NonTarget	1	968436
3873.972	n/a	NonTarget	1	968493
3874.196	n/a	Target	2	968549
3874.424	n/a	NonTarget	1	968606
3874.648	n/a	NonTarget	1	968662
3874.872	n/a	NonTarget	1	968718
3875.1	n/a	NonTarget	1	968775
3875.324	n/a	Target	2	968831
3875.548	n/a	NonTarget	1	968887
3875.776	n/a	NonTarget	1	968944
3876.0	n/a	NonTarget	1	969000
3876.228	n/a	NonTarget	1	969057
3876.452	n/a	Target	2	969113
3876.676	n/a	NonTarget	1	969169
3876.904	n/a	NonTarget	1	969226
3877.128	n/a	NonTarget	1	969282
3877.356	n/a	NonTarget	1	969339
3877.58	n/a	Target	2	969395
3877.804	n/a	NonTarget	1	969451
3878.032	n/a	NonTarget	1	969508
3878.256	n/a	NonTarget	1	969564
3878.48	n/a	NonTarget	1	969620
3878.708	n/a	Target	2	969677
3878.932	n/a	NonTarget	1	969733
3879.16	n/a	NonTarget	1	969790
3879.384	n/a	NonTarget	1	969846
3879.608	n/a	NonTarget	1	969902
3879.836	n/a	Target	2	969959
3880.06	n/a	NonTarget	1	970015
3880.288	n/a	NonTarget	1	970072
3880.512	n/a	NonTarget	1	970128
3880.736	n/a	NonTarget	1	970184
3880.964	n/a	NonTarget	1	970241
3881.188	n/a	Target	2	970297
3881.412	n/a	NonTarget	1	970353
3881.64	n/a	NonTarget	1	970410
3881.864	n/a	NonTarget	1	970466
3882.088	n/a	NonTarget	1	970522
3882.316	n/a	Target	2	970579
3882.544	n/a	NonTarget	1	970636
3882.768	n/a	NonTarget	1	970692
3882.992	n/a	NonTarget	1	970748
3883.22	n/a	NonTarget	1	970805
3883.444	n/a	NonTarget	1	970861
3883.668	n/a	Target	2	970917
3883.896	n/a	NonTarget	1	970974
3884.12	n/a	NonTarget	1	971030
3884.344	n/a	NonTarget	1	971086
3884.572	n/a	NonTarget	1	971143
3884.796	n/a	Target	2	971199
3885.024	n/a	NonTarget	1	971256
3885.248	n/a	NonTarget	1	971312
3885.472	n/a	NonTarget	1	971368
3885.7	n/a	NonTarget	1	971425
3885.924	n/a	Target	2	971481
3886.152	n/a	NonTarget	1	971538
3886.376	n/a	NonTarget	1	971594
3886.6	n/a	NonTarget	1	971650
3886.824	n/a	NonTarget	1	971706
3887.052	n/a	Target	2	971763
3887.28	n/a	NonTarget	1	971820
3887.504	n/a	NonTarget	1	971876
3887.728	n/a	NonTarget	1	971932
3887.956	n/a	NonTarget	1	971989
3888.18	n/a	Target	2	972045
3888.404	n/a	NonTarget	1	972101
3888.632	n/a	NonTarget	1	972158
3888.856	n/a	NonTarget	1	972214
3889.084	n/a	NonTarget	1	972271
3889.308	n/a	Target	2	972327
3889.536	n/a	NonTarget	1	972384
3889.76	n/a	NonTarget	1	972440
3889.984	n/a	NonTarget	1	972496
3890.212	n/a	NonTarget	1	972553
3890.436	n/a	Target	2	972609
3890.664	n/a	NonTarget	1	972666
3890.888	n/a	NonTarget	1	972722
3891.112	n/a	NonTarget	1	972778
3891.34	n/a	NonTarget	1	972835
3891.564	n/a	NonTarget	1	972891
3891.788	n/a	Target	2	972947
3892.016	n/a	NonTarget	1	973004
3892.24	n/a	NonTarget	1	973060
3901.212	n/a	NonTarget	1	975303
3901.44	n/a	NonTarget	1	975360
3901.664	n/a	Target	2	975416
3901.892	n/a	NonTarget	1	975473
3902.116	n/a	NonTarget	1	975529
3902.34	n/a	NonTarget	1	975585
3902.568	n/a	NonTarget	1	975642
3902.792	n/a	NonTarget	1	975698
3903.016	n/a	NonTarget	1	975754
3903.24	n/a	Target	2	975810
3903.468	n/a	NonTarget	1	975867
3903.692	n/a	NonTarget	1	975923
3903.916	n/a	NonTarget	1	975979
3904.144	n/a	NonTarget	1	976036
3904.368	n/a	NonTarget	1	976092
3904.596	n/a	NonTarget	1	976149
3904.82	n/a	Target	2	976205
3905.044	n/a	NonTarget	1	976261
3905.272	n/a	NonTarget	1	976318
3905.496	n/a	NonTarget	1	976374
3905.72	n/a	NonTarget	1	976430
3905.948	n/a	NonTarget	1	976487
3906.172	n/a	NonTarget	1	976543
3906.4	n/a	NonTarget	1	976600
3906.624	n/a	NonTarget	1	976656
3906.848	n/a	NonTarget	1	976712
3907.072	n/a	NonTarget	1	976768
3907.3	n/a	Target	2	976825
3907.524	n/a	NonTarget	1	976881
3907.748	n/a	NonTarget	1	976937
3907.976	n/a	NonTarget	1	976994
3908.2	n/a	NonTarget	1	977050
3908.428	n/a	NonTarget	1	977107
3908.652	n/a	NonTarget	1	977163
3908.876	n/a	NonTarget	1	977219
3909.1	n/a	NonTarget	1	977275
3909.328	n/a	Target	2	977332
3909.552	n/a	NonTarget	1	977388
3909.776	n/a	NonTarget	1	977444
3910.004	n/a	NonTarget	1	977501
3910.228	n/a	NonTarget	1	977557
3910.452	n/a	NonTarget	1	977613
3910.676	n/a	NonTarget	1	977669
3910.904	n/a	NonTarget	1	977726
3911.132	n/a	Target	2	977783
3911.356	n/a	NonTarget	1	977839
3911.584	n/a	NonTarget	1	977896
3911.808	n/a	NonTarget	1	977952
3912.032	n/a	NonTarget	1	978008
3912.26	n/a	NonTarget	1	978065
3912.484	n/a	Target	2	978121
3912.712	n/a	NonTarget	1	978178
3912.936	n/a	NonTarget	1	978234
3913.16	n/a	NonTarget	1	978290
3913.388	n/a	NonTarget	1	978347
3913.612	n/a	NonTarget	1	978403
3913.836	n/a	NonTarget	1	978459
3914.064	n/a	Target	2	978516
3914.288	n/a	NonTarget	1	978572
3914.516	n/a	NonTarget	1	978629
3914.74	n/a	NonTarget	1	978685
3914.964	n/a	NonTarget	1	978741
3915.192	n/a	NonTarget	1	978798
3915.416	n/a	Target	2	978854
3915.64	n/a	NonTarget	1	978910
3915.868	n/a	NonTarget	1	978967
3916.092	n/a	NonTarget	1	979023
3916.32	n/a	NonTarget	1	979080
3916.544	n/a	Target	2	979136
3916.768	n/a	NonTarget	1	979192
3916.996	n/a	NonTarget	1	979249
3917.22	n/a	NonTarget	1	979305
3917.448	n/a	NonTarget	1	979362
3917.672	n/a	NonTarget	1	979418
3917.896	n/a	Target	2	979474
3918.124	n/a	NonTarget	1	979531
3918.348	n/a	NonTarget	1	979587
3918.576	n/a	NonTarget	1	979644
3918.8	n/a	NonTarget	1	979700
3919.024	n/a	NonTarget	1	979756
3919.252	n/a	NonTarget	1	979813
3919.476	n/a	Target	2	979869
3919.704	n/a	NonTarget	1	979926
3919.928	n/a	NonTarget	1	979982
3920.156	n/a	NonTarget	1	980039
3920.38	n/a	NonTarget	1	980095
3920.604	n/a	NonTarget	1	980151
3920.832	n/a	Target	2	980208
3921.056	n/a	NonTarget	1	980264
3921.28	n/a	NonTarget	1	980320
3921.508	n/a	NonTarget	1	980377
3921.732	n/a	NonTarget	1	980433
3921.96	n/a	Target	2	980490
3922.184	n/a	NonTarget	1	980546
3922.408	n/a	NonTarget	1	980602
3922.632	n/a	NonTarget	1	980658
3922.86	n/a	NonTarget	1	980715
3923.084	n/a	NonTarget	1	980771
3923.312	n/a	Target	2	980828
3923.536	n/a	NonTarget	1	980884
3923.76	n/a	NonTarget	1	980940
3923.988	n/a	NonTarget	1	980997
3924.212	n/a	NonTarget	1	981053
3924.44	n/a	Target	2	981110
3924.664	n/a	NonTarget	1	981166
3924.892	n/a	NonTarget	1	981223
3925.116	n/a	NonTarget	1	981279
3925.34	n/a	NonTarget	1	981335
3925.568	n/a	Target	2	981392
3925.792	n/a	NonTarget	1	981448
3926.02	n/a	NonTarget	1	981505
3926.244	n/a	NonTarget	1	981561
3926.468	n/a	NonTarget	1	981617
3926.696	n/a	Target	2	981674
3926.92	n/a	NonTarget	1	981730
3927.144	n/a	NonTarget	1	981786
3927.372	n/a	NonTarget	1	981843
3927.596	n/a	NonTarget	1	981899
3927.82	n/a	NonTarget	1	981955
3928.048	n/a	NonTarget	1	982012
3928.272	n/a	Target	2	982068
3928.496	n/a	NonTarget	1	982124
3928.724	n/a	NonTarget	1	982181
3928.948	n/a	NonTarget	1	982237
3929.176	n/a	NonTarget	1	982294
3929.4	n/a	Target	2	982350
3929.628	n/a	NonTarget	1	982407
3929.852	n/a	NonTarget	1	982463
3930.076	n/a	NonTarget	1	982519
3930.304	n/a	NonTarget	1	982576
3930.528	n/a	NonTarget	1	982632
3930.756	n/a	NonTarget	1	982689
3930.98	n/a	Target	2	982745
3931.204	n/a	NonTarget	1	982801
3943.824	n/a	NonTarget	1	985956
3944.052	n/a	NonTarget	1	986013
3944.276	n/a	NonTarget	1	986069
3944.5	n/a	NonTarget	1	986125
3944.728	n/a	NonTarget	1	986182
3944.952	n/a	Target	2	986238
3945.176	n/a	NonTarget	1	986294
3945.404	n/a	NonTarget	1	986351
3945.628	n/a	NonTarget	1	986407
3945.856	n/a	NonTarget	1	986464
3946.08	n/a	NonTarget	1	986520
3946.304	n/a	NonTarget	1	986576
3946.528	n/a	NonTarget	1	986632
3946.756	n/a	NonTarget	1	986689
3946.98	n/a	NonTarget	1	986745
3947.208	n/a	NonTarget	1	986802
3947.432	n/a	Target	2	986858
3947.656	n/a	NonTarget	1	986914
3947.884	n/a	NonTarget	1	986971
3948.108	n/a	NonTarget	1	987027
3948.336	n/a	NonTarget	1	987084
3948.56	n/a	NonTarget	1	987140
3948.788	n/a	NonTarget	1	987197
3949.012	n/a	NonTarget	1	987253
3949.236	n/a	Target	2	987309
3949.46	n/a	NonTarget	1	987365
3949.684	n/a	NonTarget	1	987421
3949.912	n/a	NonTarget	1	987478
3950.136	n/a	NonTarget	1	987534
3950.364	n/a	NonTarget	1	987591
3950.588	n/a	NonTarget	1	987647
3950.816	n/a	NonTarget	1	987704
3951.04	n/a	NonTarget	1	987760
3951.268	n/a	Target	2	987817
3951.492	n/a	NonTarget	1	987873
3951.716	n/a	NonTarget	1	987929
3951.944	n/a	NonTarget	1	987986
3952.168	n/a	NonTarget	1	988042
3952.392	n/a	NonTarget	1	988098
3952.62	n/a	NonTarget	1	988155
3952.844	n/a	Target	2	988211
3953.072	n/a	NonTarget	1	988268
3953.296	n/a	NonTarget	1	988324
3953.524	n/a	NonTarget	1	988381
3953.748	n/a	NonTarget	1	988437
3953.972	n/a	NonTarget	1	988493
3954.2	n/a	NonTarget	1	988550
3954.424	n/a	Target	2	988606
3954.652	n/a	NonTarget	1	988663
3954.876	n/a	NonTarget	1	988719
3955.1	n/a	NonTarget	1	988775
3955.328	n/a	NonTarget	1	988832
3955.552	n/a	NonTarget	1	988888
3955.78	n/a	Target	2	988945
3956.004	n/a	NonTarget	1	989001
3956.232	n/a	NonTarget	1	989058
3956.456	n/a	NonTarget	1	989114
3956.68	n/a	NonTarget	1	989170
3956.908	n/a	NonTarget	1	989227
3957.132	n/a	NonTarget	1	989283
3957.36	n/a	NonTarget	1	989340
3957.584	n/a	Target	2	989396
3957.808	n/a	NonTarget	1	989452
3958.036	n/a	NonTarget	1	989509
3958.26	n/a	NonTarget	1	989565
3958.484	n/a	NonTarget	1	989621
3958.712	n/a	NonTarget	1	989678
3958.936	n/a	Target	2	989734
3959.16	n/a	NonTarget	1	989790
3959.388	n/a	NonTarget	1	989847
3959.612	n/a	NonTarget	1	989903
3959.836	n/a	NonTarget	1	989959
3960.064	n/a	Target	2	990016
3960.288	n/a	NonTarget	1	990072
3960.516	n/a	NonTarget	1	990129
3960.74	n/a	NonTarget	1	990185
3960.968	n/a	NonTarget	1	990242
3961.192	n/a	NonTarget	1	990298
3961.416	n/a	NonTarget	1	990354
3961.644	n/a	NonTarget	1	990411
3961.868	n/a	NonTarget	1	990467
3962.096	n/a	Target	2	990524
3962.32	n/a	NonTarget	1	990580
3962.544	n/a	NonTarget	1	990636
3962.772	n/a	NonTarget	1	990693
3962.996	n/a	NonTarget	1	990749
3963.22	n/a	NonTarget	1	990805
3963.448	n/a	NonTarget	1	990862
3963.672	n/a	Target	2	990918
3963.9	n/a	NonTarget	1	990975
3964.124	n/a	NonTarget	1	991031
3964.348	n/a	NonTarget	1	991087
3964.576	n/a	NonTarget	1	991144
3964.8	n/a	Target	2	991200
3965.024	n/a	NonTarget	1	991256
3965.252	n/a	NonTarget	1	991313
3965.476	n/a	NonTarget	1	991369
3965.704	n/a	NonTarget	1	991426
3965.928	n/a	Target	2	991482
3966.152	n/a	NonTarget	1	991538
3966.38	n/a	NonTarget	1	991595
3966.604	n/a	NonTarget	1	991651
3966.832	n/a	NonTarget	1	991708
3967.056	n/a	Target	2	991764
3967.28	n/a	NonTarget	1	991820
3967.508	n/a	NonTarget	1	991877
3967.732	n/a	NonTarget	1	991933
3967.956	n/a	NonTarget	1	991989
3968.184	n/a	NonTarget	1	992046
3968.408	n/a	Target	2	992102
3968.636	n/a	NonTarget	1	992159
3968.86	n/a	NonTarget	1	992215
3969.084	n/a	NonTarget	1	992271
3969.312	n/a	NonTarget	1	992328
3969.536	n/a	NonTarget	1	992384
3969.76	n/a	Target	2	992440
3969.988	n/a	NonTarget	1	992497
3970.212	n/a	NonTarget	1	992553
3970.44	n/a	NonTarget	1	992610
3970.664	n/a	NonTarget	1	992666
3970.888	n/a	Target	2	992722
3971.116	n/a	NonTarget	1	992779
3971.34	n/a	NonTarget	1	992835
3971.568	n/a	NonTarget	1	992892
3971.792	n/a	NonTarget	1	992948
3972.016	n/a	Target	2	993004
3972.244	n/a	NonTarget	1	993061
3972.468	n/a	NonTarget	1	993117
3972.696	n/a	NonTarget	1	993174
3972.92	n/a	NonTarget	1	993230
3973.148	n/a	Target	2	993287
3973.372	n/a	NonTarget	1	993343
3973.596	n/a	NonTarget	1	993399
3973.824	n/a	NonTarget	1	993456
3974.048	n/a	NonTarget	1	993512
3982.824	n/a	NonTarget	1	995706
3983.048	n/a	NonTarget	1	995762
3983.272	n/a	NonTarget	1	995818
3983.496	n/a	NonTarget	1	995874
3983.724	n/a	NonTarget	1	995931
3983.948	n/a	NonTarget	1	995987
3984.176	n/a	NonTarget	1	996044
3984.4	n/a	NonTarget	1	996100
3984.624	n/a	Target	2	996156
3984.852	n/a	NonTarget	1	996213
3985.076	n/a	NonTarget	1	996269
3985.304	n/a	NonTarget	1	996326
3985.528	n/a	NonTarget	1	996382
3985.752	n/a	NonTarget	1	996438
3985.976	n/a	NonTarget	1	996494
3986.2	n/a	NonTarget	1	996550
3986.428	n/a	Target	2	996607
3986.652	n/a	NonTarget	1	996663
3986.876	n/a	NonTarget	1	996719
3987.104	n/a	NonTarget	1	996776
3987.328	n/a	NonTarget	1	996832
3987.552	n/a	NonTarget	1	996888
3987.78	n/a	NonTarget	1	996945
3988.004	n/a	NonTarget	1	997001
3988.232	n/a	NonTarget	1	997058
3988.456	n/a	NonTarget	1	997114
3988.684	n/a	NonTarget	1	997171
3988.908	n/a	NonTarget	1	997227
3989.132	n/a	Target	2	997283
3989.356	n/a	NonTarget	1	997339
3989.584	n/a	NonTarget	1	997396
3989.812	n/a	NonTarget	1	997453
3990.036	n/a	NonTarget	1	997509
3990.264	n/a	NonTarget	1	997566
3990.488	n/a	NonTarget	1	997622
3990.712	n/a	Target	2	997678
3990.94	n/a	NonTarget	1	997735
3991.164	n/a	NonTarget	1	997791
3991.392	n/a	NonTarget	1	997848
3991.616	n/a	NonTarget	1	997904
3991.844	n/a	NonTarget	1	997961
3992.068	n/a	NonTarget	1	998017
3992.292	n/a	NonTarget	1	998073
3992.52	n/a	NonTarget	1	998130
3992.744	n/a	NonTarget	1	998186
3992.972	n/a	NonTarget	1	998243
3993.196	n/a	NonTarget	1	998299
3993.42	n/a	NonTarget	1	998355
3993.648	n/a	Target	2	998412
3993.872	n/a	NonTarget	1	998468
3994.1	n/a	NonTarget	1	998525
3994.324	n/a	NonTarget	1	998581
3994.552	n/a	NonTarget	1	998638
3994.776	n/a	Target	2	998694
3995.0	n/a	NonTarget	1	998750
3995.228	n/a	NonTarget	1	998807
3995.452	n/a	NonTarget	1	998863
3995.68	n/a	NonTarget	1	998920
3995.904	n/a	NonTarget	1	998976
3996.128	n/a	Target	2	999032
3996.356	n/a	NonTarget	1	999089
3996.58	n/a	NonTarget	1	999145
3996.808	n/a	NonTarget	1	999202
3997.032	n/a	NonTarget	1	999258
3997.256	n/a	NonTarget	1	999314
3997.484	n/a	NonTarget	1	999371
3997.708	n/a	NonTarget	1	999427
3997.932	n/a	Target	2	999483
3998.16	n/a	NonTarget	1	999540
3998.384	n/a	NonTarget	1	999596
3998.608	n/a	NonTarget	1	999652
3998.836	n/a	NonTarget	1	999709
3999.06	n/a	Target	2	999765
3999.288	n/a	NonTarget	1	999822
3999.512	n/a	NonTarget	1	999878
3999.736	n/a	NonTarget	1	999934
3999.964	n/a	NonTarget	1	999991
4000.188	n/a	NonTarget	1	1000047
4000.412	n/a	Target	2	1000103
4000.64	n/a	NonTarget	1	1000160
4000.868	n/a	NonTarget	1	1000217
4001.092	n/a	NonTarget	1	1000273
4001.316	n/a	NonTarget	1	1000329
4001.544	n/a	Target	2	1000386
4001.768	n/a	NonTarget	1	1000442
4001.996	n/a	NonTarget	1	1000499
4002.22	n/a	NonTarget	1	1000555
4002.444	n/a	NonTarget	1	1000611
4002.668	n/a	Target	2	1000667
4002.896	n/a	NonTarget	1	1000724
4003.12	n/a	NonTarget	1	1000780
4003.348	n/a	NonTarget	1	1000837
4003.572	n/a	NonTarget	1	1000893
4003.796	n/a	NonTarget	1	1000949
4004.024	n/a	Target	2	1001006
4004.248	n/a	NonTarget	1	1001062
4004.476	n/a	NonTarget	1	1001119
4004.7	n/a	NonTarget	1	1001175
4004.924	n/a	NonTarget	1	1001231
4005.152	n/a	Target	2	1001288
4005.376	n/a	NonTarget	1	1001344
4005.6	n/a	NonTarget	1	1001400
4005.828	n/a	NonTarget	1	1001457
4006.052	n/a	NonTarget	1	1001513
4006.276	n/a	Target	2	1001569
4006.504	n/a	NonTarget	1	1001626
4006.732	n/a	NonTarget	1	1001683
4006.956	n/a	NonTarget	1	1001739
4007.18	n/a	NonTarget	1	1001795
4007.408	n/a	NonTarget	1	1001852
4007.632	n/a	Target	2	1001908
4007.856	n/a	NonTarget	1	1001964
4008.084	n/a	NonTarget	1	1002021
4008.308	n/a	NonTarget	1	1002077
4008.532	n/a	NonTarget	1	1002133
4008.76	n/a	Target	2	1002190
4008.984	n/a	NonTarget	1	1002246
4009.212	n/a	NonTarget	1	1002303
4009.436	n/a	NonTarget	1	1002359
4009.66	n/a	NonTarget	1	1002415
4009.888	n/a	Target	2	1002472
4010.112	n/a	NonTarget	1	1002528
4010.336	n/a	NonTarget	1	1002584
4010.564	n/a	NonTarget	1	1002641
4010.788	n/a	NonTarget	1	1002697
4011.016	n/a	NonTarget	1	1002754
4011.24	n/a	Target	2	1002810
4011.464	n/a	NonTarget	1	1002866
4011.692	n/a	NonTarget	1	1002923
4011.916	n/a	NonTarget	1	1002979
4012.144	n/a	NonTarget	1	1003036
4012.368	n/a	Target	2	1003092
4012.596	n/a	NonTarget	1	1003149
4012.82	n/a	NonTarget	1	1003205
4025.492	n/a	Target	2	1006373
4025.72	n/a	NonTarget	1	1006430
4025.944	n/a	NonTarget	1	1006486
4026.172	n/a	NonTarget	1	1006543
4026.396	n/a	NonTarget	1	1006599
4026.624	n/a	NonTarget	1	1006656
4026.848	n/a	NonTarget	1	1006712
4027.072	n/a	NonTarget	1	1006768
4027.3	n/a	NonTarget	1	1006825
4027.524	n/a	NonTarget	1	1006881
4027.748	n/a	NonTarget	1	1006937
4027.976	n/a	NonTarget	1	1006994
4028.2	n/a	Target	2	1007050
4028.424	n/a	NonTarget	1	1007106
4028.648	n/a	NonTarget	1	1007162
4028.876	n/a	NonTarget	1	1007219
4029.1	n/a	NonTarget	1	1007275
4029.328	n/a	NonTarget	1	1007332
4029.552	n/a	NonTarget	1	1007388
4029.78	n/a	NonTarget	1	1007445
4030.004	n/a	NonTarget	1	1007501
4030.228	n/a	NonTarget	1	1007557
4030.456	n/a	Target	2	1007614
4030.68	n/a	NonTarget	1	1007670
4030.904	n/a	NonTarget	1	1007726
4031.128	n/a	NonTarget	1	1007782
4031.356	n/a	NonTarget	1	1007839
4031.584	n/a	NonTarget	1	1007896
4031.808	n/a	NonTarget	1	1007952
4032.032	n/a	NonTarget	1	1008008
4032.26	n/a	Target	2	1008065
4032.484	n/a	NonTarget	1	1008121
4032.708	n/a	NonTarget	1	1008177
4032.936	n/a	NonTarget	1	1008234
4033.16	n/a	NonTarget	1	1008290
4033.384	n/a	NonTarget	1	1008346
4033.612	n/a	NonTarget	1	1008403
4033.836	n/a	NonTarget	1	1008459
4034.06	n/a	NonTarget	1	1008515
4034.284	n/a	NonTarget	1	1008571
4034.512	n/a	Target	2	1008628
4034.74	n/a	NonTarget	1	1008685
4034.964	n/a	NonTarget	1	1008741
4035.192	n/a	NonTarget	1	1008798
4035.416	n/a	NonTarget	1	1008854
4035.64	n/a	Target	2	1008910
4035.868	n/a	NonTarget	1	1008967
4036.092	n/a	NonTarget	1	1009023
4036.316	n/a	NonTarget	1	1009079
4036.544	n/a	NonTarget	1	1009136
4036.768	n/a	Target	2	1009192
4036.996	n/a	NonTarget	1	1009249
4037.22	n/a	NonTarget	1	1009305
4037.448	n/a	NonTarget	1	1009362
4037.672	n/a	NonTarget	1	1009418
4037.896	n/a	Target	2	1009474
4038.124	n/a	NonTarget	1	1009531
4038.348	n/a	NonTarget	1	1009587
4038.576	n/a	NonTarget	1	1009644
4038.8	n/a	NonTarget	1	1009700
4039.028	n/a	Target	2	1009757
4039.252	n/a	NonTarget	1	1009813
4039.476	n/a	NonTarget	1	1009869
4039.704	n/a	NonTarget	1	1009926
4039.928	n/a	NonTarget	1	1009982
4040.156	n/a	Target	2	1010039
4040.38	n/a	NonTarget	1	1010095
4040.608	n/a	NonTarget	1	1010152
4040.832	n/a	NonTarget	1	1010208
4041.056	n/a	NonTarget	1	1010264
4041.284	n/a	Target	2	1010321
4041.508	n/a	NonTarget	1	1010377
4041.732	n/a	NonTarget	1	1010433
4041.96	n/a	NonTarget	1	1010490
4042.184	n/a	NonTarget	1	1010546
4042.408	n/a	Target	2	1010602
4042.636	n/a	NonTarget	1	1010659
4042.86	n/a	NonTarget	1	1010715
4043.088	n/a	NonTarget	1	1010772
4043.312	n/a	NonTarget	1	1010828
4043.536	n/a	NonTarget	1	1010884
4043.764	n/a	Target	2	1010941
4043.992	n/a	NonTarget	1	1010998
4044.216	n/a	NonTarget	1	1011054
4044.44	n/a	NonTarget	1	1011110
4044.668	n/a	NonTarget	1	1011167
4044.892	n/a	Target	2	1011223
4045.116	n/a	NonTarget	1	1011279
4045.344	n/a	NonTarget	1	1011336
4045.568	n/a	NonTarget	1	1011392
4045.792	n/a	NonTarget	1	1011448
4046.02	n/a	NonTarget	1	1011505
4046.244	n/a	Target	2	1011561
4046.472	n/a	NonTarget	1	1011618
4046.696	n/a	NonTarget	1	1011674
4046.92	n/a	NonTarget	1	1011730
4047.148	n/a	NonTarget	1	1011787
4047.372	n/a	NonTarget	1	1011843
4047.6	n/a	Target	2	1011900
4047.824	n/a	NonTarget	1	1011956
4048.048	n/a	NonTarget	1	1012012
4048.272	n/a	NonTarget	1	1012068
4048.5	n/a	NonTarget	1	1012125
4048.724	n/a	Target	2	1012181
4048.952	n/a	NonTarget	1	1012238
4049.176	n/a	NonTarget	1	1012294
4049.4	n/a	NonTarget	1	1012350
4049.628	n/a	NonTarget	1	1012407
4049.852	n/a	NonTarget	1	1012463
4050.08	n/a	Target	2	1012520
4050.304	n/a	NonTarget	1	1012576
4050.532	n/a	NonTarget	1	1012633
4050.756	n/a	NonTarget	1	1012689
4050.984	n/a	NonTarget	1	1012746
4051.208	n/a	Target	2	1012802
4051.432	n/a	NonTarget	1	1012858
4051.66	n/a	NonTarget	1	1012915
4051.884	n/a	NonTarget	1	1012971
4052.112	n/a	NonTarget	1	1013028
4052.336	n/a	NonTarget	1	1013084
4052.56	n/a	Target	2	1013140
4052.788	n/a	NonTarget	1	1013197
4053.012	n/a	NonTarget	1	1013253
4053.236	n/a	NonTarget	1	1013309
4053.464	n/a	NonTarget	1	1013366
4053.688	n/a	NonTarget	1	1013422
4053.916	n/a	Target	2	1013479
4054.14	n/a	NonTarget	1	1013535
4054.364	n/a	NonTarget	1	1013591
4054.592	n/a	NonTarget	1	1013648
4054.816	n/a	NonTarget	1	1013704
4055.04	n/a	NonTarget	1	1013760
4055.268	n/a	Target	2	1013817
4055.492	n/a	NonTarget	1	1013873
4055.716	n/a	NonTarget	1	1013929
4064.48	n/a	NonTarget	1	1016120
4064.704	n/a	NonTarget	1	1016176
4064.932	n/a	Target	2	1016233
4065.156	n/a	NonTarget	1	1016289
4065.38	n/a	NonTarget	1	1016345
4065.604	n/a	NonTarget	1	1016401
4065.828	n/a	NonTarget	1	1016457
4066.056	n/a	NonTarget	1	1016514
4066.28	n/a	NonTarget	1	1016570
4066.508	n/a	NonTarget	1	1016627
4066.732	n/a	NonTarget	1	1016683
4066.956	n/a	NonTarget	1	1016739
4067.18	n/a	NonTarget	1	1016795
4067.408	n/a	Target	2	1016852
4067.632	n/a	NonTarget	1	1016908
4067.86	n/a	NonTarget	1	1016965
4068.084	n/a	NonTarget	1	1017021
4068.308	n/a	NonTarget	1	1017077
4068.536	n/a	NonTarget	1	1017134
4068.76	n/a	NonTarget	1	1017190
4068.988	n/a	NonTarget	1	1017247
4069.212	n/a	Target	2	1017303
4069.436	n/a	NonTarget	1	1017359
4069.664	n/a	NonTarget	1	1017416
4069.888	n/a	NonTarget	1	1017472
4070.112	n/a	NonTarget	1	1017528
4070.336	n/a	NonTarget	1	1017584
4070.564	n/a	NonTarget	1	1017641
4070.788	n/a	NonTarget	1	1017697
4071.012	n/a	NonTarget	1	1017753
4071.24	n/a	Target	2	1017810
4071.464	n/a	NonTarget	1	1017866
4071.692	n/a	NonTarget	1	1017923
4071.916	n/a	NonTarget	1	1017979
4072.14	n/a	NonTarget	1	1018035
4072.364	n/a	NonTarget	1	1018091
4072.592	n/a	NonTarget	1	1018148
4072.816	n/a	NonTarget	1	1018204
4073.04	n/a	NonTarget	1	1018260
4073.268	n/a	Target	2	1018317
4073.492	n/a	NonTarget	1	1018373
4073.72	n/a	NonTarget	1	1018430
4073.944	n/a	NonTarget	1	1018486
4074.168	n/a	NonTarget	1	1018542
4074.396	n/a	NonTarget	1	1018599
4074.62	n/a	Target	2	1018655
4074.844	n/a	NonTarget	1	1018711
4075.072	n/a	NonTarget	1	1018768
4075.296	n/a	NonTarget	1	1018824
4075.524	n/a	NonTarget	1	1018881
4075.748	n/a	Target	2	1018937
4075.972	n/a	NonTarget	1	1018993
4076.2	n/a	NonTarget	1	1019050
4076.424	n/a	NonTarget	1	1019106
4076.652	n/a	NonTarget	1	1019163
4076.876	n/a	Target	2	1019219
4077.1	n/a	NonTarget	1	1019275
4077.328	n/a	NonTarget	1	1019332
4077.552	n/a	NonTarget	1	1019388
4077.78	n/a	NonTarget	1	1019445
4078.004	n/a	Target	2	1019501
4078.228	n/a	NonTarget	1	1019557
4078.456	n/a	NonTarget	1	1019614
4078.68	n/a	NonTarget	1	1019670
4078.904	n/a	NonTarget	1	1019726
4079.128	n/a	NonTarget	1	1019782
4079.356	n/a	Target	2	1019839
4079.58	n/a	NonTarget	1	1019895
4079.808	n/a	NonTarget	1	1019952
4080.032	n/a	NonTarget	1	1020008
4080.256	n/a	NonTarget	1	1020064
4080.484	n/a	NonTarget	1	1020121
4080.708	n/a	NonTarget	1	1020177
4080.936	n/a	NonTarget	1	1020234
4081.16	n/a	NonTarget	1	1020290
4081.388	n/a	Target	2	1020347
4081.612	n/a	NonTarget	1	1020403
4081.836	n/a	NonTarget	1	1020459
4082.064	n/a	NonTarget	1	1020516
4082.288	n/a	NonTarget	1	1020572
4082.512	n/a	Target	2	1020628
4082.74	n/a	NonTarget	1	1020685
4082.964	n/a	NonTarget	1	1020741
4083.192	n/a	NonTarget	1	1020798
4083.416	n/a	NonTarget	1	1020854
4083.64	n/a	Target	2	1020910
4083.868	n/a	NonTarget	1	1020967
4084.092	n/a	NonTarget	1	1021023
4084.316	n/a	NonTarget	1	1021079
4084.544	n/a	NonTarget	1	1021136
4084.768	n/a	Target	2	1021192
4084.992	n/a	NonTarget	1	1021248
4085.22	n/a	NonTarget	1	1021305
4085.444	n/a	NonTarget	1	1021361
4085.672	n/a	NonTarget	1	1021418
4085.896	n/a	NonTarget	1	1021474
4086.12	n/a	Target	2	1021530
4086.348	n/a	NonTarget	1	1021587
4086.572	n/a	NonTarget	1	1021643
4086.796	n/a	NonTarget	1	1021699
4087.024	n/a	NonTarget	1	1021756
4087.248	n/a	NonTarget	1	1021812
4087.476	n/a	NonTarget	1	1021869
4087.7	n/a	Target	2	1021925
4087.928	n/a	NonTarget	1	1021982
4088.152	n/a	NonTarget	1	1022038
4088.376	n/a	NonTarget	1	1022094
4088.604	n/a	NonTarget	1	1022151
4088.828	n/a	Target	2	1022207
4089.056	n/a	NonTarget	1	1022264
4089.28	n/a	NonTarget	1	1022320
4089.504	n/a	NonTarget	1	1022376
4089.732	n/a	NonTarget	1	1022433
4089.956	n/a	NonTarget	1	1022489
4090.18	n/a	Target	2	1022545
4090.408	n/a	NonTarget	1	1022602
4090.632	n/a	NonTarget	1	1022658
4090.856	n/a	NonTarget	1	1022714
4091.084	n/a	NonTarget	1	1022771
4091.308	n/a	NonTarget	1	1022827
4091.532	n/a	NonTarget	1	1022883
4091.76	n/a	Target	2	1022940
4091.984	n/a	NonTarget	1	1022996
4092.212	n/a	NonTarget	1	1023053
4092.436	n/a	NonTarget	1	1023109
4092.66	n/a	NonTarget	1	1023165
4092.888	n/a	Target	2	1023222
4093.112	n/a	NonTarget	1	1023278
4093.34	n/a	NonTarget	1	1023335
4093.564	n/a	NonTarget	1	1023391
4093.792	n/a	NonTarget	1	1023448
4094.016	n/a	NonTarget	1	1023504
4094.24	n/a	Target	2	1023560
4094.468	n/a	NonTarget	1	1023617
4094.692	n/a	NonTarget	1	1023673
4114.124	n/a	NonTarget	1	1028531
4114.352	n/a	NonTarget	1	1028588
4114.576	n/a	NonTarget	1	1028644
4114.8	n/a	NonTarget	1	1028700
4115.028	n/a	NonTarget	1	1028757
4115.256	n/a	NonTarget	1	1028814
4115.48	n/a	NonTarget	1	1028870
4115.704	n/a	Target	2	1028926
4115.932	n/a	NonTarget	1	1028983
4116.156	n/a	NonTarget	1	1029039
4116.38	n/a	NonTarget	1	1029095
4116.608	n/a	NonTarget	1	1029152
4116.832	n/a	NonTarget	1	1029208
4117.06	n/a	NonTarget	1	1029265
4117.284	n/a	NonTarget	1	1029321
4117.508	n/a	NonTarget	1	1029377
4117.736	n/a	Target	2	1029434
4117.96	n/a	NonTarget	1	1029490
4118.184	n/a	NonTarget	1	1029546
4118.408	n/a	NonTarget	1	1029602
4118.636	n/a	NonTarget	1	1029659
4118.864	n/a	NonTarget	1	1029716
4119.088	n/a	NonTarget	1	1029772
4119.312	n/a	NonTarget	1	1029828
4119.536	n/a	NonTarget	1	1029884
4119.764	n/a	Target	2	1029941
4119.988	n/a	NonTarget	1	1029997
4120.216	n/a	NonTarget	1	1030054
4120.44	n/a	NonTarget	1	1030110
4120.664	n/a	NonTarget	1	1030166
4120.892	n/a	NonTarget	1	1030223
4121.116	n/a	NonTarget	1	1030279
4121.344	n/a	NonTarget	1	1030336
4121.568	n/a	NonTarget	1	1030392
4121.792	n/a	NonTarget	1	1030448
4122.02	n/a	NonTarget	1	1030505
4122.244	n/a	NonTarget	1	1030561
4122.468	n/a	NonTarget	1	1030617
4122.692	n/a	Target	2	1030673
4122.92	n/a	NonTarget	1	1030730
4123.144	n/a	NonTarget	1	1030786
4123.368	n/a	NonTarget	1	1030842
4123.596	n/a	NonTarget	1	1030899
4123.82	n/a	NonTarget	1	1030955
4124.044	n/a	Target	2	1031011
4124.272	n/a	NonTarget	1	1031068
4124.496	n/a	NonTarget	1	1031124
4124.724	n/a	NonTarget	1	1031181
4124.948	n/a	NonTarget	1	1031237
4125.176	n/a	Target	2	1031294
4125.4	n/a	NonTarget	1	1031350
4125.624	n/a	NonTarget	1	1031406
4125.852	n/a	NonTarget	1	1031463
4126.076	n/a	NonTarget	1	1031519
4126.304	n/a	NonTarget	1	1031576
4126.528	n/a	Target	2	1031632
4126.752	n/a	NonTarget	1	1031688
4126.98	n/a	NonTarget	1	1031745
4127.204	n/a	NonTarget	1	1031801
4127.428	n/a	NonTarget	1	1031857
4127.656	n/a	NonTarget	1	1031914
4127.88	n/a	NonTarget	1	1031970
4128.104	n/a	Target	2	1032026
4128.332	n/a	NonTarget	1	1032083
4128.556	n/a	NonTarget	1	1032139
4128.784	n/a	NonTarget	1	1032196
4129.008	n/a	NonTarget	1	1032252
4129.236	n/a	Target	2	1032309
4129.46	n/a	NonTarget	1	1032365
4129.684	n/a	NonTarget	1	1032421
4129.912	n/a	NonTarget	1	1032478
4130.136	n/a	NonTarget	1	1032534
4130.364	n/a	Target	2	1032591
4130.588	n/a	NonTarget	1	1032647
4130.812	n/a	NonTarget	1	1032703
4131.04	n/a	NonTarget	1	1032760
4131.264	n/a	NonTarget	1	1032816
4131.488	n/a	Target	2	1032872
4131.716	n/a	NonTarget	1	1032929
4131.94	n/a	NonTarget	1	1032985
4132.168	n/a	NonTarget	1	1033042
4132.392	n/a	NonTarget	1	1033098
4132.616	n/a	Target	2	1033154
4132.844	n/a	NonTarget	1	1033211
4133.068	n/a	NonTarget	1	1033267
4133.292	n/a	NonTarget	1	1033323
4133.516	n/a	NonTarget	1	1033379
4133.744	n/a	Target	2	1033436
4133.968	n/a	NonTarget	1	1033492
4134.192	n/a	NonTarget	1	1033548
4134.42	n/a	NonTarget	1	1033605
4134.644	n/a	NonTarget	1	1033661
4134.872	n/a	NonTarget	1	1033718
4135.096	n/a	Target	2	1033774
4135.324	n/a	NonTarget	1	1033831
4135.548	n/a	NonTarget	1	1033887
4135.772	n/a	NonTarget	1	1033943
4136.0	n/a	NonTarget	1	1034000
4136.224	n/a	Target	2	1034056
4136.448	n/a	NonTarget	1	1034112
4136.676	n/a	NonTarget	1	1034169
4136.9	n/a	NonTarget	1	1034225
4137.124	n/a	NonTarget	1	1034281
4137.352	n/a	NonTarget	1	1034338
4137.576	n/a	NonTarget	1	1034394
4137.804	n/a	NonTarget	1	1034451
4138.028	n/a	NonTarget	1	1034507
4138.252	n/a	NonTarget	1	1034563
4138.48	n/a	NonTarget	1	1034620
4138.704	n/a	Target	2	1034676
4138.928	n/a	NonTarget	1	1034732
4139.156	n/a	NonTarget	1	1034789
4139.38	n/a	NonTarget	1	1034845
4139.608	n/a	NonTarget	1	1034902
4139.832	n/a	NonTarget	1	1034958
4140.06	n/a	Target	2	1035015
4140.284	n/a	NonTarget	1	1035071
4140.508	n/a	NonTarget	1	1035127
4140.736	n/a	NonTarget	1	1035184
4140.96	n/a	NonTarget	1	1035240
4141.188	n/a	Target	2	1035297
4141.412	n/a	NonTarget	1	1035353
4141.636	n/a	NonTarget	1	1035409
4141.864	n/a	NonTarget	1	1035466
4142.088	n/a	NonTarget	1	1035522
4142.316	n/a	Target	2	1035579
4142.54	n/a	NonTarget	1	1035635
4142.768	n/a	NonTarget	1	1035692
4142.992	n/a	NonTarget	1	1035748
4143.216	n/a	NonTarget	1	1035804
4143.444	n/a	NonTarget	1	1035861
4143.668	n/a	Target	2	1035917
4143.896	n/a	NonTarget	1	1035974
4144.12	n/a	NonTarget	1	1036030
4153.112	n/a	NonTarget	1	1038278
4153.336	n/a	NonTarget	1	1038334
4153.56	n/a	NonTarget	1	1038390
4153.784	n/a	NonTarget	1	1038446
4154.012	n/a	NonTarget	1	1038503
4154.236	n/a	NonTarget	1	1038559
4154.464	n/a	Target	2	1038616
4154.688	n/a	NonTarget	1	1038672
4154.912	n/a	NonTarget	1	1038728
4155.14	n/a	NonTarget	1	1038785
4155.364	n/a	NonTarget	1	1038841
4155.592	n/a	NonTarget	1	1038898
4155.816	n/a	NonTarget	1	1038954
4156.044	n/a	NonTarget	1	1039011
4156.268	n/a	NonTarget	1	1039067
4156.492	n/a	Target	2	1039123
4156.72	n/a	NonTarget	1	1039180
4156.944	n/a	NonTarget	1	1039236
4157.172	n/a	NonTarget	1	1039293
4157.396	n/a	NonTarget	1	1039349
4157.62	n/a	NonTarget	1	1039405
4157.848	n/a	NonTarget	1	1039462
4158.072	n/a	NonTarget	1	1039518
4158.3	n/a	NonTarget	1	1039575
4158.524	n/a	NonTarget	1	1039631
4158.748	n/a	Target	2	1039687
4158.976	n/a	NonTarget	1	1039744
4159.2	n/a	NonTarget	1	1039800
4159.428	n/a	NonTarget	1	1039857
4159.652	n/a	NonTarget	1	1039913
4159.88	n/a	NonTarget	1	1039970
4160.104	n/a	NonTarget	1	1040026
4160.328	n/a	NonTarget	1	1040082
4160.556	n/a	NonTarget	1	1040139
4160.78	n/a	NonTarget	1	1040195
4161.008	n/a	NonTarget	1	1040252
4161.232	n/a	Target	2	1040308
4161.46	n/a	NonTarget	1	1040365
4161.684	n/a	NonTarget	1	1040421
4161.912	n/a	NonTarget	1	1040478
4162.136	n/a	NonTarget	1	1040534
4162.36	n/a	NonTarget	1	1040590
4162.588	n/a	NonTarget	1	1040647
4162.812	n/a	NonTarget	1	1040703
4163.04	n/a	NonTarget	1	1040760
4163.264	n/a	NonTarget	1	1040816
4163.492	n/a	NonTarget	1	1040873
4163.716	n/a	NonTarget	1	1040929
4163.94	n/a	NonTarget	1	1040985
4164.168	n/a	NonTarget	1	1041042
4164.396	n/a	Target	2	1041099
4164.62	n/a	NonTarget	1	1041155
4164.844	n/a	NonTarget	1	1041211
4165.068	n/a	NonTarget	1	1041267
4165.296	n/a	NonTarget	1	1041324
4165.52	n/a	NonTarget	1	1041380
4165.748	n/a	NonTarget	1	1041437
4165.972	n/a	Target	2	1041493
4166.196	n/a	NonTarget	1	1041549
4166.424	n/a	NonTarget	1	1041606
4166.648	n/a	NonTarget	1	1041662
4166.876	n/a	NonTarget	1	1041719
4167.1	n/a	Target	2	1041775
4167.324	n/a	NonTarget	1	1041831
4167.552	n/a	NonTarget	1	1041888
4167.776	n/a	NonTarget	1	1041944
4168.0	n/a	NonTarget	1	1042000
4168.228	n/a	Target	2	1042057
4168.452	n/a	NonTarget	1	1042113
4168.68	n/a	NonTarget	1	1042170
4168.904	n/a	NonTarget	1	1042226
4169.132	n/a	NonTarget	1	1042283
4169.356	n/a	NonTarget	1	1042339
4169.58	n/a	Target	2	1042395
4169.808	n/a	NonTarget	1	1042452
4170.032	n/a	NonTarget	1	1042508
4170.26	n/a	NonTarget	1	1042565
4170.484	n/a	NonTarget	1	1042621
4170.708	n/a	NonTarget	1	1042677
4170.936	n/a	NonTarget	1	1042734
4171.16	n/a	NonTarget	1	1042790
4171.384	n/a	NonTarget	1	1042846
4171.612	n/a	Target	2	1042903
4171.836	n/a	NonTarget	1	1042959
4172.06	n/a	NonTarget	1	1043015
4172.288	n/a	NonTarget	1	1043072
4172.512	n/a	NonTarget	1	1043128
4172.74	n/a	NonTarget	1	1043185
4172.964	n/a	Target	2	1043241
4173.188	n/a	NonTarget	1	1043297
4173.416	n/a	NonTarget	1	1043354
4173.64	n/a	NonTarget	1	1043410
4173.864	n/a	NonTarget	1	1043466
4174.092	n/a	NonTarget	1	1043523
4174.316	n/a	Target	2	1043579
4174.544	n/a	NonTarget	1	1043636
4174.768	n/a	NonTarget	1	1043692
4174.996	n/a	NonTarget	1	1043749
4175.22	n/a	NonTarget	1	1043805
4175.444	n/a	Target	2	1043861
4175.672	n/a	NonTarget	1	1043918
4175.896	n/a	NonTarget	1	1043974
4176.12	n/a	NonTarget	1	1044030
4176.348	n/a	NonTarget	1	1044087
4176.572	n/a	NonTarget	1	1044143
4176.796	n/a	NonTarget	1	1044199
4177.024	n/a	Target	2	1044256
4177.248	n/a	NonTarget	1	1044312
4177.476	n/a	NonTarget	1	1044369
4177.7	n/a	NonTarget	1	1044425
4177.924	n/a	NonTarget	1	1044481
4178.152	n/a	Target	2	1044538
4178.376	n/a	NonTarget	1	1044594
4178.6	n/a	NonTarget	1	1044650
4178.828	n/a	NonTarget	1	1044707
4179.052	n/a	NonTarget	1	1044763
4179.28	n/a	NonTarget	1	1044820
4179.504	n/a	Target	2	1044876
4179.728	n/a	NonTarget	1	1044932
4179.956	n/a	NonTarget	1	1044989
4180.18	n/a	NonTarget	1	1045045
4180.408	n/a	NonTarget	1	1045102
4180.632	n/a	Target	2	1045158
4180.856	n/a	NonTarget	1	1045214
4181.084	n/a	NonTarget	1	1045271
4181.308	n/a	NonTarget	1	1045327
4181.532	n/a	NonTarget	1	1045383
4181.76	n/a	NonTarget	1	1045440
4181.984	n/a	NonTarget	1	1045496
4182.212	n/a	Target	2	1045553
4182.436	n/a	NonTarget	1	1045609
4182.66	n/a	NonTarget	1	1045665
4182.888	n/a	NonTarget	1	1045722
4183.112	n/a	NonTarget	1	1045778
4183.34	n/a	Target	2	1045835
4197.812	n/a	NonTarget	1	1049453
4198.036	n/a	NonTarget	1	1049509
4198.264	n/a	NonTarget	1	1049566
4198.488	n/a	NonTarget	1	1049622
4198.716	n/a	NonTarget	1	1049679
4198.94	n/a	NonTarget	1	1049735
4199.164	n/a	Target	2	1049791
4199.388	n/a	NonTarget	1	1049847
4199.616	n/a	NonTarget	1	1049904
4199.84	n/a	NonTarget	1	1049960
4200.064	n/a	NonTarget	1	1050016
4200.292	n/a	NonTarget	1	1050073
4200.516	n/a	NonTarget	1	1050129
4200.74	n/a	NonTarget	1	1050185
4200.968	n/a	Target	2	1050242
4201.192	n/a	NonTarget	1	1050298
4201.42	n/a	NonTarget	1	1050355
4201.644	n/a	NonTarget	1	1050411
4201.868	n/a	NonTarget	1	1050467
4202.096	n/a	Target	2	1050524
4202.32	n/a	NonTarget	1	1050580
4202.548	n/a	NonTarget	1	1050637
4202.772	n/a	NonTarget	1	1050693
4202.996	n/a	NonTarget	1	1050749
4203.22	n/a	NonTarget	1	1050805
4203.448	n/a	NonTarget	1	1050862
4203.672	n/a	NonTarget	1	1050918
4203.9	n/a	NonTarget	1	1050975
4204.124	n/a	Target	2	1051031
4204.348	n/a	NonTarget	1	1051087
4204.576	n/a	NonTarget	1	1051144
4204.8	n/a	NonTarget	1	1051200
4205.028	n/a	NonTarget	1	1051257
4205.252	n/a	NonTarget	1	1051313
4205.48	n/a	NonTarget	1	1051370
4205.704	n/a	NonTarget	1	1051426
4205.928	n/a	Target	2	1051482
4206.152	n/a	NonTarget	1	1051538
4206.38	n/a	NonTarget	1	1051595
4206.604	n/a	NonTarget	1	1051651
4206.832	n/a	NonTarget	1	1051708
4207.056	n/a	NonTarget	1	1051764
4207.28	n/a	NonTarget	1	1051820
4207.508	n/a	NonTarget	1	1051877
4207.732	n/a	NonTarget	1	1051933
4207.96	n/a	Target	2	1051990
4208.184	n/a	NonTarget	1	1052046
4208.408	n/a	NonTarget	1	1052102
4208.636	n/a	NonTarget	1	1052159
4208.86	n/a	NonTarget	1	1052215
4209.088	n/a	Target	2	1052272
4209.312	n/a	NonTarget	1	1052328
4209.536	n/a	NonTarget	1	1052384
4209.764	n/a	NonTarget	1	1052441
4209.988	n/a	NonTarget	1	1052497
4210.216	n/a	Target	2	1052554
4210.44	n/a	NonTarget	1	1052610
4210.668	n/a	NonTarget	1	1052667
4210.892	n/a	NonTarget	1	1052723
4211.116	n/a	NonTarget	1	1052779
4211.344	n/a	Target	2	1052836
4211.568	n/a	NonTarget	1	1052892
4211.792	n/a	NonTarget	1	1052948
4212.02	n/a	NonTarget	1	1053005
4212.244	n/a	NonTarget	1	1053061
4212.468	n/a	NonTarget	1	1053117
4212.696	n/a	Target	2	1053174
4212.92	n/a	NonTarget	1	1053230
4213.148	n/a	NonTarget	1	1053287
4213.372	n/a	NonTarget	1	1053343
4213.596	n/a	NonTarget	1	1053399
4213.824	n/a	Target	2	1053456
4214.048	n/a	NonTarget	1	1053512
4214.272	n/a	NonTarget	1	1053568
4214.5	n/a	NonTarget	1	1053625
4214.724	n/a	NonTarget	1	1053681
4214.952	n/a	Target	2	1053738
4215.176	n/a	NonTarget	1	1053794
4215.4	n/a	NonTarget	1	1053850
4215.628	n/a	NonTarget	1	1053907
4215.852	n/a	NonTarget	1	1053963
4216.076	n/a	Target	2	1054019
4216.304	n/a	NonTarget	1	1054076
4216.532	n/a	NonTarget	1	1054133
4216.756	n/a	NonTarget	1	1054189
4216.98	n/a	NonTarget	1	1054245
4217.208	n/a	Target	2	1054302
4217.432	n/a	NonTarget	1	1054358
4217.656	n/a	NonTarget	1	1054414
4217.884	n/a	NonTarget	1	1054471
4218.108	n/a	NonTarget	1	1054527
4218.336	n/a	Target	2	1054584
4218.56	n/a	NonTarget	1	1054640
4218.788	n/a	NonTarget	1	1054697
4219.012	n/a	NonTarget	1	1054753
4219.236	n/a	NonTarget	1	1054809
4219.464	n/a	Target	2	1054866
4219.688	n/a	NonTarget	1	1054922
4219.912	n/a	NonTarget	1	1054978
4220.14	n/a	NonTarget	1	1055035
4220.364	n/a	NonTarget	1	1055091
4220.592	n/a	NonTarget	1	1055148
4220.816	n/a	Target	2	1055204
4221.04	n/a	NonTarget	1	1055260
4221.268	n/a	NonTarget	1	1055317
4221.492	n/a	NonTarget	1	1055373
4221.716	n/a	NonTarget	1	1055429
4221.944	n/a	Target	2	1055486
4222.168	n/a	NonTarget	1	1055542
4222.396	n/a	NonTarget	1	1055599
4222.62	n/a	NonTarget	1	1055655
4222.844	n/a	NonTarget	1	1055711
4223.072	n/a	NonTarget	1	1055768
4223.296	n/a	NonTarget	1	1055824
4223.524	n/a	Target	2	1055881
4223.748	n/a	NonTarget	1	1055937
4223.976	n/a	NonTarget	1	1055994
4224.2	n/a	NonTarget	1	1056050
4224.424	n/a	NonTarget	1	1056106
4224.652	n/a	Target	2	1056163
4224.876	n/a	NonTarget	1	1056219
4225.1	n/a	NonTarget	1	1056275
4225.328	n/a	NonTarget	1	1056332
4225.552	n/a	NonTarget	1	1056388
4225.78	n/a	NonTarget	1	1056445
4226.004	n/a	NonTarget	1	1056501
4226.228	n/a	Target	2	1056557
4226.456	n/a	NonTarget	1	1056614
4226.68	n/a	NonTarget	1	1056670
4226.904	n/a	NonTarget	1	1056726
4227.132	n/a	NonTarget	1	1056783
4227.356	n/a	Target	2	1056839
4227.58	n/a	NonTarget	1	1056895
4227.808	n/a	NonTarget	1	1056952
4228.032	n/a	NonTarget	1	1057008
4236.78	n/a	Target	2	1059195
4237.008	n/a	NonTarget	1	1059252
4237.232	n/a	NonTarget	1	1059308
4237.456	n/a	NonTarget	1	1059364
4237.68	n/a	NonTarget	1	1059420
4237.904	n/a	NonTarget	1	1059476
4238.132	n/a	NonTarget	1	1059533
4238.356	n/a	NonTarget	1	1059589
4238.584	n/a	NonTarget	1	1059646
4238.808	n/a	NonTarget	1	1059702
4239.036	n/a	Target	2	1059759
4239.26	n/a	NonTarget	1	1059815
4239.484	n/a	NonTarget	1	1059871
4239.712	n/a	NonTarget	1	1059928
4239.936	n/a	NonTarget	1	1059984
4240.16	n/a	NonTarget	1	1060040
4240.388	n/a	NonTarget	1	1060097
4240.612	n/a	NonTarget	1	1060153
4240.84	n/a	NonTarget	1	1060210
4241.064	n/a	NonTarget	1	1060266
4241.292	n/a	NonTarget	1	1060323
4241.516	n/a	NonTarget	1	1060379
4241.74	n/a	NonTarget	1	1060435
4241.964	n/a	Target	2	1060491
4242.188	n/a	NonTarget	1	1060547
4242.416	n/a	NonTarget	1	1060604
4242.64	n/a	NonTarget	1	1060660
4242.864	n/a	NonTarget	1	1060716
4243.092	n/a	NonTarget	1	1060773
4243.316	n/a	NonTarget	1	1060829
4243.54	n/a	NonTarget	1	1060885
4243.764	n/a	Target	2	1060941
4243.992	n/a	NonTarget	1	1060998
4244.216	n/a	NonTarget	1	1061054
4244.44	n/a	NonTarget	1	1061110
4244.668	n/a	NonTarget	1	1061167
4244.892	n/a	NonTarget	1	1061223
4245.116	n/a	NonTarget	1	1061279
4245.344	n/a	NonTarget	1	1061336
4245.568	n/a	NonTarget	1	1061392
4245.792	n/a	NonTarget	1	1061448
4246.016	n/a	NonTarget	1	1061504
4246.244	n/a	Target	2	1061561
4246.468	n/a	NonTarget	1	1061617
4246.692	n/a	NonTarget	1	1061673
4246.92	n/a	NonTarget	1	1061730
4247.144	n/a	NonTarget	1	1061786
4247.372	n/a	Target	2	1061843
4247.596	n/a	NonTarget	1	1061899
4247.82	n/a	NonTarget	1	1061955
4248.048	n/a	NonTarget	1	1062012
4248.272	n/a	NonTarget	1	1062068
4248.5	n/a	Target	2	1062125
4248.724	n/a	NonTarget	1	1062181
4248.948	n/a	NonTarget	1	1062237
4249.176	n/a	NonTarget	1	1062294
4249.4	n/a	NonTarget	1	1062350
4249.628	n/a	NonTarget	1	1062407
4249.852	n/a	Target	2	1062463
4250.076	n/a	NonTarget	1	1062519
4250.304	n/a	NonTarget	1	1062576
4250.528	n/a	NonTarget	1	1062632
4250.752	n/a	NonTarget	1	1062688
4250.98	n/a	NonTarget	1	1062745
4251.204	n/a	Target	2	1062801
4251.428	n/a	NonTarget	1	1062857
4251.656	n/a	NonTarget	1	1062914
4251.88	n/a	NonTarget	1	1062970
4252.104	n/a	NonTarget	1	1063026
4252.332	n/a	NonTarget	1	1063083
4252.556	n/a	NonTarget	1	1063139
4252.784	n/a	Target	2	1063196
4253.008	n/a	NonTarget	1	1063252
4253.236	n/a	NonTarget	1	1063309
4253.46	n/a	NonTarget	1	1063365
4253.684	n/a	NonTarget	1	1063421
4253.912	n/a	Target	2	1063478
4254.136	n/a	NonTarget	1	1063534
4254.36	n/a	NonTarget	1	1063590
4254.588	n/a	NonTarget	1	1063647
4254.812	n/a	NonTarget	1	1063703
4255.04	n/a	NonTarget	1	1063760
4255.264	n/a	Target	2	1063816
4255.488	n/a	NonTarget	1	1063872
4255.716	n/a	NonTarget	1	1063929
4255.94	n/a	NonTarget	1	1063985
4256.164	n/a	NonTarget	1	1064041
4256.392	n/a	Target	2	1064098
4256.616	n/a	NonTarget	1	1064154
4256.84	n/a	NonTarget	1	1064210
4257.068	n/a	NonTarget	1	1064267
4257.292	n/a	NonTarget	1	1064323
4257.52	n/a	NonTarget	1	1064380
4257.744	n/a	NonTarget	1	1064436
4257.968	n/a	NonTarget	1	1064492
4258.196	n/a	Target	2	1064549
4258.42	n/a	NonTarget	1	1064605
4258.648	n/a	NonTarget	1	1064662
4258.872	n/a	NonTarget	1	1064718
4259.1	n/a	NonTarget	1	1064775
4259.324	n/a	Target	2	1064831
4259.548	n/a	NonTarget	1	1064887
4259.776	n/a	NonTarget	1	1064944
4260.0	n/a	NonTarget	1	1065000
4260.228	n/a	NonTarget	1	1065057
4260.452	n/a	Target	2	1065113
4260.676	n/a	NonTarget	1	1065169
4260.9	n/a	NonTarget	1	1065225
4261.128	n/a	NonTarget	1	1065282
4261.352	n/a	NonTarget	1	1065338
4261.576	n/a	Target	2	1065394
4261.804	n/a	NonTarget	1	1065451
4262.028	n/a	NonTarget	1	1065507
4262.256	n/a	NonTarget	1	1065564
4262.48	n/a	NonTarget	1	1065620
4262.704	n/a	Target	2	1065676
4262.932	n/a	NonTarget	1	1065733
4263.156	n/a	NonTarget	1	1065789
4263.384	n/a	NonTarget	1	1065846
4263.608	n/a	NonTarget	1	1065902
4263.836	n/a	Target	2	1065959
4264.06	n/a	NonTarget	1	1066015
4264.284	n/a	NonTarget	1	1066071
4264.512	n/a	NonTarget	1	1066128
4264.736	n/a	NonTarget	1	1066184
4264.964	n/a	Target	2	1066241
4265.188	n/a	NonTarget	1	1066297
4265.416	n/a	NonTarget	1	1066354
4265.64	n/a	NonTarget	1	1066410
4265.864	n/a	NonTarget	1	1066466
4266.092	n/a	Target	2	1066523
4266.316	n/a	NonTarget	1	1066579
4266.544	n/a	NonTarget	1	1066636
4266.768	n/a	NonTarget	1	1066692
4283.528	n/a	NonTarget	1	1070882
4283.752	n/a	NonTarget	1	1070938
4283.98	n/a	Target	2	1070995
4284.204	n/a	NonTarget	1	1071051
4284.428	n/a	NonTarget	1	1071107
4284.656	n/a	NonTarget	1	1071164
4284.88	n/a	NonTarget	1	1071220
4285.108	n/a	NonTarget	1	1071277
4285.332	n/a	NonTarget	1	1071333
4285.556	n/a	NonTarget	1	1071389
4285.784	n/a	Target	2	1071446
4286.008	n/a	NonTarget	1	1071502
4286.232	n/a	NonTarget	1	1071558
4286.46	n/a	NonTarget	1	1071615
4286.684	n/a	NonTarget	1	1071671
4286.908	n/a	NonTarget	1	1071727
4287.132	n/a	NonTarget	1	1071783
4287.36	n/a	NonTarget	1	1071840
4287.584	n/a	NonTarget	1	1071896
4287.812	n/a	Target	2	1071953
4288.036	n/a	NonTarget	1	1072009
4288.26	n/a	NonTarget	1	1072065
4288.488	n/a	NonTarget	1	1072122
4288.712	n/a	NonTarget	1	1072178
4288.936	n/a	NonTarget	1	1072234
4289.164	n/a	Target	2	1072291
4289.388	n/a	NonTarget	1	1072347
4289.616	n/a	NonTarget	1	1072404
4289.84	n/a	NonTarget	1	1072460
4290.064	n/a	NonTarget	1	1072516
4290.292	n/a	NonTarget	1	1072573
4290.516	n/a	NonTarget	1	1072629
4290.744	n/a	NonTarget	1	1072686
4290.968	n/a	NonTarget	1	1072742
4291.192	n/a	Target	2	1072798
4291.42	n/a	NonTarget	1	1072855
4291.644	n/a	NonTarget	1	1072911
4291.872	n/a	NonTarget	1	1072968
4292.096	n/a	NonTarget	1	1073024
4292.32	n/a	NonTarget	1	1073080
4292.548	n/a	Target	2	1073137
4292.772	n/a	NonTarget	1	1073193
4293.0	n/a	NonTarget	1	1073250
4293.224	n/a	NonTarget	1	1073306
4293.452	n/a	NonTarget	1	1073363
4293.676	n/a	NonTarget	1	1073419
4293.9	n/a	Target	2	1073475
4294.128	n/a	NonTarget	1	1073532
4294.352	n/a	NonTarget	1	1073588
4294.576	n/a	NonTarget	1	1073644
4294.804	n/a	NonTarget	1	1073701
4295.028	n/a	Target	2	1073757
4295.256	n/a	NonTarget	1	1073814
4295.48	n/a	NonTarget	1	1073870
4295.704	n/a	NonTarget	1	1073926
4295.932	n/a	NonTarget	1	1073983
4296.156	n/a	NonTarget	1	1074039
4296.38	n/a	Target	2	1074095
4296.608	n/a	NonTarget	1	1074152
4296.832	n/a	NonTarget	1	1074208
4297.06	n/a	NonTarget	1	1074265
4297.284	n/a	NonTarget	1	1074321
4297.512	n/a	NonTarget	1	1074378
4297.736	n/a	NonTarget	1	1074434
4297.96	n/a	Target	2	1074490
4298.188	n/a	NonTarget	1	1074547
4298.412	n/a	NonTarget	1	1074603
4298.64	n/a	NonTarget	1	1074660
4298.864	n/a	NonTarget	1	1074716
4299.088	n/a	Target	2	1074772
4299.316	n/a	NonTarget	1	1074829
4299.54	n/a	NonTarget	1	1074885
4299.768	n/a	NonTarget	1	1074942
4299.992	n/a	NonTarget	1	1074998
4300.22	n/a	NonTarget	1	1075055
4300.444	n/a	Target	2	1075111
4300.668	n/a	NonTarget	1	1075167
4300.896	n/a	NonTarget	1	1075224
4301.12	n/a	NonTarget	1	1075280
4301.348	n/a	NonTarget	1	1075337
4301.572	n/a	Target	2	1075393
4301.796	n/a	NonTarget	1	1075449
4302.02	n/a	NonTarget	1	1075505
4302.248	n/a	NonTarget	1	1075562
4302.472	n/a	NonTarget	1	1075618
4302.696	n/a	NonTarget	1	1075674
4302.924	n/a	NonTarget	1	1075731
4303.148	n/a	Target	2	1075787
4303.376	n/a	NonTarget	1	1075844
4303.6	n/a	NonTarget	1	1075900
4303.824	n/a	NonTarget	1	1075956
4304.052	n/a	NonTarget	1	1076013
4304.276	n/a	Target	2	1076069
4304.504	n/a	NonTarget	1	1076126
4304.728	n/a	NonTarget	1	1076182
4304.956	n/a	NonTarget	1	1076239
4305.18	n/a	NonTarget	1	1076295
4305.404	n/a	Target	2	1076351
4305.632	n/a	NonTarget	1	1076408
4305.856	n/a	NonTarget	1	1076464
4306.084	n/a	NonTarget	1	1076521
4306.308	n/a	NonTarget	1	1076577
4306.532	n/a	Target	2	1076633
4306.756	n/a	NonTarget	1	1076689
4306.984	n/a	NonTarget	1	1076746
4307.208	n/a	NonTarget	1	1076802
4307.436	n/a	NonTarget	1	1076859
4307.66	n/a	Target	2	1076915
4307.884	n/a	NonTarget	1	1076971
4308.112	n/a	NonTarget	1	1077028
4308.336	n/a	NonTarget	1	1077084
4308.56	n/a	NonTarget	1	1077140
4308.788	n/a	Target	2	1077197
4309.012	n/a	NonTarget	1	1077253
4309.24	n/a	NonTarget	1	1077310
4309.464	n/a	NonTarget	1	1077366
4309.688	n/a	NonTarget	1	1077422
4309.916	n/a	Target	2	1077479
4310.14	n/a	NonTarget	1	1077535
4310.368	n/a	NonTarget	1	1077592
4310.592	n/a	NonTarget	1	1077648
4310.82	n/a	NonTarget	1	1077705
4311.044	n/a	Target	2	1077761
4311.268	n/a	NonTarget	1	1077817
4311.496	n/a	NonTarget	1	1077874
4311.724	n/a	NonTarget	1	1077931
4311.948	n/a	NonTarget	1	1077987
4312.172	n/a	Target	2	1078043
4312.4	n/a	NonTarget	1	1078100
4312.624	n/a	NonTarget	1	1078156
4312.848	n/a	NonTarget	1	1078212
4313.076	n/a	NonTarget	1	1078269
4313.3	n/a	NonTarget	1	1078325
4313.524	n/a	Target	2	1078381
