onset	duration	trial_type	value	sample
7.064	n/a	NonTarget	1	1766
7.288	n/a	Target	2	1822
7.512	n/a	NonTarget	1	1878
7.74	n/a	NonTarget	1	1935
7.964	n/a	NonTarget	1	1991
8.192	n/a	NonTarget	1	2048
8.416	n/a	NonTarget	1	2104
8.64	n/a	NonTarget	1	2160
8.868	n/a	NonTarget	1	2217
9.092	n/a	NonTarget	1	2273
9.32	n/a	NonTarget	1	2330
9.544	n/a	NonTarget	1	2386
9.772	n/a	NonTarget	1	2443
9.996	n/a	NonTarget	1	2499
10.22	n/a	NonTarget	1	2555
10.448	n/a	Target	2	2612
10.672	n/a	NonTarget	1	2668
10.9	n/a	NonTarget	1	2725
11.124	n/a	NonTarget	1	2781
11.348	n/a	NonTarget	1	2837
11.572	n/a	NonTarget	1	2893
11.8	n/a	NonTarget	1	2950
12.024	n/a	NonTarget	1	3006
12.248	n/a	NonTarget	1	3062
12.472	n/a	NonTarget	1	3118
12.7	n/a	Target	2	3175
12.924	n/a	NonTarget	1	3231
13.152	n/a	NonTarget	1	3288
13.376	n/a	NonTarget	1	3344
13.6	n/a	NonTarget	1	3400
13.824	n/a	NonTarget	1	3456
14.052	n/a	NonTarget	1	3513
14.276	n/a	NonTarget	1	3569
14.504	n/a	Target	2	3626
14.728	n/a	NonTarget	1	3682
14.956	n/a	NonTarget	1	3739
15.18	n/a	NonTarget	1	3795
15.404	n/a	NonTarget	1	3851
15.632	n/a	NonTarget	1	3908
15.856	n/a	NonTarget	1	3964
16.084	n/a	NonTarget	1	4021
16.308	n/a	NonTarget	1	4077
16.532	n/a	NonTarget	1	4133
16.76	n/a	Target	2	4190
16.988	n/a	NonTarget	1	4247
17.208	n/a	NonTarget	1	4302
17.436	n/a	NonTarget	1	4359
17.66	n/a	NonTarget	1	4415
17.884	n/a	NonTarget	1	4471
18.108	n/a	NonTarget	1	4527
18.336	n/a	NonTarget	1	4584
18.56	n/a	NonTarget	1	4640
18.784	n/a	Target	2	4696
19.012	n/a	NonTarget	1	4753
19.236	n/a	NonTarget	1	4809
19.464	n/a	NonTarget	1	4866
19.688	n/a	NonTarget	1	4922
19.916	n/a	NonTarget	1	4979
20.14	n/a	NonTarget	1	5035
20.364	n/a	NonTarget	1	5091
20.592	n/a	NonTarget	1	5148
20.816	n/a	Target	2	5204
21.044	n/a	NonTarget	1	5261
21.268	n/a	NonTarget	1	5317
21.492	n/a	NonTarget	1	5373
21.72	n/a	NonTarget	1	5430
21.944	n/a	NonTarget	1	5486
22.172	n/a	NonTarget	1	5543
22.396	n/a	NonTarget	1	5599
22.62	n/a	NonTarget	1	5655
22.844	n/a	Target	2	5711
23.072	n/a	NonTarget	1	5768
23.296	n/a	NonTarget	1	5824
23.524	n/a	NonTarget	1	5881
23.748	n/a	NonTarget	1	5937
23.972	n/a	NonTarget	1	5993
24.196	n/a	NonTarget	1	6049
24.42	n/a	NonTarget	1	6105
24.648	n/a	Target	2	6162
24.872	n/a	NonTarget	1	6218
25.1	n/a	NonTarget	1	6275
25.324	n/a	NonTarget	1	6331
25.548	n/a	NonTarget	1	6387
25.776	n/a	NonTarget	1	6444
26.0	n/a	Target	2	6500
26.228	n/a	NonTarget	1	6557
26.452	n/a	NonTarget	1	6613
26.676	n/a	NonTarget	1	6669
26.904	n/a	NonTarget	1	6726
27.128	n/a	NonTarget	1	6782
27.356	n/a	Target	2	6839
27.58	n/a	NonTarget	1	6895
27.804	n/a	NonTarget	1	6951
28.028	n/a	NonTarget	1	7007
28.252	n/a	NonTarget	1	7063
28.48	n/a	NonTarget	1	7120
28.704	n/a	NonTarget	1	7176
28.928	n/a	NonTarget	1	7232
29.156	n/a	NonTarget	1	7289
29.38	n/a	NonTarget	1	7345
29.608	n/a	NonTarget	1	7402
29.832	n/a	NonTarget	1	7458
30.056	n/a	NonTarget	1	7514
30.284	n/a	NonTarget	1	7571
30.508	n/a	NonTarget	1	7627
30.736	n/a	Target	2	7684
30.96	n/a	NonTarget	1	7740
31.188	n/a	NonTarget	1	7797
31.412	n/a	NonTarget	1	7853
31.636	n/a	NonTarget	1	7909
31.864	n/a	NonTarget	1	7966
32.088	n/a	Target	2	8022
32.316	n/a	NonTarget	1	8079
32.54	n/a	NonTarget	1	8135
32.764	n/a	NonTarget	1	8191
32.992	n/a	NonTarget	1	8248
33.216	n/a	NonTarget	1	8304
33.444	n/a	NonTarget	1	8361
33.668	n/a	Target	2	8417
33.892	n/a	NonTarget	1	8473
34.12	n/a	NonTarget	1	8530
34.344	n/a	NonTarget	1	8586
34.572	n/a	NonTarget	1	8643
34.796	n/a	NonTarget	1	8699
35.02	n/a	NonTarget	1	8755
35.248	n/a	NonTarget	1	8812
35.472	n/a	NonTarget	1	8868
35.696	n/a	NonTarget	1	8924
35.924	n/a	NonTarget	1	8981
36.148	n/a	NonTarget	1	9037
36.372	n/a	NonTarget	1	9093
36.596	n/a	NonTarget	1	9149
36.824	n/a	NonTarget	1	9206
37.048	n/a	NonTarget	1	9262
37.276	n/a	Target	2	9319
53.704	n/a	NonTarget	1	13426
53.928	n/a	NonTarget	1	13482
54.156	n/a	NonTarget	1	13539
54.38	n/a	NonTarget	1	13595
54.608	n/a	NonTarget	1	13652
54.832	n/a	NonTarget	1	13708
55.056	n/a	NonTarget	1	13764
55.28	n/a	Target	2	13820
55.504	n/a	NonTarget	1	13876
55.732	n/a	NonTarget	1	13933
55.956	n/a	NonTarget	1	13989
56.184	n/a	NonTarget	1	14046
56.408	n/a	NonTarget	1	14102
56.632	n/a	NonTarget	1	14158
56.856	n/a	NonTarget	1	14214
57.08	n/a	NonTarget	1	14270
57.308	n/a	NonTarget	1	14327
57.532	n/a	Target	2	14383
57.756	n/a	NonTarget	1	14439
57.984	n/a	NonTarget	1	14496
58.208	n/a	NonTarget	1	14552
58.436	n/a	NonTarget	1	14609
58.66	n/a	NonTarget	1	14665
58.884	n/a	Target	2	14721
59.112	n/a	NonTarget	1	14778
59.336	n/a	NonTarget	1	14834
59.56	n/a	NonTarget	1	14890
59.788	n/a	NonTarget	1	14947
60.012	n/a	NonTarget	1	15003
60.236	n/a	NonTarget	1	15059
60.46	n/a	NonTarget	1	15115
60.688	n/a	NonTarget	1	15172
60.912	n/a	NonTarget	1	15228
61.14	n/a	Target	2	15285
61.364	n/a	NonTarget	1	15341
61.588	n/a	NonTarget	1	15397
61.816	n/a	NonTarget	1	15454
62.04	n/a	NonTarget	1	15510
62.264	n/a	NonTarget	1	15566
62.492	n/a	NonTarget	1	15623
62.716	n/a	NonTarget	1	15679
62.94	n/a	NonTarget	1	15735
63.168	n/a	NonTarget	1	15792
63.392	n/a	Target	2	15848
63.62	n/a	NonTarget	1	15905
63.844	n/a	NonTarget	1	15961
64.068	n/a	NonTarget	1	16017
64.296	n/a	Target	2	16074
64.52	n/a	NonTarget	1	16130
64.748	n/a	NonTarget	1	16187
64.972	n/a	NonTarget	1	16243
65.196	n/a	NonTarget	1	16299
65.42	n/a	NonTarget	1	16355
65.648	n/a	NonTarget	1	16412
65.872	n/a	NonTarget	1	16468
66.096	n/a	NonTarget	1	16524
66.324	n/a	NonTarget	1	16581
66.548	n/a	NonTarget	1	16637
66.772	n/a	NonTarget	1	16693
67.0	n/a	NonTarget	1	16750
67.224	n/a	NonTarget	1	16806
67.448	n/a	Target	2	16862
67.672	n/a	NonTarget	1	16918
67.9	n/a	NonTarget	1	16975
68.124	n/a	NonTarget	1	17031
68.348	n/a	NonTarget	1	17087
68.576	n/a	NonTarget	1	17144
68.8	n/a	NonTarget	1	17200
69.024	n/a	NonTarget	1	17256
69.252	n/a	NonTarget	1	17313
69.476	n/a	Target	2	17369
69.704	n/a	NonTarget	1	17426
69.928	n/a	NonTarget	1	17482
70.152	n/a	NonTarget	1	17538
70.376	n/a	NonTarget	1	17594
70.604	n/a	NonTarget	1	17651
70.828	n/a	Target	2	17707
71.052	n/a	NonTarget	1	17763
71.28	n/a	NonTarget	1	17820
71.504	n/a	NonTarget	1	17876
71.732	n/a	NonTarget	1	17933
71.956	n/a	NonTarget	1	17989
72.18	n/a	NonTarget	1	18045
72.408	n/a	NonTarget	1	18102
72.632	n/a	NonTarget	1	18158
72.856	n/a	Target	2	18214
73.08	n/a	NonTarget	1	18270
73.308	n/a	NonTarget	1	18327
73.532	n/a	NonTarget	1	18383
73.756	n/a	NonTarget	1	18439
73.984	n/a	NonTarget	1	18496
74.208	n/a	NonTarget	1	18552
74.436	n/a	NonTarget	1	18609
74.66	n/a	NonTarget	1	18665
74.884	n/a	NonTarget	1	18721
75.112	n/a	NonTarget	1	18778
75.336	n/a	NonTarget	1	18834
75.564	n/a	NonTarget	1	18891
75.788	n/a	Target	2	18947
76.012	n/a	NonTarget	1	19003
76.24	n/a	NonTarget	1	19060
76.464	n/a	NonTarget	1	19116
76.692	n/a	NonTarget	1	19173
76.916	n/a	NonTarget	1	19229
77.144	n/a	Target	2	19286
77.368	n/a	NonTarget	1	19342
77.592	n/a	NonTarget	1	19398
77.82	n/a	NonTarget	1	19455
78.044	n/a	NonTarget	1	19511
78.268	n/a	NonTarget	1	19567
78.492	n/a	NonTarget	1	19623
78.72	n/a	NonTarget	1	19680
78.944	n/a	NonTarget	1	19736
79.172	n/a	Target	2	19793
79.396	n/a	NonTarget	1	19849
79.62	n/a	NonTarget	1	19905
79.848	n/a	NonTarget	1	19962
80.072	n/a	NonTarget	1	20018
80.3	n/a	NonTarget	1	20075
80.524	n/a	NonTarget	1	20131
80.748	n/a	NonTarget	1	20187
80.976	n/a	NonTarget	1	20244
81.2	n/a	NonTarget	1	20300
81.424	n/a	Target	2	20356
81.652	n/a	NonTarget	1	20413
81.876	n/a	NonTarget	1	20469
82.104	n/a	NonTarget	1	20526
82.328	n/a	NonTarget	1	20582
82.552	n/a	NonTarget	1	20638
82.78	n/a	NonTarget	1	20695
83.004	n/a	NonTarget	1	20751
83.232	n/a	Target	2	20808
83.456	n/a	NonTarget	1	20864
83.68	n/a	NonTarget	1	20920
98.096	n/a	Target	2	24524
98.32	n/a	NonTarget	1	24580
98.548	n/a	NonTarget	1	24637
98.772	n/a	NonTarget	1	24693
98.996	n/a	NonTarget	1	24749
99.224	n/a	NonTarget	1	24806
99.448	n/a	NonTarget	1	24862
99.672	n/a	NonTarget	1	24918
99.9	n/a	NonTarget	1	24975
100.124	n/a	Target	2	25031
100.348	n/a	NonTarget	1	25087
100.576	n/a	NonTarget	1	25144
100.8	n/a	NonTarget	1	25200
101.024	n/a	NonTarget	1	25256
101.252	n/a	NonTarget	1	25313
101.476	n/a	NonTarget	1	25369
101.704	n/a	NonTarget	1	25426
101.928	n/a	NonTarget	1	25482
102.152	n/a	NonTarget	1	25538
102.38	n/a	NonTarget	1	25595
102.604	n/a	NonTarget	1	25651
102.828	n/a	NonTarget	1	25707
103.056	n/a	NonTarget	1	25764
103.28	n/a	Target	2	25820
103.504	n/a	NonTarget	1	25876
103.732	n/a	NonTarget	1	25933
103.956	n/a	NonTarget	1	25989
104.184	n/a	NonTarget	1	26046
104.408	n/a	NonTarget	1	26102
104.632	n/a	NonTarget	1	26158
104.86	n/a	Target	2	26215
105.084	n/a	NonTarget	1	26271
105.308	n/a	NonTarget	1	26327
105.536	n/a	NonTarget	1	26384
105.76	n/a	NonTarget	1	26440
105.984	n/a	NonTarget	1	26496
106.208	n/a	NonTarget	1	26552
106.436	n/a	NonTarget	1	26609
106.66	n/a	NonTarget	1	26665
106.884	n/a	Target	2	26721
107.112	n/a	NonTarget	1	26778
107.336	n/a	NonTarget	1	26834
107.564	n/a	NonTarget	1	26891
107.788	n/a	NonTarget	1	26947
108.016	n/a	NonTarget	1	27004
108.24	n/a	NonTarget	1	27060
108.464	n/a	NonTarget	1	27116
108.692	n/a	NonTarget	1	27173
108.916	n/a	NonTarget	1	27229
109.144	n/a	NonTarget	1	27286
109.368	n/a	NonTarget	1	27342
109.592	n/a	NonTarget	1	27398
109.82	n/a	Target	2	27455
110.044	n/a	NonTarget	1	27511
110.268	n/a	NonTarget	1	27567
110.492	n/a	NonTarget	1	27623
110.72	n/a	NonTarget	1	27680
110.944	n/a	NonTarget	1	27736
111.168	n/a	Target	2	27792
111.396	n/a	NonTarget	1	27849
111.62	n/a	NonTarget	1	27905
111.844	n/a	NonTarget	1	27961
112.072	n/a	NonTarget	1	28018
112.296	n/a	NonTarget	1	28074
112.524	n/a	NonTarget	1	28131
112.748	n/a	Target	2	28187
112.976	n/a	NonTarget	1	28244
113.2	n/a	NonTarget	1	28300
113.424	n/a	NonTarget	1	28356
113.652	n/a	NonTarget	1	28413
113.876	n/a	NonTarget	1	28469
114.104	n/a	NonTarget	1	28526
114.328	n/a	NonTarget	1	28582
114.552	n/a	NonTarget	1	28638
114.78	n/a	NonTarget	1	28695
115.004	n/a	NonTarget	1	28751
115.228	n/a	NonTarget	1	28807
115.456	n/a	NonTarget	1	28864
115.684	n/a	NonTarget	1	28921
115.908	n/a	Target	2	28977
116.132	n/a	NonTarget	1	29033
116.356	n/a	NonTarget	1	29089
116.58	n/a	NonTarget	1	29145
116.808	n/a	NonTarget	1	29202
117.032	n/a	NonTarget	1	29258
117.256	n/a	NonTarget	1	29314
117.484	n/a	NonTarget	1	29371
117.708	n/a	NonTarget	1	29427
117.932	n/a	NonTarget	1	29483
118.16	n/a	Target	2	29540
118.384	n/a	NonTarget	1	29596
118.612	n/a	NonTarget	1	29653
118.836	n/a	NonTarget	1	29709
119.06	n/a	NonTarget	1	29765
119.288	n/a	NonTarget	1	29822
119.512	n/a	NonTarget	1	29878
119.74	n/a	Target	2	29935
119.964	n/a	NonTarget	1	29991
120.188	n/a	NonTarget	1	30047
120.416	n/a	NonTarget	1	30104
120.64	n/a	NonTarget	1	30160
120.868	n/a	NonTarget	1	30217
121.092	n/a	Target	2	30273
121.32	n/a	NonTarget	1	30330
121.544	n/a	NonTarget	1	30386
121.768	n/a	NonTarget	1	30442
121.996	n/a	NonTarget	1	30499
122.22	n/a	NonTarget	1	30555
122.444	n/a	NonTarget	1	30611
122.668	n/a	NonTarget	1	30667
122.896	n/a	NonTarget	1	30724
123.12	n/a	NonTarget	1	30780
123.344	n/a	NonTarget	1	30836
123.572	n/a	NonTarget	1	30893
123.796	n/a	NonTarget	1	30949
124.024	n/a	Target	2	31006
124.248	n/a	NonTarget	1	31062
124.472	n/a	NonTarget	1	31118
124.7	n/a	NonTarget	1	31175
124.924	n/a	NonTarget	1	31231
125.148	n/a	NonTarget	1	31287
125.376	n/a	NonTarget	1	31344
125.6	n/a	NonTarget	1	31400
125.824	n/a	NonTarget	1	31456
126.048	n/a	Target	2	31512
126.276	n/a	NonTarget	1	31569
126.5	n/a	NonTarget	1	31625
126.728	n/a	NonTarget	1	31682
126.952	n/a	NonTarget	1	31738
127.176	n/a	NonTarget	1	31794
127.404	n/a	NonTarget	1	31851
127.628	n/a	NonTarget	1	31907
127.852	n/a	NonTarget	1	31963
128.076	n/a	Target	2	32019
128.304	n/a	NonTarget	1	32076
159.64	n/a	NonTarget	1	39910
159.864	n/a	Target	2	39966
160.088	n/a	NonTarget	1	40022
160.316	n/a	NonTarget	1	40079
160.54	n/a	NonTarget	1	40135
160.768	n/a	NonTarget	1	40192
160.992	n/a	NonTarget	1	40248
161.216	n/a	NonTarget	1	40304
161.44	n/a	NonTarget	1	40360
161.668	n/a	NonTarget	1	40417
161.892	n/a	NonTarget	1	40473
162.12	n/a	Target	2	40530
162.344	n/a	NonTarget	1	40586
162.568	n/a	NonTarget	1	40642
162.792	n/a	NonTarget	1	40698
163.02	n/a	NonTarget	1	40755
163.244	n/a	NonTarget	1	40811
163.472	n/a	NonTarget	1	40868
163.696	n/a	NonTarget	1	40924
163.92	n/a	NonTarget	1	40980
164.148	n/a	NonTarget	1	41037
164.372	n/a	NonTarget	1	41093
164.596	n/a	NonTarget	1	41149
164.82	n/a	NonTarget	1	41205
165.044	n/a	NonTarget	1	41261
165.272	n/a	Target	2	41318
165.496	n/a	NonTarget	1	41374
165.724	n/a	NonTarget	1	41431
165.948	n/a	NonTarget	1	41487
166.172	n/a	NonTarget	1	41543
166.4	n/a	NonTarget	1	41600
166.624	n/a	NonTarget	1	41656
166.852	n/a	Target	2	41713
167.076	n/a	NonTarget	1	41769
167.3	n/a	NonTarget	1	41825
167.524	n/a	NonTarget	1	41881
167.748	n/a	NonTarget	1	41937
167.976	n/a	Target	2	41994
168.2	n/a	NonTarget	1	42050
168.428	n/a	NonTarget	1	42107
168.652	n/a	NonTarget	1	42163
168.876	n/a	NonTarget	1	42219
169.104	n/a	NonTarget	1	42276
169.328	n/a	NonTarget	1	42332
169.552	n/a	NonTarget	1	42388
169.776	n/a	NonTarget	1	42444
170.0	n/a	NonTarget	1	42500
170.228	n/a	NonTarget	1	42557
170.452	n/a	NonTarget	1	42613
170.68	n/a	Target	2	42670
170.904	n/a	NonTarget	1	42726
171.132	n/a	NonTarget	1	42783
171.356	n/a	NonTarget	1	42839
171.58	n/a	NonTarget	1	42895
171.808	n/a	NonTarget	1	42952
172.032	n/a	NonTarget	1	43008
172.256	n/a	NonTarget	1	43064
172.484	n/a	NonTarget	1	43121
172.708	n/a	Target	2	43177
172.936	n/a	NonTarget	1	43234
173.16	n/a	NonTarget	1	43290
173.384	n/a	NonTarget	1	43346
173.608	n/a	NonTarget	1	43402
173.832	n/a	Target	2	43458
174.06	n/a	NonTarget	1	43515
174.284	n/a	NonTarget	1	43571
174.512	n/a	NonTarget	1	43628
174.736	n/a	NonTarget	1	43684
174.96	n/a	NonTarget	1	43740
175.184	n/a	NonTarget	1	43796
175.408	n/a	NonTarget	1	43852
175.636	n/a	NonTarget	1	43909
175.86	n/a	NonTarget	1	43965
176.084	n/a	Target	2	44021
176.312	n/a	NonTarget	1	44078
176.536	n/a	NonTarget	1	44134
176.764	n/a	NonTarget	1	44191
176.988	n/a	NonTarget	1	44247
177.212	n/a	NonTarget	1	44303
177.44	n/a	NonTarget	1	44360
177.664	n/a	NonTarget	1	44416
177.888	n/a	Target	2	44472
178.116	n/a	NonTarget	1	44529
178.34	n/a	NonTarget	1	44585
178.564	n/a	NonTarget	1	44641
178.792	n/a	NonTarget	1	44698
179.016	n/a	NonTarget	1	44754
179.24	n/a	NonTarget	1	44810
179.468	n/a	NonTarget	1	44867
179.692	n/a	NonTarget	1	44923
179.916	n/a	NonTarget	1	44979
180.144	n/a	Target	2	45036
180.368	n/a	NonTarget	1	45092
180.596	n/a	NonTarget	1	45149
180.82	n/a	NonTarget	1	45205
181.044	n/a	NonTarget	1	45261
181.268	n/a	NonTarget	1	45317
181.496	n/a	NonTarget	1	45374
181.72	n/a	NonTarget	1	45430
181.948	n/a	NonTarget	1	45487
182.172	n/a	NonTarget	1	45543
182.396	n/a	NonTarget	1	45599
182.62	n/a	Target	2	45655
182.848	n/a	NonTarget	1	45712
183.072	n/a	NonTarget	1	45768
183.296	n/a	NonTarget	1	45824
183.524	n/a	NonTarget	1	45881
183.748	n/a	NonTarget	1	45937
183.972	n/a	Target	2	45993
184.196	n/a	NonTarget	1	46049
184.42	n/a	NonTarget	1	46105
184.648	n/a	NonTarget	1	46162
184.872	n/a	NonTarget	1	46218
185.1	n/a	NonTarget	1	46275
185.324	n/a	NonTarget	1	46331
185.548	n/a	NonTarget	1	46387
185.776	n/a	NonTarget	1	46444
186.0	n/a	Target	2	46500
186.224	n/a	NonTarget	1	46556
186.452	n/a	NonTarget	1	46613
186.676	n/a	NonTarget	1	46669
186.9	n/a	NonTarget	1	46725
187.124	n/a	NonTarget	1	46781
187.352	n/a	NonTarget	1	46838
187.576	n/a	NonTarget	1	46894
187.804	n/a	NonTarget	1	46951
188.028	n/a	NonTarget	1	47007
188.252	n/a	NonTarget	1	47063
188.48	n/a	NonTarget	1	47120
188.704	n/a	NonTarget	1	47176
188.932	n/a	NonTarget	1	47233
189.156	n/a	NonTarget	1	47289
189.38	n/a	NonTarget	1	47345
189.608	n/a	Target	2	47402
189.832	n/a	NonTarget	1	47458
208.112	n/a	NonTarget	1	52028
208.336	n/a	NonTarget	1	52084
208.56	n/a	NonTarget	1	52140
208.784	n/a	NonTarget	1	52196
209.012	n/a	NonTarget	1	52253
209.236	n/a	Target	2	52309
209.46	n/a	NonTarget	1	52365
209.688	n/a	NonTarget	1	52422
209.912	n/a	NonTarget	1	52478
210.136	n/a	NonTarget	1	52534
210.36	n/a	NonTarget	1	52590
210.588	n/a	NonTarget	1	52647
210.812	n/a	NonTarget	1	52703
211.036	n/a	Target	2	52759
211.264	n/a	NonTarget	1	52816
211.488	n/a	NonTarget	1	52872
211.716	n/a	NonTarget	1	52929
211.94	n/a	NonTarget	1	52985
212.164	n/a	NonTarget	1	53041
212.392	n/a	Target	2	53098
212.616	n/a	NonTarget	1	53154
212.844	n/a	NonTarget	1	53211
213.068	n/a	NonTarget	1	53267
213.292	n/a	NonTarget	1	53323
213.52	n/a	NonTarget	1	53380
213.744	n/a	NonTarget	1	53436
213.972	n/a	NonTarget	1	53493
214.196	n/a	NonTarget	1	53549
214.42	n/a	NonTarget	1	53605
214.648	n/a	NonTarget	1	53662
214.872	n/a	NonTarget	1	53718
215.096	n/a	Target	2	53774
215.32	n/a	NonTarget	1	53830
215.548	n/a	NonTarget	1	53887
215.772	n/a	NonTarget	1	53943
215.996	n/a	NonTarget	1	53999
216.224	n/a	NonTarget	1	54056
216.448	n/a	NonTarget	1	54112
216.676	n/a	NonTarget	1	54169
216.9	n/a	NonTarget	1	54225
217.124	n/a	NonTarget	1	54281
217.348	n/a	NonTarget	1	54337
217.576	n/a	NonTarget	1	54394
217.8	n/a	NonTarget	1	54450
218.028	n/a	Target	2	54507
218.252	n/a	NonTarget	1	54563
218.476	n/a	NonTarget	1	54619
218.704	n/a	NonTarget	1	54676
218.928	n/a	NonTarget	1	54732
219.156	n/a	Target	2	54789
219.38	n/a	NonTarget	1	54845
219.608	n/a	NonTarget	1	54902
219.832	n/a	NonTarget	1	54958
220.056	n/a	NonTarget	1	55014
220.284	n/a	NonTarget	1	55071
220.508	n/a	NonTarget	1	55127
220.736	n/a	Target	2	55184
220.96	n/a	NonTarget	1	55240
221.184	n/a	NonTarget	1	55296
221.412	n/a	NonTarget	1	55353
221.636	n/a	NonTarget	1	55409
221.86	n/a	NonTarget	1	55465
222.084	n/a	NonTarget	1	55521
222.312	n/a	Target	2	55578
222.536	n/a	NonTarget	1	55634
222.764	n/a	NonTarget	1	55691
222.988	n/a	NonTarget	1	55747
223.212	n/a	NonTarget	1	55803
223.44	n/a	NonTarget	1	55860
223.664	n/a	NonTarget	1	55916
223.892	n/a	NonTarget	1	55973
224.116	n/a	NonTarget	1	56029
224.344	n/a	NonTarget	1	56086
224.568	n/a	NonTarget	1	56142
224.792	n/a	Target	2	56198
225.02	n/a	NonTarget	1	56255
225.244	n/a	NonTarget	1	56311
225.472	n/a	NonTarget	1	56368
225.696	n/a	NonTarget	1	56424
225.92	n/a	NonTarget	1	56480
226.148	n/a	NonTarget	1	56537
226.372	n/a	NonTarget	1	56593
226.596	n/a	NonTarget	1	56649
226.824	n/a	Target	2	56706
227.048	n/a	NonTarget	1	56762
227.272	n/a	NonTarget	1	56818
227.496	n/a	NonTarget	1	56874
227.724	n/a	NonTarget	1	56931
227.948	n/a	NonTarget	1	56987
228.176	n/a	NonTarget	1	57044
228.4	n/a	NonTarget	1	57100
228.624	n/a	Target	2	57156
228.852	n/a	NonTarget	1	57213
229.076	n/a	NonTarget	1	57269
229.304	n/a	NonTarget	1	57326
229.528	n/a	NonTarget	1	57382
229.752	n/a	NonTarget	1	57438
229.98	n/a	NonTarget	1	57495
230.204	n/a	NonTarget	1	57551
230.428	n/a	NonTarget	1	57607
230.652	n/a	NonTarget	1	57663
230.88	n/a	NonTarget	1	57720
231.104	n/a	NonTarget	1	57776
231.328	n/a	NonTarget	1	57832
231.556	n/a	NonTarget	1	57889
231.78	n/a	NonTarget	1	57945
232.008	n/a	NonTarget	1	58002
232.232	n/a	Target	2	58058
232.456	n/a	NonTarget	1	58114
232.684	n/a	NonTarget	1	58171
232.908	n/a	NonTarget	1	58227
233.136	n/a	NonTarget	1	58284
233.36	n/a	Target	2	58340
233.584	n/a	NonTarget	1	58396
233.808	n/a	NonTarget	1	58452
234.032	n/a	NonTarget	1	58508
234.26	n/a	NonTarget	1	58565
234.484	n/a	NonTarget	1	58621
234.712	n/a	NonTarget	1	58678
234.936	n/a	NonTarget	1	58734
235.16	n/a	NonTarget	1	58790
235.388	n/a	Target	2	58847
235.616	n/a	NonTarget	1	58904
235.836	n/a	NonTarget	1	58959
236.064	n/a	NonTarget	1	59016
236.288	n/a	NonTarget	1	59072
236.516	n/a	Target	2	59129
236.74	n/a	NonTarget	1	59185
236.968	n/a	NonTarget	1	59242
237.192	n/a	NonTarget	1	59298
237.416	n/a	NonTarget	1	59354
237.644	n/a	NonTarget	1	59411
237.868	n/a	NonTarget	1	59467
238.092	n/a	NonTarget	1	59523
256.664	n/a	NonTarget	1	64166
256.892	n/a	NonTarget	1	64223
257.116	n/a	NonTarget	1	64279
257.344	n/a	Target	2	64336
257.568	n/a	NonTarget	1	64392
257.792	n/a	NonTarget	1	64448
258.02	n/a	NonTarget	1	64505
258.244	n/a	NonTarget	1	64561
258.468	n/a	NonTarget	1	64617
258.696	n/a	NonTarget	1	64674
258.92	n/a	NonTarget	1	64730
259.148	n/a	NonTarget	1	64787
259.372	n/a	Target	2	64843
259.596	n/a	NonTarget	1	64899
259.824	n/a	NonTarget	1	64956
260.048	n/a	NonTarget	1	65012
260.276	n/a	NonTarget	1	65069
260.5	n/a	NonTarget	1	65125
260.724	n/a	NonTarget	1	65181
260.952	n/a	NonTarget	1	65238
261.176	n/a	NonTarget	1	65294
261.4	n/a	NonTarget	1	65350
261.628	n/a	NonTarget	1	65407
261.852	n/a	NonTarget	1	65463
262.076	n/a	NonTarget	1	65519
262.304	n/a	NonTarget	1	65576
262.528	n/a	Target	2	65632
262.752	n/a	NonTarget	1	65688
262.98	n/a	NonTarget	1	65745
263.204	n/a	NonTarget	1	65801
263.432	n/a	NonTarget	1	65858
263.656	n/a	NonTarget	1	65914
263.884	n/a	Target	2	65971
264.108	n/a	NonTarget	1	66027
264.332	n/a	NonTarget	1	66083
264.56	n/a	NonTarget	1	66140
264.784	n/a	NonTarget	1	66196
265.012	n/a	NonTarget	1	66253
265.236	n/a	NonTarget	1	66309
265.46	n/a	NonTarget	1	66365
265.688	n/a	NonTarget	1	66422
265.912	n/a	NonTarget	1	66478
266.14	n/a	NonTarget	1	66535
266.364	n/a	NonTarget	1	66591
266.592	n/a	Target	2	66648
266.816	n/a	NonTarget	1	66704
267.04	n/a	NonTarget	1	66760
267.268	n/a	NonTarget	1	66817
267.492	n/a	NonTarget	1	66873
267.716	n/a	NonTarget	1	66929
267.944	n/a	NonTarget	1	66986
268.168	n/a	NonTarget	1	67042
268.392	n/a	NonTarget	1	67098
268.616	n/a	Target	2	67154
268.844	n/a	NonTarget	1	67211
269.068	n/a	NonTarget	1	67267
269.292	n/a	NonTarget	1	67323
269.52	n/a	NonTarget	1	67380
269.744	n/a	NonTarget	1	67436
269.972	n/a	NonTarget	1	67493
270.196	n/a	NonTarget	1	67549
270.424	n/a	NonTarget	1	67606
270.648	n/a	Target	2	67662
270.872	n/a	NonTarget	1	67718
271.1	n/a	NonTarget	1	67775
271.324	n/a	NonTarget	1	67831
271.552	n/a	NonTarget	1	67888
271.776	n/a	NonTarget	1	67944
272.0	n/a	Target	2	68000
272.228	n/a	NonTarget	1	68057
272.452	n/a	NonTarget	1	68113
272.68	n/a	NonTarget	1	68170
272.904	n/a	NonTarget	1	68226
273.128	n/a	NonTarget	1	68282
273.356	n/a	NonTarget	1	68339
273.58	n/a	Target	2	68395
273.804	n/a	NonTarget	1	68451
274.028	n/a	NonTarget	1	68507
274.256	n/a	NonTarget	1	68564
274.48	n/a	NonTarget	1	68620
274.704	n/a	NonTarget	1	68676
274.932	n/a	NonTarget	1	68733
275.156	n/a	NonTarget	1	68789
275.384	n/a	NonTarget	1	68846
275.608	n/a	Target	2	68902
275.832	n/a	NonTarget	1	68958
276.06	n/a	NonTarget	1	69015
276.284	n/a	NonTarget	1	69071
276.508	n/a	NonTarget	1	69127
276.736	n/a	NonTarget	1	69184
276.96	n/a	NonTarget	1	69240
277.188	n/a	NonTarget	1	69297
277.412	n/a	Target	2	69353
277.636	n/a	NonTarget	1	69409
277.864	n/a	NonTarget	1	69466
278.088	n/a	NonTarget	1	69522
278.316	n/a	NonTarget	1	69579
278.54	n/a	NonTarget	1	69635
278.764	n/a	NonTarget	1	69691
278.988	n/a	NonTarget	1	69747
279.216	n/a	NonTarget	1	69804
279.44	n/a	NonTarget	1	69860
279.664	n/a	NonTarget	1	69916
279.892	n/a	NonTarget	1	69973
280.116	n/a	NonTarget	1	70029
280.34	n/a	NonTarget	1	70085
280.568	n/a	Target	2	70142
280.792	n/a	NonTarget	1	70198
281.02	n/a	NonTarget	1	70255
281.244	n/a	NonTarget	1	70311
281.468	n/a	NonTarget	1	70367
281.696	n/a	NonTarget	1	70424
281.92	n/a	Target	2	70480
282.144	n/a	NonTarget	1	70536
282.368	n/a	NonTarget	1	70592
282.596	n/a	NonTarget	1	70649
282.82	n/a	NonTarget	1	70705
283.048	n/a	NonTarget	1	70762
283.272	n/a	NonTarget	1	70818
283.496	n/a	Target	2	70874
283.724	n/a	NonTarget	1	70931
283.948	n/a	NonTarget	1	70987
284.176	n/a	NonTarget	1	71044
284.4	n/a	NonTarget	1	71100
284.624	n/a	NonTarget	1	71156
284.852	n/a	NonTarget	1	71213
285.076	n/a	NonTarget	1	71269
285.3	n/a	NonTarget	1	71325
285.528	n/a	Target	2	71382
285.752	n/a	NonTarget	1	71438
285.98	n/a	NonTarget	1	71495
286.204	n/a	NonTarget	1	71551
286.428	n/a	NonTarget	1	71607
286.656	n/a	NonTarget	1	71664
286.88	n/a	NonTarget	1	71720
308.02	n/a	NonTarget	1	77005
308.244	n/a	NonTarget	1	77061
308.468	n/a	NonTarget	1	77117
308.696	n/a	NonTarget	1	77174
308.92	n/a	NonTarget	1	77230
309.148	n/a	NonTarget	1	77287
309.372	n/a	NonTarget	1	77343
309.596	n/a	NonTarget	1	77399
309.82	n/a	Target	2	77455
310.048	n/a	NonTarget	1	77512
310.272	n/a	NonTarget	1	77568
310.496	n/a	NonTarget	1	77624
310.724	n/a	NonTarget	1	77681
310.948	n/a	NonTarget	1	77737
311.176	n/a	NonTarget	1	77794
311.4	n/a	Target	2	77850
311.624	n/a	NonTarget	1	77906
311.852	n/a	NonTarget	1	77963
312.076	n/a	Target	2	78019
312.3	n/a	NonTarget	1	78075
312.528	n/a	NonTarget	1	78132
312.752	n/a	NonTarget	1	78188
312.976	n/a	NonTarget	1	78244
313.2	n/a	NonTarget	1	78300
313.428	n/a	NonTarget	1	78357
313.652	n/a	NonTarget	1	78413
313.876	n/a	NonTarget	1	78469
314.1	n/a	NonTarget	1	78525
314.328	n/a	NonTarget	1	78582
314.552	n/a	Target	2	78638
314.776	n/a	NonTarget	1	78694
315.004	n/a	NonTarget	1	78751
315.228	n/a	NonTarget	1	78807
315.452	n/a	NonTarget	1	78863
315.68	n/a	NonTarget	1	78920
315.904	n/a	NonTarget	1	78976
316.132	n/a	NonTarget	1	79033
316.356	n/a	NonTarget	1	79089
316.58	n/a	NonTarget	1	79145
316.808	n/a	NonTarget	1	79202
317.032	n/a	NonTarget	1	79258
317.26	n/a	NonTarget	1	79315
317.484	n/a	NonTarget	1	79371
317.708	n/a	Target	2	79427
317.932	n/a	NonTarget	1	79483
318.16	n/a	NonTarget	1	79540
318.384	n/a	Target	2	79596
318.608	n/a	NonTarget	1	79652
318.832	n/a	NonTarget	1	79708
319.06	n/a	NonTarget	1	79765
319.284	n/a	NonTarget	1	79821
319.512	n/a	NonTarget	1	79878
319.736	n/a	NonTarget	1	79934
319.964	n/a	NonTarget	1	79991
320.188	n/a	NonTarget	1	80047
320.412	n/a	Target	2	80103
320.64	n/a	NonTarget	1	80160
320.864	n/a	NonTarget	1	80216
321.092	n/a	NonTarget	1	80273
321.316	n/a	NonTarget	1	80329
321.54	n/a	NonTarget	1	80385
321.768	n/a	NonTarget	1	80442
321.992	n/a	NonTarget	1	80498
322.22	n/a	NonTarget	1	80555
322.444	n/a	NonTarget	1	80611
322.672	n/a	NonTarget	1	80668
322.896	n/a	NonTarget	1	80724
323.12	n/a	NonTarget	1	80780
323.348	n/a	NonTarget	1	80837
323.572	n/a	NonTarget	1	80893
323.796	n/a	NonTarget	1	80949
324.024	n/a	Target	2	81006
324.248	n/a	NonTarget	1	81062
324.476	n/a	NonTarget	1	81119
324.7	n/a	NonTarget	1	81175
324.924	n/a	NonTarget	1	81231
325.148	n/a	NonTarget	1	81287
325.372	n/a	NonTarget	1	81343
325.6	n/a	NonTarget	1	81400
325.824	n/a	NonTarget	1	81456
326.052	n/a	Target	2	81513
326.276	n/a	NonTarget	1	81569
326.5	n/a	NonTarget	1	81625
326.724	n/a	NonTarget	1	81681
326.948	n/a	NonTarget	1	81737
327.176	n/a	NonTarget	1	81794
327.4	n/a	Target	2	81850
327.628	n/a	NonTarget	1	81907
327.852	n/a	NonTarget	1	81963
328.076	n/a	NonTarget	1	82019
328.304	n/a	NonTarget	1	82076
328.528	n/a	NonTarget	1	82132
328.752	n/a	NonTarget	1	82188
328.98	n/a	NonTarget	1	82245
329.204	n/a	NonTarget	1	82301
329.432	n/a	Target	2	82358
329.656	n/a	NonTarget	1	82414
329.88	n/a	NonTarget	1	82470
330.108	n/a	NonTarget	1	82527
330.332	n/a	NonTarget	1	82583
330.56	n/a	NonTarget	1	82640
330.784	n/a	NonTarget	1	82696
331.012	n/a	NonTarget	1	82753
331.236	n/a	NonTarget	1	82809
331.46	n/a	NonTarget	1	82865
331.688	n/a	NonTarget	1	82922
331.912	n/a	NonTarget	1	82978
332.14	n/a	Target	2	83035
332.364	n/a	NonTarget	1	83091
332.588	n/a	NonTarget	1	83147
332.812	n/a	Target	2	83203
333.04	n/a	NonTarget	1	83260
333.264	n/a	NonTarget	1	83316
333.492	n/a	NonTarget	1	83373
333.716	n/a	NonTarget	1	83429
333.944	n/a	NonTarget	1	83486
334.168	n/a	NonTarget	1	83542
334.392	n/a	NonTarget	1	83598
334.62	n/a	NonTarget	1	83655
334.844	n/a	NonTarget	1	83711
335.072	n/a	NonTarget	1	83768
335.296	n/a	NonTarget	1	83824
335.52	n/a	NonTarget	1	83880
335.748	n/a	Target	2	83937
335.972	n/a	NonTarget	1	83993
336.196	n/a	NonTarget	1	84049
336.424	n/a	NonTarget	1	84106
336.648	n/a	NonTarget	1	84162
336.872	n/a	NonTarget	1	84218
337.096	n/a	NonTarget	1	84274
337.324	n/a	Target	2	84331
337.548	n/a	NonTarget	1	84387
337.772	n/a	NonTarget	1	84443
338.0	n/a	NonTarget	1	84500
338.224	n/a	NonTarget	1	84556
380.3	n/a	NonTarget	1	95075
380.524	n/a	NonTarget	1	95131
380.752	n/a	NonTarget	1	95188
380.976	n/a	NonTarget	1	95244
381.2	n/a	NonTarget	1	95300
381.428	n/a	NonTarget	1	95357
381.652	n/a	NonTarget	1	95413
381.876	n/a	Target	2	95469
382.104	n/a	NonTarget	1	95526
382.328	n/a	Target	2	95582
382.552	n/a	NonTarget	1	95638
382.78	n/a	NonTarget	1	95695
383.004	n/a	NonTarget	1	95751
383.232	n/a	NonTarget	1	95808
383.456	n/a	NonTarget	1	95864
383.68	n/a	NonTarget	1	95920
383.908	n/a	NonTarget	1	95977
384.132	n/a	NonTarget	1	96033
384.356	n/a	NonTarget	1	96089
384.58	n/a	Target	2	96145
384.808	n/a	NonTarget	1	96202
385.032	n/a	NonTarget	1	96258
385.256	n/a	NonTarget	1	96314
385.484	n/a	NonTarget	1	96371
385.708	n/a	NonTarget	1	96427
385.932	n/a	NonTarget	1	96483
386.16	n/a	NonTarget	1	96540
386.384	n/a	NonTarget	1	96596
386.612	n/a	Target	2	96653
386.836	n/a	NonTarget	1	96709
387.064	n/a	NonTarget	1	96766
387.288	n/a	NonTarget	1	96822
387.512	n/a	NonTarget	1	96878
387.736	n/a	NonTarget	1	96934
387.964	n/a	NonTarget	1	96991
388.192	n/a	NonTarget	1	97048
388.416	n/a	NonTarget	1	97104
388.64	n/a	NonTarget	1	97160
388.864	n/a	NonTarget	1	97216
389.092	n/a	NonTarget	1	97273
389.316	n/a	NonTarget	1	97329
389.544	n/a	Target	2	97386
389.768	n/a	NonTarget	1	97442
389.992	n/a	NonTarget	1	97498
390.216	n/a	NonTarget	1	97554
390.44	n/a	Target	2	97610
390.668	n/a	NonTarget	1	97667
390.892	n/a	NonTarget	1	97723
391.12	n/a	NonTarget	1	97780
391.344	n/a	NonTarget	1	97836
391.568	n/a	NonTarget	1	97892
391.796	n/a	NonTarget	1	97949
392.02	n/a	NonTarget	1	98005
392.248	n/a	NonTarget	1	98062
392.472	n/a	NonTarget	1	98118
392.7	n/a	NonTarget	1	98175
392.924	n/a	Target	2	98231
393.148	n/a	NonTarget	1	98287
393.376	n/a	NonTarget	1	98344
393.6	n/a	NonTarget	1	98400
393.824	n/a	NonTarget	1	98456
394.052	n/a	NonTarget	1	98513
394.276	n/a	NonTarget	1	98569
394.504	n/a	NonTarget	1	98626
394.728	n/a	NonTarget	1	98682
394.952	n/a	NonTarget	1	98738
395.18	n/a	NonTarget	1	98795
395.404	n/a	NonTarget	1	98851
395.632	n/a	NonTarget	1	98908
395.856	n/a	NonTarget	1	98964
396.08	n/a	NonTarget	1	99020
396.308	n/a	Target	2	99077
396.532	n/a	NonTarget	1	99133
396.756	n/a	NonTarget	1	99189
396.984	n/a	NonTarget	1	99246
397.208	n/a	NonTarget	1	99302
397.432	n/a	Target	2	99358
397.656	n/a	NonTarget	1	99414
397.884	n/a	NonTarget	1	99471
398.108	n/a	NonTarget	1	99527
398.336	n/a	NonTarget	1	99584
398.56	n/a	Target	2	99640
398.784	n/a	NonTarget	1	99696
399.012	n/a	NonTarget	1	99753
399.236	n/a	NonTarget	1	99809
399.464	n/a	NonTarget	1	99866
399.688	n/a	NonTarget	1	99922
399.912	n/a	NonTarget	1	99978
400.14	n/a	NonTarget	1	100035
400.364	n/a	NonTarget	1	100091
400.588	n/a	Target	2	100147
400.816	n/a	NonTarget	1	100204
401.04	n/a	NonTarget	1	100260
401.268	n/a	NonTarget	1	100317
401.492	n/a	NonTarget	1	100373
401.716	n/a	NonTarget	1	100429
401.944	n/a	NonTarget	1	100486
402.168	n/a	NonTarget	1	100542
402.392	n/a	NonTarget	1	100598
402.616	n/a	NonTarget	1	100654
402.844	n/a	NonTarget	1	100711
403.068	n/a	NonTarget	1	100767
403.292	n/a	Target	2	100823
403.52	n/a	NonTarget	1	100880
403.744	n/a	NonTarget	1	100936
403.968	n/a	NonTarget	1	100992
404.196	n/a	NonTarget	1	101049
404.42	n/a	NonTarget	1	101105
404.648	n/a	NonTarget	1	101162
404.872	n/a	NonTarget	1	101218
405.1	n/a	NonTarget	1	101275
405.324	n/a	NonTarget	1	101331
405.552	n/a	NonTarget	1	101388
405.776	n/a	Target	2	101444
406.0	n/a	NonTarget	1	101500
406.228	n/a	NonTarget	1	101557
406.452	n/a	NonTarget	1	101613
406.676	n/a	NonTarget	1	101669
406.9	n/a	NonTarget	1	101725
407.128	n/a	Target	2	101782
407.352	n/a	NonTarget	1	101838
407.576	n/a	NonTarget	1	101894
407.804	n/a	NonTarget	1	101951
408.028	n/a	NonTarget	1	102007
408.252	n/a	NonTarget	1	102063
408.48	n/a	NonTarget	1	102120
408.704	n/a	NonTarget	1	102176
408.928	n/a	NonTarget	1	102232
409.156	n/a	NonTarget	1	102289
409.38	n/a	Target	2	102345
409.608	n/a	NonTarget	1	102402
409.832	n/a	NonTarget	1	102458
410.06	n/a	NonTarget	1	102515
410.284	n/a	NonTarget	1	102571
427.684	n/a	NonTarget	1	106921
427.908	n/a	NonTarget	1	106977
428.136	n/a	NonTarget	1	107034
428.36	n/a	NonTarget	1	107090
428.588	n/a	NonTarget	1	107147
428.812	n/a	Target	2	107203
429.036	n/a	NonTarget	1	107259
429.264	n/a	NonTarget	1	107316
429.488	n/a	NonTarget	1	107372
429.716	n/a	NonTarget	1	107429
429.94	n/a	Target	2	107485
430.164	n/a	NonTarget	1	107541
430.392	n/a	NonTarget	1	107598
430.616	n/a	NonTarget	1	107654
430.844	n/a	NonTarget	1	107711
431.068	n/a	NonTarget	1	107767
431.292	n/a	NonTarget	1	107823
431.516	n/a	NonTarget	1	107879
431.74	n/a	NonTarget	1	107935
431.968	n/a	Target	2	107992
432.192	n/a	NonTarget	1	108048
432.42	n/a	NonTarget	1	108105
432.644	n/a	NonTarget	1	108161
432.872	n/a	NonTarget	1	108218
433.096	n/a	NonTarget	1	108274
433.32	n/a	NonTarget	1	108330
433.548	n/a	NonTarget	1	108387
433.772	n/a	NonTarget	1	108443
434.0	n/a	NonTarget	1	108500
434.224	n/a	NonTarget	1	108556
434.448	n/a	NonTarget	1	108612
434.676	n/a	NonTarget	1	108669
434.9	n/a	NonTarget	1	108725
435.128	n/a	NonTarget	1	108782
435.352	n/a	Target	2	108838
435.576	n/a	NonTarget	1	108894
435.804	n/a	NonTarget	1	108951
436.028	n/a	NonTarget	1	109007
436.256	n/a	Target	2	109064
436.48	n/a	NonTarget	1	109120
436.704	n/a	NonTarget	1	109176
436.928	n/a	NonTarget	1	109232
437.156	n/a	NonTarget	1	109289
437.38	n/a	NonTarget	1	109345
437.604	n/a	NonTarget	1	109401
437.832	n/a	Target	2	109458
438.056	n/a	NonTarget	1	109514
438.28	n/a	NonTarget	1	109570
438.508	n/a	NonTarget	1	109627
438.732	n/a	NonTarget	1	109683
438.956	n/a	NonTarget	1	109739
439.184	n/a	NonTarget	1	109796
439.408	n/a	NonTarget	1	109852
439.632	n/a	NonTarget	1	109908
439.86	n/a	Target	2	109965
440.084	n/a	NonTarget	1	110021
440.312	n/a	NonTarget	1	110078
440.536	n/a	NonTarget	1	110134
440.76	n/a	NonTarget	1	110190
440.988	n/a	NonTarget	1	110247
441.212	n/a	NonTarget	1	110303
441.436	n/a	NonTarget	1	110359
441.66	n/a	NonTarget	1	110415
441.888	n/a	NonTarget	1	110472
442.112	n/a	NonTarget	1	110528
442.336	n/a	NonTarget	1	110584
442.564	n/a	NonTarget	1	110641
442.788	n/a	Target	2	110697
443.012	n/a	NonTarget	1	110753
443.24	n/a	NonTarget	1	110810
443.464	n/a	NonTarget	1	110866
443.692	n/a	NonTarget	1	110923
443.916	n/a	NonTarget	1	110979
444.144	n/a	NonTarget	1	111036
444.368	n/a	Target	2	111092
444.592	n/a	NonTarget	1	111148
444.82	n/a	NonTarget	1	111205
445.044	n/a	NonTarget	1	111261
445.272	n/a	NonTarget	1	111318
445.496	n/a	NonTarget	1	111374
445.72	n/a	NonTarget	1	111430
445.944	n/a	NonTarget	1	111486
446.172	n/a	NonTarget	1	111543
446.4	n/a	NonTarget	1	111600
446.624	n/a	Target	2	111656
446.848	n/a	NonTarget	1	111712
447.072	n/a	NonTarget	1	111768
447.3	n/a	NonTarget	1	111825
447.524	n/a	NonTarget	1	111881
447.752	n/a	NonTarget	1	111938
447.976	n/a	NonTarget	1	111994
448.2	n/a	NonTarget	1	112050
448.424	n/a	NonTarget	1	112106
448.648	n/a	NonTarget	1	112162
448.876	n/a	NonTarget	1	112219
449.1	n/a	NonTarget	1	112275
449.328	n/a	NonTarget	1	112332
449.552	n/a	Target	2	112388
449.776	n/a	NonTarget	1	112444
450.004	n/a	NonTarget	1	112501
450.232	n/a	NonTarget	1	112558
450.456	n/a	NonTarget	1	112614
450.68	n/a	NonTarget	1	112670
450.904	n/a	NonTarget	1	112726
451.132	n/a	NonTarget	1	112783
451.356	n/a	Target	2	112839
451.58	n/a	NonTarget	1	112895
451.808	n/a	NonTarget	1	112952
452.032	n/a	NonTarget	1	113008
452.256	n/a	NonTarget	1	113064
452.48	n/a	NonTarget	1	113120
452.708	n/a	NonTarget	1	113177
452.932	n/a	NonTarget	1	113233
453.156	n/a	NonTarget	1	113289
453.384	n/a	NonTarget	1	113346
453.608	n/a	Target	2	113402
453.836	n/a	NonTarget	1	113459
454.06	n/a	NonTarget	1	113515
454.284	n/a	NonTarget	1	113571
454.512	n/a	NonTarget	1	113628
454.736	n/a	NonTarget	1	113684
454.964	n/a	Target	2	113741
455.188	n/a	NonTarget	1	113797
455.412	n/a	NonTarget	1	113853
455.636	n/a	NonTarget	1	113909
455.86	n/a	NonTarget	1	113965
456.088	n/a	NonTarget	1	114022
456.312	n/a	Target	2	114078
456.54	n/a	NonTarget	1	114135
456.764	n/a	NonTarget	1	114191
456.988	n/a	NonTarget	1	114247
457.212	n/a	NonTarget	1	114303
457.44	n/a	NonTarget	1	114360
457.668	n/a	NonTarget	1	114417
457.892	n/a	NonTarget	1	114473
476.196	n/a	NonTarget	1	119049
476.424	n/a	NonTarget	1	119106
476.648	n/a	Target	2	119162
476.876	n/a	NonTarget	1	119219
477.1	n/a	NonTarget	1	119275
477.324	n/a	NonTarget	1	119331
477.552	n/a	NonTarget	1	119388
477.776	n/a	NonTarget	1	119444
478.004	n/a	NonTarget	1	119501
478.228	n/a	Target	2	119557
478.452	n/a	NonTarget	1	119613
478.676	n/a	NonTarget	1	119669
478.904	n/a	NonTarget	1	119726
479.128	n/a	NonTarget	1	119782
479.356	n/a	NonTarget	1	119839
479.58	n/a	NonTarget	1	119895
479.804	n/a	NonTarget	1	119951
480.032	n/a	NonTarget	1	120008
480.256	n/a	NonTarget	1	120064
480.484	n/a	Target	2	120121
480.708	n/a	NonTarget	1	120177
480.932	n/a	NonTarget	1	120233
481.156	n/a	NonTarget	1	120289
481.384	n/a	NonTarget	1	120346
481.608	n/a	NonTarget	1	120402
481.832	n/a	NonTarget	1	120458
482.06	n/a	NonTarget	1	120515
482.284	n/a	NonTarget	1	120571
482.508	n/a	NonTarget	1	120627
482.736	n/a	NonTarget	1	120684
482.96	n/a	NonTarget	1	120740
483.184	n/a	Target	2	120796
483.412	n/a	NonTarget	1	120853
483.636	n/a	NonTarget	1	120909
483.86	n/a	NonTarget	1	120965
484.088	n/a	NonTarget	1	121022
484.312	n/a	NonTarget	1	121078
484.536	n/a	NonTarget	1	121134
484.76	n/a	NonTarget	1	121190
484.984	n/a	NonTarget	1	121246
485.212	n/a	Target	2	121303
485.44	n/a	NonTarget	1	121360
485.664	n/a	NonTarget	1	121416
485.888	n/a	NonTarget	1	121472
486.112	n/a	NonTarget	1	121528
486.34	n/a	NonTarget	1	121585
486.564	n/a	NonTarget	1	121641
486.788	n/a	Target	2	121697
487.016	n/a	NonTarget	1	121754
487.24	n/a	NonTarget	1	121810
487.464	n/a	NonTarget	1	121866
487.688	n/a	NonTarget	1	121922
487.916	n/a	NonTarget	1	121979
488.14	n/a	NonTarget	1	122035
488.368	n/a	NonTarget	1	122092
488.592	n/a	NonTarget	1	122148
488.816	n/a	Target	2	122204
489.044	n/a	NonTarget	1	122261
489.268	n/a	NonTarget	1	122317
489.496	n/a	NonTarget	1	122374
489.72	n/a	NonTarget	1	122430
489.944	n/a	NonTarget	1	122486
490.172	n/a	NonTarget	1	122543
490.396	n/a	NonTarget	1	122599
490.624	n/a	NonTarget	1	122656
490.848	n/a	NonTarget	1	122712
491.072	n/a	NonTarget	1	122768
491.3	n/a	Target	2	122825
491.524	n/a	NonTarget	1	122881
491.752	n/a	NonTarget	1	122938
491.976	n/a	NonTarget	1	122994
492.2	n/a	NonTarget	1	123050
492.428	n/a	NonTarget	1	123107
492.652	n/a	NonTarget	1	123163
492.88	n/a	NonTarget	1	123220
493.104	n/a	NonTarget	1	123276
493.328	n/a	Target	2	123332
493.556	n/a	NonTarget	1	123389
493.78	n/a	NonTarget	1	123445
494.008	n/a	NonTarget	1	123502
494.232	n/a	NonTarget	1	123558
494.46	n/a	NonTarget	1	123615
494.684	n/a	Target	2	123671
494.908	n/a	NonTarget	1	123727
495.132	n/a	NonTarget	1	123783
495.36	n/a	NonTarget	1	123840
495.584	n/a	NonTarget	1	123896
495.808	n/a	NonTarget	1	123952
496.036	n/a	NonTarget	1	124009
496.26	n/a	NonTarget	1	124065
496.484	n/a	Target	2	124121
496.712	n/a	NonTarget	1	124178
496.936	n/a	NonTarget	1	124234
497.164	n/a	NonTarget	1	124291
497.388	n/a	NonTarget	1	124347
497.612	n/a	NonTarget	1	124403
497.84	n/a	NonTarget	1	124460
498.064	n/a	NonTarget	1	124516
498.292	n/a	NonTarget	1	124573
498.516	n/a	NonTarget	1	124629
498.74	n/a	NonTarget	1	124685
498.968	n/a	NonTarget	1	124742
499.192	n/a	NonTarget	1	124798
499.416	n/a	NonTarget	1	124854
499.644	n/a	NonTarget	1	124911
499.868	n/a	Target	2	124967
500.092	n/a	NonTarget	1	125023
500.32	n/a	NonTarget	1	125080
500.544	n/a	NonTarget	1	125136
500.768	n/a	NonTarget	1	125192
500.996	n/a	NonTarget	1	125249
501.22	n/a	NonTarget	1	125305
501.444	n/a	Target	2	125361
501.672	n/a	NonTarget	1	125418
501.896	n/a	NonTarget	1	125474
502.124	n/a	NonTarget	1	125531
502.348	n/a	NonTarget	1	125587
502.572	n/a	NonTarget	1	125643
502.8	n/a	NonTarget	1	125700
503.024	n/a	NonTarget	1	125756
503.252	n/a	NonTarget	1	125813
503.476	n/a	NonTarget	1	125869
503.704	n/a	Target	2	125926
503.928	n/a	NonTarget	1	125982
504.152	n/a	NonTarget	1	126038
504.38	n/a	NonTarget	1	126095
504.604	n/a	NonTarget	1	126151
504.832	n/a	NonTarget	1	126208
505.056	n/a	NonTarget	1	126264
505.28	n/a	NonTarget	1	126320
505.504	n/a	NonTarget	1	126376
505.732	n/a	NonTarget	1	126433
505.956	n/a	NonTarget	1	126489
506.18	n/a	Target	2	126545
506.408	n/a	NonTarget	1	126602
652.144	n/a	NonTarget	1	163036
652.372	n/a	NonTarget	1	163093
652.596	n/a	NonTarget	1	163149
652.82	n/a	NonTarget	1	163205
653.044	n/a	Target	2	163261
653.272	n/a	NonTarget	1	163318
653.496	n/a	NonTarget	1	163374
653.72	n/a	NonTarget	1	163430
653.948	n/a	NonTarget	1	163487
654.172	n/a	Target	2	163543
654.396	n/a	NonTarget	1	163599
654.624	n/a	NonTarget	1	163656
654.848	n/a	NonTarget	1	163712
655.076	n/a	NonTarget	1	163769
655.3	n/a	NonTarget	1	163825
655.524	n/a	NonTarget	1	163881
655.752	n/a	NonTarget	1	163938
655.976	n/a	NonTarget	1	163994
656.204	n/a	NonTarget	1	164051
656.428	n/a	NonTarget	1	164107
656.656	n/a	NonTarget	1	164164
656.88	n/a	NonTarget	1	164220
657.104	n/a	NonTarget	1	164276
657.332	n/a	NonTarget	1	164333
657.556	n/a	Target	2	164389
657.78	n/a	NonTarget	1	164445
658.008	n/a	NonTarget	1	164502
658.232	n/a	NonTarget	1	164558
658.46	n/a	NonTarget	1	164615
658.684	n/a	NonTarget	1	164671
658.908	n/a	NonTarget	1	164727
659.136	n/a	NonTarget	1	164784
659.36	n/a	NonTarget	1	164840
659.584	n/a	NonTarget	1	164896
659.812	n/a	Target	2	164953
660.036	n/a	NonTarget	1	165009
660.26	n/a	NonTarget	1	165065
660.488	n/a	NonTarget	1	165122
660.712	n/a	NonTarget	1	165178
660.94	n/a	NonTarget	1	165235
661.164	n/a	NonTarget	1	165291
661.388	n/a	NonTarget	1	165347
661.616	n/a	NonTarget	1	165404
661.84	n/a	Target	2	165460
662.064	n/a	NonTarget	1	165516
662.292	n/a	NonTarget	1	165573
662.516	n/a	NonTarget	1	165629
662.744	n/a	Target	2	165686
662.968	n/a	NonTarget	1	165742
663.192	n/a	NonTarget	1	165798
663.42	n/a	NonTarget	1	165855
663.644	n/a	NonTarget	1	165911
663.868	n/a	NonTarget	1	165967
664.092	n/a	NonTarget	1	166023
664.32	n/a	NonTarget	1	166080
664.544	n/a	NonTarget	1	166136
664.768	n/a	Target	2	166192
664.996	n/a	NonTarget	1	166249
665.22	n/a	NonTarget	1	166305
665.448	n/a	NonTarget	1	166362
665.672	n/a	NonTarget	1	166418
665.896	n/a	NonTarget	1	166474
666.124	n/a	NonTarget	1	166531
666.348	n/a	Target	2	166587
666.572	n/a	NonTarget	1	166643
666.8	n/a	NonTarget	1	166700
667.024	n/a	NonTarget	1	166756
667.252	n/a	NonTarget	1	166813
667.476	n/a	NonTarget	1	166869
667.7	n/a	NonTarget	1	166925
667.928	n/a	NonTarget	1	166982
668.152	n/a	NonTarget	1	167038
668.38	n/a	NonTarget	1	167095
668.604	n/a	NonTarget	1	167151
668.828	n/a	NonTarget	1	167207
669.056	n/a	Target	2	167264
669.28	n/a	NonTarget	1	167320
669.508	n/a	NonTarget	1	167377
669.732	n/a	NonTarget	1	167433
669.956	n/a	NonTarget	1	167489
670.18	n/a	NonTarget	1	167545
670.408	n/a	NonTarget	1	167602
670.632	n/a	NonTarget	1	167658
670.856	n/a	NonTarget	1	167714
671.084	n/a	NonTarget	1	167771
671.308	n/a	Target	2	167827
671.536	n/a	NonTarget	1	167884
671.76	n/a	NonTarget	1	167940
671.984	n/a	NonTarget	1	167996
672.208	n/a	NonTarget	1	168052
672.436	n/a	NonTarget	1	168109
672.66	n/a	NonTarget	1	168165
672.888	n/a	NonTarget	1	168222
673.112	n/a	NonTarget	1	168278
673.336	n/a	NonTarget	1	168334
673.564	n/a	Target	2	168391
673.788	n/a	NonTarget	1	168447
674.016	n/a	NonTarget	1	168504
674.24	n/a	NonTarget	1	168560
674.468	n/a	Target	2	168617
674.692	n/a	NonTarget	1	168673
674.916	n/a	NonTarget	1	168729
675.144	n/a	NonTarget	1	168786
675.368	n/a	NonTarget	1	168842
675.592	n/a	NonTarget	1	168898
675.82	n/a	NonTarget	1	168955
676.044	n/a	NonTarget	1	169011
676.272	n/a	NonTarget	1	169068
676.496	n/a	NonTarget	1	169124
676.72	n/a	NonTarget	1	169180
676.948	n/a	NonTarget	1	169237
677.172	n/a	NonTarget	1	169293
677.396	n/a	NonTarget	1	169349
677.624	n/a	NonTarget	1	169406
677.848	n/a	NonTarget	1	169462
678.072	n/a	Target	2	169518
678.296	n/a	NonTarget	1	169574
678.524	n/a	NonTarget	1	169631
678.748	n/a	NonTarget	1	169687
678.976	n/a	Target	2	169744
679.2	n/a	NonTarget	1	169800
679.424	n/a	NonTarget	1	169856
679.652	n/a	NonTarget	1	169913
679.876	n/a	NonTarget	1	169969
680.104	n/a	NonTarget	1	170026
680.328	n/a	NonTarget	1	170082
680.552	n/a	NonTarget	1	170138
680.78	n/a	NonTarget	1	170195
681.004	n/a	NonTarget	1	170251
681.232	n/a	NonTarget	1	170308
681.456	n/a	NonTarget	1	170364
681.68	n/a	Target	2	170420
681.908	n/a	NonTarget	1	170477
682.132	n/a	NonTarget	1	170533
682.356	n/a	NonTarget	1	170589
702.136	n/a	NonTarget	1	175534
702.36	n/a	NonTarget	1	175590
702.584	n/a	NonTarget	1	175646
702.812	n/a	NonTarget	1	175703
703.036	n/a	Target	2	175759
703.26	n/a	NonTarget	1	175815
703.488	n/a	NonTarget	1	175872
703.712	n/a	NonTarget	1	175928
703.936	n/a	NonTarget	1	175984
704.16	n/a	NonTarget	1	176040
704.388	n/a	NonTarget	1	176097
704.612	n/a	NonTarget	1	176153
704.836	n/a	NonTarget	1	176209
705.064	n/a	NonTarget	1	176266
705.288	n/a	NonTarget	1	176322
705.516	n/a	NonTarget	1	176379
705.74	n/a	Target	2	176435
705.968	n/a	NonTarget	1	176492
706.192	n/a	NonTarget	1	176548
706.416	n/a	NonTarget	1	176604
706.644	n/a	NonTarget	1	176661
706.868	n/a	NonTarget	1	176717
707.096	n/a	NonTarget	1	176774
707.32	n/a	NonTarget	1	176830
707.544	n/a	Target	2	176886
707.768	n/a	NonTarget	1	176942
707.996	n/a	NonTarget	1	176999
708.22	n/a	NonTarget	1	177055
708.448	n/a	Target	2	177112
708.672	n/a	NonTarget	1	177168
708.896	n/a	NonTarget	1	177224
709.12	n/a	NonTarget	1	177280
709.348	n/a	NonTarget	1	177337
709.572	n/a	NonTarget	1	177393
709.796	n/a	NonTarget	1	177449
710.024	n/a	NonTarget	1	177506
710.248	n/a	NonTarget	1	177562
710.472	n/a	NonTarget	1	177618
710.7	n/a	NonTarget	1	177675
710.924	n/a	Target	2	177731
711.152	n/a	NonTarget	1	177788
711.376	n/a	NonTarget	1	177844
711.6	n/a	NonTarget	1	177900
711.828	n/a	NonTarget	1	177957
712.052	n/a	NonTarget	1	178013
712.28	n/a	NonTarget	1	178070
712.504	n/a	Target	2	178126
712.728	n/a	NonTarget	1	178182
712.956	n/a	NonTarget	1	178239
713.18	n/a	NonTarget	1	178295
713.404	n/a	NonTarget	1	178351
713.628	n/a	NonTarget	1	178407
713.856	n/a	NonTarget	1	178464
714.08	n/a	NonTarget	1	178520
714.304	n/a	NonTarget	1	178576
714.532	n/a	NonTarget	1	178633
714.756	n/a	Target	2	178689
714.98	n/a	NonTarget	1	178745
715.208	n/a	NonTarget	1	178802
715.432	n/a	NonTarget	1	178858
715.66	n/a	NonTarget	1	178915
715.884	n/a	NonTarget	1	178971
716.108	n/a	NonTarget	1	179027
716.332	n/a	NonTarget	1	179083
716.556	n/a	NonTarget	1	179139
716.784	n/a	NonTarget	1	179196
717.008	n/a	NonTarget	1	179252
717.236	n/a	Target	2	179309
717.46	n/a	NonTarget	1	179365
717.684	n/a	NonTarget	1	179421
717.912	n/a	NonTarget	1	179478
718.136	n/a	NonTarget	1	179534
718.364	n/a	NonTarget	1	179591
718.588	n/a	NonTarget	1	179647
718.812	n/a	NonTarget	1	179703
719.04	n/a	NonTarget	1	179760
719.264	n/a	NonTarget	1	179816
719.488	n/a	NonTarget	1	179872
719.716	n/a	Target	2	179929
719.94	n/a	NonTarget	1	179985
720.164	n/a	NonTarget	1	180041
720.388	n/a	NonTarget	1	180097
720.616	n/a	NonTarget	1	180154
720.84	n/a	NonTarget	1	180210
721.064	n/a	NonTarget	1	180266
721.292	n/a	NonTarget	1	180323
721.516	n/a	NonTarget	1	180379
721.74	n/a	Target	2	180435
721.968	n/a	NonTarget	1	180492
722.192	n/a	NonTarget	1	180548
722.416	n/a	NonTarget	1	180604
722.64	n/a	NonTarget	1	180660
722.868	n/a	NonTarget	1	180717
723.092	n/a	NonTarget	1	180773
723.316	n/a	NonTarget	1	180829
723.544	n/a	NonTarget	1	180886
723.768	n/a	NonTarget	1	180942
723.992	n/a	NonTarget	1	180998
724.22	n/a	Target	2	181055
724.444	n/a	NonTarget	1	181111
724.672	n/a	NonTarget	1	181168
724.896	n/a	NonTarget	1	181224
725.12	n/a	NonTarget	1	181280
725.344	n/a	NonTarget	1	181336
725.572	n/a	NonTarget	1	181393
725.796	n/a	NonTarget	1	181449
726.024	n/a	NonTarget	1	181506
726.248	n/a	Target	2	181562
726.472	n/a	NonTarget	1	181618
726.7	n/a	NonTarget	1	181675
726.924	n/a	NonTarget	1	181731
727.148	n/a	Target	2	181787
727.376	n/a	NonTarget	1	181844
727.6	n/a	NonTarget	1	181900
727.824	n/a	NonTarget	1	181956
728.052	n/a	NonTarget	1	182013
728.276	n/a	NonTarget	1	182069
728.504	n/a	NonTarget	1	182126
728.728	n/a	NonTarget	1	182182
728.952	n/a	Target	2	182238
729.18	n/a	NonTarget	1	182295
729.404	n/a	NonTarget	1	182351
729.628	n/a	NonTarget	1	182407
729.856	n/a	NonTarget	1	182464
730.08	n/a	NonTarget	1	182520
730.304	n/a	NonTarget	1	182576
730.532	n/a	NonTarget	1	182633
730.756	n/a	NonTarget	1	182689
730.98	n/a	Target	2	182745
731.208	n/a	NonTarget	1	182802
731.432	n/a	NonTarget	1	182858
731.656	n/a	NonTarget	1	182914
731.88	n/a	NonTarget	1	182970
732.108	n/a	NonTarget	1	183027
732.332	n/a	NonTarget	1	183083
743.572	n/a	NonTarget	1	185893
743.796	n/a	Target	2	185949
744.02	n/a	NonTarget	1	186005
744.248	n/a	NonTarget	1	186062
744.472	n/a	NonTarget	1	186118
744.7	n/a	NonTarget	1	186175
744.924	n/a	NonTarget	1	186231
745.152	n/a	NonTarget	1	186288
745.376	n/a	NonTarget	1	186344
745.6	n/a	NonTarget	1	186400
745.824	n/a	NonTarget	1	186456
746.052	n/a	NonTarget	1	186513
746.276	n/a	NonTarget	1	186569
746.5	n/a	NonTarget	1	186625
746.724	n/a	NonTarget	1	186681
746.952	n/a	Target	2	186738
747.176	n/a	NonTarget	1	186794
747.404	n/a	NonTarget	1	186851
747.628	n/a	NonTarget	1	186907
747.852	n/a	Target	2	186963
748.08	n/a	NonTarget	1	187020
748.304	n/a	NonTarget	1	187076
748.532	n/a	NonTarget	1	187133
748.756	n/a	NonTarget	1	187189
748.984	n/a	NonTarget	1	187246
749.208	n/a	NonTarget	1	187302
749.432	n/a	NonTarget	1	187358
749.66	n/a	NonTarget	1	187415
749.884	n/a	NonTarget	1	187471
750.112	n/a	NonTarget	1	187528
750.336	n/a	Target	2	187584
750.56	n/a	NonTarget	1	187640
750.788	n/a	NonTarget	1	187697
751.012	n/a	NonTarget	1	187753
751.24	n/a	NonTarget	1	187810
751.464	n/a	NonTarget	1	187866
751.688	n/a	NonTarget	1	187922
751.916	n/a	Target	2	187979
752.14	n/a	NonTarget	1	188035
752.368	n/a	NonTarget	1	188092
752.592	n/a	NonTarget	1	188148
752.816	n/a	NonTarget	1	188204
753.04	n/a	NonTarget	1	188260
753.268	n/a	NonTarget	1	188317
753.492	n/a	NonTarget	1	188373
753.72	n/a	NonTarget	1	188430
753.944	n/a	NonTarget	1	188486
754.172	n/a	NonTarget	1	188543
754.396	n/a	NonTarget	1	188599
754.62	n/a	Target	2	188655
754.848	n/a	NonTarget	1	188712
755.072	n/a	NonTarget	1	188768
755.3	n/a	NonTarget	1	188825
755.524	n/a	NonTarget	1	188881
755.748	n/a	NonTarget	1	188937
755.976	n/a	Target	2	188994
756.2	n/a	NonTarget	1	189050
756.424	n/a	NonTarget	1	189106
756.652	n/a	NonTarget	1	189163
756.876	n/a	NonTarget	1	189219
757.1	n/a	NonTarget	1	189275
757.324	n/a	NonTarget	1	189331
757.552	n/a	NonTarget	1	189388
757.776	n/a	NonTarget	1	189444
758.0	n/a	NonTarget	1	189500
758.228	n/a	NonTarget	1	189557
758.452	n/a	Target	2	189613
758.68	n/a	NonTarget	1	189670
758.904	n/a	NonTarget	1	189726
759.132	n/a	NonTarget	1	189783
759.356	n/a	NonTarget	1	189839
759.58	n/a	NonTarget	1	189895
759.808	n/a	Target	2	189952
760.032	n/a	NonTarget	1	190008
760.26	n/a	NonTarget	1	190065
760.484	n/a	NonTarget	1	190121
760.708	n/a	NonTarget	1	190177
760.936	n/a	NonTarget	1	190234
761.16	n/a	NonTarget	1	190290
761.384	n/a	NonTarget	1	190346
761.612	n/a	NonTarget	1	190403
761.836	n/a	NonTarget	1	190459
762.06	n/a	Target	2	190515
762.284	n/a	NonTarget	1	190571
762.512	n/a	NonTarget	1	190628
762.736	n/a	NonTarget	1	190684
762.96	n/a	NonTarget	1	190740
763.188	n/a	NonTarget	1	190797
763.412	n/a	NonTarget	1	190853
763.64	n/a	NonTarget	1	190910
763.864	n/a	NonTarget	1	190966
764.088	n/a	NonTarget	1	191022
764.316	n/a	NonTarget	1	191079
764.54	n/a	Target	2	191135
764.764	n/a	NonTarget	1	191191
764.992	n/a	NonTarget	1	191248
765.216	n/a	NonTarget	1	191304
765.444	n/a	NonTarget	1	191361
765.668	n/a	NonTarget	1	191417
765.892	n/a	NonTarget	1	191473
766.12	n/a	NonTarget	1	191530
766.344	n/a	NonTarget	1	191586
766.572	n/a	NonTarget	1	191643
766.796	n/a	Target	2	191699
767.02	n/a	NonTarget	1	191755
767.244	n/a	NonTarget	1	191811
767.468	n/a	NonTarget	1	191867
767.696	n/a	NonTarget	1	191924
767.92	n/a	NonTarget	1	191980
768.148	n/a	NonTarget	1	192037
768.372	n/a	NonTarget	1	192093
768.596	n/a	Target	2	192149
768.824	n/a	NonTarget	1	192206
769.048	n/a	NonTarget	1	192262
769.276	n/a	NonTarget	1	192319
769.5	n/a	NonTarget	1	192375
769.724	n/a	NonTarget	1	192431
769.952	n/a	NonTarget	1	192488
770.176	n/a	NonTarget	1	192544
770.404	n/a	NonTarget	1	192601
770.628	n/a	NonTarget	1	192657
770.852	n/a	NonTarget	1	192713
771.08	n/a	NonTarget	1	192770
771.304	n/a	Target	2	192826
771.532	n/a	NonTarget	1	192883
771.756	n/a	NonTarget	1	192939
771.98	n/a	NonTarget	1	192995
772.208	n/a	Target	2	193052
772.432	n/a	NonTarget	1	193108
772.66	n/a	NonTarget	1	193165
772.884	n/a	NonTarget	1	193221
773.108	n/a	NonTarget	1	193277
773.336	n/a	NonTarget	1	193334
773.56	n/a	NonTarget	1	193390
790.244	n/a	NonTarget	1	197561
790.468	n/a	NonTarget	1	197617
790.696	n/a	NonTarget	1	197674
790.92	n/a	Target	2	197730
791.144	n/a	NonTarget	1	197786
791.368	n/a	NonTarget	1	197842
791.592	n/a	NonTarget	1	197898
791.82	n/a	NonTarget	1	197955
792.044	n/a	NonTarget	1	198011
792.272	n/a	NonTarget	1	198068
792.496	n/a	NonTarget	1	198124
792.72	n/a	NonTarget	1	198180
792.948	n/a	Target	2	198237
793.172	n/a	NonTarget	1	198293
793.396	n/a	NonTarget	1	198349
793.62	n/a	NonTarget	1	198405
793.844	n/a	NonTarget	1	198461
794.072	n/a	NonTarget	1	198518
794.296	n/a	NonTarget	1	198574
794.524	n/a	NonTarget	1	198631
794.748	n/a	NonTarget	1	198687
794.972	n/a	NonTarget	1	198743
795.2	n/a	NonTarget	1	198800
795.424	n/a	Target	2	198856
795.652	n/a	NonTarget	1	198913
795.876	n/a	NonTarget	1	198969
796.1	n/a	NonTarget	1	199025
796.328	n/a	NonTarget	1	199082
796.552	n/a	NonTarget	1	199138
796.776	n/a	NonTarget	1	199194
797.004	n/a	Target	2	199251
797.228	n/a	NonTarget	1	199307
797.452	n/a	NonTarget	1	199363
797.676	n/a	NonTarget	1	199419
797.904	n/a	NonTarget	1	199476
798.128	n/a	NonTarget	1	199532
798.356	n/a	NonTarget	1	199589
798.58	n/a	Target	2	199645
798.804	n/a	NonTarget	1	199701
799.028	n/a	NonTarget	1	199757
799.252	n/a	NonTarget	1	199813
799.48	n/a	NonTarget	1	199870
799.704	n/a	NonTarget	1	199926
799.928	n/a	NonTarget	1	199982
800.156	n/a	NonTarget	1	200039
800.38	n/a	Target	2	200095
800.604	n/a	NonTarget	1	200151
800.832	n/a	NonTarget	1	200208
801.056	n/a	NonTarget	1	200264
801.28	n/a	NonTarget	1	200320
801.504	n/a	NonTarget	1	200376
801.732	n/a	NonTarget	1	200433
801.956	n/a	NonTarget	1	200489
802.18	n/a	NonTarget	1	200545
802.408	n/a	NonTarget	1	200602
802.632	n/a	Target	2	200658
802.86	n/a	NonTarget	1	200715
803.084	n/a	NonTarget	1	200771
803.308	n/a	NonTarget	1	200827
803.536	n/a	NonTarget	1	200884
803.76	n/a	NonTarget	1	200940
803.984	n/a	NonTarget	1	200996
804.212	n/a	NonTarget	1	201053
804.436	n/a	Target	2	201109
804.66	n/a	NonTarget	1	201165
804.884	n/a	NonTarget	1	201221
805.112	n/a	NonTarget	1	201278
805.336	n/a	NonTarget	1	201334
805.564	n/a	NonTarget	1	201391
805.788	n/a	NonTarget	1	201447
806.012	n/a	NonTarget	1	201503
806.24	n/a	NonTarget	1	201560
806.464	n/a	NonTarget	1	201616
806.692	n/a	NonTarget	1	201673
806.916	n/a	NonTarget	1	201729
807.14	n/a	NonTarget	1	201785
807.368	n/a	NonTarget	1	201842
807.592	n/a	Target	2	201898
807.816	n/a	NonTarget	1	201954
808.044	n/a	NonTarget	1	202011
808.268	n/a	NonTarget	1	202067
808.496	n/a	Target	2	202124
808.72	n/a	NonTarget	1	202180
808.944	n/a	NonTarget	1	202236
809.168	n/a	NonTarget	1	202292
809.396	n/a	NonTarget	1	202349
809.62	n/a	NonTarget	1	202405
809.844	n/a	NonTarget	1	202461
810.072	n/a	NonTarget	1	202518
810.296	n/a	NonTarget	1	202574
810.524	n/a	NonTarget	1	202631
810.748	n/a	NonTarget	1	202687
810.972	n/a	NonTarget	1	202743
811.2	n/a	NonTarget	1	202800
811.424	n/a	NonTarget	1	202856
811.652	n/a	NonTarget	1	202913
811.876	n/a	NonTarget	1	202969
812.1	n/a	Target	2	203025
812.328	n/a	NonTarget	1	203082
812.552	n/a	NonTarget	1	203138
812.776	n/a	NonTarget	1	203194
813.0	n/a	NonTarget	1	203250
813.228	n/a	NonTarget	1	203307
813.452	n/a	NonTarget	1	203363
813.676	n/a	NonTarget	1	203419
813.904	n/a	NonTarget	1	203476
814.128	n/a	Target	2	203532
814.352	n/a	NonTarget	1	203588
814.576	n/a	NonTarget	1	203644
814.804	n/a	NonTarget	1	203701
815.028	n/a	NonTarget	1	203757
815.252	n/a	NonTarget	1	203813
815.48	n/a	NonTarget	1	203870
815.704	n/a	NonTarget	1	203926
815.928	n/a	NonTarget	1	203982
816.156	n/a	NonTarget	1	204039
816.38	n/a	Target	2	204095
816.608	n/a	NonTarget	1	204152
816.832	n/a	NonTarget	1	204208
817.056	n/a	NonTarget	1	204264
817.284	n/a	NonTarget	1	204321
817.508	n/a	Target	2	204377
817.736	n/a	NonTarget	1	204434
817.96	n/a	NonTarget	1	204490
818.184	n/a	NonTarget	1	204546
818.408	n/a	NonTarget	1	204602
818.636	n/a	NonTarget	1	204659
818.86	n/a	NonTarget	1	204715
819.084	n/a	NonTarget	1	204771
819.312	n/a	Target	2	204828
819.536	n/a	NonTarget	1	204884
819.76	n/a	NonTarget	1	204940
819.988	n/a	NonTarget	1	204997
820.212	n/a	NonTarget	1	205053
820.436	n/a	NonTarget	1	205109
836.884	n/a	NonTarget	1	209221
837.108	n/a	NonTarget	1	209277
837.332	n/a	NonTarget	1	209333
837.56	n/a	NonTarget	1	209390
837.784	n/a	Target	2	209446
838.008	n/a	NonTarget	1	209502
838.236	n/a	NonTarget	1	209559
838.46	n/a	NonTarget	1	209615
838.688	n/a	NonTarget	1	209672
838.912	n/a	NonTarget	1	209728
839.136	n/a	NonTarget	1	209784
839.364	n/a	NonTarget	1	209841
839.588	n/a	NonTarget	1	209897
839.812	n/a	NonTarget	1	209953
840.04	n/a	NonTarget	1	210010
840.264	n/a	NonTarget	1	210066
840.488	n/a	Target	2	210122
840.712	n/a	NonTarget	1	210178
840.94	n/a	NonTarget	1	210235
841.164	n/a	NonTarget	1	210291
841.392	n/a	NonTarget	1	210348
841.616	n/a	Target	2	210404
841.84	n/a	NonTarget	1	210460
842.068	n/a	NonTarget	1	210517
842.292	n/a	NonTarget	1	210573
842.516	n/a	NonTarget	1	210629
842.744	n/a	NonTarget	1	210686
842.968	n/a	NonTarget	1	210742
843.192	n/a	NonTarget	1	210798
843.42	n/a	NonTarget	1	210855
843.644	n/a	NonTarget	1	210911
843.872	n/a	NonTarget	1	210968
844.096	n/a	NonTarget	1	211024
844.32	n/a	Target	2	211080
844.548	n/a	NonTarget	1	211137
844.772	n/a	NonTarget	1	211193
845.0	n/a	Target	2	211250
845.224	n/a	NonTarget	1	211306
845.448	n/a	NonTarget	1	211362
845.672	n/a	NonTarget	1	211418
845.9	n/a	NonTarget	1	211475
846.124	n/a	NonTarget	1	211531
846.348	n/a	NonTarget	1	211587
846.576	n/a	NonTarget	1	211644
846.8	n/a	NonTarget	1	211700
847.024	n/a	NonTarget	1	211756
847.252	n/a	NonTarget	1	211813
847.476	n/a	NonTarget	1	211869
847.7	n/a	NonTarget	1	211925
847.924	n/a	NonTarget	1	211981
848.152	n/a	Target	2	212038
848.376	n/a	NonTarget	1	212094
848.604	n/a	NonTarget	1	212151
848.828	n/a	NonTarget	1	212207
849.052	n/a	Target	2	212263
849.28	n/a	NonTarget	1	212320
849.504	n/a	NonTarget	1	212376
849.732	n/a	NonTarget	1	212433
849.956	n/a	NonTarget	1	212489
850.18	n/a	NonTarget	1	212545
850.408	n/a	NonTarget	1	212602
850.632	n/a	NonTarget	1	212658
850.856	n/a	NonTarget	1	212714
851.08	n/a	NonTarget	1	212770
851.308	n/a	NonTarget	1	212827
851.532	n/a	NonTarget	1	212883
851.756	n/a	NonTarget	1	212939
851.984	n/a	NonTarget	1	212996
852.208	n/a	Target	2	213052
852.432	n/a	NonTarget	1	213108
852.656	n/a	NonTarget	1	213164
852.884	n/a	NonTarget	1	213221
853.108	n/a	NonTarget	1	213277
853.332	n/a	NonTarget	1	213333
853.56	n/a	Target	2	213390
853.784	n/a	NonTarget	1	213446
854.008	n/a	NonTarget	1	213502
854.236	n/a	NonTarget	1	213559
854.46	n/a	NonTarget	1	213615
854.688	n/a	NonTarget	1	213672
854.912	n/a	NonTarget	1	213728
855.136	n/a	Target	2	213784
855.364	n/a	NonTarget	1	213841
855.588	n/a	NonTarget	1	213897
855.816	n/a	NonTarget	1	213954
856.04	n/a	NonTarget	1	214010
856.264	n/a	NonTarget	1	214066
856.488	n/a	NonTarget	1	214122
856.716	n/a	NonTarget	1	214179
856.94	n/a	NonTarget	1	214235
857.164	n/a	NonTarget	1	214291
857.392	n/a	NonTarget	1	214348
857.616	n/a	NonTarget	1	214404
857.84	n/a	Target	2	214460
858.068	n/a	NonTarget	1	214517
858.292	n/a	NonTarget	1	214573
858.52	n/a	NonTarget	1	214630
858.744	n/a	NonTarget	1	214686
858.968	n/a	NonTarget	1	214742
859.196	n/a	NonTarget	1	214799
859.42	n/a	Target	2	214855
859.648	n/a	NonTarget	1	214912
859.872	n/a	NonTarget	1	214968
860.096	n/a	NonTarget	1	215024
860.324	n/a	NonTarget	1	215081
860.548	n/a	NonTarget	1	215137
860.776	n/a	NonTarget	1	215194
861.0	n/a	NonTarget	1	215250
861.224	n/a	NonTarget	1	215306
861.448	n/a	NonTarget	1	215362
861.676	n/a	NonTarget	1	215419
861.9	n/a	Target	2	215475
862.124	n/a	NonTarget	1	215531
862.352	n/a	NonTarget	1	215588
862.576	n/a	NonTarget	1	215644
862.804	n/a	NonTarget	1	215701
863.028	n/a	NonTarget	1	215757
863.252	n/a	NonTarget	1	215813
863.48	n/a	Target	2	215870
863.704	n/a	NonTarget	1	215926
863.928	n/a	NonTarget	1	215982
864.156	n/a	NonTarget	1	216039
864.38	n/a	NonTarget	1	216095
864.604	n/a	NonTarget	1	216151
864.828	n/a	NonTarget	1	216207
865.052	n/a	NonTarget	1	216263
865.28	n/a	NonTarget	1	216320
865.508	n/a	NonTarget	1	216377
865.732	n/a	NonTarget	1	216433
865.956	n/a	Target	2	216489
866.18	n/a	NonTarget	1	216545
866.408	n/a	NonTarget	1	216602
866.632	n/a	NonTarget	1	216658
866.86	n/a	NonTarget	1	216715
885.648	n/a	NonTarget	1	221412
885.876	n/a	NonTarget	1	221469
886.1	n/a	NonTarget	1	221525
886.324	n/a	NonTarget	1	221581
886.552	n/a	NonTarget	1	221638
886.776	n/a	NonTarget	1	221694
887.004	n/a	NonTarget	1	221751
887.228	n/a	NonTarget	1	221807
887.452	n/a	Target	2	221863
887.68	n/a	NonTarget	1	221920
887.904	n/a	NonTarget	1	221976
888.128	n/a	NonTarget	1	222032
888.356	n/a	NonTarget	1	222089
888.58	n/a	NonTarget	1	222145
888.808	n/a	NonTarget	1	222202
889.032	n/a	NonTarget	1	222258
889.256	n/a	Target	2	222314
889.484	n/a	NonTarget	1	222371
889.708	n/a	NonTarget	1	222427
889.936	n/a	NonTarget	1	222484
890.16	n/a	NonTarget	1	222540
890.388	n/a	NonTarget	1	222597
890.612	n/a	Target	2	222653
890.836	n/a	NonTarget	1	222709
891.064	n/a	NonTarget	1	222766
891.288	n/a	NonTarget	1	222822
891.512	n/a	NonTarget	1	222878
891.74	n/a	NonTarget	1	222935
891.964	n/a	NonTarget	1	222991
892.192	n/a	NonTarget	1	223048
892.416	n/a	NonTarget	1	223104
892.64	n/a	NonTarget	1	223160
892.864	n/a	Target	2	223216
893.088	n/a	NonTarget	1	223272
893.316	n/a	NonTarget	1	223329
893.54	n/a	NonTarget	1	223385
893.768	n/a	NonTarget	1	223442
893.992	n/a	Target	2	223498
894.216	n/a	NonTarget	1	223554
894.444	n/a	NonTarget	1	223611
894.668	n/a	NonTarget	1	223667
894.896	n/a	NonTarget	1	223724
895.12	n/a	NonTarget	1	223780
895.344	n/a	NonTarget	1	223836
895.572	n/a	NonTarget	1	223893
895.796	n/a	NonTarget	1	223949
896.024	n/a	NonTarget	1	224006
896.248	n/a	Target	2	224062
896.472	n/a	NonTarget	1	224118
896.7	n/a	NonTarget	1	224175
896.924	n/a	NonTarget	1	224231
897.148	n/a	NonTarget	1	224287
897.376	n/a	NonTarget	1	224344
897.6	n/a	NonTarget	1	224400
897.824	n/a	NonTarget	1	224456
898.048	n/a	Target	2	224512
898.276	n/a	NonTarget	1	224569
898.5	n/a	NonTarget	1	224625
898.728	n/a	NonTarget	1	224682
898.952	n/a	NonTarget	1	224738
899.176	n/a	NonTarget	1	224794
899.4	n/a	NonTarget	1	224850
899.628	n/a	NonTarget	1	224907
899.852	n/a	NonTarget	1	224963
900.08	n/a	NonTarget	1	225020
900.304	n/a	NonTarget	1	225076
900.528	n/a	NonTarget	1	225132
900.752	n/a	NonTarget	1	225188
900.98	n/a	NonTarget	1	225245
901.204	n/a	NonTarget	1	225301
901.432	n/a	Target	2	225358
901.656	n/a	NonTarget	1	225414
901.88	n/a	NonTarget	1	225470
902.108	n/a	NonTarget	1	225527
902.332	n/a	NonTarget	1	225583
902.556	n/a	NonTarget	1	225639
902.784	n/a	NonTarget	1	225696
903.008	n/a	NonTarget	1	225752
903.232	n/a	NonTarget	1	225808
903.46	n/a	Target	2	225865
903.684	n/a	NonTarget	1	225921
903.908	n/a	NonTarget	1	225977
904.132	n/a	NonTarget	1	226033
904.36	n/a	NonTarget	1	226090
904.584	n/a	NonTarget	1	226146
904.812	n/a	NonTarget	1	226203
905.036	n/a	Target	2	226259
905.26	n/a	NonTarget	1	226315
905.488	n/a	NonTarget	1	226372
905.712	n/a	NonTarget	1	226428
905.94	n/a	NonTarget	1	226485
906.164	n/a	NonTarget	1	226541
906.392	n/a	NonTarget	1	226598
906.616	n/a	Target	2	226654
906.84	n/a	NonTarget	1	226710
907.068	n/a	NonTarget	1	226767
907.292	n/a	NonTarget	1	226823
907.52	n/a	NonTarget	1	226880
907.744	n/a	NonTarget	1	226936
907.968	n/a	NonTarget	1	226992
908.196	n/a	Target	2	227049
908.42	n/a	NonTarget	1	227105
908.644	n/a	NonTarget	1	227161
908.872	n/a	NonTarget	1	227218
909.096	n/a	NonTarget	1	227274
909.32	n/a	NonTarget	1	227330
909.544	n/a	NonTarget	1	227386
909.772	n/a	NonTarget	1	227443
909.996	n/a	Target	2	227499
910.22	n/a	NonTarget	1	227555
910.448	n/a	NonTarget	1	227612
910.672	n/a	NonTarget	1	227668
910.9	n/a	NonTarget	1	227725
911.124	n/a	NonTarget	1	227781
911.352	n/a	NonTarget	1	227838
911.576	n/a	NonTarget	1	227894
911.8	n/a	NonTarget	1	227950
912.028	n/a	NonTarget	1	228007
912.252	n/a	NonTarget	1	228063
912.476	n/a	NonTarget	1	228119
912.7	n/a	NonTarget	1	228175
912.928	n/a	NonTarget	1	228232
913.152	n/a	NonTarget	1	228288
913.376	n/a	NonTarget	1	228344
913.604	n/a	Target	2	228401
913.828	n/a	NonTarget	1	228457
914.052	n/a	NonTarget	1	228513
914.28	n/a	NonTarget	1	228570
914.504	n/a	NonTarget	1	228626
914.728	n/a	NonTarget	1	228682
914.952	n/a	Target	2	228738
915.18	n/a	NonTarget	1	228795
915.404	n/a	NonTarget	1	228851
915.632	n/a	NonTarget	1	228908
933.756	n/a	NonTarget	1	233439
933.984	n/a	NonTarget	1	233496
934.208	n/a	Target	2	233552
934.436	n/a	NonTarget	1	233609
934.66	n/a	NonTarget	1	233665
934.884	n/a	NonTarget	1	233721
935.112	n/a	NonTarget	1	233778
935.336	n/a	NonTarget	1	233834
935.564	n/a	NonTarget	1	233891
935.788	n/a	NonTarget	1	233947
936.016	n/a	NonTarget	1	234004
936.24	n/a	NonTarget	1	234060
936.464	n/a	NonTarget	1	234116
936.688	n/a	NonTarget	1	234172
936.912	n/a	NonTarget	1	234228
937.14	n/a	Target	2	234285
937.364	n/a	NonTarget	1	234341
937.588	n/a	NonTarget	1	234397
937.816	n/a	NonTarget	1	234454
938.04	n/a	NonTarget	1	234510
938.268	n/a	NonTarget	1	234567
938.492	n/a	NonTarget	1	234623
938.716	n/a	NonTarget	1	234679
938.944	n/a	NonTarget	1	234736
939.168	n/a	Target	2	234792
939.392	n/a	NonTarget	1	234848
939.62	n/a	NonTarget	1	234905
939.844	n/a	NonTarget	1	234961
940.072	n/a	NonTarget	1	235018
940.296	n/a	NonTarget	1	235074
940.52	n/a	NonTarget	1	235130
940.748	n/a	NonTarget	1	235187
940.972	n/a	NonTarget	1	235243
941.2	n/a	NonTarget	1	235300
941.424	n/a	Target	2	235356
941.648	n/a	NonTarget	1	235412
941.872	n/a	NonTarget	1	235468
942.1	n/a	NonTarget	1	235525
942.324	n/a	NonTarget	1	235581
942.548	n/a	NonTarget	1	235637
942.776	n/a	NonTarget	1	235694
943.0	n/a	NonTarget	1	235750
943.224	n/a	NonTarget	1	235806
943.448	n/a	Target	2	235862
943.672	n/a	NonTarget	1	235918
943.9	n/a	NonTarget	1	235975
944.124	n/a	NonTarget	1	236031
944.352	n/a	NonTarget	1	236088
944.576	n/a	NonTarget	1	236144
944.804	n/a	NonTarget	1	236201
945.028	n/a	NonTarget	1	236257
945.252	n/a	NonTarget	1	236313
945.48	n/a	Target	2	236370
945.704	n/a	NonTarget	1	236426
945.932	n/a	NonTarget	1	236483
946.156	n/a	NonTarget	1	236539
946.38	n/a	NonTarget	1	236595
946.608	n/a	NonTarget	1	236652
946.832	n/a	NonTarget	1	236708
947.06	n/a	NonTarget	1	236765
947.284	n/a	Target	2	236821
947.508	n/a	NonTarget	1	236877
947.736	n/a	NonTarget	1	236934
947.96	n/a	NonTarget	1	236990
948.184	n/a	NonTarget	1	237046
948.412	n/a	NonTarget	1	237103
948.636	n/a	NonTarget	1	237159
948.86	n/a	NonTarget	1	237215
949.084	n/a	NonTarget	1	237271
949.312	n/a	NonTarget	1	237328
949.536	n/a	NonTarget	1	237384
949.76	n/a	Target	2	237440
949.988	n/a	NonTarget	1	237497
950.212	n/a	NonTarget	1	237553
950.436	n/a	Target	2	237609
950.66	n/a	NonTarget	1	237665
950.888	n/a	NonTarget	1	237722
951.112	n/a	NonTarget	1	237778
951.336	n/a	NonTarget	1	237834
951.564	n/a	NonTarget	1	237891
951.788	n/a	NonTarget	1	237947
952.016	n/a	NonTarget	1	238004
952.24	n/a	NonTarget	1	238060
952.464	n/a	NonTarget	1	238116
952.692	n/a	NonTarget	1	238173
952.916	n/a	Target	2	238229
953.14	n/a	NonTarget	1	238285
953.364	n/a	NonTarget	1	238341
953.588	n/a	NonTarget	1	238397
953.816	n/a	NonTarget	1	238454
954.04	n/a	NonTarget	1	238510
954.268	n/a	NonTarget	1	238567
954.492	n/a	NonTarget	1	238623
954.716	n/a	NonTarget	1	238679
954.944	n/a	NonTarget	1	238736
955.168	n/a	NonTarget	1	238792
955.396	n/a	NonTarget	1	238849
955.62	n/a	Target	2	238905
955.844	n/a	NonTarget	1	238961
956.068	n/a	NonTarget	1	239017
956.296	n/a	NonTarget	1	239074
956.52	n/a	NonTarget	1	239130
956.748	n/a	Target	2	239187
956.972	n/a	NonTarget	1	239243
957.196	n/a	NonTarget	1	239299
957.424	n/a	NonTarget	1	239356
957.648	n/a	NonTarget	1	239412
957.876	n/a	NonTarget	1	239469
958.1	n/a	NonTarget	1	239525
958.324	n/a	NonTarget	1	239581
958.552	n/a	NonTarget	1	239638
958.776	n/a	NonTarget	1	239694
959.0	n/a	NonTarget	1	239750
959.228	n/a	NonTarget	1	239807
959.452	n/a	Target	2	239863
959.676	n/a	NonTarget	1	239919
959.9	n/a	NonTarget	1	239975
960.128	n/a	NonTarget	1	240032
960.352	n/a	NonTarget	1	240088
960.576	n/a	NonTarget	1	240144
960.804	n/a	NonTarget	1	240201
961.028	n/a	NonTarget	1	240257
961.252	n/a	NonTarget	1	240313
961.48	n/a	Target	2	240370
961.704	n/a	NonTarget	1	240426
961.932	n/a	NonTarget	1	240483
962.156	n/a	NonTarget	1	240539
962.38	n/a	NonTarget	1	240595
962.608	n/a	NonTarget	1	240652
962.832	n/a	NonTarget	1	240708
963.06	n/a	Target	2	240765
963.284	n/a	NonTarget	1	240821
963.508	n/a	NonTarget	1	240877
963.732	n/a	NonTarget	1	240933
983.776	n/a	NonTarget	1	245944
984.0	n/a	NonTarget	1	246000
984.224	n/a	NonTarget	1	246056
984.452	n/a	NonTarget	1	246113
984.676	n/a	Target	2	246169
984.9	n/a	NonTarget	1	246225
985.128	n/a	NonTarget	1	246282
985.352	n/a	NonTarget	1	246338
985.576	n/a	NonTarget	1	246394
985.804	n/a	NonTarget	1	246451
986.028	n/a	NonTarget	1	246507
986.252	n/a	NonTarget	1	246563
986.48	n/a	NonTarget	1	246620
986.704	n/a	NonTarget	1	246676
986.928	n/a	Target	2	246732
987.152	n/a	NonTarget	1	246788
987.38	n/a	NonTarget	1	246845
987.604	n/a	NonTarget	1	246901
987.832	n/a	NonTarget	1	246958
988.056	n/a	NonTarget	1	247014
988.28	n/a	NonTarget	1	247070
988.504	n/a	NonTarget	1	247126
988.732	n/a	NonTarget	1	247183
988.956	n/a	Target	2	247239
989.184	n/a	NonTarget	1	247296
989.408	n/a	NonTarget	1	247352
989.632	n/a	NonTarget	1	247408
989.856	n/a	NonTarget	1	247464
990.08	n/a	NonTarget	1	247520
990.308	n/a	NonTarget	1	247577
990.532	n/a	NonTarget	1	247633
990.756	n/a	Target	2	247689
990.984	n/a	NonTarget	1	247746
991.208	n/a	NonTarget	1	247802
991.436	n/a	NonTarget	1	247859
991.66	n/a	NonTarget	1	247915
991.884	n/a	NonTarget	1	247971
992.108	n/a	NonTarget	1	248027
992.332	n/a	NonTarget	1	248083
992.56	n/a	NonTarget	1	248140
992.784	n/a	NonTarget	1	248196
993.012	n/a	Target	2	248253
993.236	n/a	NonTarget	1	248309
993.46	n/a	NonTarget	1	248365
993.688	n/a	NonTarget	1	248422
993.912	n/a	NonTarget	1	248478
994.14	n/a	NonTarget	1	248535
994.364	n/a	Target	2	248591
994.588	n/a	NonTarget	1	248647
994.812	n/a	NonTarget	1	248703
995.036	n/a	NonTarget	1	248759
995.264	n/a	NonTarget	1	248816
995.488	n/a	NonTarget	1	248872
995.712	n/a	NonTarget	1	248928
995.94	n/a	NonTarget	1	248985
996.164	n/a	NonTarget	1	249041
996.392	n/a	NonTarget	1	249098
996.616	n/a	NonTarget	1	249154
996.84	n/a	NonTarget	1	249210
997.068	n/a	NonTarget	1	249267
997.292	n/a	NonTarget	1	249323
997.516	n/a	NonTarget	1	249379
997.744	n/a	Target	2	249436
997.968	n/a	NonTarget	1	249492
998.192	n/a	NonTarget	1	249548
998.416	n/a	NonTarget	1	249604
998.644	n/a	NonTarget	1	249661
998.868	n/a	NonTarget	1	249717
999.096	n/a	Target	2	249774
999.32	n/a	NonTarget	1	249830
999.544	n/a	NonTarget	1	249886
999.772	n/a	NonTarget	1	249943
999.996	n/a	NonTarget	1	249999
1000.224	n/a	NonTarget	1	250056
1000.448	n/a	NonTarget	1	250112
1000.672	n/a	NonTarget	1	250168
1000.9	n/a	NonTarget	1	250225
1001.124	n/a	NonTarget	1	250281
1001.348	n/a	NonTarget	1	250337
1001.576	n/a	Target	2	250394
1001.8	n/a	NonTarget	1	250450
1002.024	n/a	NonTarget	1	250506
1002.248	n/a	NonTarget	1	250562
1002.476	n/a	NonTarget	1	250619
1002.7	n/a	Target	2	250675
1002.924	n/a	NonTarget	1	250731
1003.152	n/a	NonTarget	1	250788
1003.376	n/a	NonTarget	1	250844
1003.6	n/a	NonTarget	1	250900
1003.828	n/a	NonTarget	1	250957
1004.052	n/a	NonTarget	1	251013
1004.28	n/a	NonTarget	1	251070
1004.504	n/a	NonTarget	1	251126
1004.728	n/a	NonTarget	1	251182
1004.956	n/a	NonTarget	1	251239
1005.18	n/a	NonTarget	1	251295
1005.408	n/a	NonTarget	1	251352
1005.632	n/a	Target	2	251408
1005.856	n/a	NonTarget	1	251464
1006.08	n/a	Target	2	251520
1006.308	n/a	NonTarget	1	251577
1006.532	n/a	NonTarget	1	251633
1006.756	n/a	NonTarget	1	251689
1006.984	n/a	NonTarget	1	251746
1007.208	n/a	NonTarget	1	251802
1007.436	n/a	NonTarget	1	251859
1007.66	n/a	NonTarget	1	251915
1007.884	n/a	NonTarget	1	251971
1008.112	n/a	NonTarget	1	252028
1008.336	n/a	NonTarget	1	252084
1008.56	n/a	NonTarget	1	252140
1008.788	n/a	NonTarget	1	252197
1009.012	n/a	NonTarget	1	252253
1009.236	n/a	NonTarget	1	252309
1009.46	n/a	NonTarget	1	252365
1009.688	n/a	NonTarget	1	252422
1009.912	n/a	Target	2	252478
1010.14	n/a	NonTarget	1	252535
1010.364	n/a	Target	2	252591
1010.588	n/a	NonTarget	1	252647
1010.816	n/a	NonTarget	1	252704
1011.04	n/a	NonTarget	1	252760
1011.268	n/a	NonTarget	1	252817
1011.492	n/a	NonTarget	1	252873
1011.716	n/a	NonTarget	1	252929
1011.944	n/a	NonTarget	1	252986
1012.168	n/a	Target	2	253042
1012.392	n/a	NonTarget	1	253098
1012.616	n/a	NonTarget	1	253154
1012.844	n/a	NonTarget	1	253211
1013.068	n/a	NonTarget	1	253267
1013.296	n/a	NonTarget	1	253324
1013.52	n/a	NonTarget	1	253380
1013.744	n/a	NonTarget	1	253436
1028.232	n/a	NonTarget	1	257058
1028.456	n/a	NonTarget	1	257114
1028.684	n/a	NonTarget	1	257171
1028.908	n/a	NonTarget	1	257227
1029.136	n/a	NonTarget	1	257284
1029.36	n/a	NonTarget	1	257340
1029.584	n/a	NonTarget	1	257396
1029.812	n/a	Target	2	257453
1030.036	n/a	NonTarget	1	257509
1030.264	n/a	NonTarget	1	257566
1030.488	n/a	NonTarget	1	257622
1030.712	n/a	NonTarget	1	257678
1030.94	n/a	NonTarget	1	257735
1031.164	n/a	NonTarget	1	257791
1031.388	n/a	NonTarget	1	257847
1031.612	n/a	Target	2	257903
1031.84	n/a	NonTarget	1	257960
1032.064	n/a	NonTarget	1	258016
1032.288	n/a	NonTarget	1	258072
1032.516	n/a	NonTarget	1	258129
1032.74	n/a	NonTarget	1	258185
1032.964	n/a	NonTarget	1	258241
1033.192	n/a	NonTarget	1	258298
1033.416	n/a	Target	2	258354
1033.644	n/a	NonTarget	1	258411
1033.868	n/a	NonTarget	1	258467
1034.092	n/a	NonTarget	1	258523
1034.316	n/a	NonTarget	1	258579
1034.544	n/a	NonTarget	1	258636
1034.768	n/a	Target	2	258692
1034.996	n/a	NonTarget	1	258749
1035.22	n/a	NonTarget	1	258805
1035.444	n/a	NonTarget	1	258861
1035.672	n/a	NonTarget	1	258918
1035.896	n/a	NonTarget	1	258974
1036.124	n/a	NonTarget	1	259031
1036.348	n/a	Target	2	259087
1036.572	n/a	NonTarget	1	259143
1036.8	n/a	NonTarget	1	259200
1037.024	n/a	NonTarget	1	259256
1037.248	n/a	NonTarget	1	259312
1037.476	n/a	NonTarget	1	259369
1037.7	n/a	NonTarget	1	259425
1037.924	n/a	NonTarget	1	259481
1038.148	n/a	NonTarget	1	259537
1038.376	n/a	NonTarget	1	259594
1038.6	n/a	NonTarget	1	259650
1038.824	n/a	NonTarget	1	259706
1039.052	n/a	NonTarget	1	259763
1039.276	n/a	NonTarget	1	259819
1039.5	n/a	NonTarget	1	259875
1039.728	n/a	Target	2	259932
1039.952	n/a	NonTarget	1	259988
1040.18	n/a	NonTarget	1	260045
1040.404	n/a	NonTarget	1	260101
1040.628	n/a	NonTarget	1	260157
1040.852	n/a	NonTarget	1	260213
1041.08	n/a	NonTarget	1	260270
1041.304	n/a	Target	2	260326
1041.528	n/a	NonTarget	1	260382
1041.756	n/a	NonTarget	1	260439
1041.98	n/a	NonTarget	1	260495
1042.204	n/a	NonTarget	1	260551
1042.432	n/a	NonTarget	1	260608
1042.656	n/a	Target	2	260664
1042.88	n/a	NonTarget	1	260720
1043.104	n/a	NonTarget	1	260776
1043.332	n/a	NonTarget	1	260833
1043.556	n/a	NonTarget	1	260889
1043.784	n/a	NonTarget	1	260946
1044.008	n/a	NonTarget	1	261002
1044.232	n/a	NonTarget	1	261058
1044.46	n/a	NonTarget	1	261115
1044.684	n/a	NonTarget	1	261171
1044.908	n/a	NonTarget	1	261227
1045.136	n/a	NonTarget	1	261284
1045.36	n/a	NonTarget	1	261340
1045.584	n/a	NonTarget	1	261396
1045.812	n/a	NonTarget	1	261453
1046.036	n/a	NonTarget	1	261509
1046.264	n/a	Target	2	261566
1046.488	n/a	NonTarget	1	261622
1046.712	n/a	NonTarget	1	261678
1046.94	n/a	NonTarget	1	261735
1047.164	n/a	NonTarget	1	261791
1047.392	n/a	NonTarget	1	261848
1047.616	n/a	NonTarget	1	261904
1047.84	n/a	NonTarget	1	261960
1048.064	n/a	NonTarget	1	262016
1048.292	n/a	Target	2	262073
1048.516	n/a	NonTarget	1	262129
1048.74	n/a	NonTarget	1	262185
1048.968	n/a	NonTarget	1	262242
1049.192	n/a	NonTarget	1	262298
1049.416	n/a	NonTarget	1	262354
1049.644	n/a	Target	2	262411
1049.868	n/a	NonTarget	1	262467
1050.096	n/a	NonTarget	1	262524
1050.32	n/a	NonTarget	1	262580
1050.544	n/a	NonTarget	1	262636
1050.772	n/a	Target	2	262693
1050.996	n/a	NonTarget	1	262749
1051.224	n/a	NonTarget	1	262806
1051.448	n/a	NonTarget	1	262862
1051.672	n/a	NonTarget	1	262918
1051.9	n/a	NonTarget	1	262975
1052.124	n/a	NonTarget	1	263031
1052.352	n/a	NonTarget	1	263088
1052.576	n/a	Target	2	263144
1052.8	n/a	NonTarget	1	263200
1053.028	n/a	NonTarget	1	263257
1053.252	n/a	NonTarget	1	263313
1053.48	n/a	NonTarget	1	263370
1053.704	n/a	NonTarget	1	263426
1053.928	n/a	NonTarget	1	263482
1054.156	n/a	NonTarget	1	263539
1054.38	n/a	NonTarget	1	263595
1054.604	n/a	Target	2	263651
1054.832	n/a	NonTarget	1	263708
1055.056	n/a	NonTarget	1	263764
1055.28	n/a	NonTarget	1	263820
1055.504	n/a	NonTarget	1	263876
1055.732	n/a	NonTarget	1	263933
1055.956	n/a	NonTarget	1	263989
1056.184	n/a	NonTarget	1	264046
1056.408	n/a	NonTarget	1	264102
1056.632	n/a	NonTarget	1	264158
1056.856	n/a	NonTarget	1	264214
1057.084	n/a	Target	2	264271
1057.308	n/a	NonTarget	1	264327
1057.536	n/a	NonTarget	1	264384
1057.76	n/a	NonTarget	1	264440
1057.988	n/a	NonTarget	1	264497
1058.212	n/a	NonTarget	1	264553
1058.436	n/a	NonTarget	1	264609
1075.48	n/a	NonTarget	1	268870
1075.704	n/a	NonTarget	1	268926
1075.932	n/a	NonTarget	1	268983
1076.156	n/a	NonTarget	1	269039
1076.384	n/a	NonTarget	1	269096
1076.608	n/a	Target	2	269152
1076.832	n/a	NonTarget	1	269208
1077.056	n/a	NonTarget	1	269264
1077.28	n/a	NonTarget	1	269320
1077.508	n/a	NonTarget	1	269377
1077.732	n/a	NonTarget	1	269433
1077.956	n/a	NonTarget	1	269489
1078.184	n/a	NonTarget	1	269546
1078.408	n/a	NonTarget	1	269602
1078.636	n/a	NonTarget	1	269659
1078.86	n/a	NonTarget	1	269715
1079.084	n/a	Target	2	269771
1079.312	n/a	NonTarget	1	269828
1079.536	n/a	NonTarget	1	269884
1079.76	n/a	NonTarget	1	269940
1079.988	n/a	NonTarget	1	269997
1080.212	n/a	Target	2	270053
1080.44	n/a	NonTarget	1	270110
1080.664	n/a	NonTarget	1	270166
1080.892	n/a	NonTarget	1	270223
1081.116	n/a	NonTarget	1	270279
1081.34	n/a	NonTarget	1	270335
1081.568	n/a	NonTarget	1	270392
1081.792	n/a	NonTarget	1	270448
1082.016	n/a	NonTarget	1	270504
1082.244	n/a	NonTarget	1	270561
1082.472	n/a	NonTarget	1	270618
1082.696	n/a	NonTarget	1	270674
1082.92	n/a	NonTarget	1	270730
1083.144	n/a	NonTarget	1	270786
1083.368	n/a	Target	2	270842
1083.596	n/a	NonTarget	1	270899
1083.82	n/a	NonTarget	1	270955
1084.044	n/a	NonTarget	1	271011
1084.272	n/a	Target	2	271068
1084.496	n/a	NonTarget	1	271124
1084.72	n/a	NonTarget	1	271180
1084.948	n/a	NonTarget	1	271237
1085.172	n/a	NonTarget	1	271293
1085.396	n/a	NonTarget	1	271349
1085.62	n/a	NonTarget	1	271405
1085.848	n/a	NonTarget	1	271462
1086.072	n/a	NonTarget	1	271518
1086.3	n/a	NonTarget	1	271575
1086.524	n/a	NonTarget	1	271631
1086.748	n/a	NonTarget	1	271687
1086.976	n/a	NonTarget	1	271744
1087.2	n/a	Target	2	271800
1087.428	n/a	NonTarget	1	271857
1087.652	n/a	NonTarget	1	271913
1087.876	n/a	NonTarget	1	271969
1088.104	n/a	NonTarget	1	272026
1088.328	n/a	NonTarget	1	272082
1088.552	n/a	NonTarget	1	272138
1088.78	n/a	NonTarget	1	272195
1089.004	n/a	NonTarget	1	272251
1089.228	n/a	NonTarget	1	272307
1089.452	n/a	Target	2	272363
1089.68	n/a	NonTarget	1	272420
1089.904	n/a	NonTarget	1	272476
1090.132	n/a	NonTarget	1	272533
1090.356	n/a	NonTarget	1	272589
1090.58	n/a	Target	2	272645
1090.808	n/a	NonTarget	1	272702
1091.032	n/a	NonTarget	1	272758
1091.256	n/a	NonTarget	1	272814
1091.484	n/a	NonTarget	1	272871
1091.708	n/a	NonTarget	1	272927
1091.932	n/a	NonTarget	1	272983
1092.16	n/a	NonTarget	1	273040
1092.384	n/a	NonTarget	1	273096
1092.612	n/a	NonTarget	1	273153
1092.836	n/a	NonTarget	1	273209
1093.06	n/a	Target	2	273265
1093.288	n/a	NonTarget	1	273322
1093.512	n/a	NonTarget	1	273378
1093.736	n/a	NonTarget	1	273434
1093.964	n/a	NonTarget	1	273491
1094.188	n/a	NonTarget	1	273547
1094.412	n/a	NonTarget	1	273603
1094.64	n/a	NonTarget	1	273660
1094.864	n/a	Target	2	273716
1095.092	n/a	NonTarget	1	273773
1095.316	n/a	NonTarget	1	273829
1095.54	n/a	NonTarget	1	273885
1095.768	n/a	NonTarget	1	273942
1095.992	n/a	NonTarget	1	273998
1096.216	n/a	NonTarget	1	274054
1096.44	n/a	NonTarget	1	274110
1096.668	n/a	NonTarget	1	274167
1096.892	n/a	NonTarget	1	274223
1097.12	n/a	NonTarget	1	274280
1097.344	n/a	NonTarget	1	274336
1097.568	n/a	Target	2	274392
1097.796	n/a	NonTarget	1	274449
1098.02	n/a	NonTarget	1	274505
1098.248	n/a	NonTarget	1	274562
1098.472	n/a	NonTarget	1	274618
1098.696	n/a	Target	2	274674
1098.924	n/a	NonTarget	1	274731
1099.148	n/a	NonTarget	1	274787
1099.376	n/a	NonTarget	1	274844
1099.6	n/a	NonTarget	1	274900
1099.824	n/a	NonTarget	1	274956
1100.052	n/a	NonTarget	1	275013
1100.276	n/a	NonTarget	1	275069
1100.504	n/a	Target	2	275126
1100.728	n/a	NonTarget	1	275182
1100.952	n/a	NonTarget	1	275238
1101.18	n/a	NonTarget	1	275295
1101.404	n/a	NonTarget	1	275351
1101.632	n/a	NonTarget	1	275408
1101.856	n/a	NonTarget	1	275464
1102.08	n/a	NonTarget	1	275520
1102.308	n/a	NonTarget	1	275577
1102.532	n/a	Target	2	275633
1102.76	n/a	NonTarget	1	275690
1102.984	n/a	NonTarget	1	275746
1103.208	n/a	NonTarget	1	275802
1103.436	n/a	NonTarget	1	275859
1103.66	n/a	NonTarget	1	275915
1103.884	n/a	NonTarget	1	275971
1104.108	n/a	Target	2	276027
1104.336	n/a	NonTarget	1	276084
1104.56	n/a	NonTarget	1	276140
1104.784	n/a	NonTarget	1	276196
1105.012	n/a	NonTarget	1	276253
1105.236	n/a	NonTarget	1	276309
1105.46	n/a	NonTarget	1	276365
1105.688	n/a	NonTarget	1	276422
1117.544	n/a	NonTarget	1	279386
1117.772	n/a	NonTarget	1	279443
1117.996	n/a	NonTarget	1	279499
1118.22	n/a	NonTarget	1	279555
1118.448	n/a	NonTarget	1	279612
1118.672	n/a	Target	2	279668
1118.896	n/a	NonTarget	1	279724
1119.124	n/a	NonTarget	1	279781
1119.348	n/a	NonTarget	1	279837
1119.572	n/a	NonTarget	1	279893
1119.8	n/a	NonTarget	1	279950
1120.024	n/a	Target	2	280006
1120.248	n/a	NonTarget	1	280062
1120.476	n/a	NonTarget	1	280119
1120.7	n/a	NonTarget	1	280175
1120.928	n/a	NonTarget	1	280232
1121.152	n/a	NonTarget	1	280288
1121.376	n/a	NonTarget	1	280344
1121.604	n/a	NonTarget	1	280401
1121.828	n/a	NonTarget	1	280457
1122.056	n/a	NonTarget	1	280514
1122.28	n/a	NonTarget	1	280570
1122.508	n/a	NonTarget	1	280627
1122.732	n/a	Target	2	280683
1122.956	n/a	NonTarget	1	280739
1123.184	n/a	NonTarget	1	280796
1123.408	n/a	NonTarget	1	280852
1123.636	n/a	NonTarget	1	280909
1123.86	n/a	NonTarget	1	280965
1124.084	n/a	NonTarget	1	281021
1124.308	n/a	NonTarget	1	281077
1124.536	n/a	NonTarget	1	281134
1124.76	n/a	NonTarget	1	281190
1124.988	n/a	NonTarget	1	281247
1125.212	n/a	Target	2	281303
1125.436	n/a	NonTarget	1	281359
1125.66	n/a	NonTarget	1	281415
1125.888	n/a	NonTarget	1	281472
1126.112	n/a	NonTarget	1	281528
1126.34	n/a	NonTarget	1	281585
1126.564	n/a	NonTarget	1	281641
1126.788	n/a	NonTarget	1	281697
1127.016	n/a	NonTarget	1	281754
1127.24	n/a	Target	2	281810
1127.468	n/a	NonTarget	1	281867
1127.692	n/a	NonTarget	1	281923
1127.916	n/a	NonTarget	1	281979
1128.144	n/a	NonTarget	1	282036
1128.368	n/a	NonTarget	1	282092
1128.596	n/a	NonTarget	1	282149
1128.82	n/a	NonTarget	1	282205
1129.044	n/a	Target	2	282261
1129.268	n/a	NonTarget	1	282317
1129.492	n/a	NonTarget	1	282373
1129.72	n/a	NonTarget	1	282430
1129.944	n/a	NonTarget	1	282486
1130.172	n/a	NonTarget	1	282543
1130.396	n/a	NonTarget	1	282599
1130.62	n/a	NonTarget	1	282655
1130.848	n/a	NonTarget	1	282712
1131.072	n/a	Target	2	282768
1131.3	n/a	NonTarget	1	282825
1131.524	n/a	NonTarget	1	282881
1131.748	n/a	NonTarget	1	282937
1131.976	n/a	NonTarget	1	282994
1132.2	n/a	NonTarget	1	283050
1132.428	n/a	NonTarget	1	283107
1132.652	n/a	NonTarget	1	283163
1132.876	n/a	Target	2	283219
1133.104	n/a	NonTarget	1	283276
1133.328	n/a	NonTarget	1	283332
1133.556	n/a	NonTarget	1	283389
1133.78	n/a	NonTarget	1	283445
1134.004	n/a	NonTarget	1	283501
1134.228	n/a	NonTarget	1	283557
1134.452	n/a	NonTarget	1	283613
1134.68	n/a	NonTarget	1	283670
1134.904	n/a	Target	2	283726
1135.132	n/a	NonTarget	1	283783
1135.356	n/a	NonTarget	1	283839
1135.58	n/a	NonTarget	1	283895
1135.808	n/a	NonTarget	1	283952
1136.032	n/a	NonTarget	1	284008
1136.26	n/a	NonTarget	1	284065
1136.484	n/a	Target	2	284121
1136.708	n/a	NonTarget	1	284177
1136.932	n/a	NonTarget	1	284233
1137.16	n/a	NonTarget	1	284290
1137.384	n/a	NonTarget	1	284346
1137.608	n/a	NonTarget	1	284402
1137.832	n/a	NonTarget	1	284458
1138.06	n/a	NonTarget	1	284515
1138.284	n/a	NonTarget	1	284571
1138.512	n/a	NonTarget	1	284628
1138.736	n/a	Target	2	284684
1138.964	n/a	NonTarget	1	284741
1139.188	n/a	NonTarget	1	284797
1139.412	n/a	NonTarget	1	284853
1139.64	n/a	NonTarget	1	284910
1139.864	n/a	NonTarget	1	284966
1140.092	n/a	NonTarget	1	285023
1140.316	n/a	NonTarget	1	285079
1140.54	n/a	NonTarget	1	285135
1140.768	n/a	NonTarget	1	285192
1140.992	n/a	NonTarget	1	285248
1141.216	n/a	NonTarget	1	285304
1141.444	n/a	Target	2	285361
1141.668	n/a	NonTarget	1	285417
1141.892	n/a	NonTarget	1	285473
1142.12	n/a	NonTarget	1	285530
1142.344	n/a	NonTarget	1	285586
1142.568	n/a	NonTarget	1	285642
1142.792	n/a	NonTarget	1	285698
1143.02	n/a	Target	2	285755
1143.244	n/a	NonTarget	1	285811
1143.472	n/a	NonTarget	1	285868
1143.696	n/a	NonTarget	1	285924
1143.924	n/a	NonTarget	1	285981
1144.148	n/a	NonTarget	1	286037
1144.372	n/a	NonTarget	1	286093
1144.6	n/a	NonTarget	1	286150
1144.824	n/a	NonTarget	1	286206
1145.052	n/a	NonTarget	1	286263
1145.276	n/a	Target	2	286319
1145.5	n/a	NonTarget	1	286375
1145.728	n/a	NonTarget	1	286432
1145.952	n/a	NonTarget	1	286488
1146.18	n/a	NonTarget	1	286545
1146.404	n/a	NonTarget	1	286601
1146.632	n/a	NonTarget	1	286658
1146.856	n/a	NonTarget	1	286714
1147.08	n/a	NonTarget	1	286770
1147.304	n/a	NonTarget	1	286826
1147.532	n/a	Target	2	286883
1147.756	n/a	NonTarget	1	286939
1159.812	n/a	Target	2	289953
1160.036	n/a	NonTarget	1	290009
1160.264	n/a	NonTarget	1	290066
1160.488	n/a	NonTarget	1	290122
1160.716	n/a	NonTarget	1	290179
1160.94	n/a	NonTarget	1	290235
1161.164	n/a	NonTarget	1	290291
1161.392	n/a	NonTarget	1	290348
1161.616	n/a	NonTarget	1	290404
1161.84	n/a	NonTarget	1	290460
1162.068	n/a	NonTarget	1	290517
1162.292	n/a	Target	2	290573
1162.52	n/a	NonTarget	1	290630
1162.744	n/a	NonTarget	1	290686
1162.968	n/a	NonTarget	1	290742
1163.196	n/a	NonTarget	1	290799
1163.42	n/a	NonTarget	1	290855
1163.644	n/a	NonTarget	1	290911
1163.868	n/a	NonTarget	1	290967
1164.096	n/a	NonTarget	1	291024
1164.32	n/a	NonTarget	1	291080
1164.548	n/a	NonTarget	1	291137
1164.772	n/a	Target	2	291193
1164.996	n/a	NonTarget	1	291249
1165.224	n/a	NonTarget	1	291306
1165.448	n/a	NonTarget	1	291362
1165.676	n/a	NonTarget	1	291419
1165.9	n/a	NonTarget	1	291475
1166.124	n/a	NonTarget	1	291531
1166.352	n/a	Target	2	291588
1166.576	n/a	NonTarget	1	291644
1166.8	n/a	NonTarget	1	291700
1167.028	n/a	NonTarget	1	291757
1167.252	n/a	NonTarget	1	291813
1167.48	n/a	NonTarget	1	291870
1167.704	n/a	NonTarget	1	291926
1167.928	n/a	NonTarget	1	291982
1168.152	n/a	NonTarget	1	292038
1168.38	n/a	Target	2	292095
1168.604	n/a	NonTarget	1	292151
1168.828	n/a	NonTarget	1	292207
1169.056	n/a	NonTarget	1	292264
1169.28	n/a	NonTarget	1	292320
1169.504	n/a	NonTarget	1	292376
1169.732	n/a	NonTarget	1	292433
1169.956	n/a	NonTarget	1	292489
1170.18	n/a	NonTarget	1	292545
1170.404	n/a	NonTarget	1	292601
1170.632	n/a	NonTarget	1	292658
1170.856	n/a	NonTarget	1	292714
1171.08	n/a	NonTarget	1	292770
1171.308	n/a	Target	2	292827
1171.532	n/a	NonTarget	1	292883
1171.756	n/a	NonTarget	1	292939
1171.98	n/a	NonTarget	1	292995
1172.208	n/a	Target	2	293052
1172.432	n/a	NonTarget	1	293108
1172.656	n/a	NonTarget	1	293164
1172.884	n/a	NonTarget	1	293221
1173.108	n/a	NonTarget	1	293277
1173.332	n/a	NonTarget	1	293333
1173.56	n/a	NonTarget	1	293390
1173.784	n/a	NonTarget	1	293446
1174.012	n/a	NonTarget	1	293503
1174.236	n/a	NonTarget	1	293559
1174.46	n/a	NonTarget	1	293615
1174.684	n/a	NonTarget	1	293671
1174.912	n/a	NonTarget	1	293728
1175.136	n/a	Target	2	293784
1175.364	n/a	NonTarget	1	293841
1175.588	n/a	NonTarget	1	293897
1175.812	n/a	NonTarget	1	293953
1176.04	n/a	NonTarget	1	294010
1176.264	n/a	NonTarget	1	294066
1176.492	n/a	NonTarget	1	294123
1176.716	n/a	NonTarget	1	294179
1176.94	n/a	NonTarget	1	294235
1177.168	n/a	Target	2	294292
1177.392	n/a	NonTarget	1	294348
1177.616	n/a	NonTarget	1	294404
1177.844	n/a	NonTarget	1	294461
1178.068	n/a	NonTarget	1	294517
1178.296	n/a	NonTarget	1	294574
1178.52	n/a	NonTarget	1	294630
1178.744	n/a	NonTarget	1	294686
1178.972	n/a	NonTarget	1	294743
1179.196	n/a	NonTarget	1	294799
1179.42	n/a	NonTarget	1	294855
1179.644	n/a	NonTarget	1	294911
1179.872	n/a	Target	2	294968
1180.096	n/a	NonTarget	1	295024
1180.32	n/a	NonTarget	1	295080
1180.548	n/a	NonTarget	1	295137
1180.772	n/a	NonTarget	1	295193
1180.996	n/a	NonTarget	1	295249
1181.224	n/a	NonTarget	1	295306
1181.448	n/a	NonTarget	1	295362
1181.676	n/a	Target	2	295419
1181.9	n/a	NonTarget	1	295475
1182.124	n/a	NonTarget	1	295531
1182.348	n/a	NonTarget	1	295587
1182.576	n/a	Target	2	295644
1182.8	n/a	NonTarget	1	295700
1183.024	n/a	NonTarget	1	295756
1183.252	n/a	NonTarget	1	295813
1183.476	n/a	NonTarget	1	295869
1183.704	n/a	NonTarget	1	295926
1183.928	n/a	NonTarget	1	295982
1184.152	n/a	NonTarget	1	296038
1184.38	n/a	NonTarget	1	296095
1184.604	n/a	NonTarget	1	296151
1184.828	n/a	Target	2	296207
1185.056	n/a	NonTarget	1	296264
1185.28	n/a	NonTarget	1	296320
1185.508	n/a	NonTarget	1	296377
1185.732	n/a	NonTarget	1	296433
1185.956	n/a	NonTarget	1	296489
1186.184	n/a	NonTarget	1	296546
1186.408	n/a	NonTarget	1	296602
1186.636	n/a	NonTarget	1	296659
1186.86	n/a	NonTarget	1	296715
1187.084	n/a	NonTarget	1	296771
1187.312	n/a	NonTarget	1	296828
1187.536	n/a	NonTarget	1	296884
1187.764	n/a	Target	2	296941
1187.988	n/a	NonTarget	1	296997
1188.212	n/a	NonTarget	1	297053
1188.436	n/a	NonTarget	1	297109
1188.66	n/a	NonTarget	1	297165
1188.888	n/a	NonTarget	1	297222
1189.112	n/a	NonTarget	1	297278
1189.34	n/a	NonTarget	1	297335
1189.564	n/a	NonTarget	1	297391
1189.788	n/a	NonTarget	1	297447
1204.964	n/a	NonTarget	1	301241
1205.188	n/a	NonTarget	1	301297
1205.412	n/a	NonTarget	1	301353
1205.64	n/a	NonTarget	1	301410
1205.864	n/a	NonTarget	1	301466
1206.088	n/a	NonTarget	1	301522
1206.312	n/a	NonTarget	1	301578
1206.536	n/a	Target	2	301634
1206.764	n/a	NonTarget	1	301691
1206.988	n/a	NonTarget	1	301747
1207.216	n/a	NonTarget	1	301804
1207.44	n/a	NonTarget	1	301860
1207.668	n/a	Target	2	301917
1207.892	n/a	NonTarget	1	301973
1208.116	n/a	NonTarget	1	302029
1208.344	n/a	NonTarget	1	302086
1208.568	n/a	NonTarget	1	302142
1208.796	n/a	NonTarget	1	302199
1209.02	n/a	NonTarget	1	302255
1209.244	n/a	NonTarget	1	302311
1209.472	n/a	NonTarget	1	302368
1209.696	n/a	Target	2	302424
1209.924	n/a	NonTarget	1	302481
1210.148	n/a	NonTarget	1	302537
1210.372	n/a	NonTarget	1	302593
1210.6	n/a	NonTarget	1	302650
1210.824	n/a	NonTarget	1	302706
1211.048	n/a	NonTarget	1	302762
1211.272	n/a	Target	2	302818
1211.5	n/a	NonTarget	1	302875
1211.724	n/a	NonTarget	1	302931
1211.948	n/a	NonTarget	1	302987
1212.176	n/a	NonTarget	1	303044
1212.4	n/a	NonTarget	1	303100
1212.628	n/a	NonTarget	1	303157
1212.852	n/a	NonTarget	1	303213
1213.076	n/a	Target	2	303269
1213.304	n/a	NonTarget	1	303326
1213.528	n/a	NonTarget	1	303382
1213.756	n/a	NonTarget	1	303439
1213.98	n/a	NonTarget	1	303495
1214.204	n/a	NonTarget	1	303551
1214.432	n/a	NonTarget	1	303608
1214.656	n/a	NonTarget	1	303664
1214.88	n/a	NonTarget	1	303720
1215.104	n/a	Target	2	303776
1215.332	n/a	NonTarget	1	303833
1215.556	n/a	NonTarget	1	303889
1215.78	n/a	NonTarget	1	303945
1216.008	n/a	NonTarget	1	304002
1216.232	n/a	NonTarget	1	304058
1216.456	n/a	NonTarget	1	304114
1216.68	n/a	NonTarget	1	304170
1216.908	n/a	NonTarget	1	304227
1217.132	n/a	NonTarget	1	304283
1217.356	n/a	Target	2	304339
1217.584	n/a	NonTarget	1	304396
1217.808	n/a	NonTarget	1	304452
1218.032	n/a	NonTarget	1	304508
1218.26	n/a	NonTarget	1	304565
1218.484	n/a	NonTarget	1	304621
1218.712	n/a	NonTarget	1	304678
1218.936	n/a	NonTarget	1	304734
1219.16	n/a	NonTarget	1	304790
1219.388	n/a	Target	2	304847
1219.612	n/a	NonTarget	1	304903
1219.84	n/a	NonTarget	1	304960
1220.064	n/a	NonTarget	1	305016
1220.288	n/a	NonTarget	1	305072
1220.516	n/a	NonTarget	1	305129
1220.74	n/a	NonTarget	1	305185
1220.968	n/a	NonTarget	1	305242
1221.192	n/a	NonTarget	1	305298
1221.42	n/a	NonTarget	1	305355
1221.644	n/a	NonTarget	1	305411
1221.868	n/a	NonTarget	1	305467
1222.096	n/a	NonTarget	1	305524
1222.32	n/a	NonTarget	1	305580
1222.544	n/a	NonTarget	1	305636
1222.768	n/a	Target	2	305692
1222.996	n/a	NonTarget	1	305749
1223.22	n/a	NonTarget	1	305805
1223.444	n/a	NonTarget	1	305861
1223.672	n/a	NonTarget	1	305918
1223.896	n/a	NonTarget	1	305974
1224.12	n/a	NonTarget	1	306030
1224.348	n/a	Target	2	306087
1224.572	n/a	NonTarget	1	306143
1224.8	n/a	NonTarget	1	306200
1225.024	n/a	NonTarget	1	306256
1225.248	n/a	NonTarget	1	306312
1225.476	n/a	NonTarget	1	306369
1225.7	n/a	NonTarget	1	306425
1225.928	n/a	NonTarget	1	306482
1226.152	n/a	NonTarget	1	306538
1226.376	n/a	NonTarget	1	306594
1226.604	n/a	NonTarget	1	306651
1226.828	n/a	NonTarget	1	306707
1227.056	n/a	Target	2	306764
1227.28	n/a	NonTarget	1	306820
1227.504	n/a	NonTarget	1	306876
1227.728	n/a	NonTarget	1	306932
1227.952	n/a	NonTarget	1	306988
1228.18	n/a	NonTarget	1	307045
1228.404	n/a	Target	2	307101
1228.632	n/a	NonTarget	1	307158
1228.856	n/a	NonTarget	1	307214
1229.08	n/a	NonTarget	1	307270
1229.308	n/a	NonTarget	1	307327
1229.532	n/a	NonTarget	1	307383
1229.76	n/a	NonTarget	1	307440
1229.984	n/a	NonTarget	1	307496
1230.208	n/a	NonTarget	1	307552
1230.436	n/a	NonTarget	1	307609
1230.66	n/a	NonTarget	1	307665
1230.888	n/a	Target	2	307722
1231.112	n/a	NonTarget	1	307778
1231.336	n/a	NonTarget	1	307834
1231.564	n/a	NonTarget	1	307891
1231.788	n/a	Target	2	307947
1232.016	n/a	NonTarget	1	308004
1232.24	n/a	NonTarget	1	308060
1232.464	n/a	NonTarget	1	308116
1232.692	n/a	NonTarget	1	308173
1232.916	n/a	NonTarget	1	308229
1233.144	n/a	NonTarget	1	308286
1233.368	n/a	Target	2	308342
1233.592	n/a	NonTarget	1	308398
1233.816	n/a	NonTarget	1	308454
1234.044	n/a	NonTarget	1	308511
1234.268	n/a	NonTarget	1	308567
1234.492	n/a	NonTarget	1	308623
1234.72	n/a	NonTarget	1	308680
1234.944	n/a	NonTarget	1	308736
1252.068	n/a	NonTarget	1	313017
1252.296	n/a	Target	2	313074
1252.52	n/a	NonTarget	1	313130
1252.744	n/a	NonTarget	1	313186
1252.972	n/a	NonTarget	1	313243
1253.196	n/a	NonTarget	1	313299
1253.424	n/a	NonTarget	1	313356
1253.648	n/a	NonTarget	1	313412
1253.876	n/a	NonTarget	1	313469
1254.1	n/a	Target	2	313525
1254.324	n/a	NonTarget	1	313581
1254.548	n/a	NonTarget	1	313637
1254.776	n/a	NonTarget	1	313694
1255.0	n/a	NonTarget	1	313750
1255.224	n/a	NonTarget	1	313806
1255.452	n/a	NonTarget	1	313863
1255.676	n/a	NonTarget	1	313919
1255.9	n/a	NonTarget	1	313975
1256.128	n/a	Target	2	314032
1256.352	n/a	NonTarget	1	314088
1256.58	n/a	NonTarget	1	314145
1256.804	n/a	NonTarget	1	314201
1257.028	n/a	NonTarget	1	314257
1257.256	n/a	NonTarget	1	314314
1257.48	n/a	NonTarget	1	314370
1257.708	n/a	NonTarget	1	314427
1257.932	n/a	NonTarget	1	314483
1258.156	n/a	NonTarget	1	314539
1258.38	n/a	NonTarget	1	314595
1258.608	n/a	NonTarget	1	314652
1258.836	n/a	NonTarget	1	314709
1259.06	n/a	NonTarget	1	314765
1259.284	n/a	NonTarget	1	314821
1259.508	n/a	NonTarget	1	314877
1259.736	n/a	NonTarget	1	314934
1259.96	n/a	Target	2	314990
1260.188	n/a	NonTarget	1	315047
1260.412	n/a	NonTarget	1	315103
1260.636	n/a	NonTarget	1	315159
1260.86	n/a	NonTarget	1	315215
1261.088	n/a	NonTarget	1	315272
1261.312	n/a	NonTarget	1	315328
1261.536	n/a	Target	2	315384
1261.764	n/a	NonTarget	1	315441
1261.988	n/a	NonTarget	1	315497
1262.216	n/a	NonTarget	1	315554
1262.44	n/a	NonTarget	1	315610
1262.664	n/a	Target	2	315666
1262.892	n/a	NonTarget	1	315723
1263.116	n/a	NonTarget	1	315779
1263.34	n/a	NonTarget	1	315835
1263.568	n/a	NonTarget	1	315892
1263.792	n/a	NonTarget	1	315948
1264.02	n/a	NonTarget	1	316005
1264.244	n/a	NonTarget	1	316061
1264.468	n/a	NonTarget	1	316117
1264.696	n/a	NonTarget	1	316174
1264.92	n/a	Target	2	316230
1265.148	n/a	NonTarget	1	316287
1265.372	n/a	NonTarget	1	316343
1265.6	n/a	NonTarget	1	316400
1265.824	n/a	NonTarget	1	316456
1266.048	n/a	NonTarget	1	316512
1266.276	n/a	NonTarget	1	316569
1266.5	n/a	NonTarget	1	316625
1266.728	n/a	Target	2	316682
1266.952	n/a	NonTarget	1	316738
1267.176	n/a	NonTarget	1	316794
1267.4	n/a	NonTarget	1	316850
1267.628	n/a	NonTarget	1	316907
1267.852	n/a	NonTarget	1	316963
1268.076	n/a	NonTarget	1	317019
1268.304	n/a	Target	2	317076
1268.528	n/a	NonTarget	1	317132
1268.756	n/a	NonTarget	1	317189
1268.98	n/a	NonTarget	1	317245
1269.204	n/a	NonTarget	1	317301
1269.432	n/a	NonTarget	1	317358
1269.656	n/a	NonTarget	1	317414
1269.88	n/a	NonTarget	1	317470
1270.104	n/a	NonTarget	1	317526
1270.332	n/a	NonTarget	1	317583
1270.556	n/a	NonTarget	1	317639
1270.784	n/a	Target	2	317696
1271.008	n/a	NonTarget	1	317752
1271.232	n/a	NonTarget	1	317808
1271.46	n/a	NonTarget	1	317865
1271.684	n/a	NonTarget	1	317921
1271.912	n/a	NonTarget	1	317978
1272.136	n/a	NonTarget	1	318034
1272.36	n/a	NonTarget	1	318090
1272.588	n/a	Target	2	318147
1272.812	n/a	NonTarget	1	318203
1273.04	n/a	NonTarget	1	318260
1273.264	n/a	NonTarget	1	318316
1273.488	n/a	NonTarget	1	318372
1273.716	n/a	NonTarget	1	318429
1273.94	n/a	NonTarget	1	318485
1274.168	n/a	NonTarget	1	318542
1274.392	n/a	Target	2	318598
1274.616	n/a	NonTarget	1	318654
1274.844	n/a	NonTarget	1	318711
1275.068	n/a	NonTarget	1	318767
1275.292	n/a	NonTarget	1	318823
1275.516	n/a	NonTarget	1	318879
1275.744	n/a	NonTarget	1	318936
1275.968	n/a	NonTarget	1	318992
1276.192	n/a	NonTarget	1	319048
1276.42	n/a	Target	2	319105
1276.644	n/a	NonTarget	1	319161
1276.872	n/a	NonTarget	1	319218
1277.096	n/a	NonTarget	1	319274
1277.32	n/a	NonTarget	1	319330
1277.548	n/a	NonTarget	1	319387
1277.772	n/a	NonTarget	1	319443
1278.0	n/a	NonTarget	1	319500
1278.224	n/a	NonTarget	1	319556
1278.448	n/a	NonTarget	1	319612
1278.676	n/a	NonTarget	1	319669
1278.9	n/a	NonTarget	1	319725
1279.128	n/a	Target	2	319782
1279.352	n/a	NonTarget	1	319838
1279.576	n/a	NonTarget	1	319894
1279.8	n/a	NonTarget	1	319950
1280.024	n/a	NonTarget	1	320006
1280.252	n/a	NonTarget	1	320063
1280.476	n/a	NonTarget	1	320119
1280.704	n/a	NonTarget	1	320176
1280.928	n/a	NonTarget	1	320232
1281.156	n/a	NonTarget	1	320289
1281.38	n/a	NonTarget	1	320345
1281.608	n/a	NonTarget	1	320402
1281.832	n/a	Target	2	320458
1282.056	n/a	NonTarget	1	320514
1282.284	n/a	NonTarget	1	320571
1297.288	n/a	NonTarget	1	324322
1297.512	n/a	Target	2	324378
1297.736	n/a	NonTarget	1	324434
1297.964	n/a	NonTarget	1	324491
1298.188	n/a	NonTarget	1	324547
1298.416	n/a	NonTarget	1	324604
1298.64	n/a	NonTarget	1	324660
1298.868	n/a	NonTarget	1	324717
1299.092	n/a	NonTarget	1	324773
1299.316	n/a	NonTarget	1	324829
1299.544	n/a	NonTarget	1	324886
1299.768	n/a	Target	2	324942
1299.992	n/a	NonTarget	1	324998
1300.22	n/a	NonTarget	1	325055
1300.444	n/a	NonTarget	1	325111
1300.672	n/a	NonTarget	1	325168
1300.896	n/a	NonTarget	1	325224
1301.12	n/a	NonTarget	1	325280
1301.344	n/a	Target	2	325336
1301.572	n/a	NonTarget	1	325393
1301.796	n/a	NonTarget	1	325449
1302.02	n/a	NonTarget	1	325505
1302.248	n/a	NonTarget	1	325562
1302.472	n/a	NonTarget	1	325618
1302.696	n/a	NonTarget	1	325674
1302.924	n/a	NonTarget	1	325731
1303.148	n/a	NonTarget	1	325787
1303.372	n/a	NonTarget	1	325843
1303.6	n/a	NonTarget	1	325900
1303.824	n/a	NonTarget	1	325956
1304.048	n/a	NonTarget	1	326012
1304.276	n/a	NonTarget	1	326069
1304.5	n/a	NonTarget	1	326125
1304.728	n/a	NonTarget	1	326182
1304.952	n/a	Target	2	326238
1305.176	n/a	NonTarget	1	326294
1305.4	n/a	NonTarget	1	326350
1305.628	n/a	NonTarget	1	326407
1305.852	n/a	NonTarget	1	326463
1306.076	n/a	NonTarget	1	326519
1306.304	n/a	NonTarget	1	326576
1306.528	n/a	NonTarget	1	326632
1306.752	n/a	NonTarget	1	326688
1306.98	n/a	Target	2	326745
1307.204	n/a	NonTarget	1	326801
1307.432	n/a	NonTarget	1	326858
1307.656	n/a	NonTarget	1	326914
1307.88	n/a	NonTarget	1	326970
1308.108	n/a	Target	2	327027
1308.332	n/a	NonTarget	1	327083
1308.556	n/a	NonTarget	1	327139
1308.784	n/a	NonTarget	1	327196
1309.008	n/a	NonTarget	1	327252
1309.236	n/a	NonTarget	1	327309
1309.46	n/a	Target	2	327365
1309.684	n/a	NonTarget	1	327421
1309.912	n/a	NonTarget	1	327478
1310.136	n/a	NonTarget	1	327534
1310.36	n/a	NonTarget	1	327590
1310.588	n/a	NonTarget	1	327647
1310.812	n/a	NonTarget	1	327703
1311.04	n/a	NonTarget	1	327760
1311.264	n/a	NonTarget	1	327816
1311.488	n/a	NonTarget	1	327872
1311.712	n/a	NonTarget	1	327928
1311.94	n/a	Target	2	327985
1312.164	n/a	NonTarget	1	328041
1312.388	n/a	NonTarget	1	328097
1312.616	n/a	NonTarget	1	328154
1312.84	n/a	NonTarget	1	328210
1313.064	n/a	NonTarget	1	328266
1313.292	n/a	NonTarget	1	328323
1313.516	n/a	NonTarget	1	328379
1313.744	n/a	NonTarget	1	328436
1313.968	n/a	NonTarget	1	328492
1314.192	n/a	Target	2	328548
1314.42	n/a	NonTarget	1	328605
1314.644	n/a	NonTarget	1	328661
1314.872	n/a	NonTarget	1	328718
1315.096	n/a	NonTarget	1	328774
1315.32	n/a	NonTarget	1	328830
1315.548	n/a	NonTarget	1	328887
1315.772	n/a	NonTarget	1	328943
1316.0	n/a	NonTarget	1	329000
1316.224	n/a	Target	2	329056
1316.448	n/a	NonTarget	1	329112
1316.676	n/a	NonTarget	1	329169
1316.9	n/a	NonTarget	1	329225
1317.128	n/a	NonTarget	1	329282
1317.352	n/a	NonTarget	1	329338
1317.576	n/a	NonTarget	1	329394
1317.8	n/a	NonTarget	1	329450
1318.024	n/a	Target	2	329506
1318.252	n/a	NonTarget	1	329563
1318.476	n/a	NonTarget	1	329619
1318.704	n/a	NonTarget	1	329676
1318.928	n/a	NonTarget	1	329732
1319.152	n/a	NonTarget	1	329788
1319.38	n/a	NonTarget	1	329845
1319.604	n/a	NonTarget	1	329901
1319.832	n/a	NonTarget	1	329958
1320.056	n/a	NonTarget	1	330014
1320.28	n/a	NonTarget	1	330070
1320.504	n/a	NonTarget	1	330126
1320.732	n/a	NonTarget	1	330183
1320.956	n/a	NonTarget	1	330239
1321.184	n/a	NonTarget	1	330296
1321.408	n/a	Target	2	330352
1321.632	n/a	NonTarget	1	330408
1321.86	n/a	NonTarget	1	330465
1322.084	n/a	NonTarget	1	330521
1322.312	n/a	NonTarget	1	330578
1322.536	n/a	NonTarget	1	330634
1322.764	n/a	Target	2	330691
1322.988	n/a	NonTarget	1	330747
1323.212	n/a	NonTarget	1	330803
1323.44	n/a	NonTarget	1	330860
1323.664	n/a	NonTarget	1	330916
1323.892	n/a	NonTarget	1	330973
1324.116	n/a	NonTarget	1	331029
1324.34	n/a	NonTarget	1	331085
1324.568	n/a	NonTarget	1	331142
1324.792	n/a	NonTarget	1	331198
1325.016	n/a	NonTarget	1	331254
1325.24	n/a	NonTarget	1	331310
1325.468	n/a	Target	2	331367
1325.692	n/a	NonTarget	1	331423
1325.916	n/a	NonTarget	1	331479
1326.144	n/a	NonTarget	1	331536
1326.368	n/a	NonTarget	1	331592
1326.592	n/a	NonTarget	1	331648
1326.82	n/a	NonTarget	1	331705
1327.044	n/a	NonTarget	1	331761
1327.272	n/a	NonTarget	1	331818
1327.496	n/a	Target	2	331874
1340.104	n/a	NonTarget	1	335026
1340.332	n/a	NonTarget	1	335083
1340.556	n/a	NonTarget	1	335139
1340.78	n/a	NonTarget	1	335195
1341.004	n/a	Target	2	335251
1341.232	n/a	NonTarget	1	335308
1341.456	n/a	NonTarget	1	335364
1341.68	n/a	NonTarget	1	335420
1341.908	n/a	NonTarget	1	335477
1342.132	n/a	NonTarget	1	335533
1342.36	n/a	NonTarget	1	335590
1342.584	n/a	NonTarget	1	335646
1342.812	n/a	Target	2	335703
1343.036	n/a	NonTarget	1	335759
1343.26	n/a	NonTarget	1	335815
1343.488	n/a	NonTarget	1	335872
1343.712	n/a	NonTarget	1	335928
1343.94	n/a	NonTarget	1	335985
1344.164	n/a	NonTarget	1	336041
1344.388	n/a	NonTarget	1	336097
1344.616	n/a	NonTarget	1	336154
1344.84	n/a	NonTarget	1	336210
1345.064	n/a	NonTarget	1	336266
1345.292	n/a	Target	2	336323
1345.516	n/a	NonTarget	1	336379
1345.74	n/a	NonTarget	1	336435
1345.964	n/a	NonTarget	1	336491
1346.192	n/a	NonTarget	1	336548
1346.416	n/a	NonTarget	1	336604
1346.64	n/a	NonTarget	1	336660
1346.868	n/a	NonTarget	1	336717
1347.092	n/a	Target	2	336773
1347.316	n/a	NonTarget	1	336829
1347.544	n/a	NonTarget	1	336886
1347.768	n/a	NonTarget	1	336942
1347.992	n/a	NonTarget	1	336998
1348.216	n/a	Target	2	337054
1348.444	n/a	NonTarget	1	337111
1348.668	n/a	NonTarget	1	337167
1348.896	n/a	NonTarget	1	337224
1349.12	n/a	NonTarget	1	337280
1349.344	n/a	NonTarget	1	337336
1349.568	n/a	NonTarget	1	337392
1349.796	n/a	NonTarget	1	337449
1350.02	n/a	NonTarget	1	337505
1350.248	n/a	NonTarget	1	337562
1350.472	n/a	NonTarget	1	337618
1350.696	n/a	NonTarget	1	337674
1350.924	n/a	NonTarget	1	337731
1351.148	n/a	Target	2	337787
1351.376	n/a	NonTarget	1	337844
1351.6	n/a	NonTarget	1	337900
1351.824	n/a	NonTarget	1	337956
1352.052	n/a	NonTarget	1	338013
1352.276	n/a	NonTarget	1	338069
1352.504	n/a	NonTarget	1	338126
1352.728	n/a	Target	2	338182
1352.952	n/a	NonTarget	1	338238
1353.176	n/a	NonTarget	1	338294
1353.4	n/a	NonTarget	1	338350
1353.628	n/a	NonTarget	1	338407
1353.852	n/a	NonTarget	1	338463
1354.08	n/a	NonTarget	1	338520
1354.304	n/a	Target	2	338576
1354.528	n/a	NonTarget	1	338632
1354.756	n/a	NonTarget	1	338689
1354.98	n/a	NonTarget	1	338745
1355.208	n/a	NonTarget	1	338802
1355.432	n/a	NonTarget	1	338858
1355.656	n/a	NonTarget	1	338914
1355.884	n/a	NonTarget	1	338971
1356.108	n/a	NonTarget	1	339027
1356.336	n/a	NonTarget	1	339084
1356.56	n/a	Target	2	339140
1356.784	n/a	NonTarget	1	339196
1357.012	n/a	NonTarget	1	339253
1357.236	n/a	NonTarget	1	339309
1357.46	n/a	NonTarget	1	339365
1357.684	n/a	NonTarget	1	339421
1357.912	n/a	NonTarget	1	339478
1358.136	n/a	NonTarget	1	339534
1358.36	n/a	NonTarget	1	339590
1358.588	n/a	NonTarget	1	339647
1358.812	n/a	NonTarget	1	339703
1359.04	n/a	NonTarget	1	339760
1359.264	n/a	NonTarget	1	339816
1359.488	n/a	NonTarget	1	339872
1359.716	n/a	NonTarget	1	339929
1359.94	n/a	NonTarget	1	339985
1360.164	n/a	Target	2	340041
1360.392	n/a	NonTarget	1	340098
1360.616	n/a	NonTarget	1	340154
1360.84	n/a	NonTarget	1	340210
1361.068	n/a	NonTarget	1	340267
1361.292	n/a	NonTarget	1	340323
1361.516	n/a	Target	2	340379
1361.744	n/a	NonTarget	1	340436
1361.968	n/a	NonTarget	1	340492
1362.192	n/a	NonTarget	1	340548
1362.42	n/a	NonTarget	1	340605
1362.644	n/a	NonTarget	1	340661
1362.868	n/a	Target	2	340717
1363.096	n/a	NonTarget	1	340774
1363.32	n/a	NonTarget	1	340830
1363.544	n/a	NonTarget	1	340886
1363.772	n/a	NonTarget	1	340943
1363.996	n/a	NonTarget	1	340999
1364.22	n/a	NonTarget	1	341055
1364.444	n/a	NonTarget	1	341111
1364.672	n/a	NonTarget	1	341168
1364.896	n/a	NonTarget	1	341224
1365.12	n/a	NonTarget	1	341280
1365.348	n/a	NonTarget	1	341337
1365.572	n/a	NonTarget	1	341393
1365.8	n/a	NonTarget	1	341450
1366.024	n/a	Target	2	341506
1366.248	n/a	NonTarget	1	341562
1366.476	n/a	NonTarget	1	341619
1366.7	n/a	NonTarget	1	341675
1366.924	n/a	NonTarget	1	341731
1367.148	n/a	Target	2	341787
1367.376	n/a	NonTarget	1	341844
1367.6	n/a	NonTarget	1	341900
1367.828	n/a	NonTarget	1	341957
1368.052	n/a	NonTarget	1	342013
1368.276	n/a	NonTarget	1	342069
1368.504	n/a	Target	2	342126
1368.728	n/a	NonTarget	1	342182
1368.952	n/a	NonTarget	1	342238
1369.18	n/a	NonTarget	1	342295
1369.404	n/a	NonTarget	1	342351
1369.628	n/a	NonTarget	1	342407
1369.852	n/a	NonTarget	1	342463
1370.08	n/a	NonTarget	1	342520
1383.628	n/a	Target	2	345907
1383.852	n/a	NonTarget	1	345963
1384.08	n/a	NonTarget	1	346020
1384.304	n/a	NonTarget	1	346076
1384.528	n/a	NonTarget	1	346132
1384.756	n/a	NonTarget	1	346189
1384.98	n/a	NonTarget	1	346245
1385.208	n/a	NonTarget	1	346302
1385.432	n/a	NonTarget	1	346358
1385.656	n/a	Target	2	346414
1385.884	n/a	NonTarget	1	346471
1386.108	n/a	NonTarget	1	346527
1386.336	n/a	NonTarget	1	346584
1386.56	n/a	NonTarget	1	346640
1386.784	n/a	NonTarget	1	346696
1387.012	n/a	NonTarget	1	346753
1387.236	n/a	NonTarget	1	346809
1387.464	n/a	NonTarget	1	346866
1387.688	n/a	NonTarget	1	346922
1387.912	n/a	NonTarget	1	346978
1388.14	n/a	NonTarget	1	347035
1388.364	n/a	NonTarget	1	347091
1388.592	n/a	NonTarget	1	347148
1388.816	n/a	NonTarget	1	347204
1389.04	n/a	Target	2	347260
1389.264	n/a	NonTarget	1	347316
1389.492	n/a	NonTarget	1	347373
1389.716	n/a	NonTarget	1	347429
1389.94	n/a	NonTarget	1	347485
1390.168	n/a	NonTarget	1	347542
1390.392	n/a	NonTarget	1	347598
1390.62	n/a	NonTarget	1	347655
1390.844	n/a	NonTarget	1	347711
1391.068	n/a	NonTarget	1	347767
1391.296	n/a	NonTarget	1	347824
1391.52	n/a	Target	2	347880
1391.748	n/a	NonTarget	1	347937
1391.972	n/a	NonTarget	1	347993
1392.196	n/a	NonTarget	1	348049
1392.424	n/a	NonTarget	1	348106
1392.648	n/a	NonTarget	1	348162
1392.872	n/a	NonTarget	1	348218
1393.1	n/a	NonTarget	1	348275
1393.324	n/a	Target	2	348331
1393.548	n/a	NonTarget	1	348387
1393.776	n/a	NonTarget	1	348444
1394.0	n/a	NonTarget	1	348500
1394.224	n/a	NonTarget	1	348556
1394.452	n/a	NonTarget	1	348613
1394.676	n/a	NonTarget	1	348669
1394.9	n/a	NonTarget	1	348725
1395.128	n/a	Target	2	348782
1395.352	n/a	NonTarget	1	348838
1395.58	n/a	NonTarget	1	348895
1395.804	n/a	NonTarget	1	348951
1396.028	n/a	NonTarget	1	349007
1396.252	n/a	NonTarget	1	349063
1396.48	n/a	NonTarget	1	349120
1396.704	n/a	NonTarget	1	349176
1396.928	n/a	Target	2	349232
1397.156	n/a	NonTarget	1	349289
1397.38	n/a	NonTarget	1	349345
1397.608	n/a	NonTarget	1	349402
1397.832	n/a	NonTarget	1	349458
1398.06	n/a	NonTarget	1	349515
1398.284	n/a	Target	2	349571
1398.508	n/a	NonTarget	1	349627
1398.736	n/a	NonTarget	1	349684
1398.96	n/a	NonTarget	1	349740
1399.184	n/a	NonTarget	1	349796
1399.412	n/a	NonTarget	1	349853
1399.636	n/a	NonTarget	1	349909
1399.86	n/a	NonTarget	1	349965
1400.084	n/a	NonTarget	1	350021
1400.312	n/a	NonTarget	1	350078
1400.536	n/a	NonTarget	1	350134
1400.764	n/a	Target	2	350191
1400.988	n/a	NonTarget	1	350247
1401.212	n/a	NonTarget	1	350303
1401.44	n/a	NonTarget	1	350360
1401.664	n/a	NonTarget	1	350416
1401.888	n/a	NonTarget	1	350472
1402.116	n/a	NonTarget	1	350529
1402.34	n/a	NonTarget	1	350585
1402.564	n/a	NonTarget	1	350641
1402.792	n/a	NonTarget	1	350698
1403.016	n/a	NonTarget	1	350754
1403.244	n/a	NonTarget	1	350811
1403.468	n/a	NonTarget	1	350867
1403.692	n/a	Target	2	350923
1403.92	n/a	NonTarget	1	350980
1404.144	n/a	NonTarget	1	351036
1404.372	n/a	NonTarget	1	351093
1404.596	n/a	NonTarget	1	351149
1404.82	n/a	NonTarget	1	351205
1405.044	n/a	NonTarget	1	351261
1405.272	n/a	Target	2	351318
1405.496	n/a	NonTarget	1	351374
1405.72	n/a	NonTarget	1	351430
1405.944	n/a	NonTarget	1	351486
1406.172	n/a	NonTarget	1	351543
1406.396	n/a	Target	2	351599
1406.624	n/a	NonTarget	1	351656
1406.848	n/a	NonTarget	1	351712
1407.072	n/a	NonTarget	1	351768
1407.296	n/a	NonTarget	1	351824
1407.52	n/a	NonTarget	1	351880
1407.748	n/a	NonTarget	1	351937
1407.972	n/a	NonTarget	1	351993
1408.2	n/a	NonTarget	1	352050
1408.424	n/a	NonTarget	1	352106
1408.648	n/a	NonTarget	1	352162
1408.876	n/a	NonTarget	1	352219
1409.1	n/a	NonTarget	1	352275
1409.328	n/a	NonTarget	1	352332
1409.552	n/a	NonTarget	1	352388
1409.776	n/a	Target	2	352444
1410.004	n/a	NonTarget	1	352501
1410.228	n/a	NonTarget	1	352557
1410.456	n/a	NonTarget	1	352614
1410.68	n/a	NonTarget	1	352670
1410.904	n/a	NonTarget	1	352726
1411.132	n/a	NonTarget	1	352783
1411.356	n/a	NonTarget	1	352839
1411.584	n/a	Target	2	352896
1411.808	n/a	NonTarget	1	352952
1412.032	n/a	NonTarget	1	353008
1412.256	n/a	NonTarget	1	353064
1412.48	n/a	NonTarget	1	353120
1412.708	n/a	NonTarget	1	353177
1412.932	n/a	NonTarget	1	353233
1413.16	n/a	Target	2	353290
1413.384	n/a	NonTarget	1	353346
1413.608	n/a	NonTarget	1	353402
1436.484	n/a	Target	2	359121
1436.708	n/a	NonTarget	1	359177
1436.932	n/a	NonTarget	1	359233
1437.16	n/a	NonTarget	1	359290
1437.384	n/a	NonTarget	1	359346
1437.608	n/a	NonTarget	1	359402
1437.836	n/a	NonTarget	1	359459
1438.06	n/a	NonTarget	1	359515
1438.284	n/a	NonTarget	1	359571
1438.512	n/a	NonTarget	1	359628
1438.736	n/a	NonTarget	1	359684
1438.96	n/a	NonTarget	1	359740
1439.188	n/a	NonTarget	1	359797
1439.412	n/a	NonTarget	1	359853
1439.64	n/a	NonTarget	1	359910
1439.864	n/a	NonTarget	1	359966
1440.088	n/a	NonTarget	1	360022
1440.316	n/a	Target	2	360079
1440.54	n/a	NonTarget	1	360135
1440.768	n/a	NonTarget	1	360192
1440.992	n/a	NonTarget	1	360248
1441.216	n/a	NonTarget	1	360304
1441.444	n/a	NonTarget	1	360361
1441.668	n/a	Target	2	360417
1441.892	n/a	NonTarget	1	360473
1442.12	n/a	NonTarget	1	360530
1442.344	n/a	NonTarget	1	360586
1442.568	n/a	NonTarget	1	360642
1442.796	n/a	NonTarget	1	360699
1443.02	n/a	NonTarget	1	360755
1443.244	n/a	Target	2	360811
1443.468	n/a	NonTarget	1	360867
1443.692	n/a	NonTarget	1	360923
1443.92	n/a	NonTarget	1	360980
1444.148	n/a	NonTarget	1	361037
1444.372	n/a	NonTarget	1	361093
1444.596	n/a	NonTarget	1	361149
1444.824	n/a	NonTarget	1	361206
1445.048	n/a	NonTarget	1	361262
1445.272	n/a	NonTarget	1	361318
1445.5	n/a	NonTarget	1	361375
1445.724	n/a	NonTarget	1	361431
1445.952	n/a	NonTarget	1	361488
1446.176	n/a	NonTarget	1	361544
1446.4	n/a	Target	2	361600
1446.628	n/a	NonTarget	1	361657
1446.852	n/a	NonTarget	1	361713
1447.076	n/a	NonTarget	1	361769
1447.304	n/a	Target	2	361826
1447.528	n/a	NonTarget	1	361882
1447.756	n/a	NonTarget	1	361939
1447.98	n/a	NonTarget	1	361995
1448.204	n/a	NonTarget	1	362051
1448.428	n/a	NonTarget	1	362107
1448.656	n/a	NonTarget	1	362164
1448.88	n/a	NonTarget	1	362220
1449.104	n/a	Target	2	362276
1449.332	n/a	NonTarget	1	362333
1449.556	n/a	NonTarget	1	362389
1449.784	n/a	NonTarget	1	362446
1450.008	n/a	NonTarget	1	362502
1450.232	n/a	NonTarget	1	362558
1450.46	n/a	NonTarget	1	362615
1450.684	n/a	NonTarget	1	362671
1450.912	n/a	NonTarget	1	362728
1451.136	n/a	NonTarget	1	362784
1451.364	n/a	NonTarget	1	362841
1451.588	n/a	Target	2	362897
1451.812	n/a	NonTarget	1	362953
1452.04	n/a	NonTarget	1	363010
1452.264	n/a	NonTarget	1	363066
1452.492	n/a	NonTarget	1	363123
1452.716	n/a	NonTarget	1	363179
1452.94	n/a	NonTarget	1	363235
1453.168	n/a	NonTarget	1	363292
1453.392	n/a	NonTarget	1	363348
1453.616	n/a	NonTarget	1	363404
1453.84	n/a	Target	2	363460
1454.068	n/a	NonTarget	1	363517
1454.292	n/a	NonTarget	1	363573
1454.516	n/a	NonTarget	1	363629
1454.744	n/a	NonTarget	1	363686
1454.968	n/a	NonTarget	1	363742
1455.192	n/a	NonTarget	1	363798
1455.42	n/a	NonTarget	1	363855
1455.644	n/a	NonTarget	1	363911
1455.872	n/a	NonTarget	1	363968
1456.096	n/a	Target	2	364024
1456.32	n/a	NonTarget	1	364080
1456.544	n/a	NonTarget	1	364136
1456.772	n/a	NonTarget	1	364193
1456.996	n/a	Target	2	364249
1457.224	n/a	NonTarget	1	364306
1457.448	n/a	NonTarget	1	364362
1457.672	n/a	NonTarget	1	364418
1457.9	n/a	NonTarget	1	364475
1458.128	n/a	NonTarget	1	364532
1458.352	n/a	NonTarget	1	364588
1458.58	n/a	NonTarget	1	364645
1458.804	n/a	NonTarget	1	364701
1459.028	n/a	NonTarget	1	364757
1459.252	n/a	NonTarget	1	364813
1459.48	n/a	NonTarget	1	364870
1459.704	n/a	NonTarget	1	364926
1459.928	n/a	NonTarget	1	364982
1460.156	n/a	Target	2	365039
1460.38	n/a	NonTarget	1	365095
1460.604	n/a	NonTarget	1	365151
1460.832	n/a	NonTarget	1	365208
1461.056	n/a	NonTarget	1	365264
1461.28	n/a	Target	2	365320
1461.504	n/a	NonTarget	1	365376
1461.732	n/a	NonTarget	1	365433
1461.956	n/a	NonTarget	1	365489
1462.184	n/a	NonTarget	1	365546
1462.408	n/a	NonTarget	1	365602
1462.632	n/a	NonTarget	1	365658
1462.86	n/a	NonTarget	1	365715
1463.084	n/a	NonTarget	1	365771
1463.312	n/a	NonTarget	1	365828
1463.536	n/a	Target	2	365884
1463.76	n/a	NonTarget	1	365940
1463.984	n/a	NonTarget	1	365996
1464.212	n/a	NonTarget	1	366053
1464.436	n/a	NonTarget	1	366109
1464.664	n/a	NonTarget	1	366166
1464.888	n/a	NonTarget	1	366222
1465.112	n/a	NonTarget	1	366278
1465.34	n/a	NonTarget	1	366335
1465.564	n/a	NonTarget	1	366391
1465.792	n/a	NonTarget	1	366448
1466.016	n/a	NonTarget	1	366504
1466.24	n/a	Target	2	366560
1466.464	n/a	NonTarget	1	366616
1466.688	n/a	NonTarget	1	366672
1478.728	n/a	NonTarget	1	369682
1478.952	n/a	Target	2	369738
1479.176	n/a	NonTarget	1	369794
1479.404	n/a	NonTarget	1	369851
1479.628	n/a	NonTarget	1	369907
1479.852	n/a	NonTarget	1	369963
1480.08	n/a	NonTarget	1	370020
1480.304	n/a	NonTarget	1	370076
1480.532	n/a	NonTarget	1	370133
1480.756	n/a	NonTarget	1	370189
1480.98	n/a	NonTarget	1	370245
1481.204	n/a	Target	2	370301
1481.432	n/a	NonTarget	1	370358
1481.656	n/a	NonTarget	1	370414
1481.88	n/a	NonTarget	1	370470
1482.108	n/a	NonTarget	1	370527
1482.332	n/a	NonTarget	1	370583
1482.556	n/a	NonTarget	1	370639
1482.784	n/a	NonTarget	1	370696
1483.008	n/a	NonTarget	1	370752
1483.232	n/a	NonTarget	1	370808
1483.46	n/a	NonTarget	1	370865
1483.684	n/a	Target	2	370921
1483.912	n/a	NonTarget	1	370978
1484.136	n/a	NonTarget	1	371034
1484.364	n/a	NonTarget	1	371091
1484.588	n/a	NonTarget	1	371147
1484.812	n/a	Target	2	371203
1485.04	n/a	NonTarget	1	371260
1485.264	n/a	NonTarget	1	371316
1485.492	n/a	NonTarget	1	371373
1485.716	n/a	NonTarget	1	371429
1485.94	n/a	NonTarget	1	371485
1486.164	n/a	NonTarget	1	371541
1486.392	n/a	NonTarget	1	371598
1486.616	n/a	NonTarget	1	371654
1486.84	n/a	NonTarget	1	371710
1487.064	n/a	NonTarget	1	371766
1487.292	n/a	NonTarget	1	371823
1487.516	n/a	NonTarget	1	371879
1487.74	n/a	NonTarget	1	371935
1487.968	n/a	NonTarget	1	371992
1488.192	n/a	NonTarget	1	372048
1488.416	n/a	Target	2	372104
1488.64	n/a	NonTarget	1	372160
1488.868	n/a	NonTarget	1	372217
1489.092	n/a	Target	2	372273
1489.32	n/a	NonTarget	1	372330
1489.544	n/a	NonTarget	1	372386
1489.768	n/a	NonTarget	1	372442
1489.996	n/a	NonTarget	1	372499
1490.22	n/a	NonTarget	1	372555
1490.444	n/a	NonTarget	1	372611
1490.672	n/a	NonTarget	1	372668
1490.896	n/a	NonTarget	1	372724
1491.12	n/a	NonTarget	1	372780
1491.348	n/a	Target	2	372837
1491.572	n/a	NonTarget	1	372893
1491.796	n/a	NonTarget	1	372949
1492.02	n/a	NonTarget	1	373005
1492.248	n/a	NonTarget	1	373062
1492.472	n/a	NonTarget	1	373118
1492.7	n/a	NonTarget	1	373175
1492.924	n/a	NonTarget	1	373231
1493.148	n/a	Target	2	373287
1493.372	n/a	NonTarget	1	373343
1493.596	n/a	NonTarget	1	373399
1493.824	n/a	NonTarget	1	373456
1494.048	n/a	NonTarget	1	373512
1494.276	n/a	NonTarget	1	373569
1494.5	n/a	NonTarget	1	373625
1494.724	n/a	NonTarget	1	373681
1494.952	n/a	NonTarget	1	373738
1495.176	n/a	Target	2	373794
1495.404	n/a	NonTarget	1	373851
1495.628	n/a	NonTarget	1	373907
1495.852	n/a	NonTarget	1	373963
1496.08	n/a	NonTarget	1	374020
1496.304	n/a	NonTarget	1	374076
1496.532	n/a	NonTarget	1	374133
1496.756	n/a	NonTarget	1	374189
1496.98	n/a	NonTarget	1	374245
1497.204	n/a	Target	2	374301
1497.432	n/a	NonTarget	1	374358
1497.66	n/a	NonTarget	1	374415
1497.884	n/a	NonTarget	1	374471
1498.108	n/a	NonTarget	1	374527
1498.332	n/a	NonTarget	1	374583
1498.556	n/a	NonTarget	1	374639
1498.784	n/a	NonTarget	1	374696
1499.008	n/a	NonTarget	1	374752
1499.232	n/a	NonTarget	1	374808
1499.46	n/a	Target	2	374865
1499.684	n/a	NonTarget	1	374921
1499.908	n/a	NonTarget	1	374977
1500.136	n/a	NonTarget	1	375034
1500.36	n/a	NonTarget	1	375090
1500.584	n/a	NonTarget	1	375146
1500.808	n/a	NonTarget	1	375202
1501.036	n/a	NonTarget	1	375259
1501.26	n/a	NonTarget	1	375315
1501.488	n/a	NonTarget	1	375372
1501.712	n/a	NonTarget	1	375428
1501.936	n/a	NonTarget	1	375484
1502.164	n/a	NonTarget	1	375541
1502.388	n/a	NonTarget	1	375597
1502.616	n/a	NonTarget	1	375654
1502.84	n/a	Target	2	375710
1503.064	n/a	NonTarget	1	375766
1503.292	n/a	NonTarget	1	375823
1503.516	n/a	NonTarget	1	375879
1503.74	n/a	NonTarget	1	375935
1503.968	n/a	NonTarget	1	375992
1504.192	n/a	NonTarget	1	376048
1504.42	n/a	NonTarget	1	376105
1504.644	n/a	Target	2	376161
1504.868	n/a	NonTarget	1	376217
1505.096	n/a	Target	2	376274
1505.32	n/a	NonTarget	1	376330
1505.544	n/a	NonTarget	1	376386
1505.768	n/a	NonTarget	1	376442
1505.996	n/a	NonTarget	1	376499
1506.22	n/a	NonTarget	1	376555
1506.444	n/a	NonTarget	1	376611
1506.672	n/a	NonTarget	1	376668
1506.896	n/a	NonTarget	1	376724
1507.124	n/a	NonTarget	1	376781
1507.348	n/a	NonTarget	1	376837
1507.572	n/a	Target	2	376893
1507.8	n/a	NonTarget	1	376950
1508.024	n/a	NonTarget	1	377006
1508.248	n/a	NonTarget	1	377062
1508.476	n/a	NonTarget	1	377119
1508.7	n/a	NonTarget	1	377175
