onset	duration	trial_type	value	sample
6.924	n/a	NonTarget	1	1731
7.152	n/a	Target	2	1788
7.376	n/a	NonTarget	1	1844
7.604	n/a	NonTarget	1	1901
7.828	n/a	NonTarget	1	1957
8.052	n/a	NonTarget	1	2013
8.28	n/a	NonTarget	1	2070
8.504	n/a	NonTarget	1	2126
8.732	n/a	NonTarget	1	2183
8.956	n/a	NonTarget	1	2239
9.18	n/a	NonTarget	1	2295
9.408	n/a	NonTarget	1	2352
9.632	n/a	NonTarget	1	2408
9.86	n/a	NonTarget	1	2465
10.084	n/a	NonTarget	1	2521
10.312	n/a	NonTarget	1	2578
10.536	n/a	Target	2	2634
10.76	n/a	NonTarget	1	2690
10.988	n/a	NonTarget	1	2747
11.212	n/a	NonTarget	1	2803
11.436	n/a	NonTarget	1	2859
11.664	n/a	NonTarget	1	2916
11.888	n/a	NonTarget	1	2972
12.112	n/a	Target	2	3028
12.336	n/a	NonTarget	1	3084
12.564	n/a	NonTarget	1	3141
12.788	n/a	NonTarget	1	3197
13.016	n/a	NonTarget	1	3254
13.24	n/a	NonTarget	1	3310
13.464	n/a	NonTarget	1	3366
13.692	n/a	NonTarget	1	3423
13.916	n/a	NonTarget	1	3479
14.144	n/a	NonTarget	1	3536
14.368	n/a	Target	2	3592
14.592	n/a	NonTarget	1	3648
14.82	n/a	NonTarget	1	3705
15.044	n/a	NonTarget	1	3761
15.268	n/a	NonTarget	1	3817
15.496	n/a	NonTarget	1	3874
15.72	n/a	Target	2	3930
15.948	n/a	NonTarget	1	3987
16.172	n/a	NonTarget	1	4043
16.396	n/a	NonTarget	1	4099
16.62	n/a	NonTarget	1	4155
16.848	n/a	NonTarget	1	4212
17.072	n/a	NonTarget	1	4268
17.296	n/a	NonTarget	1	4324
17.524	n/a	NonTarget	1	4381
17.748	n/a	NonTarget	1	4437
17.972	n/a	Target	2	4493
18.2	n/a	NonTarget	1	4550
18.424	n/a	NonTarget	1	4606
18.652	n/a	NonTarget	1	4663
18.876	n/a	NonTarget	1	4719
19.1	n/a	NonTarget	1	4775
19.324	n/a	NonTarget	1	4831
19.552	n/a	Target	2	4888
19.776	n/a	NonTarget	1	4944
20.0	n/a	NonTarget	1	5000
20.228	n/a	NonTarget	1	5057
20.452	n/a	NonTarget	1	5113
20.676	n/a	NonTarget	1	5169
20.904	n/a	NonTarget	1	5226
21.128	n/a	NonTarget	1	5282
21.356	n/a	NonTarget	1	5339
21.58	n/a	NonTarget	1	5395
21.804	n/a	NonTarget	1	5451
22.028	n/a	NonTarget	1	5507
22.256	n/a	NonTarget	1	5564
22.48	n/a	Target	2	5620
22.708	n/a	NonTarget	1	5677
22.932	n/a	NonTarget	1	5733
23.16	n/a	NonTarget	1	5790
23.384	n/a	NonTarget	1	5846
23.612	n/a	NonTarget	1	5903
23.836	n/a	NonTarget	1	5959
24.064	n/a	Target	2	6016
24.288	n/a	NonTarget	1	6072
24.512	n/a	NonTarget	1	6128
24.736	n/a	NonTarget	1	6184
24.964	n/a	NonTarget	1	6241
25.188	n/a	NonTarget	1	6297
25.412	n/a	NonTarget	1	6353
25.64	n/a	NonTarget	1	6410
25.864	n/a	NonTarget	1	6466
26.088	n/a	NonTarget	1	6522
26.316	n/a	Target	2	6579
26.54	n/a	NonTarget	1	6635
26.768	n/a	NonTarget	1	6692
26.992	n/a	NonTarget	1	6748
27.216	n/a	NonTarget	1	6804
27.44	n/a	NonTarget	1	6860
27.668	n/a	Target	2	6917
27.892	n/a	NonTarget	1	6973
28.116	n/a	NonTarget	1	7029
28.344	n/a	NonTarget	1	7086
28.568	n/a	NonTarget	1	7142
28.792	n/a	NonTarget	1	7198
29.02	n/a	NonTarget	1	7255
29.244	n/a	NonTarget	1	7311
29.472	n/a	NonTarget	1	7368
29.696	n/a	NonTarget	1	7424
29.92	n/a	NonTarget	1	7480
30.148	n/a	NonTarget	1	7537
30.372	n/a	NonTarget	1	7593
30.596	n/a	NonTarget	1	7649
30.82	n/a	Target	2	7705
31.048	n/a	NonTarget	1	7762
31.272	n/a	NonTarget	1	7818
31.496	n/a	NonTarget	1	7874
31.724	n/a	NonTarget	1	7931
31.948	n/a	NonTarget	1	7987
32.172	n/a	NonTarget	1	8043
32.4	n/a	NonTarget	1	8100
32.624	n/a	Target	2	8156
32.852	n/a	NonTarget	1	8213
33.076	n/a	NonTarget	1	8269
33.3	n/a	NonTarget	1	8325
33.528	n/a	NonTarget	1	8382
33.752	n/a	NonTarget	1	8438
33.98	n/a	NonTarget	1	8495
34.204	n/a	NonTarget	1	8551
34.428	n/a	NonTarget	1	8607
34.656	n/a	Target	2	8664
34.88	n/a	NonTarget	1	8720
35.108	n/a	NonTarget	1	8777
35.332	n/a	NonTarget	1	8833
35.556	n/a	NonTarget	1	8889
35.78	n/a	NonTarget	1	8945
36.004	n/a	NonTarget	1	9001
36.232	n/a	NonTarget	1	9058
36.456	n/a	NonTarget	1	9114
36.684	n/a	Target	2	9171
36.908	n/a	NonTarget	1	9227
37.132	n/a	NonTarget	1	9283
45.928	n/a	NonTarget	1	11482
46.152	n/a	NonTarget	1	11538
46.376	n/a	NonTarget	1	11594
46.604	n/a	NonTarget	1	11651
46.828	n/a	NonTarget	1	11707
47.056	n/a	NonTarget	1	11764
47.28	n/a	Target	2	11820
47.504	n/a	NonTarget	1	11876
47.732	n/a	NonTarget	1	11933
47.956	n/a	NonTarget	1	11989
48.184	n/a	NonTarget	1	12046
48.408	n/a	NonTarget	1	12102
48.636	n/a	Target	2	12159
48.86	n/a	NonTarget	1	12215
49.084	n/a	NonTarget	1	12271
49.312	n/a	NonTarget	1	12328
49.536	n/a	NonTarget	1	12384
49.76	n/a	NonTarget	1	12440
49.984	n/a	NonTarget	1	12496
50.208	n/a	NonTarget	1	12552
50.436	n/a	NonTarget	1	12609
50.664	n/a	NonTarget	1	12666
50.888	n/a	NonTarget	1	12722
51.112	n/a	NonTarget	1	12778
51.336	n/a	NonTarget	1	12834
51.564	n/a	Target	2	12891
51.788	n/a	NonTarget	1	12947
52.016	n/a	NonTarget	1	13004
52.24	n/a	NonTarget	1	13060
52.464	n/a	NonTarget	1	13116
52.688	n/a	NonTarget	1	13172
52.912	n/a	NonTarget	1	13228
53.14	n/a	NonTarget	1	13285
53.364	n/a	NonTarget	1	13341
53.588	n/a	NonTarget	1	13397
53.816	n/a	Target	2	13454
54.04	n/a	NonTarget	1	13510
54.268	n/a	NonTarget	1	13567
54.492	n/a	NonTarget	1	13623
54.716	n/a	NonTarget	1	13679
54.94	n/a	NonTarget	1	13735
55.164	n/a	NonTarget	1	13791
55.392	n/a	NonTarget	1	13848
55.616	n/a	NonTarget	1	13904
55.844	n/a	Target	2	13961
56.072	n/a	NonTarget	1	14018
56.296	n/a	NonTarget	1	14074
56.52	n/a	NonTarget	1	14130
56.744	n/a	NonTarget	1	14186
56.972	n/a	NonTarget	1	14243
57.196	n/a	NonTarget	1	14299
57.42	n/a	NonTarget	1	14355
57.648	n/a	NonTarget	1	14412
57.872	n/a	Target	2	14468
58.1	n/a	NonTarget	1	14525
58.324	n/a	NonTarget	1	14581
58.548	n/a	NonTarget	1	14637
58.772	n/a	NonTarget	1	14693
58.996	n/a	NonTarget	1	14749
59.224	n/a	NonTarget	1	14806
59.448	n/a	NonTarget	1	14862
59.676	n/a	Target	2	14919
59.9	n/a	NonTarget	1	14975
60.124	n/a	NonTarget	1	15031
60.352	n/a	NonTarget	1	15088
60.576	n/a	NonTarget	1	15144
60.8	n/a	NonTarget	1	15200
61.024	n/a	Target	2	15256
61.248	n/a	NonTarget	1	15312
61.476	n/a	NonTarget	1	15369
61.7	n/a	NonTarget	1	15425
61.928	n/a	NonTarget	1	15482
62.152	n/a	NonTarget	1	15538
62.376	n/a	NonTarget	1	15594
62.604	n/a	NonTarget	1	15651
62.828	n/a	Target	2	15707
63.056	n/a	NonTarget	1	15764
63.28	n/a	NonTarget	1	15820
63.504	n/a	NonTarget	1	15876
63.732	n/a	NonTarget	1	15933
63.956	n/a	NonTarget	1	15989
64.18	n/a	NonTarget	1	16045
64.408	n/a	NonTarget	1	16102
64.632	n/a	NonTarget	1	16158
64.856	n/a	NonTarget	1	16214
65.08	n/a	NonTarget	1	16270
65.308	n/a	NonTarget	1	16327
65.532	n/a	NonTarget	1	16383
65.76	n/a	NonTarget	1	16440
65.984	n/a	Target	2	16496
66.208	n/a	NonTarget	1	16552
66.436	n/a	NonTarget	1	16609
66.66	n/a	NonTarget	1	16665
66.884	n/a	NonTarget	1	16721
67.112	n/a	NonTarget	1	16778
67.336	n/a	NonTarget	1	16834
67.56	n/a	NonTarget	1	16890
67.788	n/a	NonTarget	1	16947
68.012	n/a	Target	2	17003
68.24	n/a	NonTarget	1	17060
68.464	n/a	NonTarget	1	17116
68.688	n/a	NonTarget	1	17172
68.912	n/a	NonTarget	1	17228
69.14	n/a	NonTarget	1	17285
69.364	n/a	NonTarget	1	17341
69.588	n/a	NonTarget	1	17397
69.816	n/a	NonTarget	1	17454
70.04	n/a	Target	2	17510
70.264	n/a	NonTarget	1	17566
70.492	n/a	NonTarget	1	17623
70.716	n/a	NonTarget	1	17679
70.94	n/a	NonTarget	1	17735
71.164	n/a	NonTarget	1	17791
71.392	n/a	NonTarget	1	17848
71.616	n/a	NonTarget	1	17904
71.844	n/a	NonTarget	1	17961
72.068	n/a	Target	2	18017
72.292	n/a	NonTarget	1	18073
72.52	n/a	NonTarget	1	18130
72.744	n/a	NonTarget	1	18186
72.972	n/a	NonTarget	1	18243
73.196	n/a	NonTarget	1	18299
73.42	n/a	NonTarget	1	18355
73.652	n/a	NonTarget	1	18413
73.872	n/a	Target	2	18468
74.1	n/a	NonTarget	1	18525
74.324	n/a	NonTarget	1	18581
74.552	n/a	NonTarget	1	18638
74.776	n/a	NonTarget	1	18694
75.0	n/a	NonTarget	1	18750
75.228	n/a	NonTarget	1	18807
75.452	n/a	NonTarget	1	18863
75.68	n/a	NonTarget	1	18920
75.904	n/a	Target	2	18976
76.128	n/a	NonTarget	1	19032
91.8	n/a	NonTarget	1	22950
92.028	n/a	NonTarget	1	23007
92.252	n/a	NonTarget	1	23063
92.476	n/a	NonTarget	1	23119
92.704	n/a	NonTarget	1	23176
92.928	n/a	NonTarget	1	23232
93.152	n/a	NonTarget	1	23288
93.376	n/a	NonTarget	1	23344
93.604	n/a	Target	2	23401
93.828	n/a	NonTarget	1	23457
94.052	n/a	NonTarget	1	23513
94.276	n/a	NonTarget	1	23569
94.5	n/a	NonTarget	1	23625
94.728	n/a	NonTarget	1	23682
94.952	n/a	NonTarget	1	23738
95.18	n/a	Target	2	23795
95.404	n/a	NonTarget	1	23851
95.628	n/a	NonTarget	1	23907
95.856	n/a	NonTarget	1	23964
96.08	n/a	NonTarget	1	24020
96.304	n/a	NonTarget	1	24076
96.528	n/a	NonTarget	1	24132
96.756	n/a	NonTarget	1	24189
96.98	n/a	NonTarget	1	24245
97.204	n/a	NonTarget	1	24301
97.432	n/a	NonTarget	1	24358
97.656	n/a	Target	2	24414
97.88	n/a	NonTarget	1	24470
98.108	n/a	NonTarget	1	24527
98.332	n/a	NonTarget	1	24583
98.556	n/a	NonTarget	1	24639
98.784	n/a	NonTarget	1	24696
99.008	n/a	Target	2	24752
99.232	n/a	NonTarget	1	24808
99.456	n/a	NonTarget	1	24864
99.684	n/a	NonTarget	1	24921
99.908	n/a	NonTarget	1	24977
100.136	n/a	NonTarget	1	25034
100.36	n/a	NonTarget	1	25090
100.584	n/a	NonTarget	1	25146
100.812	n/a	NonTarget	1	25203
101.036	n/a	NonTarget	1	25259
101.26	n/a	NonTarget	1	25315
101.488	n/a	Target	2	25372
101.712	n/a	NonTarget	1	25428
101.936	n/a	NonTarget	1	25484
102.164	n/a	NonTarget	1	25541
102.388	n/a	NonTarget	1	25597
102.612	n/a	NonTarget	1	25653
102.84	n/a	NonTarget	1	25710
103.064	n/a	NonTarget	1	25766
103.288	n/a	Target	2	25822
103.516	n/a	NonTarget	1	25879
103.74	n/a	NonTarget	1	25935
103.968	n/a	NonTarget	1	25992
104.192	n/a	NonTarget	1	26048
104.416	n/a	NonTarget	1	26104
104.644	n/a	NonTarget	1	26161
104.868	n/a	NonTarget	1	26217
105.096	n/a	NonTarget	1	26274
105.32	n/a	NonTarget	1	26330
105.544	n/a	NonTarget	1	26386
105.768	n/a	Target	2	26442
105.996	n/a	NonTarget	1	26499
106.22	n/a	NonTarget	1	26555
106.448	n/a	NonTarget	1	26612
106.672	n/a	NonTarget	1	26668
106.896	n/a	NonTarget	1	26724
107.12	n/a	NonTarget	1	26780
107.348	n/a	NonTarget	1	26837
107.572	n/a	NonTarget	1	26893
107.8	n/a	Target	2	26950
108.024	n/a	NonTarget	1	27006
108.248	n/a	NonTarget	1	27062
108.476	n/a	NonTarget	1	27119
108.7	n/a	NonTarget	1	27175
108.928	n/a	Target	2	27232
109.152	n/a	NonTarget	1	27288
109.376	n/a	NonTarget	1	27344
109.604	n/a	NonTarget	1	27401
109.828	n/a	NonTarget	1	27457
110.056	n/a	NonTarget	1	27514
110.28	n/a	NonTarget	1	27570
110.504	n/a	NonTarget	1	27626
110.732	n/a	NonTarget	1	27683
110.956	n/a	NonTarget	1	27739
111.184	n/a	NonTarget	1	27796
111.408	n/a	NonTarget	1	27852
111.636	n/a	NonTarget	1	27909
111.86	n/a	Target	2	27965
112.084	n/a	NonTarget	1	28021
112.312	n/a	NonTarget	1	28078
112.536	n/a	NonTarget	1	28134
112.764	n/a	NonTarget	1	28191
112.988	n/a	Target	2	28247
113.212	n/a	NonTarget	1	28303
113.436	n/a	NonTarget	1	28359
113.66	n/a	NonTarget	1	28415
113.888	n/a	NonTarget	1	28472
114.112	n/a	NonTarget	1	28528
114.34	n/a	NonTarget	1	28585
114.564	n/a	NonTarget	1	28641
114.788	n/a	NonTarget	1	28697
115.016	n/a	NonTarget	1	28754
115.24	n/a	NonTarget	1	28810
115.468	n/a	NonTarget	1	28867
115.692	n/a	NonTarget	1	28923
115.916	n/a	Target	2	28979
116.144	n/a	NonTarget	1	29036
116.368	n/a	NonTarget	1	29092
116.596	n/a	NonTarget	1	29149
116.82	n/a	NonTarget	1	29205
117.048	n/a	NonTarget	1	29262
117.272	n/a	NonTarget	1	29318
117.496	n/a	NonTarget	1	29374
117.724	n/a	Target	2	29431
117.948	n/a	NonTarget	1	29487
118.172	n/a	NonTarget	1	29543
118.4	n/a	NonTarget	1	29600
118.624	n/a	NonTarget	1	29656
118.852	n/a	NonTarget	1	29713
119.076	n/a	Target	2	29769
119.3	n/a	NonTarget	1	29825
119.524	n/a	NonTarget	1	29881
119.752	n/a	NonTarget	1	29938
119.976	n/a	NonTarget	1	29994
120.2	n/a	NonTarget	1	30050
120.428	n/a	NonTarget	1	30107
120.652	n/a	Target	2	30163
120.876	n/a	NonTarget	1	30219
121.104	n/a	NonTarget	1	30276
121.328	n/a	NonTarget	1	30332
121.556	n/a	NonTarget	1	30389
121.78	n/a	NonTarget	1	30445
130.776	n/a	Target	2	32694
131.0	n/a	NonTarget	1	32750
131.228	n/a	NonTarget	1	32807
131.452	n/a	NonTarget	1	32863
131.68	n/a	NonTarget	1	32920
131.904	n/a	NonTarget	1	32976
132.132	n/a	NonTarget	1	33033
132.356	n/a	NonTarget	1	33089
132.58	n/a	NonTarget	1	33145
132.808	n/a	Target	2	33202
133.032	n/a	NonTarget	1	33258
133.26	n/a	NonTarget	1	33315
133.484	n/a	NonTarget	1	33371
133.708	n/a	NonTarget	1	33427
133.936	n/a	NonTarget	1	33484
134.16	n/a	NonTarget	1	33540
134.384	n/a	NonTarget	1	33596
134.612	n/a	NonTarget	1	33653
134.836	n/a	Target	2	33709
135.064	n/a	NonTarget	1	33766
135.288	n/a	NonTarget	1	33822
135.512	n/a	NonTarget	1	33878
135.736	n/a	NonTarget	1	33934
135.964	n/a	NonTarget	1	33991
136.188	n/a	NonTarget	1	34047
136.412	n/a	NonTarget	1	34103
136.64	n/a	NonTarget	1	34160
136.864	n/a	NonTarget	1	34216
137.092	n/a	Target	2	34273
137.316	n/a	NonTarget	1	34329
137.54	n/a	NonTarget	1	34385
137.768	n/a	NonTarget	1	34442
137.992	n/a	NonTarget	1	34498
138.22	n/a	NonTarget	1	34555
138.444	n/a	NonTarget	1	34611
138.668	n/a	NonTarget	1	34667
138.896	n/a	NonTarget	1	34724
139.12	n/a	NonTarget	1	34780
139.344	n/a	Target	2	34836
139.568	n/a	NonTarget	1	34892
139.796	n/a	NonTarget	1	34949
140.02	n/a	NonTarget	1	35005
140.244	n/a	NonTarget	1	35061
140.472	n/a	NonTarget	1	35118
140.696	n/a	NonTarget	1	35174
140.92	n/a	Target	2	35230
141.144	n/a	NonTarget	1	35286
141.372	n/a	NonTarget	1	35343
141.596	n/a	NonTarget	1	35399
141.82	n/a	NonTarget	1	35455
142.048	n/a	NonTarget	1	35512
142.272	n/a	NonTarget	1	35568
142.496	n/a	NonTarget	1	35624
142.724	n/a	NonTarget	1	35681
142.948	n/a	NonTarget	1	35737
143.176	n/a	Target	2	35794
143.4	n/a	NonTarget	1	35850
143.624	n/a	NonTarget	1	35906
143.852	n/a	NonTarget	1	35963
144.076	n/a	NonTarget	1	36019
144.304	n/a	NonTarget	1	36076
144.528	n/a	NonTarget	1	36132
144.752	n/a	NonTarget	1	36188
144.976	n/a	Target	2	36244
145.204	n/a	NonTarget	1	36301
145.428	n/a	NonTarget	1	36357
145.652	n/a	NonTarget	1	36413
145.88	n/a	NonTarget	1	36470
146.104	n/a	NonTarget	1	36526
146.328	n/a	NonTarget	1	36582
146.556	n/a	NonTarget	1	36639
146.78	n/a	NonTarget	1	36695
147.004	n/a	NonTarget	1	36751
147.228	n/a	NonTarget	1	36807
147.456	n/a	Target	2	36864
147.68	n/a	NonTarget	1	36920
147.908	n/a	NonTarget	1	36977
148.132	n/a	NonTarget	1	37033
148.356	n/a	NonTarget	1	37089
148.584	n/a	NonTarget	1	37146
148.808	n/a	NonTarget	1	37202
149.036	n/a	NonTarget	1	37259
149.26	n/a	NonTarget	1	37315
149.484	n/a	NonTarget	1	37371
149.712	n/a	Target	2	37428
149.936	n/a	NonTarget	1	37484
150.16	n/a	NonTarget	1	37540
150.388	n/a	NonTarget	1	37597
150.612	n/a	NonTarget	1	37653
150.836	n/a	NonTarget	1	37709
151.064	n/a	NonTarget	1	37766
151.288	n/a	NonTarget	1	37822
151.512	n/a	Target	2	37878
151.74	n/a	NonTarget	1	37935
151.964	n/a	NonTarget	1	37991
152.188	n/a	NonTarget	1	38047
152.412	n/a	NonTarget	1	38103
152.64	n/a	NonTarget	1	38160
152.864	n/a	NonTarget	1	38216
153.092	n/a	NonTarget	1	38273
153.316	n/a	NonTarget	1	38329
153.54	n/a	NonTarget	1	38385
153.768	n/a	Target	2	38442
153.992	n/a	NonTarget	1	38498
154.216	n/a	NonTarget	1	38554
154.444	n/a	NonTarget	1	38611
154.668	n/a	NonTarget	1	38667
154.896	n/a	NonTarget	1	38724
155.12	n/a	NonTarget	1	38780
155.348	n/a	Target	2	38837
155.572	n/a	NonTarget	1	38893
155.796	n/a	NonTarget	1	38949
156.024	n/a	NonTarget	1	39006
156.248	n/a	NonTarget	1	39062
156.476	n/a	NonTarget	1	39119
156.7	n/a	NonTarget	1	39175
156.928	n/a	NonTarget	1	39232
157.152	n/a	NonTarget	1	39288
157.376	n/a	Target	2	39344
157.6	n/a	NonTarget	1	39400
157.824	n/a	NonTarget	1	39456
158.052	n/a	NonTarget	1	39513
158.276	n/a	NonTarget	1	39569
158.5	n/a	NonTarget	1	39625
158.728	n/a	NonTarget	1	39682
158.952	n/a	NonTarget	1	39738
159.18	n/a	NonTarget	1	39795
159.404	n/a	NonTarget	1	39851
159.628	n/a	NonTarget	1	39907
159.852	n/a	NonTarget	1	39963
160.076	n/a	NonTarget	1	40019
160.304	n/a	NonTarget	1	40076
160.528	n/a	NonTarget	1	40132
160.756	n/a	Target	2	40189
160.98	n/a	NonTarget	1	40245
172.4	n/a	Target	2	43100
172.624	n/a	NonTarget	1	43156
172.852	n/a	NonTarget	1	43213
173.076	n/a	NonTarget	1	43269
173.304	n/a	NonTarget	1	43326
173.528	n/a	NonTarget	1	43382
173.752	n/a	NonTarget	1	43438
173.98	n/a	NonTarget	1	43495
174.204	n/a	NonTarget	1	43551
174.432	n/a	NonTarget	1	43608
174.656	n/a	Target	2	43664
174.88	n/a	NonTarget	1	43720
175.108	n/a	NonTarget	1	43777
175.332	n/a	NonTarget	1	43833
175.56	n/a	NonTarget	1	43890
175.784	n/a	NonTarget	1	43946
176.012	n/a	NonTarget	1	44003
176.236	n/a	NonTarget	1	44059
176.46	n/a	Target	2	44115
176.688	n/a	NonTarget	1	44172
176.912	n/a	NonTarget	1	44228
177.14	n/a	NonTarget	1	44285
177.364	n/a	NonTarget	1	44341
177.592	n/a	NonTarget	1	44398
177.816	n/a	NonTarget	1	44454
178.04	n/a	NonTarget	1	44510
178.268	n/a	NonTarget	1	44567
178.492	n/a	NonTarget	1	44623
178.716	n/a	NonTarget	1	44679
178.94	n/a	NonTarget	1	44735
179.168	n/a	NonTarget	1	44792
179.392	n/a	NonTarget	1	44848
179.62	n/a	Target	2	44905
179.844	n/a	NonTarget	1	44961
180.072	n/a	NonTarget	1	45018
180.296	n/a	NonTarget	1	45074
180.52	n/a	NonTarget	1	45130
180.748	n/a	Target	2	45187
180.976	n/a	NonTarget	1	45244
181.2	n/a	NonTarget	1	45300
181.424	n/a	NonTarget	1	45356
181.648	n/a	NonTarget	1	45412
181.876	n/a	NonTarget	1	45469
182.1	n/a	NonTarget	1	45525
182.324	n/a	NonTarget	1	45581
182.552	n/a	NonTarget	1	45638
182.776	n/a	NonTarget	1	45694
183.0	n/a	Target	2	45750
183.224	n/a	NonTarget	1	45806
183.452	n/a	NonTarget	1	45863
183.676	n/a	NonTarget	1	45919
183.9	n/a	NonTarget	1	45975
184.128	n/a	NonTarget	1	46032
184.352	n/a	NonTarget	1	46088
184.576	n/a	NonTarget	1	46144
184.8	n/a	NonTarget	1	46200
185.028	n/a	NonTarget	1	46257
185.252	n/a	NonTarget	1	46313
185.476	n/a	NonTarget	1	46369
185.704	n/a	NonTarget	1	46426
185.928	n/a	Target	2	46482
186.156	n/a	NonTarget	1	46539
186.38	n/a	NonTarget	1	46595
186.604	n/a	NonTarget	1	46651
186.832	n/a	NonTarget	1	46708
187.056	n/a	NonTarget	1	46764
187.28	n/a	NonTarget	1	46820
187.508	n/a	Target	2	46877
187.732	n/a	NonTarget	1	46933
187.956	n/a	NonTarget	1	46989
188.18	n/a	NonTarget	1	47045
188.408	n/a	NonTarget	1	47102
188.632	n/a	NonTarget	1	47158
188.856	n/a	NonTarget	1	47214
189.084	n/a	Target	2	47271
189.308	n/a	NonTarget	1	47327
189.532	n/a	NonTarget	1	47383
189.76	n/a	NonTarget	1	47440
189.988	n/a	NonTarget	1	47497
190.212	n/a	NonTarget	1	47553
190.436	n/a	NonTarget	1	47609
190.66	n/a	Target	2	47665
190.888	n/a	NonTarget	1	47722
191.116	n/a	NonTarget	1	47779
191.34	n/a	NonTarget	1	47835
191.568	n/a	NonTarget	1	47892
191.792	n/a	NonTarget	1	47948
192.016	n/a	NonTarget	1	48004
192.24	n/a	NonTarget	1	48060
192.468	n/a	NonTarget	1	48117
192.692	n/a	NonTarget	1	48173
192.916	n/a	NonTarget	1	48229
193.144	n/a	NonTarget	1	48286
193.368	n/a	NonTarget	1	48342
193.596	n/a	Target	2	48399
193.82	n/a	NonTarget	1	48455
194.048	n/a	NonTarget	1	48512
194.272	n/a	NonTarget	1	48568
194.496	n/a	NonTarget	1	48624
194.724	n/a	NonTarget	1	48681
194.948	n/a	Target	2	48737
195.172	n/a	NonTarget	1	48793
195.396	n/a	NonTarget	1	48849
195.62	n/a	NonTarget	1	48905
195.848	n/a	NonTarget	1	48962
196.072	n/a	NonTarget	1	49018
196.3	n/a	NonTarget	1	49075
196.524	n/a	NonTarget	1	49131
196.752	n/a	NonTarget	1	49188
196.976	n/a	NonTarget	1	49244
197.2	n/a	NonTarget	1	49300
197.428	n/a	NonTarget	1	49357
197.652	n/a	NonTarget	1	49413
197.88	n/a	Target	2	49470
198.104	n/a	NonTarget	1	49526
198.328	n/a	NonTarget	1	49582
198.556	n/a	NonTarget	1	49639
198.78	n/a	NonTarget	1	49695
199.012	n/a	NonTarget	1	49753
199.232	n/a	NonTarget	1	49808
199.456	n/a	NonTarget	1	49864
199.684	n/a	NonTarget	1	49921
199.908	n/a	NonTarget	1	49977
200.136	n/a	Target	2	50034
200.36	n/a	NonTarget	1	50090
200.584	n/a	NonTarget	1	50146
200.808	n/a	Target	2	50202
201.036	n/a	NonTarget	1	50259
201.264	n/a	NonTarget	1	50316
201.488	n/a	NonTarget	1	50372
201.712	n/a	NonTarget	1	50428
201.936	n/a	NonTarget	1	50484
202.164	n/a	NonTarget	1	50541
202.388	n/a	NonTarget	1	50597
202.616	n/a	NonTarget	1	50654
211.412	n/a	NonTarget	1	52853
211.636	n/a	NonTarget	1	52909
211.864	n/a	NonTarget	1	52966
212.088	n/a	NonTarget	1	53022
212.312	n/a	NonTarget	1	53078
212.536	n/a	NonTarget	1	53134
212.764	n/a	NonTarget	1	53191
212.988	n/a	NonTarget	1	53247
213.216	n/a	Target	2	53304
213.44	n/a	NonTarget	1	53360
213.664	n/a	NonTarget	1	53416
213.892	n/a	NonTarget	1	53473
214.116	n/a	NonTarget	1	53529
214.344	n/a	NonTarget	1	53586
214.568	n/a	NonTarget	1	53642
214.792	n/a	NonTarget	1	53698
215.02	n/a	Target	2	53755
215.244	n/a	NonTarget	1	53811
215.472	n/a	NonTarget	1	53868
215.696	n/a	NonTarget	1	53924
215.92	n/a	NonTarget	1	53980
216.148	n/a	NonTarget	1	54037
216.372	n/a	NonTarget	1	54093
216.6	n/a	NonTarget	1	54150
216.824	n/a	NonTarget	1	54206
217.048	n/a	Target	2	54262
217.276	n/a	NonTarget	1	54319
217.5	n/a	NonTarget	1	54375
217.728	n/a	NonTarget	1	54432
217.952	n/a	NonTarget	1	54488
218.176	n/a	NonTarget	1	54544
218.4	n/a	NonTarget	1	54600
218.628	n/a	NonTarget	1	54657
218.852	n/a	Target	2	54713
219.076	n/a	NonTarget	1	54769
219.304	n/a	NonTarget	1	54826
219.528	n/a	NonTarget	1	54882
219.756	n/a	Target	2	54939
219.98	n/a	NonTarget	1	54995
220.204	n/a	NonTarget	1	55051
220.432	n/a	NonTarget	1	55108
220.656	n/a	NonTarget	1	55164
220.884	n/a	NonTarget	1	55221
221.108	n/a	NonTarget	1	55277
221.336	n/a	NonTarget	1	55334
221.56	n/a	NonTarget	1	55390
221.784	n/a	NonTarget	1	55446
222.012	n/a	NonTarget	1	55503
222.236	n/a	NonTarget	1	55559
222.464	n/a	Target	2	55616
222.688	n/a	NonTarget	1	55672
222.912	n/a	NonTarget	1	55728
223.14	n/a	NonTarget	1	55785
223.364	n/a	NonTarget	1	55841
223.592	n/a	NonTarget	1	55898
223.816	n/a	NonTarget	1	55954
224.04	n/a	NonTarget	1	56010
224.264	n/a	NonTarget	1	56066
224.492	n/a	NonTarget	1	56123
224.716	n/a	NonTarget	1	56179
224.94	n/a	Target	2	56235
225.164	n/a	NonTarget	1	56291
225.392	n/a	NonTarget	1	56348
225.616	n/a	NonTarget	1	56404
225.84	n/a	NonTarget	1	56460
226.068	n/a	Target	2	56517
226.292	n/a	NonTarget	1	56573
226.516	n/a	NonTarget	1	56629
226.744	n/a	NonTarget	1	56686
226.968	n/a	NonTarget	1	56742
227.196	n/a	NonTarget	1	56799
227.42	n/a	NonTarget	1	56855
227.644	n/a	NonTarget	1	56911
227.872	n/a	NonTarget	1	56968
228.096	n/a	Target	2	57024
228.32	n/a	NonTarget	1	57080
228.548	n/a	NonTarget	1	57137
228.772	n/a	NonTarget	1	57193
228.996	n/a	NonTarget	1	57249
229.22	n/a	NonTarget	1	57305
229.448	n/a	NonTarget	1	57362
229.672	n/a	NonTarget	1	57418
229.896	n/a	Target	2	57474
230.124	n/a	NonTarget	1	57531
230.348	n/a	NonTarget	1	57587
230.572	n/a	NonTarget	1	57643
230.8	n/a	NonTarget	1	57700
231.024	n/a	NonTarget	1	57756
231.252	n/a	NonTarget	1	57813
231.476	n/a	NonTarget	1	57869
231.7	n/a	NonTarget	1	57925
231.928	n/a	NonTarget	1	57982
232.152	n/a	NonTarget	1	58038
232.38	n/a	NonTarget	1	58095
232.604	n/a	NonTarget	1	58151
232.828	n/a	Target	2	58207
233.056	n/a	NonTarget	1	58264
233.28	n/a	NonTarget	1	58320
233.508	n/a	NonTarget	1	58377
233.732	n/a	NonTarget	1	58433
233.956	n/a	NonTarget	1	58489
234.18	n/a	NonTarget	1	58545
234.404	n/a	NonTarget	1	58601
234.632	n/a	NonTarget	1	58658
234.856	n/a	NonTarget	1	58714
235.084	n/a	Target	2	58771
235.308	n/a	NonTarget	1	58827
235.532	n/a	NonTarget	1	58883
235.76	n/a	NonTarget	1	58940
235.984	n/a	NonTarget	1	58996
236.212	n/a	Target	2	59053
236.436	n/a	NonTarget	1	59109
236.66	n/a	NonTarget	1	59165
236.888	n/a	NonTarget	1	59222
237.112	n/a	NonTarget	1	59278
237.34	n/a	NonTarget	1	59335
237.564	n/a	NonTarget	1	59391
237.788	n/a	NonTarget	1	59447
238.016	n/a	NonTarget	1	59504
238.24	n/a	NonTarget	1	59560
238.468	n/a	NonTarget	1	59617
238.692	n/a	NonTarget	1	59673
238.916	n/a	Target	2	59729
239.144	n/a	NonTarget	1	59786
239.368	n/a	NonTarget	1	59842
239.596	n/a	NonTarget	1	59899
239.82	n/a	NonTarget	1	59955
240.048	n/a	NonTarget	1	60012
240.272	n/a	NonTarget	1	60068
240.496	n/a	NonTarget	1	60124
240.724	n/a	NonTarget	1	60181
240.948	n/a	NonTarget	1	60237
241.176	n/a	NonTarget	1	60294
241.4	n/a	NonTarget	1	60350
241.624	n/a	Target	2	60406
292.72	n/a	NonTarget	1	73180
292.944	n/a	NonTarget	1	73236
293.172	n/a	NonTarget	1	73293
293.396	n/a	NonTarget	1	73349
293.624	n/a	NonTarget	1	73406
293.848	n/a	NonTarget	1	73462
294.072	n/a	NonTarget	1	73518
294.296	n/a	NonTarget	1	73574
294.524	n/a	Target	2	73631
294.748	n/a	NonTarget	1	73687
294.972	n/a	NonTarget	1	73743
295.196	n/a	NonTarget	1	73799
295.424	n/a	NonTarget	1	73856
295.648	n/a	NonTarget	1	73912
295.876	n/a	NonTarget	1	73969
296.1	n/a	NonTarget	1	74025
296.324	n/a	NonTarget	1	74081
296.552	n/a	Target	2	74138
296.776	n/a	NonTarget	1	74194
297.004	n/a	NonTarget	1	74251
297.228	n/a	NonTarget	1	74307
297.452	n/a	NonTarget	1	74363
297.68	n/a	Target	2	74420
297.904	n/a	NonTarget	1	74476
298.132	n/a	NonTarget	1	74533
298.356	n/a	NonTarget	1	74589
298.584	n/a	NonTarget	1	74646
298.808	n/a	NonTarget	1	74702
299.032	n/a	NonTarget	1	74758
299.26	n/a	NonTarget	1	74815
299.484	n/a	NonTarget	1	74871
299.712	n/a	NonTarget	1	74928
299.936	n/a	Target	2	74984
300.16	n/a	NonTarget	1	75040
300.388	n/a	NonTarget	1	75097
300.612	n/a	NonTarget	1	75153
300.84	n/a	NonTarget	1	75210
301.064	n/a	NonTarget	1	75266
301.288	n/a	NonTarget	1	75322
301.516	n/a	Target	2	75379
301.74	n/a	NonTarget	1	75435
301.968	n/a	NonTarget	1	75492
302.192	n/a	NonTarget	1	75548
302.42	n/a	NonTarget	1	75605
302.644	n/a	NonTarget	1	75661
302.868	n/a	NonTarget	1	75717
303.092	n/a	NonTarget	1	75773
303.32	n/a	NonTarget	1	75830
303.548	n/a	NonTarget	1	75887
303.772	n/a	NonTarget	1	75943
303.996	n/a	NonTarget	1	75999
304.224	n/a	NonTarget	1	76056
304.448	n/a	Target	2	76112
304.672	n/a	NonTarget	1	76168
304.9	n/a	NonTarget	1	76225
305.124	n/a	NonTarget	1	76281
305.352	n/a	NonTarget	1	76338
305.576	n/a	NonTarget	1	76394
305.8	n/a	NonTarget	1	76450
306.028	n/a	Target	2	76507
306.252	n/a	NonTarget	1	76563
306.48	n/a	NonTarget	1	76620
306.704	n/a	NonTarget	1	76676
306.932	n/a	NonTarget	1	76733
307.156	n/a	NonTarget	1	76789
307.38	n/a	NonTarget	1	76845
307.608	n/a	NonTarget	1	76902
307.832	n/a	NonTarget	1	76958
308.056	n/a	NonTarget	1	77014
308.284	n/a	NonTarget	1	77071
308.508	n/a	Target	2	77127
308.732	n/a	NonTarget	1	77183
308.96	n/a	NonTarget	1	77240
309.184	n/a	NonTarget	1	77296
309.408	n/a	NonTarget	1	77352
309.636	n/a	NonTarget	1	77409
309.86	n/a	NonTarget	1	77465
310.088	n/a	NonTarget	1	77522
310.312	n/a	Target	2	77578
310.536	n/a	NonTarget	1	77634
310.76	n/a	NonTarget	1	77690
310.988	n/a	NonTarget	1	77747
311.212	n/a	NonTarget	1	77803
311.44	n/a	NonTarget	1	77860
311.664	n/a	Target	2	77916
311.888	n/a	NonTarget	1	77972
312.112	n/a	NonTarget	1	78028
312.34	n/a	NonTarget	1	78085
312.564	n/a	NonTarget	1	78141
312.792	n/a	NonTarget	1	78198
313.016	n/a	NonTarget	1	78254
313.24	n/a	Target	2	78310
313.464	n/a	NonTarget	1	78366
313.692	n/a	NonTarget	1	78423
313.916	n/a	NonTarget	1	78479
314.14	n/a	NonTarget	1	78535
314.368	n/a	NonTarget	1	78592
314.592	n/a	NonTarget	1	78648
314.816	n/a	NonTarget	1	78704
315.044	n/a	NonTarget	1	78761
315.268	n/a	NonTarget	1	78817
315.496	n/a	NonTarget	1	78874
315.72	n/a	NonTarget	1	78930
315.944	n/a	NonTarget	1	78986
316.172	n/a	NonTarget	1	79043
316.396	n/a	Target	2	79099
316.624	n/a	NonTarget	1	79156
316.848	n/a	NonTarget	1	79212
317.072	n/a	NonTarget	1	79268
317.3	n/a	NonTarget	1	79325
317.524	n/a	NonTarget	1	79381
317.752	n/a	NonTarget	1	79438
317.976	n/a	NonTarget	1	79494
318.2	n/a	NonTarget	1	79550
318.424	n/a	NonTarget	1	79606
318.648	n/a	Target	2	79662
318.876	n/a	NonTarget	1	79719
319.1	n/a	NonTarget	1	79775
319.324	n/a	NonTarget	1	79831
319.552	n/a	NonTarget	1	79888
319.776	n/a	NonTarget	1	79944
320.004	n/a	NonTarget	1	80001
320.228	n/a	NonTarget	1	80057
320.452	n/a	NonTarget	1	80113
320.676	n/a	NonTarget	1	80169
320.9	n/a	Target	2	80225
321.128	n/a	NonTarget	1	80282
321.352	n/a	NonTarget	1	80338
321.58	n/a	NonTarget	1	80395
321.804	n/a	NonTarget	1	80451
322.028	n/a	Target	2	80507
322.256	n/a	NonTarget	1	80564
322.48	n/a	NonTarget	1	80620
322.704	n/a	NonTarget	1	80676
322.928	n/a	NonTarget	1	80732
331.696	n/a	NonTarget	1	82924
331.924	n/a	Target	2	82981
332.148	n/a	NonTarget	1	83037
332.372	n/a	NonTarget	1	83093
332.6	n/a	NonTarget	1	83150
332.824	n/a	NonTarget	1	83206
333.048	n/a	NonTarget	1	83262
333.272	n/a	NonTarget	1	83318
333.5	n/a	NonTarget	1	83375
333.724	n/a	NonTarget	1	83431
333.948	n/a	NonTarget	1	83487
334.176	n/a	Target	2	83544
334.4	n/a	NonTarget	1	83600
334.628	n/a	NonTarget	1	83657
334.852	n/a	NonTarget	1	83713
335.08	n/a	NonTarget	1	83770
335.304	n/a	NonTarget	1	83826
335.528	n/a	NonTarget	1	83882
335.756	n/a	NonTarget	1	83939
335.98	n/a	Target	2	83995
336.208	n/a	NonTarget	1	84052
336.432	n/a	NonTarget	1	84108
336.656	n/a	NonTarget	1	84164
336.884	n/a	NonTarget	1	84221
337.108	n/a	NonTarget	1	84277
337.336	n/a	NonTarget	1	84334
337.56	n/a	NonTarget	1	84390
337.784	n/a	Target	2	84446
338.012	n/a	NonTarget	1	84503
338.236	n/a	NonTarget	1	84559
338.464	n/a	NonTarget	1	84616
338.688	n/a	NonTarget	1	84672
338.912	n/a	NonTarget	1	84728
339.136	n/a	NonTarget	1	84784
339.364	n/a	NonTarget	1	84841
339.588	n/a	NonTarget	1	84897
339.812	n/a	Target	2	84953
340.04	n/a	NonTarget	1	85010
340.264	n/a	NonTarget	1	85066
340.492	n/a	NonTarget	1	85123
340.716	n/a	NonTarget	1	85179
340.94	n/a	NonTarget	1	85235
341.168	n/a	NonTarget	1	85292
341.392	n/a	NonTarget	1	85348
341.62	n/a	NonTarget	1	85405
341.844	n/a	NonTarget	1	85461
342.068	n/a	NonTarget	1	85517
342.296	n/a	NonTarget	1	85574
342.52	n/a	NonTarget	1	85630
342.748	n/a	NonTarget	1	85687
342.972	n/a	NonTarget	1	85743
343.196	n/a	NonTarget	1	85799
343.424	n/a	Target	2	85856
343.648	n/a	NonTarget	1	85912
343.876	n/a	NonTarget	1	85969
344.1	n/a	NonTarget	1	86025
344.324	n/a	NonTarget	1	86081
344.548	n/a	NonTarget	1	86137
344.772	n/a	Target	2	86193
345.0	n/a	NonTarget	1	86250
345.224	n/a	NonTarget	1	86306
345.452	n/a	NonTarget	1	86363
345.676	n/a	NonTarget	1	86419
345.9	n/a	NonTarget	1	86475
346.128	n/a	NonTarget	1	86532
346.352	n/a	NonTarget	1	86588
346.58	n/a	NonTarget	1	86645
346.804	n/a	Target	2	86701
347.028	n/a	NonTarget	1	86757
347.252	n/a	NonTarget	1	86813
347.48	n/a	NonTarget	1	86870
347.704	n/a	NonTarget	1	86926
347.932	n/a	NonTarget	1	86983
348.156	n/a	NonTarget	1	87039
348.38	n/a	NonTarget	1	87095
348.608	n/a	Target	2	87152
348.832	n/a	NonTarget	1	87208
349.06	n/a	NonTarget	1	87265
349.284	n/a	NonTarget	1	87321
349.508	n/a	NonTarget	1	87377
349.732	n/a	NonTarget	1	87433
349.96	n/a	NonTarget	1	87490
350.184	n/a	NonTarget	1	87546
350.408	n/a	NonTarget	1	87602
350.636	n/a	NonTarget	1	87659
350.86	n/a	NonTarget	1	87715
351.084	n/a	NonTarget	1	87771
351.312	n/a	Target	2	87828
351.536	n/a	NonTarget	1	87884
351.76	n/a	NonTarget	1	87940
351.984	n/a	NonTarget	1	87996
352.212	n/a	NonTarget	1	88053
352.436	n/a	NonTarget	1	88109
352.66	n/a	Target	2	88165
352.888	n/a	NonTarget	1	88222
353.112	n/a	NonTarget	1	88278
353.336	n/a	NonTarget	1	88334
353.564	n/a	NonTarget	1	88391
353.788	n/a	NonTarget	1	88447
354.016	n/a	Target	2	88504
354.24	n/a	NonTarget	1	88560
354.464	n/a	NonTarget	1	88616
354.688	n/a	NonTarget	1	88672
354.916	n/a	NonTarget	1	88729
355.14	n/a	NonTarget	1	88785
355.364	n/a	NonTarget	1	88841
355.592	n/a	NonTarget	1	88898
355.816	n/a	NonTarget	1	88954
356.04	n/a	NonTarget	1	89010
356.268	n/a	Target	2	89067
356.492	n/a	NonTarget	1	89123
356.72	n/a	NonTarget	1	89180
356.944	n/a	NonTarget	1	89236
357.172	n/a	NonTarget	1	89293
357.396	n/a	NonTarget	1	89349
357.62	n/a	NonTarget	1	89405
357.848	n/a	NonTarget	1	89462
358.072	n/a	NonTarget	1	89518
358.296	n/a	NonTarget	1	89574
358.52	n/a	NonTarget	1	89630
358.748	n/a	NonTarget	1	89687
358.972	n/a	NonTarget	1	89743
359.196	n/a	NonTarget	1	89799
359.424	n/a	NonTarget	1	89856
359.648	n/a	Target	2	89912
359.876	n/a	NonTarget	1	89969
360.1	n/a	NonTarget	1	90025
360.324	n/a	NonTarget	1	90081
360.548	n/a	Target	2	90137
360.776	n/a	NonTarget	1	90194
361.0	n/a	NonTarget	1	90250
361.224	n/a	NonTarget	1	90306
361.452	n/a	NonTarget	1	90363
361.676	n/a	NonTarget	1	90419
361.904	n/a	NonTarget	1	90476
373.696	n/a	NonTarget	1	93424
373.924	n/a	NonTarget	1	93481
374.148	n/a	NonTarget	1	93537
374.372	n/a	NonTarget	1	93593
374.6	n/a	NonTarget	1	93650
374.824	n/a	NonTarget	1	93706
375.048	n/a	Target	2	93762
375.272	n/a	NonTarget	1	93818
375.5	n/a	NonTarget	1	93875
375.728	n/a	NonTarget	1	93932
375.952	n/a	NonTarget	1	93988
376.18	n/a	NonTarget	1	94045
376.404	n/a	NonTarget	1	94101
376.628	n/a	Target	2	94157
376.852	n/a	NonTarget	1	94213
377.08	n/a	NonTarget	1	94270
377.304	n/a	NonTarget	1	94326
377.532	n/a	NonTarget	1	94383
377.756	n/a	NonTarget	1	94439
377.98	n/a	NonTarget	1	94495
378.208	n/a	NonTarget	1	94552
378.432	n/a	NonTarget	1	94608
378.66	n/a	NonTarget	1	94665
378.884	n/a	NonTarget	1	94721
379.108	n/a	NonTarget	1	94777
379.336	n/a	Target	2	94834
379.56	n/a	NonTarget	1	94890
379.788	n/a	NonTarget	1	94947
380.012	n/a	NonTarget	1	95003
380.236	n/a	NonTarget	1	95059
380.464	n/a	NonTarget	1	95116
380.688	n/a	NonTarget	1	95172
380.916	n/a	NonTarget	1	95229
381.14	n/a	NonTarget	1	95285
381.364	n/a	Target	2	95341
381.592	n/a	NonTarget	1	95398
381.816	n/a	NonTarget	1	95454
382.044	n/a	NonTarget	1	95511
382.268	n/a	NonTarget	1	95567
382.492	n/a	NonTarget	1	95623
382.72	n/a	NonTarget	1	95680
382.944	n/a	Target	2	95736
383.172	n/a	NonTarget	1	95793
383.396	n/a	NonTarget	1	95849
383.624	n/a	NonTarget	1	95906
383.848	n/a	NonTarget	1	95962
384.072	n/a	NonTarget	1	96018
384.296	n/a	Target	2	96074
384.524	n/a	NonTarget	1	96131
384.748	n/a	NonTarget	1	96187
384.972	n/a	NonTarget	1	96243
385.196	n/a	NonTarget	1	96299
385.424	n/a	NonTarget	1	96356
385.648	n/a	NonTarget	1	96412
385.876	n/a	NonTarget	1	96469
386.1	n/a	NonTarget	1	96525
386.328	n/a	Target	2	96582
386.552	n/a	NonTarget	1	96638
386.776	n/a	NonTarget	1	96694
387.004	n/a	NonTarget	1	96751
387.228	n/a	NonTarget	1	96807
387.456	n/a	NonTarget	1	96864
387.68	n/a	NonTarget	1	96920
387.904	n/a	NonTarget	1	96976
388.132	n/a	NonTarget	1	97033
388.356	n/a	NonTarget	1	97089
388.58	n/a	NonTarget	1	97145
388.808	n/a	NonTarget	1	97202
389.032	n/a	NonTarget	1	97258
389.256	n/a	NonTarget	1	97314
389.484	n/a	Target	2	97371
389.708	n/a	NonTarget	1	97427
389.932	n/a	NonTarget	1	97483
390.156	n/a	NonTarget	1	97539
390.384	n/a	NonTarget	1	97596
390.608	n/a	NonTarget	1	97652
390.836	n/a	NonTarget	1	97709
391.06	n/a	Target	2	97765
391.288	n/a	NonTarget	1	97822
391.512	n/a	NonTarget	1	97878
391.736	n/a	NonTarget	1	97934
391.964	n/a	NonTarget	1	97991
392.188	n/a	NonTarget	1	98047
392.416	n/a	NonTarget	1	98104
392.64	n/a	NonTarget	1	98160
392.864	n/a	NonTarget	1	98216
393.092	n/a	NonTarget	1	98273
393.316	n/a	Target	2	98329
393.544	n/a	NonTarget	1	98386
393.768	n/a	NonTarget	1	98442
393.996	n/a	NonTarget	1	98499
394.22	n/a	Target	2	98555
394.444	n/a	NonTarget	1	98611
394.672	n/a	NonTarget	1	98668
394.896	n/a	NonTarget	1	98724
395.124	n/a	NonTarget	1	98781
395.348	n/a	NonTarget	1	98837
395.572	n/a	NonTarget	1	98893
395.796	n/a	NonTarget	1	98949
396.02	n/a	NonTarget	1	99005
396.248	n/a	NonTarget	1	99062
396.472	n/a	NonTarget	1	99118
396.7	n/a	NonTarget	1	99175
396.924	n/a	NonTarget	1	99231
397.148	n/a	NonTarget	1	99287
397.376	n/a	NonTarget	1	99344
397.6	n/a	Target	2	99400
397.828	n/a	NonTarget	1	99457
398.052	n/a	NonTarget	1	99513
398.276	n/a	NonTarget	1	99569
398.504	n/a	NonTarget	1	99626
398.728	n/a	Target	2	99682
398.956	n/a	NonTarget	1	99739
399.18	n/a	NonTarget	1	99795
399.404	n/a	NonTarget	1	99851
399.628	n/a	NonTarget	1	99907
399.852	n/a	NonTarget	1	99963
400.08	n/a	NonTarget	1	100020
400.304	n/a	NonTarget	1	100076
400.528	n/a	NonTarget	1	100132
400.756	n/a	NonTarget	1	100189
400.98	n/a	NonTarget	1	100245
401.208	n/a	NonTarget	1	100302
401.432	n/a	Target	2	100358
401.656	n/a	NonTarget	1	100414
401.884	n/a	NonTarget	1	100471
402.108	n/a	NonTarget	1	100527
402.336	n/a	NonTarget	1	100584
402.56	n/a	NonTarget	1	100640
402.784	n/a	NonTarget	1	100696
403.008	n/a	NonTarget	1	100752
403.232	n/a	NonTarget	1	100808
403.46	n/a	Target	2	100865
403.684	n/a	NonTarget	1	100921
412.704	n/a	NonTarget	1	103176
412.928	n/a	NonTarget	1	103232
413.152	n/a	NonTarget	1	103288
413.38	n/a	NonTarget	1	103345
413.604	n/a	NonTarget	1	103401
413.828	n/a	Target	2	103457
414.056	n/a	NonTarget	1	103514
414.28	n/a	NonTarget	1	103570
414.504	n/a	NonTarget	1	103626
414.732	n/a	NonTarget	1	103683
414.956	n/a	NonTarget	1	103739
415.184	n/a	NonTarget	1	103796
415.408	n/a	NonTarget	1	103852
415.636	n/a	NonTarget	1	103909
415.86	n/a	NonTarget	1	103965
416.084	n/a	NonTarget	1	104021
416.312	n/a	Target	2	104078
416.536	n/a	NonTarget	1	104134
416.764	n/a	NonTarget	1	104191
416.988	n/a	NonTarget	1	104247
417.212	n/a	NonTarget	1	104303
417.436	n/a	Target	2	104359
417.664	n/a	NonTarget	1	104416
417.888	n/a	NonTarget	1	104472
418.112	n/a	NonTarget	1	104528
418.34	n/a	NonTarget	1	104585
418.564	n/a	NonTarget	1	104641
418.788	n/a	NonTarget	1	104697
419.016	n/a	NonTarget	1	104754
419.24	n/a	NonTarget	1	104810
419.464	n/a	NonTarget	1	104866
419.692	n/a	NonTarget	1	104923
419.916	n/a	Target	2	104979
420.14	n/a	NonTarget	1	105035
420.368	n/a	NonTarget	1	105092
420.592	n/a	NonTarget	1	105148
420.82	n/a	NonTarget	1	105205
421.044	n/a	NonTarget	1	105261
421.268	n/a	Target	2	105317
421.496	n/a	NonTarget	1	105374
421.72	n/a	NonTarget	1	105430
421.944	n/a	NonTarget	1	105486
422.172	n/a	NonTarget	1	105543
422.396	n/a	NonTarget	1	105599
422.62	n/a	NonTarget	1	105655
422.844	n/a	NonTarget	1	105711
423.072	n/a	NonTarget	1	105768
423.296	n/a	NonTarget	1	105824
423.52	n/a	NonTarget	1	105880
423.748	n/a	NonTarget	1	105937
423.972	n/a	NonTarget	1	105993
424.196	n/a	NonTarget	1	106049
424.424	n/a	Target	2	106106
424.648	n/a	NonTarget	1	106162
424.872	n/a	NonTarget	1	106218
425.096	n/a	NonTarget	1	106274
425.324	n/a	NonTarget	1	106331
425.548	n/a	NonTarget	1	106387
425.776	n/a	NonTarget	1	106444
426.0	n/a	NonTarget	1	106500
426.224	n/a	NonTarget	1	106556
426.452	n/a	NonTarget	1	106613
426.676	n/a	Target	2	106669
426.904	n/a	NonTarget	1	106726
427.128	n/a	NonTarget	1	106782
427.352	n/a	NonTarget	1	106838
427.58	n/a	NonTarget	1	106895
427.804	n/a	NonTarget	1	106951
428.032	n/a	NonTarget	1	107008
428.256	n/a	Target	2	107064
428.48	n/a	NonTarget	1	107120
428.708	n/a	NonTarget	1	107177
428.932	n/a	NonTarget	1	107233
429.16	n/a	NonTarget	1	107290
429.384	n/a	NonTarget	1	107346
429.608	n/a	NonTarget	1	107402
429.836	n/a	NonTarget	1	107459
430.06	n/a	NonTarget	1	107515
430.284	n/a	NonTarget	1	107571
430.512	n/a	NonTarget	1	107628
430.736	n/a	Target	2	107684
430.964	n/a	NonTarget	1	107741
431.188	n/a	NonTarget	1	107797
431.416	n/a	NonTarget	1	107854
431.64	n/a	NonTarget	1	107910
431.864	n/a	Target	2	107966
432.092	n/a	NonTarget	1	108023
432.316	n/a	NonTarget	1	108079
432.54	n/a	NonTarget	1	108135
432.768	n/a	NonTarget	1	108192
432.992	n/a	NonTarget	1	108248
433.22	n/a	NonTarget	1	108305
433.444	n/a	NonTarget	1	108361
433.672	n/a	NonTarget	1	108418
433.896	n/a	NonTarget	1	108474
434.12	n/a	NonTarget	1	108530
434.348	n/a	NonTarget	1	108587
434.572	n/a	NonTarget	1	108643
434.796	n/a	Target	2	108699
435.02	n/a	NonTarget	1	108755
435.248	n/a	NonTarget	1	108812
435.472	n/a	NonTarget	1	108868
435.696	n/a	Target	2	108924
435.924	n/a	NonTarget	1	108981
436.148	n/a	NonTarget	1	109037
436.376	n/a	NonTarget	1	109094
436.6	n/a	NonTarget	1	109150
436.824	n/a	NonTarget	1	109206
437.052	n/a	NonTarget	1	109263
437.276	n/a	NonTarget	1	109319
437.5	n/a	NonTarget	1	109375
437.728	n/a	NonTarget	1	109432
437.952	n/a	NonTarget	1	109488
438.176	n/a	NonTarget	1	109544
438.404	n/a	NonTarget	1	109601
438.632	n/a	NonTarget	1	109658
438.856	n/a	Target	2	109714
439.08	n/a	NonTarget	1	109770
439.304	n/a	NonTarget	1	109826
439.532	n/a	NonTarget	1	109883
439.756	n/a	NonTarget	1	109939
439.984	n/a	NonTarget	1	109996
440.208	n/a	NonTarget	1	110052
440.436	n/a	NonTarget	1	110109
440.66	n/a	Target	2	110165
440.884	n/a	NonTarget	1	110221
441.108	n/a	NonTarget	1	110277
441.336	n/a	NonTarget	1	110334
441.56	n/a	NonTarget	1	110390
441.784	n/a	NonTarget	1	110446
442.008	n/a	NonTarget	1	110502
442.236	n/a	Target	2	110559
442.46	n/a	NonTarget	1	110615
442.684	n/a	NonTarget	1	110671
456.512	n/a	NonTarget	1	114128
456.74	n/a	NonTarget	1	114185
456.964	n/a	Target	2	114241
457.188	n/a	NonTarget	1	114297
457.416	n/a	NonTarget	1	114354
457.64	n/a	NonTarget	1	114410
457.868	n/a	NonTarget	1	114467
458.092	n/a	NonTarget	1	114523
458.316	n/a	NonTarget	1	114579
458.544	n/a	NonTarget	1	114636
458.768	n/a	NonTarget	1	114692
458.996	n/a	NonTarget	1	114749
459.22	n/a	NonTarget	1	114805
459.444	n/a	Target	2	114861
459.672	n/a	NonTarget	1	114918
459.896	n/a	NonTarget	1	114974
460.124	n/a	NonTarget	1	115031
460.348	n/a	NonTarget	1	115087
460.572	n/a	NonTarget	1	115143
460.8	n/a	NonTarget	1	115200
461.024	n/a	Target	2	115256
461.252	n/a	NonTarget	1	115313
461.476	n/a	NonTarget	1	115369
461.7	n/a	NonTarget	1	115425
461.924	n/a	NonTarget	1	115481
462.148	n/a	NonTarget	1	115537
462.376	n/a	NonTarget	1	115594
462.6	n/a	Target	2	115650
462.828	n/a	NonTarget	1	115707
463.052	n/a	NonTarget	1	115763
463.276	n/a	NonTarget	1	115819
463.5	n/a	NonTarget	1	115875
463.728	n/a	NonTarget	1	115932
463.952	n/a	NonTarget	1	115988
464.176	n/a	NonTarget	1	116044
464.404	n/a	NonTarget	1	116101
464.628	n/a	NonTarget	1	116157
464.852	n/a	NonTarget	1	116213
465.08	n/a	NonTarget	1	116270
465.304	n/a	NonTarget	1	116326
465.532	n/a	NonTarget	1	116383
465.756	n/a	NonTarget	1	116439
465.98	n/a	NonTarget	1	116495
466.208	n/a	NonTarget	1	116552
466.432	n/a	Target	2	116608
466.66	n/a	NonTarget	1	116665
466.884	n/a	NonTarget	1	116721
467.108	n/a	NonTarget	1	116777
467.336	n/a	NonTarget	1	116834
467.56	n/a	Target	2	116890
467.784	n/a	NonTarget	1	116946
468.012	n/a	NonTarget	1	117003
468.236	n/a	NonTarget	1	117059
468.46	n/a	NonTarget	1	117115
468.688	n/a	NonTarget	1	117172
468.912	n/a	Target	2	117228
469.136	n/a	NonTarget	1	117284
469.36	n/a	NonTarget	1	117340
469.588	n/a	NonTarget	1	117397
469.812	n/a	NonTarget	1	117453
470.04	n/a	NonTarget	1	117510
470.264	n/a	NonTarget	1	117566
470.492	n/a	NonTarget	1	117623
470.716	n/a	Target	2	117679
470.94	n/a	NonTarget	1	117735
471.168	n/a	NonTarget	1	117792
471.392	n/a	NonTarget	1	117848
471.62	n/a	NonTarget	1	117905
471.844	n/a	NonTarget	1	117961
472.068	n/a	NonTarget	1	118017
472.296	n/a	NonTarget	1	118074
472.52	n/a	NonTarget	1	118130
472.748	n/a	Target	2	118187
472.972	n/a	NonTarget	1	118243
473.196	n/a	NonTarget	1	118299
473.424	n/a	NonTarget	1	118356
473.648	n/a	NonTarget	1	118412
473.872	n/a	NonTarget	1	118468
474.1	n/a	NonTarget	1	118525
474.324	n/a	NonTarget	1	118581
474.548	n/a	NonTarget	1	118637
474.772	n/a	NonTarget	1	118693
475.0	n/a	NonTarget	1	118750
475.224	n/a	NonTarget	1	118806
475.452	n/a	NonTarget	1	118863
475.676	n/a	Target	2	118919
475.9	n/a	NonTarget	1	118975
476.128	n/a	NonTarget	1	119032
476.352	n/a	NonTarget	1	119088
476.58	n/a	NonTarget	1	119145
476.804	n/a	NonTarget	1	119201
477.028	n/a	Target	2	119257
477.256	n/a	NonTarget	1	119314
477.48	n/a	NonTarget	1	119370
477.704	n/a	NonTarget	1	119426
477.928	n/a	NonTarget	1	119482
478.156	n/a	NonTarget	1	119539
478.38	n/a	NonTarget	1	119595
478.604	n/a	NonTarget	1	119651
478.832	n/a	NonTarget	1	119708
479.056	n/a	NonTarget	1	119764
479.284	n/a	Target	2	119821
479.508	n/a	NonTarget	1	119877
479.732	n/a	NonTarget	1	119933
479.956	n/a	NonTarget	1	119989
480.184	n/a	NonTarget	1	120046
480.408	n/a	NonTarget	1	120102
480.632	n/a	NonTarget	1	120158
480.856	n/a	NonTarget	1	120214
481.084	n/a	NonTarget	1	120271
481.308	n/a	Target	2	120327
481.532	n/a	NonTarget	1	120383
481.756	n/a	NonTarget	1	120439
481.984	n/a	NonTarget	1	120496
482.208	n/a	NonTarget	1	120552
482.432	n/a	NonTarget	1	120608
482.66	n/a	NonTarget	1	120665
482.884	n/a	NonTarget	1	120721
483.112	n/a	NonTarget	1	120778
483.336	n/a	NonTarget	1	120834
483.56	n/a	NonTarget	1	120890
483.788	n/a	Target	2	120947
484.012	n/a	NonTarget	1	121003
484.24	n/a	NonTarget	1	121060
484.464	n/a	NonTarget	1	121116
484.688	n/a	NonTarget	1	121172
484.916	n/a	NonTarget	1	121229
485.14	n/a	NonTarget	1	121285
485.368	n/a	NonTarget	1	121342
485.592	n/a	NonTarget	1	121398
485.816	n/a	Target	2	121454
486.04	n/a	NonTarget	1	121510
486.264	n/a	NonTarget	1	121566
486.492	n/a	NonTarget	1	121623
486.716	n/a	NonTarget	1	121679
495.5	n/a	NonTarget	1	123875
495.724	n/a	NonTarget	1	123931
495.952	n/a	NonTarget	1	123988
496.176	n/a	NonTarget	1	124044
496.4	n/a	NonTarget	1	124100
496.628	n/a	NonTarget	1	124157
496.852	n/a	NonTarget	1	124213
497.08	n/a	Target	2	124270
497.304	n/a	NonTarget	1	124326
497.528	n/a	NonTarget	1	124382
497.756	n/a	NonTarget	1	124439
497.98	n/a	NonTarget	1	124495
498.208	n/a	Target	2	124552
498.432	n/a	NonTarget	1	124608
498.656	n/a	NonTarget	1	124664
498.884	n/a	NonTarget	1	124721
499.108	n/a	NonTarget	1	124777
499.336	n/a	NonTarget	1	124834
499.56	n/a	NonTarget	1	124890
499.784	n/a	NonTarget	1	124946
500.012	n/a	NonTarget	1	125003
500.236	n/a	NonTarget	1	125059
500.46	n/a	NonTarget	1	125115
500.688	n/a	NonTarget	1	125172
500.912	n/a	NonTarget	1	125228
501.136	n/a	Target	2	125284
501.364	n/a	NonTarget	1	125341
501.588	n/a	NonTarget	1	125397
501.812	n/a	NonTarget	1	125453
502.04	n/a	NonTarget	1	125510
502.264	n/a	NonTarget	1	125566
502.488	n/a	Target	2	125622
502.712	n/a	NonTarget	1	125678
502.94	n/a	NonTarget	1	125735
503.164	n/a	NonTarget	1	125791
503.388	n/a	NonTarget	1	125847
503.616	n/a	NonTarget	1	125904
503.84	n/a	Target	2	125960
504.064	n/a	NonTarget	1	126016
504.292	n/a	NonTarget	1	126073
504.516	n/a	NonTarget	1	126129
504.744	n/a	NonTarget	1	126186
504.968	n/a	NonTarget	1	126242
505.196	n/a	NonTarget	1	126299
505.42	n/a	NonTarget	1	126355
505.644	n/a	NonTarget	1	126411
505.872	n/a	NonTarget	1	126468
506.096	n/a	NonTarget	1	126524
506.324	n/a	NonTarget	1	126581
506.548	n/a	NonTarget	1	126637
506.772	n/a	NonTarget	1	126693
506.996	n/a	Target	2	126749
507.224	n/a	NonTarget	1	126806
507.448	n/a	NonTarget	1	126862
507.672	n/a	NonTarget	1	126918
507.9	n/a	Target	2	126975
508.124	n/a	NonTarget	1	127031
508.352	n/a	NonTarget	1	127088
508.576	n/a	NonTarget	1	127144
508.8	n/a	NonTarget	1	127200
509.028	n/a	NonTarget	1	127257
509.252	n/a	NonTarget	1	127313
509.476	n/a	NonTarget	1	127369
509.704	n/a	NonTarget	1	127426
509.928	n/a	Target	2	127482
510.156	n/a	NonTarget	1	127539
510.38	n/a	NonTarget	1	127595
510.604	n/a	NonTarget	1	127651
510.828	n/a	NonTarget	1	127707
511.056	n/a	NonTarget	1	127764
511.28	n/a	NonTarget	1	127820
511.504	n/a	NonTarget	1	127876
511.728	n/a	NonTarget	1	127932
511.956	n/a	Target	2	127989
512.18	n/a	NonTarget	1	128045
512.408	n/a	NonTarget	1	128102
512.632	n/a	NonTarget	1	128158
512.856	n/a	NonTarget	1	128214
513.08	n/a	NonTarget	1	128270
513.308	n/a	NonTarget	1	128327
513.532	n/a	NonTarget	1	128383
513.756	n/a	NonTarget	1	128439
513.984	n/a	Target	2	128496
514.208	n/a	NonTarget	1	128552
514.432	n/a	NonTarget	1	128608
514.66	n/a	NonTarget	1	128665
514.884	n/a	NonTarget	1	128721
515.112	n/a	NonTarget	1	128778
515.336	n/a	NonTarget	1	128834
515.56	n/a	NonTarget	1	128890
515.788	n/a	NonTarget	1	128947
516.012	n/a	Target	2	129003
516.24	n/a	NonTarget	1	129060
516.464	n/a	NonTarget	1	129116
516.688	n/a	NonTarget	1	129172
516.916	n/a	NonTarget	1	129229
517.14	n/a	NonTarget	1	129285
517.364	n/a	NonTarget	1	129341
517.592	n/a	NonTarget	1	129398
517.816	n/a	Target	2	129454
518.04	n/a	NonTarget	1	129510
518.264	n/a	NonTarget	1	129566
518.492	n/a	NonTarget	1	129623
518.716	n/a	NonTarget	1	129679
518.944	n/a	NonTarget	1	129736
519.168	n/a	NonTarget	1	129792
519.392	n/a	NonTarget	1	129848
519.62	n/a	NonTarget	1	129905
519.844	n/a	NonTarget	1	129961
520.068	n/a	NonTarget	1	130017
520.292	n/a	NonTarget	1	130073
520.516	n/a	NonTarget	1	130129
520.744	n/a	NonTarget	1	130186
520.968	n/a	NonTarget	1	130242
521.196	n/a	NonTarget	1	130299
521.42	n/a	Target	2	130355
521.644	n/a	NonTarget	1	130411
521.872	n/a	NonTarget	1	130468
522.096	n/a	NonTarget	1	130524
522.324	n/a	Target	2	130581
522.548	n/a	NonTarget	1	130637
522.772	n/a	NonTarget	1	130693
523.0	n/a	NonTarget	1	130750
523.224	n/a	NonTarget	1	130806
523.452	n/a	NonTarget	1	130863
523.676	n/a	NonTarget	1	130919
523.9	n/a	NonTarget	1	130975
524.128	n/a	NonTarget	1	131032
524.352	n/a	NonTarget	1	131088
524.58	n/a	NonTarget	1	131145
524.804	n/a	NonTarget	1	131201
525.032	n/a	NonTarget	1	131258
525.256	n/a	Target	2	131314
525.48	n/a	NonTarget	1	131370
525.708	n/a	NonTarget	1	131427
612.7	n/a	NonTarget	1	153175
612.928	n/a	NonTarget	1	153232
613.152	n/a	Target	2	153288
613.38	n/a	NonTarget	1	153345
613.604	n/a	NonTarget	1	153401
613.832	n/a	NonTarget	1	153458
614.056	n/a	NonTarget	1	153514
614.284	n/a	NonTarget	1	153571
614.508	n/a	NonTarget	1	153627
614.732	n/a	NonTarget	1	153683
614.96	n/a	NonTarget	1	153740
615.184	n/a	Target	2	153796
615.408	n/a	NonTarget	1	153852
615.632	n/a	NonTarget	1	153908
615.86	n/a	NonTarget	1	153965
616.084	n/a	NonTarget	1	154021
616.308	n/a	NonTarget	1	154077
616.536	n/a	NonTarget	1	154134
616.76	n/a	Target	2	154190
616.984	n/a	NonTarget	1	154246
617.212	n/a	NonTarget	1	154303
617.436	n/a	NonTarget	1	154359
617.664	n/a	NonTarget	1	154416
617.888	n/a	NonTarget	1	154472
618.112	n/a	NonTarget	1	154528
618.34	n/a	NonTarget	1	154585
618.564	n/a	NonTarget	1	154641
618.792	n/a	Target	2	154698
619.016	n/a	NonTarget	1	154754
619.24	n/a	NonTarget	1	154810
619.464	n/a	NonTarget	1	154866
619.692	n/a	NonTarget	1	154923
619.916	n/a	NonTarget	1	154979
620.14	n/a	NonTarget	1	155035
620.368	n/a	NonTarget	1	155092
620.592	n/a	NonTarget	1	155148
620.816	n/a	NonTarget	1	155204
621.04	n/a	NonTarget	1	155260
621.268	n/a	NonTarget	1	155317
621.496	n/a	NonTarget	1	155374
621.72	n/a	NonTarget	1	155430
621.944	n/a	Target	2	155486
622.168	n/a	NonTarget	1	155542
622.396	n/a	NonTarget	1	155599
622.624	n/a	NonTarget	1	155656
622.848	n/a	NonTarget	1	155712
623.072	n/a	Target	2	155768
623.3	n/a	NonTarget	1	155825
623.524	n/a	NonTarget	1	155881
623.748	n/a	NonTarget	1	155937
623.976	n/a	NonTarget	1	155994
624.2	n/a	NonTarget	1	156050
624.428	n/a	NonTarget	1	156107
624.652	n/a	NonTarget	1	156163
624.876	n/a	NonTarget	1	156219
625.104	n/a	NonTarget	1	156276
625.328	n/a	NonTarget	1	156332
625.552	n/a	NonTarget	1	156388
625.78	n/a	Target	2	156445
626.004	n/a	NonTarget	1	156501
626.228	n/a	NonTarget	1	156557
626.452	n/a	NonTarget	1	156613
626.68	n/a	NonTarget	1	156670
626.904	n/a	NonTarget	1	156726
627.128	n/a	NonTarget	1	156782
627.356	n/a	NonTarget	1	156839
627.58	n/a	NonTarget	1	156895
627.804	n/a	Target	2	156951
628.032	n/a	NonTarget	1	157008
628.256	n/a	NonTarget	1	157064
628.484	n/a	NonTarget	1	157121
628.708	n/a	NonTarget	1	157177
628.932	n/a	NonTarget	1	157233
629.16	n/a	NonTarget	1	157290
629.384	n/a	Target	2	157346
629.612	n/a	NonTarget	1	157403
629.836	n/a	NonTarget	1	157459
630.06	n/a	NonTarget	1	157515
630.284	n/a	NonTarget	1	157571
630.512	n/a	NonTarget	1	157628
630.736	n/a	NonTarget	1	157684
630.96	n/a	NonTarget	1	157740
631.184	n/a	NonTarget	1	157796
631.412	n/a	NonTarget	1	157853
631.636	n/a	Target	2	157909
631.864	n/a	NonTarget	1	157966
632.088	n/a	NonTarget	1	158022
632.312	n/a	NonTarget	1	158078
632.536	n/a	NonTarget	1	158134
632.764	n/a	NonTarget	1	158191
632.988	n/a	NonTarget	1	158247
633.212	n/a	NonTarget	1	158303
633.44	n/a	NonTarget	1	158360
633.664	n/a	Target	2	158416
633.888	n/a	NonTarget	1	158472
634.116	n/a	NonTarget	1	158529
634.34	n/a	NonTarget	1	158585
634.568	n/a	NonTarget	1	158642
634.792	n/a	NonTarget	1	158698
635.016	n/a	NonTarget	1	158754
635.244	n/a	NonTarget	1	158811
635.468	n/a	NonTarget	1	158867
635.696	n/a	NonTarget	1	158924
635.92	n/a	Target	2	158980
636.144	n/a	NonTarget	1	159036
636.372	n/a	NonTarget	1	159093
636.596	n/a	NonTarget	1	159149
636.824	n/a	NonTarget	1	159206
637.048	n/a	NonTarget	1	159262
637.272	n/a	Target	2	159318
637.496	n/a	NonTarget	1	159374
637.72	n/a	NonTarget	1	159430
637.948	n/a	NonTarget	1	159487
638.172	n/a	NonTarget	1	159543
638.4	n/a	NonTarget	1	159600
638.624	n/a	NonTarget	1	159656
638.848	n/a	NonTarget	1	159712
639.076	n/a	NonTarget	1	159769
639.3	n/a	NonTarget	1	159825
639.528	n/a	NonTarget	1	159882
639.752	n/a	Target	2	159938
639.976	n/a	NonTarget	1	159994
640.204	n/a	NonTarget	1	160051
640.428	n/a	NonTarget	1	160107
640.656	n/a	NonTarget	1	160164
640.88	n/a	NonTarget	1	160220
641.104	n/a	NonTarget	1	160276
641.332	n/a	Target	2	160333
641.556	n/a	NonTarget	1	160389
641.784	n/a	NonTarget	1	160446
642.008	n/a	NonTarget	1	160502
642.232	n/a	NonTarget	1	160558
642.46	n/a	NonTarget	1	160615
642.684	n/a	NonTarget	1	160671
642.908	n/a	NonTarget	1	160727
651.7	n/a	NonTarget	1	162925
651.928	n/a	NonTarget	1	162982
652.152	n/a	NonTarget	1	163038
652.38	n/a	NonTarget	1	163095
652.604	n/a	Target	2	163151
652.828	n/a	NonTarget	1	163207
653.052	n/a	NonTarget	1	163263
653.28	n/a	NonTarget	1	163320
653.508	n/a	NonTarget	1	163377
653.732	n/a	Target	2	163433
653.956	n/a	NonTarget	1	163489
654.18	n/a	NonTarget	1	163545
654.408	n/a	NonTarget	1	163602
654.632	n/a	NonTarget	1	163658
654.86	n/a	NonTarget	1	163715
655.084	n/a	NonTarget	1	163771
655.308	n/a	NonTarget	1	163827
655.532	n/a	NonTarget	1	163883
655.756	n/a	NonTarget	1	163939
655.984	n/a	NonTarget	1	163996
656.212	n/a	Target	2	164053
656.436	n/a	NonTarget	1	164109
656.66	n/a	NonTarget	1	164165
656.884	n/a	NonTarget	1	164221
657.112	n/a	NonTarget	1	164278
657.336	n/a	NonTarget	1	164334
657.564	n/a	NonTarget	1	164391
657.788	n/a	NonTarget	1	164447
658.012	n/a	NonTarget	1	164503
658.24	n/a	NonTarget	1	164560
658.464	n/a	NonTarget	1	164616
658.692	n/a	NonTarget	1	164673
658.916	n/a	Target	2	164729
659.14	n/a	NonTarget	1	164785
659.368	n/a	NonTarget	1	164842
659.592	n/a	NonTarget	1	164898
659.82	n/a	NonTarget	1	164955
660.044	n/a	NonTarget	1	165011
660.268	n/a	Target	2	165067
660.496	n/a	NonTarget	1	165124
660.72	n/a	NonTarget	1	165180
660.948	n/a	NonTarget	1	165237
661.172	n/a	NonTarget	1	165293
661.4	n/a	NonTarget	1	165350
661.624	n/a	NonTarget	1	165406
661.848	n/a	NonTarget	1	165462
662.076	n/a	NonTarget	1	165519
662.3	n/a	Target	2	165575
662.524	n/a	NonTarget	1	165631
662.748	n/a	NonTarget	1	165687
662.972	n/a	NonTarget	1	165743
663.2	n/a	NonTarget	1	165800
663.424	n/a	NonTarget	1	165856
663.652	n/a	NonTarget	1	165913
663.876	n/a	NonTarget	1	165969
664.1	n/a	NonTarget	1	166025
664.328	n/a	NonTarget	1	166082
664.552	n/a	NonTarget	1	166138
664.78	n/a	NonTarget	1	166195
665.004	n/a	Target	2	166251
665.232	n/a	NonTarget	1	166308
665.456	n/a	NonTarget	1	166364
665.68	n/a	NonTarget	1	166420
665.908	n/a	NonTarget	1	166477
666.132	n/a	NonTarget	1	166533
666.36	n/a	Target	2	166590
666.584	n/a	NonTarget	1	166646
666.808	n/a	NonTarget	1	166702
667.032	n/a	NonTarget	1	166758
667.26	n/a	NonTarget	1	166815
667.484	n/a	NonTarget	1	166871
667.708	n/a	NonTarget	1	166927
667.932	n/a	NonTarget	1	166983
668.16	n/a	NonTarget	1	167040
668.384	n/a	Target	2	167096
668.612	n/a	NonTarget	1	167153
668.836	n/a	NonTarget	1	167209
669.06	n/a	NonTarget	1	167265
669.288	n/a	NonTarget	1	167322
669.512	n/a	NonTarget	1	167378
669.736	n/a	NonTarget	1	167434
669.964	n/a	Target	2	167491
670.188	n/a	NonTarget	1	167547
670.416	n/a	NonTarget	1	167604
670.64	n/a	NonTarget	1	167660
670.864	n/a	NonTarget	1	167716
671.092	n/a	NonTarget	1	167773
671.316	n/a	NonTarget	1	167829
671.544	n/a	NonTarget	1	167886
671.768	n/a	NonTarget	1	167942
671.992	n/a	NonTarget	1	167998
672.22	n/a	NonTarget	1	168055
672.444	n/a	NonTarget	1	168111
672.668	n/a	NonTarget	1	168167
672.892	n/a	Target	2	168223
673.12	n/a	NonTarget	1	168280
673.344	n/a	NonTarget	1	168336
673.572	n/a	NonTarget	1	168393
673.796	n/a	NonTarget	1	168449
674.024	n/a	NonTarget	1	168506
674.248	n/a	NonTarget	1	168562
674.472	n/a	Target	2	168618
674.7	n/a	NonTarget	1	168675
674.924	n/a	NonTarget	1	168731
675.152	n/a	NonTarget	1	168788
675.376	n/a	NonTarget	1	168844
675.6	n/a	NonTarget	1	168900
675.828	n/a	NonTarget	1	168957
676.052	n/a	NonTarget	1	169013
676.28	n/a	Target	2	169070
676.504	n/a	NonTarget	1	169126
676.728	n/a	NonTarget	1	169182
676.956	n/a	NonTarget	1	169239
677.18	n/a	NonTarget	1	169295
677.404	n/a	NonTarget	1	169351
677.632	n/a	NonTarget	1	169408
677.856	n/a	NonTarget	1	169464
678.08	n/a	NonTarget	1	169520
678.304	n/a	NonTarget	1	169576
678.532	n/a	NonTarget	1	169633
678.756	n/a	Target	2	169689
678.984	n/a	NonTarget	1	169746
679.208	n/a	NonTarget	1	169802
679.432	n/a	NonTarget	1	169858
679.66	n/a	NonTarget	1	169915
679.884	n/a	NonTarget	1	169971
680.112	n/a	NonTarget	1	170028
680.336	n/a	NonTarget	1	170084
680.564	n/a	NonTarget	1	170141
680.788	n/a	Target	2	170197
681.012	n/a	NonTarget	1	170253
681.24	n/a	NonTarget	1	170310
681.464	n/a	NonTarget	1	170366
681.692	n/a	NonTarget	1	170423
681.916	n/a	NonTarget	1	170479
693.216	n/a	NonTarget	1	173304
693.44	n/a	NonTarget	1	173360
693.664	n/a	Target	2	173416
693.888	n/a	NonTarget	1	173472
694.116	n/a	NonTarget	1	173529
694.34	n/a	NonTarget	1	173585
694.564	n/a	NonTarget	1	173641
694.792	n/a	NonTarget	1	173698
695.016	n/a	NonTarget	1	173754
695.24	n/a	NonTarget	1	173810
695.468	n/a	NonTarget	1	173867
695.692	n/a	Target	2	173923
695.92	n/a	NonTarget	1	173980
696.144	n/a	NonTarget	1	174036
696.368	n/a	NonTarget	1	174092
696.596	n/a	NonTarget	1	174149
696.82	n/a	NonTarget	1	174205
697.044	n/a	NonTarget	1	174261
697.272	n/a	NonTarget	1	174318
697.5	n/a	Target	2	174375
697.724	n/a	NonTarget	1	174431
697.948	n/a	NonTarget	1	174487
698.172	n/a	NonTarget	1	174543
698.4	n/a	NonTarget	1	174600
698.624	n/a	NonTarget	1	174656
698.852	n/a	NonTarget	1	174713
699.076	n/a	NonTarget	1	174769
699.3	n/a	Target	2	174825
699.528	n/a	NonTarget	1	174882
699.752	n/a	NonTarget	1	174938
699.98	n/a	NonTarget	1	174995
700.204	n/a	NonTarget	1	175051
700.428	n/a	NonTarget	1	175107
700.656	n/a	NonTarget	1	175164
700.88	n/a	NonTarget	1	175220
701.108	n/a	NonTarget	1	175277
701.332	n/a	NonTarget	1	175333
701.556	n/a	NonTarget	1	175389
701.784	n/a	NonTarget	1	175446
702.008	n/a	NonTarget	1	175502
702.232	n/a	NonTarget	1	175558
702.456	n/a	NonTarget	1	175614
702.684	n/a	Target	2	175671
702.908	n/a	NonTarget	1	175727
703.132	n/a	NonTarget	1	175783
703.36	n/a	NonTarget	1	175840
703.584	n/a	NonTarget	1	175896
703.812	n/a	NonTarget	1	175953
704.036	n/a	NonTarget	1	176009
704.264	n/a	NonTarget	1	176066
704.488	n/a	NonTarget	1	176122
704.712	n/a	Target	2	176178
704.94	n/a	NonTarget	1	176235
705.164	n/a	NonTarget	1	176291
705.392	n/a	NonTarget	1	176348
705.616	n/a	NonTarget	1	176404
705.84	n/a	Target	2	176460
706.068	n/a	NonTarget	1	176517
706.292	n/a	NonTarget	1	176573
706.52	n/a	NonTarget	1	176630
706.744	n/a	NonTarget	1	176686
706.968	n/a	NonTarget	1	176742
707.192	n/a	NonTarget	1	176798
707.42	n/a	Target	2	176855
707.644	n/a	NonTarget	1	176911
707.868	n/a	NonTarget	1	176967
708.092	n/a	NonTarget	1	177023
708.32	n/a	NonTarget	1	177080
708.544	n/a	NonTarget	1	177136
708.772	n/a	NonTarget	1	177193
708.996	n/a	NonTarget	1	177249
709.22	n/a	NonTarget	1	177305
709.448	n/a	Target	2	177362
709.672	n/a	NonTarget	1	177418
709.896	n/a	NonTarget	1	177474
710.124	n/a	NonTarget	1	177531
710.348	n/a	NonTarget	1	177587
710.572	n/a	NonTarget	1	177643
710.796	n/a	NonTarget	1	177699
711.024	n/a	NonTarget	1	177756
711.248	n/a	NonTarget	1	177812
711.472	n/a	NonTarget	1	177868
711.7	n/a	NonTarget	1	177925
711.924	n/a	NonTarget	1	177981
712.148	n/a	NonTarget	1	178037
712.376	n/a	NonTarget	1	178094
712.6	n/a	NonTarget	1	178150
712.824	n/a	NonTarget	1	178206
713.048	n/a	NonTarget	1	178262
713.276	n/a	Target	2	178319
713.5	n/a	NonTarget	1	178375
713.728	n/a	NonTarget	1	178432
713.952	n/a	NonTarget	1	178488
714.176	n/a	NonTarget	1	178544
714.404	n/a	NonTarget	1	178601
714.628	n/a	NonTarget	1	178657
714.856	n/a	NonTarget	1	178714
715.08	n/a	Target	2	178770
715.304	n/a	NonTarget	1	178826
715.532	n/a	NonTarget	1	178883
715.756	n/a	NonTarget	1	178939
715.984	n/a	NonTarget	1	178996
716.208	n/a	NonTarget	1	179052
716.432	n/a	NonTarget	1	179108
716.66	n/a	NonTarget	1	179165
716.884	n/a	NonTarget	1	179221
717.108	n/a	Target	2	179277
717.336	n/a	NonTarget	1	179334
717.56	n/a	NonTarget	1	179390
717.784	n/a	NonTarget	1	179446
718.008	n/a	NonTarget	1	179502
718.236	n/a	Target	2	179559
718.46	n/a	NonTarget	1	179615
718.684	n/a	NonTarget	1	179671
718.912	n/a	NonTarget	1	179728
719.136	n/a	NonTarget	1	179784
719.36	n/a	NonTarget	1	179840
719.588	n/a	NonTarget	1	179897
719.812	n/a	NonTarget	1	179953
720.036	n/a	NonTarget	1	180009
720.264	n/a	NonTarget	1	180066
720.488	n/a	NonTarget	1	180122
720.716	n/a	Target	2	180179
720.94	n/a	NonTarget	1	180235
721.164	n/a	NonTarget	1	180291
721.392	n/a	NonTarget	1	180348
721.616	n/a	NonTarget	1	180404
721.84	n/a	NonTarget	1	180460
722.068	n/a	Target	2	180517
722.292	n/a	NonTarget	1	180573
722.516	n/a	NonTarget	1	180629
722.74	n/a	NonTarget	1	180685
722.968	n/a	NonTarget	1	180742
723.192	n/a	NonTarget	1	180798
723.42	n/a	NonTarget	1	180855
732.22	n/a	NonTarget	1	183055
732.444	n/a	NonTarget	1	183111
732.668	n/a	NonTarget	1	183167
732.896	n/a	Target	2	183224
733.12	n/a	NonTarget	1	183280
733.344	n/a	NonTarget	1	183336
733.572	n/a	NonTarget	1	183393
733.796	n/a	NonTarget	1	183449
734.024	n/a	NonTarget	1	183506
734.248	n/a	NonTarget	1	183562
734.472	n/a	NonTarget	1	183618
734.7	n/a	NonTarget	1	183675
734.924	n/a	Target	2	183731
735.148	n/a	NonTarget	1	183787
735.376	n/a	NonTarget	1	183844
735.6	n/a	NonTarget	1	183900
735.824	n/a	NonTarget	1	183956
736.048	n/a	NonTarget	1	184012
736.276	n/a	NonTarget	1	184069
736.5	n/a	NonTarget	1	184125
736.724	n/a	NonTarget	1	184181
736.952	n/a	NonTarget	1	184238
737.176	n/a	NonTarget	1	184294
737.404	n/a	NonTarget	1	184351
737.628	n/a	NonTarget	1	184407
737.852	n/a	Target	2	184463
738.08	n/a	NonTarget	1	184520
738.304	n/a	NonTarget	1	184576
738.528	n/a	NonTarget	1	184632
738.756	n/a	NonTarget	1	184689
738.98	n/a	NonTarget	1	184745
739.208	n/a	Target	2	184802
739.432	n/a	NonTarget	1	184858
739.656	n/a	NonTarget	1	184914
739.88	n/a	NonTarget	1	184970
740.108	n/a	NonTarget	1	185027
740.332	n/a	NonTarget	1	185083
740.56	n/a	Target	2	185140
740.784	n/a	NonTarget	1	185196
741.008	n/a	NonTarget	1	185252
741.236	n/a	NonTarget	1	185309
741.46	n/a	NonTarget	1	185365
741.684	n/a	NonTarget	1	185421
741.908	n/a	NonTarget	1	185477
742.136	n/a	NonTarget	1	185534
742.36	n/a	NonTarget	1	185590
742.588	n/a	NonTarget	1	185647
742.812	n/a	NonTarget	1	185703
743.036	n/a	NonTarget	1	185759
743.264	n/a	NonTarget	1	185816
743.488	n/a	Target	2	185872
743.716	n/a	NonTarget	1	185929
743.94	n/a	NonTarget	1	185985
744.164	n/a	NonTarget	1	186041
744.392	n/a	NonTarget	1	186098
744.616	n/a	Target	2	186154
744.844	n/a	NonTarget	1	186211
745.068	n/a	NonTarget	1	186267
745.292	n/a	NonTarget	1	186323
745.52	n/a	NonTarget	1	186380
745.744	n/a	NonTarget	1	186436
745.972	n/a	NonTarget	1	186493
746.196	n/a	NonTarget	1	186549
746.42	n/a	NonTarget	1	186605
746.648	n/a	NonTarget	1	186662
746.872	n/a	NonTarget	1	186718
747.096	n/a	NonTarget	1	186774
747.324	n/a	NonTarget	1	186831
747.548	n/a	NonTarget	1	186887
747.772	n/a	NonTarget	1	186943
748.0	n/a	Target	2	187000
748.224	n/a	NonTarget	1	187056
748.448	n/a	NonTarget	1	187112
748.676	n/a	NonTarget	1	187169
748.9	n/a	NonTarget	1	187225
749.124	n/a	NonTarget	1	187281
749.352	n/a	NonTarget	1	187338
749.576	n/a	NonTarget	1	187394
749.804	n/a	Target	2	187451
750.028	n/a	NonTarget	1	187507
750.256	n/a	NonTarget	1	187564
750.48	n/a	NonTarget	1	187620
750.704	n/a	NonTarget	1	187676
750.928	n/a	NonTarget	1	187732
751.156	n/a	NonTarget	1	187789
751.38	n/a	NonTarget	1	187845
751.608	n/a	NonTarget	1	187902
751.832	n/a	NonTarget	1	187958
752.056	n/a	Target	2	188014
752.284	n/a	NonTarget	1	188071
752.508	n/a	NonTarget	1	188127
752.736	n/a	NonTarget	1	188184
752.96	n/a	Target	2	188240
753.184	n/a	NonTarget	1	188296
753.412	n/a	NonTarget	1	188353
753.636	n/a	NonTarget	1	188409
753.864	n/a	NonTarget	1	188466
754.088	n/a	NonTarget	1	188522
754.312	n/a	NonTarget	1	188578
754.54	n/a	Target	2	188635
754.764	n/a	NonTarget	1	188691
754.992	n/a	NonTarget	1	188748
755.216	n/a	NonTarget	1	188804
755.44	n/a	NonTarget	1	188860
755.668	n/a	NonTarget	1	188917
755.892	n/a	NonTarget	1	188973
756.12	n/a	NonTarget	1	189030
756.344	n/a	NonTarget	1	189086
756.568	n/a	NonTarget	1	189142
756.796	n/a	NonTarget	1	189199
757.02	n/a	NonTarget	1	189255
757.248	n/a	Target	2	189312
757.472	n/a	NonTarget	1	189368
757.696	n/a	NonTarget	1	189424
757.92	n/a	NonTarget	1	189480
758.148	n/a	NonTarget	1	189537
758.372	n/a	NonTarget	1	189593
758.596	n/a	NonTarget	1	189649
758.824	n/a	NonTarget	1	189706
759.048	n/a	NonTarget	1	189762
759.272	n/a	NonTarget	1	189818
759.496	n/a	NonTarget	1	189874
759.724	n/a	Target	2	189931
759.948	n/a	NonTarget	1	189987
760.172	n/a	NonTarget	1	190043
760.4	n/a	NonTarget	1	190100
760.624	n/a	NonTarget	1	190156
760.852	n/a	NonTarget	1	190213
761.076	n/a	Target	2	190269
761.3	n/a	NonTarget	1	190325
761.528	n/a	NonTarget	1	190382
761.752	n/a	NonTarget	1	190438
761.98	n/a	NonTarget	1	190495
762.204	n/a	NonTarget	1	190551
762.428	n/a	NonTarget	1	190607
775.232	n/a	NonTarget	1	193808
775.456	n/a	Target	2	193864
775.684	n/a	NonTarget	1	193921
775.908	n/a	NonTarget	1	193977
776.132	n/a	NonTarget	1	194033
776.36	n/a	NonTarget	1	194090
776.584	n/a	NonTarget	1	194146
776.808	n/a	NonTarget	1	194202
777.036	n/a	NonTarget	1	194259
777.26	n/a	NonTarget	1	194315
777.484	n/a	NonTarget	1	194371
777.712	n/a	Target	2	194428
777.936	n/a	NonTarget	1	194484
778.16	n/a	NonTarget	1	194540
778.388	n/a	NonTarget	1	194597
778.612	n/a	NonTarget	1	194653
778.84	n/a	NonTarget	1	194710
779.064	n/a	NonTarget	1	194766
779.288	n/a	NonTarget	1	194822
779.516	n/a	NonTarget	1	194879
779.74	n/a	NonTarget	1	194935
779.968	n/a	NonTarget	1	194992
780.192	n/a	NonTarget	1	195048
780.416	n/a	NonTarget	1	195104
780.644	n/a	Target	2	195161
780.868	n/a	NonTarget	1	195217
781.096	n/a	NonTarget	1	195274
781.32	n/a	NonTarget	1	195330
781.544	n/a	NonTarget	1	195386
781.772	n/a	NonTarget	1	195443
781.996	n/a	NonTarget	1	195499
782.224	n/a	NonTarget	1	195556
782.448	n/a	NonTarget	1	195612
782.672	n/a	NonTarget	1	195668
782.9	n/a	NonTarget	1	195725
783.124	n/a	Target	2	195781
783.352	n/a	NonTarget	1	195838
783.576	n/a	NonTarget	1	195894
783.8	n/a	NonTarget	1	195950
784.024	n/a	NonTarget	1	196006
784.252	n/a	NonTarget	1	196063
784.476	n/a	Target	2	196119
784.7	n/a	NonTarget	1	196175
784.928	n/a	NonTarget	1	196232
785.152	n/a	NonTarget	1	196288
785.376	n/a	NonTarget	1	196344
785.604	n/a	NonTarget	1	196401
785.828	n/a	NonTarget	1	196457
786.056	n/a	NonTarget	1	196514
786.28	n/a	NonTarget	1	196570
786.504	n/a	Target	2	196626
786.732	n/a	NonTarget	1	196683
786.956	n/a	NonTarget	1	196739
787.184	n/a	NonTarget	1	196796
787.408	n/a	NonTarget	1	196852
787.632	n/a	NonTarget	1	196908
787.86	n/a	Target	2	196965
788.084	n/a	NonTarget	1	197021
788.308	n/a	NonTarget	1	197077
788.536	n/a	NonTarget	1	197134
788.76	n/a	NonTarget	1	197190
788.988	n/a	NonTarget	1	197247
789.212	n/a	NonTarget	1	197303
789.436	n/a	NonTarget	1	197359
789.664	n/a	Target	2	197416
789.888	n/a	NonTarget	1	197472
790.112	n/a	NonTarget	1	197528
790.336	n/a	NonTarget	1	197584
790.564	n/a	NonTarget	1	197641
790.788	n/a	NonTarget	1	197697
791.016	n/a	NonTarget	1	197754
791.24	n/a	NonTarget	1	197810
791.464	n/a	NonTarget	1	197866
791.692	n/a	NonTarget	1	197923
791.916	n/a	NonTarget	1	197979
792.144	n/a	NonTarget	1	198036
792.368	n/a	NonTarget	1	198092
792.596	n/a	NonTarget	1	198149
792.82	n/a	Target	2	198205
793.044	n/a	NonTarget	1	198261
793.272	n/a	NonTarget	1	198318
793.496	n/a	NonTarget	1	198374
793.72	n/a	NonTarget	1	198430
793.948	n/a	NonTarget	1	198487
794.172	n/a	NonTarget	1	198543
794.396	n/a	NonTarget	1	198599
794.624	n/a	NonTarget	1	198656
794.848	n/a	NonTarget	1	198712
795.072	n/a	Target	2	198768
795.296	n/a	NonTarget	1	198824
795.524	n/a	NonTarget	1	198881
795.748	n/a	NonTarget	1	198937
795.976	n/a	Target	2	198994
796.2	n/a	NonTarget	1	199050
796.424	n/a	NonTarget	1	199106
796.652	n/a	NonTarget	1	199163
796.876	n/a	NonTarget	1	199219
797.104	n/a	NonTarget	1	199276
797.328	n/a	NonTarget	1	199332
797.552	n/a	NonTarget	1	199388
797.78	n/a	NonTarget	1	199445
798.004	n/a	Target	2	199501
798.228	n/a	NonTarget	1	199557
798.452	n/a	NonTarget	1	199613
798.68	n/a	NonTarget	1	199670
798.908	n/a	NonTarget	1	199727
799.132	n/a	NonTarget	1	199783
799.356	n/a	NonTarget	1	199839
799.58	n/a	NonTarget	1	199895
799.808	n/a	NonTarget	1	199952
800.032	n/a	NonTarget	1	200008
800.256	n/a	NonTarget	1	200064
800.484	n/a	NonTarget	1	200121
800.708	n/a	Target	2	200177
800.932	n/a	NonTarget	1	200233
801.16	n/a	NonTarget	1	200290
801.384	n/a	NonTarget	1	200346
801.608	n/a	NonTarget	1	200402
801.836	n/a	NonTarget	1	200459
802.06	n/a	NonTarget	1	200515
802.284	n/a	NonTarget	1	200571
802.512	n/a	NonTarget	1	200628
802.736	n/a	Target	2	200684
802.964	n/a	NonTarget	1	200741
803.188	n/a	NonTarget	1	200797
803.412	n/a	NonTarget	1	200853
803.64	n/a	NonTarget	1	200910
803.868	n/a	NonTarget	1	200967
804.092	n/a	NonTarget	1	201023
804.316	n/a	NonTarget	1	201079
804.54	n/a	NonTarget	1	201135
804.768	n/a	NonTarget	1	201192
804.992	n/a	NonTarget	1	201248
805.216	n/a	Target	2	201304
805.444	n/a	NonTarget	1	201361
814.216	n/a	NonTarget	1	203554
814.444	n/a	NonTarget	1	203611
814.668	n/a	NonTarget	1	203667
814.892	n/a	NonTarget	1	203723
815.12	n/a	Target	2	203780
815.344	n/a	NonTarget	1	203836
815.572	n/a	NonTarget	1	203893
815.796	n/a	NonTarget	1	203949
816.02	n/a	NonTarget	1	204005
816.248	n/a	Target	2	204062
816.472	n/a	NonTarget	1	204118
816.696	n/a	NonTarget	1	204174
816.924	n/a	NonTarget	1	204231
817.148	n/a	NonTarget	1	204287
817.372	n/a	NonTarget	1	204343
817.6	n/a	NonTarget	1	204400
817.828	n/a	NonTarget	1	204457
818.052	n/a	NonTarget	1	204513
818.276	n/a	NonTarget	1	204569
818.5	n/a	NonTarget	1	204625
818.728	n/a	NonTarget	1	204682
818.952	n/a	NonTarget	1	204738
819.18	n/a	NonTarget	1	204795
819.404	n/a	NonTarget	1	204851
819.628	n/a	Target	2	204907
819.856	n/a	NonTarget	1	204964
820.08	n/a	NonTarget	1	205020
820.308	n/a	NonTarget	1	205077
820.532	n/a	NonTarget	1	205133
820.756	n/a	NonTarget	1	205189
820.984	n/a	NonTarget	1	205246
821.208	n/a	NonTarget	1	205302
821.436	n/a	NonTarget	1	205359
821.66	n/a	NonTarget	1	205415
821.884	n/a	Target	2	205471
822.112	n/a	NonTarget	1	205528
822.336	n/a	NonTarget	1	205584
822.564	n/a	Target	2	205641
822.788	n/a	NonTarget	1	205697
823.016	n/a	NonTarget	1	205754
823.24	n/a	NonTarget	1	205810
823.464	n/a	NonTarget	1	205866
823.688	n/a	NonTarget	1	205922
823.916	n/a	NonTarget	1	205979
824.144	n/a	NonTarget	1	206036
824.368	n/a	NonTarget	1	206092
824.592	n/a	Target	2	206148
824.816	n/a	NonTarget	1	206204
825.04	n/a	NonTarget	1	206260
825.268	n/a	NonTarget	1	206317
825.492	n/a	NonTarget	1	206373
825.716	n/a	NonTarget	1	206429
825.944	n/a	NonTarget	1	206486
826.168	n/a	NonTarget	1	206542
826.392	n/a	NonTarget	1	206598
826.62	n/a	NonTarget	1	206655
826.844	n/a	NonTarget	1	206711
827.068	n/a	NonTarget	1	206767
827.292	n/a	Target	2	206823
827.52	n/a	NonTarget	1	206880
827.744	n/a	NonTarget	1	206936
827.972	n/a	NonTarget	1	206993
828.196	n/a	NonTarget	1	207049
828.424	n/a	NonTarget	1	207106
828.648	n/a	Target	2	207162
828.872	n/a	NonTarget	1	207218
829.1	n/a	NonTarget	1	207275
829.324	n/a	NonTarget	1	207331
829.548	n/a	NonTarget	1	207387
829.776	n/a	NonTarget	1	207444
830.0	n/a	NonTarget	1	207500
830.224	n/a	NonTarget	1	207556
830.452	n/a	NonTarget	1	207613
830.676	n/a	NonTarget	1	207669
830.9	n/a	NonTarget	1	207725
831.124	n/a	NonTarget	1	207781
831.352	n/a	NonTarget	1	207838
831.576	n/a	NonTarget	1	207894
831.8	n/a	Target	2	207950
832.028	n/a	NonTarget	1	208007
832.252	n/a	NonTarget	1	208063
832.476	n/a	NonTarget	1	208119
832.704	n/a	NonTarget	1	208176
832.928	n/a	NonTarget	1	208232
833.152	n/a	NonTarget	1	208288
833.376	n/a	NonTarget	1	208344
833.604	n/a	NonTarget	1	208401
833.828	n/a	Target	2	208457
834.052	n/a	NonTarget	1	208513
834.28	n/a	NonTarget	1	208570
834.504	n/a	NonTarget	1	208626
834.728	n/a	Target	2	208682
834.956	n/a	NonTarget	1	208739
835.18	n/a	NonTarget	1	208795
835.408	n/a	NonTarget	1	208852
835.632	n/a	NonTarget	1	208908
835.856	n/a	NonTarget	1	208964
836.08	n/a	NonTarget	1	209020
836.308	n/a	NonTarget	1	209077
836.532	n/a	NonTarget	1	209133
836.756	n/a	NonTarget	1	209189
836.984	n/a	NonTarget	1	209246
837.208	n/a	NonTarget	1	209302
837.436	n/a	Target	2	209359
837.66	n/a	NonTarget	1	209415
837.884	n/a	NonTarget	1	209471
838.112	n/a	NonTarget	1	209528
838.336	n/a	NonTarget	1	209584
838.56	n/a	NonTarget	1	209640
838.784	n/a	Target	2	209696
839.012	n/a	NonTarget	1	209753
839.236	n/a	NonTarget	1	209809
839.46	n/a	NonTarget	1	209865
839.688	n/a	NonTarget	1	209922
839.912	n/a	NonTarget	1	209978
840.14	n/a	NonTarget	1	210035
840.364	n/a	NonTarget	1	210091
840.588	n/a	Target	2	210147
840.816	n/a	NonTarget	1	210204
841.04	n/a	NonTarget	1	210260
841.268	n/a	NonTarget	1	210317
841.492	n/a	NonTarget	1	210373
841.716	n/a	NonTarget	1	210429
841.944	n/a	NonTarget	1	210486
842.168	n/a	NonTarget	1	210542
842.392	n/a	NonTarget	1	210598
842.616	n/a	NonTarget	1	210654
842.844	n/a	Target	2	210711
843.068	n/a	NonTarget	1	210767
843.292	n/a	NonTarget	1	210823
843.52	n/a	NonTarget	1	210880
843.744	n/a	NonTarget	1	210936
843.968	n/a	NonTarget	1	210992
844.192	n/a	NonTarget	1	211048
844.42	n/a	NonTarget	1	211105
860.352	n/a	NonTarget	1	215088
860.576	n/a	Target	2	215144
860.804	n/a	NonTarget	1	215201
861.028	n/a	NonTarget	1	215257
861.256	n/a	NonTarget	1	215314
861.48	n/a	NonTarget	1	215370
861.704	n/a	NonTarget	1	215426
861.932	n/a	NonTarget	1	215483
862.156	n/a	NonTarget	1	215539
862.38	n/a	NonTarget	1	215595
862.608	n/a	NonTarget	1	215652
862.832	n/a	NonTarget	1	215708
863.06	n/a	NonTarget	1	215765
863.284	n/a	NonTarget	1	215821
863.512	n/a	Target	2	215878
863.736	n/a	NonTarget	1	215934
863.964	n/a	NonTarget	1	215991
864.188	n/a	NonTarget	1	216047
864.412	n/a	NonTarget	1	216103
864.64	n/a	NonTarget	1	216160
864.864	n/a	Target	2	216216
865.092	n/a	NonTarget	1	216273
865.316	n/a	NonTarget	1	216329
865.544	n/a	NonTarget	1	216386
865.768	n/a	NonTarget	1	216442
865.992	n/a	NonTarget	1	216498
866.22	n/a	NonTarget	1	216555
866.444	n/a	Target	2	216611
866.668	n/a	NonTarget	1	216667
866.896	n/a	NonTarget	1	216724
867.12	n/a	NonTarget	1	216780
867.348	n/a	NonTarget	1	216837
867.572	n/a	NonTarget	1	216893
867.796	n/a	NonTarget	1	216949
868.024	n/a	NonTarget	1	217006
868.248	n/a	NonTarget	1	217062
868.476	n/a	NonTarget	1	217119
868.7	n/a	NonTarget	1	217175
868.924	n/a	NonTarget	1	217231
869.152	n/a	NonTarget	1	217288
869.376	n/a	NonTarget	1	217344
869.6	n/a	NonTarget	1	217400
869.828	n/a	NonTarget	1	217457
870.052	n/a	Target	2	217513
870.276	n/a	NonTarget	1	217569
870.5	n/a	NonTarget	1	217625
870.728	n/a	NonTarget	1	217682
870.952	n/a	NonTarget	1	217738
871.18	n/a	NonTarget	1	217795
871.404	n/a	NonTarget	1	217851
871.628	n/a	Target	2	217907
871.856	n/a	NonTarget	1	217964
872.08	n/a	NonTarget	1	218020
872.308	n/a	NonTarget	1	218077
872.532	n/a	NonTarget	1	218133
872.756	n/a	NonTarget	1	218189
872.984	n/a	NonTarget	1	218246
873.208	n/a	NonTarget	1	218302
873.436	n/a	NonTarget	1	218359
873.66	n/a	Target	2	218415
873.888	n/a	NonTarget	1	218472
874.112	n/a	NonTarget	1	218528
874.336	n/a	NonTarget	1	218584
874.564	n/a	NonTarget	1	218641
874.788	n/a	Target	2	218697
875.012	n/a	NonTarget	1	218753
875.24	n/a	NonTarget	1	218810
875.464	n/a	NonTarget	1	218866
875.692	n/a	NonTarget	1	218923
875.916	n/a	NonTarget	1	218979
876.14	n/a	NonTarget	1	219035
876.368	n/a	NonTarget	1	219092
876.592	n/a	NonTarget	1	219148
876.816	n/a	NonTarget	1	219204
877.04	n/a	NonTarget	1	219260
877.268	n/a	NonTarget	1	219317
877.492	n/a	Target	2	219373
877.72	n/a	NonTarget	1	219430
877.944	n/a	NonTarget	1	219486
878.168	n/a	NonTarget	1	219542
878.396	n/a	NonTarget	1	219599
878.62	n/a	NonTarget	1	219655
878.844	n/a	NonTarget	1	219711
879.072	n/a	NonTarget	1	219768
879.296	n/a	NonTarget	1	219824
879.52	n/a	NonTarget	1	219880
879.744	n/a	NonTarget	1	219936
879.972	n/a	Target	2	219993
880.196	n/a	NonTarget	1	220049
880.42	n/a	NonTarget	1	220105
880.648	n/a	NonTarget	1	220162
880.872	n/a	Target	2	220218
881.1	n/a	NonTarget	1	220275
881.324	n/a	NonTarget	1	220331
881.548	n/a	NonTarget	1	220387
881.776	n/a	NonTarget	1	220444
882.0	n/a	NonTarget	1	220500
882.228	n/a	NonTarget	1	220557
882.452	n/a	NonTarget	1	220613
882.68	n/a	NonTarget	1	220670
882.904	n/a	NonTarget	1	220726
883.128	n/a	NonTarget	1	220782
883.356	n/a	NonTarget	1	220839
883.58	n/a	NonTarget	1	220895
883.808	n/a	Target	2	220952
884.032	n/a	NonTarget	1	221008
884.256	n/a	NonTarget	1	221064
884.484	n/a	NonTarget	1	221121
884.708	n/a	NonTarget	1	221177
884.936	n/a	Target	2	221234
885.16	n/a	NonTarget	1	221290
885.388	n/a	NonTarget	1	221347
885.612	n/a	NonTarget	1	221403
885.836	n/a	NonTarget	1	221459
886.06	n/a	NonTarget	1	221515
886.284	n/a	NonTarget	1	221571
886.512	n/a	NonTarget	1	221628
886.736	n/a	Target	2	221684
886.96	n/a	NonTarget	1	221740
887.188	n/a	NonTarget	1	221797
887.412	n/a	NonTarget	1	221853
887.64	n/a	NonTarget	1	221910
887.864	n/a	NonTarget	1	221966
888.088	n/a	NonTarget	1	222022
888.316	n/a	NonTarget	1	222079
888.54	n/a	NonTarget	1	222135
888.768	n/a	NonTarget	1	222192
888.992	n/a	Target	2	222248
889.22	n/a	NonTarget	1	222305
889.444	n/a	NonTarget	1	222361
889.668	n/a	NonTarget	1	222417
889.896	n/a	NonTarget	1	222474
890.12	n/a	NonTarget	1	222530
890.344	n/a	NonTarget	1	222586
890.572	n/a	NonTarget	1	222643
899.364	n/a	NonTarget	1	224841
899.592	n/a	NonTarget	1	224898
899.816	n/a	NonTarget	1	224954
900.044	n/a	NonTarget	1	225011
900.268	n/a	Target	2	225067
900.492	n/a	NonTarget	1	225123
900.72	n/a	NonTarget	1	225180
900.944	n/a	NonTarget	1	225236
901.172	n/a	NonTarget	1	225293
901.396	n/a	NonTarget	1	225349
901.62	n/a	NonTarget	1	225405
901.848	n/a	Target	2	225462
902.072	n/a	NonTarget	1	225518
902.3	n/a	NonTarget	1	225575
902.524	n/a	NonTarget	1	225631
902.748	n/a	NonTarget	1	225687
902.976	n/a	NonTarget	1	225744
903.2	n/a	NonTarget	1	225800
903.428	n/a	Target	2	225857
903.652	n/a	NonTarget	1	225913
903.876	n/a	NonTarget	1	225969
904.104	n/a	NonTarget	1	226026
904.328	n/a	NonTarget	1	226082
904.556	n/a	NonTarget	1	226139
904.78	n/a	NonTarget	1	226195
905.004	n/a	NonTarget	1	226251
905.228	n/a	NonTarget	1	226307
905.452	n/a	NonTarget	1	226363
905.68	n/a	Target	2	226420
905.904	n/a	NonTarget	1	226476
906.132	n/a	NonTarget	1	226533
906.356	n/a	NonTarget	1	226589
906.584	n/a	NonTarget	1	226646
906.808	n/a	NonTarget	1	226702
907.032	n/a	NonTarget	1	226758
907.26	n/a	NonTarget	1	226815
907.484	n/a	NonTarget	1	226871
907.712	n/a	NonTarget	1	226928
907.936	n/a	Target	2	226984
908.16	n/a	NonTarget	1	227040
908.388	n/a	NonTarget	1	227097
908.612	n/a	NonTarget	1	227153
908.84	n/a	NonTarget	1	227210
909.064	n/a	NonTarget	1	227266
909.288	n/a	NonTarget	1	227322
909.516	n/a	NonTarget	1	227379
909.74	n/a	NonTarget	1	227435
909.964	n/a	NonTarget	1	227491
910.192	n/a	NonTarget	1	227548
910.416	n/a	NonTarget	1	227604
910.64	n/a	NonTarget	1	227660
910.868	n/a	NonTarget	1	227717
911.092	n/a	Target	2	227773
911.316	n/a	NonTarget	1	227829
911.544	n/a	NonTarget	1	227886
911.768	n/a	NonTarget	1	227942
911.992	n/a	NonTarget	1	227998
912.22	n/a	NonTarget	1	228055
912.444	n/a	Target	2	228111
912.668	n/a	NonTarget	1	228167
912.896	n/a	NonTarget	1	228224
913.12	n/a	NonTarget	1	228280
913.348	n/a	NonTarget	1	228337
913.572	n/a	NonTarget	1	228393
913.8	n/a	NonTarget	1	228450
914.024	n/a	NonTarget	1	228506
914.248	n/a	NonTarget	1	228562
914.476	n/a	NonTarget	1	228619
914.7	n/a	NonTarget	1	228675
914.928	n/a	NonTarget	1	228732
915.152	n/a	Target	2	228788
915.376	n/a	NonTarget	1	228844
915.604	n/a	NonTarget	1	228901
915.828	n/a	NonTarget	1	228957
916.056	n/a	NonTarget	1	229014
916.28	n/a	NonTarget	1	229070
916.504	n/a	NonTarget	1	229126
916.732	n/a	NonTarget	1	229183
916.956	n/a	NonTarget	1	229239
917.18	n/a	Target	2	229295
917.408	n/a	NonTarget	1	229352
917.632	n/a	NonTarget	1	229408
917.856	n/a	NonTarget	1	229464
918.084	n/a	NonTarget	1	229521
918.308	n/a	NonTarget	1	229577
918.532	n/a	NonTarget	1	229633
918.76	n/a	Target	2	229690
918.984	n/a	NonTarget	1	229746
919.212	n/a	NonTarget	1	229803
919.436	n/a	NonTarget	1	229859
919.66	n/a	NonTarget	1	229915
919.888	n/a	NonTarget	1	229972
920.112	n/a	NonTarget	1	230028
920.34	n/a	NonTarget	1	230085
920.564	n/a	Target	2	230141
920.788	n/a	NonTarget	1	230197
921.016	n/a	NonTarget	1	230254
921.24	n/a	NonTarget	1	230310
921.468	n/a	NonTarget	1	230367
921.692	n/a	NonTarget	1	230423
921.916	n/a	NonTarget	1	230479
922.14	n/a	NonTarget	1	230535
922.364	n/a	Target	2	230591
922.592	n/a	NonTarget	1	230648
922.816	n/a	NonTarget	1	230704
923.04	n/a	NonTarget	1	230760
923.268	n/a	NonTarget	1	230817
923.492	n/a	NonTarget	1	230873
923.72	n/a	NonTarget	1	230930
923.944	n/a	Target	2	230986
924.168	n/a	NonTarget	1	231042
924.396	n/a	NonTarget	1	231099
924.62	n/a	NonTarget	1	231155
924.848	n/a	NonTarget	1	231212
925.072	n/a	NonTarget	1	231268
925.296	n/a	NonTarget	1	231324
925.524	n/a	NonTarget	1	231381
925.748	n/a	NonTarget	1	231437
925.972	n/a	NonTarget	1	231493
926.196	n/a	NonTarget	1	231549
926.424	n/a	NonTarget	1	231606
926.648	n/a	NonTarget	1	231662
926.872	n/a	Target	2	231718
927.1	n/a	NonTarget	1	231775
927.324	n/a	NonTarget	1	231831
927.552	n/a	NonTarget	1	231888
927.776	n/a	NonTarget	1	231944
928.0	n/a	NonTarget	1	232000
928.224	n/a	NonTarget	1	232056
928.448	n/a	NonTarget	1	232112
928.676	n/a	NonTarget	1	232169
928.9	n/a	NonTarget	1	232225
929.124	n/a	NonTarget	1	232281
929.352	n/a	Target	2	232338
929.576	n/a	NonTarget	1	232394
941.652	n/a	NonTarget	1	235413
941.876	n/a	Target	2	235469
942.104	n/a	NonTarget	1	235526
942.328	n/a	NonTarget	1	235582
942.556	n/a	NonTarget	1	235639
942.78	n/a	NonTarget	1	235695
943.004	n/a	NonTarget	1	235751
943.228	n/a	NonTarget	1	235807
943.452	n/a	NonTarget	1	235863
943.68	n/a	Target	2	235920
943.904	n/a	NonTarget	1	235976
944.128	n/a	NonTarget	1	236032
944.356	n/a	NonTarget	1	236089
944.58	n/a	NonTarget	1	236145
944.808	n/a	NonTarget	1	236202
945.032	n/a	NonTarget	1	236258
945.26	n/a	NonTarget	1	236315
945.484	n/a	NonTarget	1	236371
945.708	n/a	NonTarget	1	236427
945.932	n/a	NonTarget	1	236483
946.16	n/a	NonTarget	1	236540
946.388	n/a	NonTarget	1	236597
946.612	n/a	NonTarget	1	236653
946.836	n/a	NonTarget	1	236709
947.06	n/a	NonTarget	1	236765
947.288	n/a	NonTarget	1	236822
947.516	n/a	Target	2	236879
947.74	n/a	NonTarget	1	236935
947.964	n/a	NonTarget	1	236991
948.192	n/a	NonTarget	1	237048
948.416	n/a	NonTarget	1	237104
948.64	n/a	NonTarget	1	237160
948.868	n/a	NonTarget	1	237217
949.092	n/a	NonTarget	1	237273
949.32	n/a	NonTarget	1	237330
949.544	n/a	Target	2	237386
949.768	n/a	NonTarget	1	237442
949.996	n/a	NonTarget	1	237499
950.22	n/a	NonTarget	1	237555
950.444	n/a	NonTarget	1	237611
950.668	n/a	NonTarget	1	237667
950.896	n/a	NonTarget	1	237724
951.12	n/a	NonTarget	1	237780
951.344	n/a	NonTarget	1	237836
951.572	n/a	Target	2	237893
951.796	n/a	NonTarget	1	237949
952.02	n/a	NonTarget	1	238005
952.248	n/a	NonTarget	1	238062
952.472	n/a	NonTarget	1	238118
952.7	n/a	NonTarget	1	238175
952.924	n/a	NonTarget	1	238231
953.148	n/a	NonTarget	1	238287
953.376	n/a	Target	2	238344
953.6	n/a	NonTarget	1	238400
953.828	n/a	NonTarget	1	238457
954.052	n/a	NonTarget	1	238513
954.276	n/a	NonTarget	1	238569
954.5	n/a	NonTarget	1	238625
954.728	n/a	NonTarget	1	238682
954.952	n/a	Target	2	238738
955.18	n/a	NonTarget	1	238795
955.404	n/a	NonTarget	1	238851
955.632	n/a	NonTarget	1	238908
955.856	n/a	NonTarget	1	238964
956.08	n/a	NonTarget	1	239020
956.308	n/a	NonTarget	1	239077
956.532	n/a	NonTarget	1	239133
956.76	n/a	NonTarget	1	239190
956.984	n/a	NonTarget	1	239246
957.208	n/a	Target	2	239302
957.436	n/a	NonTarget	1	239359
957.66	n/a	NonTarget	1	239415
957.888	n/a	NonTarget	1	239472
958.112	n/a	NonTarget	1	239528
958.336	n/a	NonTarget	1	239584
958.564	n/a	Target	2	239641
958.788	n/a	NonTarget	1	239697
959.016	n/a	NonTarget	1	239754
959.24	n/a	NonTarget	1	239810
959.468	n/a	NonTarget	1	239867
959.692	n/a	NonTarget	1	239923
959.916	n/a	NonTarget	1	239979
960.14	n/a	NonTarget	1	240035
960.364	n/a	NonTarget	1	240091
960.592	n/a	NonTarget	1	240148
960.816	n/a	Target	2	240204
961.04	n/a	NonTarget	1	240260
961.268	n/a	NonTarget	1	240317
961.492	n/a	NonTarget	1	240373
961.72	n/a	NonTarget	1	240430
961.944	n/a	NonTarget	1	240486
962.168	n/a	NonTarget	1	240542
962.392	n/a	Target	2	240598
962.616	n/a	NonTarget	1	240654
962.844	n/a	NonTarget	1	240711
963.068	n/a	NonTarget	1	240767
963.296	n/a	NonTarget	1	240824
963.52	n/a	NonTarget	1	240880
963.748	n/a	NonTarget	1	240937
963.972	n/a	NonTarget	1	240993
964.196	n/a	NonTarget	1	241049
964.424	n/a	NonTarget	1	241106
964.648	n/a	Target	2	241162
964.872	n/a	NonTarget	1	241218
965.1	n/a	NonTarget	1	241275
965.324	n/a	NonTarget	1	241331
965.552	n/a	NonTarget	1	241388
965.776	n/a	NonTarget	1	241444
966.0	n/a	NonTarget	1	241500
966.224	n/a	NonTarget	1	241556
966.452	n/a	NonTarget	1	241613
966.676	n/a	NonTarget	1	241669
966.9	n/a	NonTarget	1	241725
967.128	n/a	NonTarget	1	241782
967.352	n/a	Target	2	241838
967.576	n/a	NonTarget	1	241894
967.804	n/a	NonTarget	1	241951
968.028	n/a	NonTarget	1	242007
968.256	n/a	NonTarget	1	242064
968.48	n/a	NonTarget	1	242120
968.708	n/a	NonTarget	1	242177
968.932	n/a	NonTarget	1	242233
969.156	n/a	NonTarget	1	242289
969.384	n/a	NonTarget	1	242346
969.608	n/a	NonTarget	1	242402
969.832	n/a	Target	2	242458
970.06	n/a	NonTarget	1	242515
970.284	n/a	NonTarget	1	242571
970.512	n/a	NonTarget	1	242628
970.736	n/a	NonTarget	1	242684
970.96	n/a	NonTarget	1	242740
971.188	n/a	Target	2	242797
971.412	n/a	NonTarget	1	242853
971.636	n/a	NonTarget	1	242909
971.864	n/a	NonTarget	1	242966
980.636	n/a	NonTarget	1	245159
980.86	n/a	NonTarget	1	245215
981.084	n/a	NonTarget	1	245271
981.312	n/a	NonTarget	1	245328
981.536	n/a	NonTarget	1	245384
981.764	n/a	Target	2	245441
981.988	n/a	NonTarget	1	245497
982.212	n/a	NonTarget	1	245553
982.44	n/a	NonTarget	1	245610
982.664	n/a	NonTarget	1	245666
982.892	n/a	Target	2	245723
983.116	n/a	NonTarget	1	245779
983.344	n/a	NonTarget	1	245836
983.568	n/a	NonTarget	1	245892
983.792	n/a	NonTarget	1	245948
984.016	n/a	NonTarget	1	246004
984.244	n/a	NonTarget	1	246061
984.468	n/a	NonTarget	1	246117
984.692	n/a	Target	2	246173
984.916	n/a	NonTarget	1	246229
985.144	n/a	NonTarget	1	246286
985.368	n/a	NonTarget	1	246342
985.596	n/a	NonTarget	1	246399
985.82	n/a	NonTarget	1	246455
986.048	n/a	NonTarget	1	246512
986.272	n/a	NonTarget	1	246568
986.496	n/a	NonTarget	1	246624
986.724	n/a	NonTarget	1	246681
986.948	n/a	NonTarget	1	246737
987.176	n/a	NonTarget	1	246794
987.4	n/a	NonTarget	1	246850
987.624	n/a	NonTarget	1	246906
987.852	n/a	NonTarget	1	246963
988.076	n/a	Target	2	247019
988.3	n/a	NonTarget	1	247075
988.528	n/a	NonTarget	1	247132
988.752	n/a	Target	2	247188
988.976	n/a	NonTarget	1	247244
989.204	n/a	NonTarget	1	247301
989.428	n/a	NonTarget	1	247357
989.652	n/a	NonTarget	1	247413
989.876	n/a	NonTarget	1	247469
990.104	n/a	NonTarget	1	247526
990.328	n/a	NonTarget	1	247582
990.556	n/a	NonTarget	1	247639
990.78	n/a	Target	2	247695
991.008	n/a	NonTarget	1	247752
991.232	n/a	NonTarget	1	247808
991.456	n/a	NonTarget	1	247864
991.684	n/a	NonTarget	1	247921
991.908	n/a	NonTarget	1	247977
992.136	n/a	NonTarget	1	248034
992.36	n/a	NonTarget	1	248090
992.584	n/a	NonTarget	1	248146
992.812	n/a	NonTarget	1	248203
993.036	n/a	NonTarget	1	248259
993.264	n/a	NonTarget	1	248316
993.488	n/a	NonTarget	1	248372
993.716	n/a	NonTarget	1	248429
993.94	n/a	NonTarget	1	248485
994.164	n/a	Target	2	248541
994.388	n/a	NonTarget	1	248597
994.616	n/a	NonTarget	1	248654
994.84	n/a	NonTarget	1	248710
995.064	n/a	NonTarget	1	248766
995.288	n/a	NonTarget	1	248822
995.516	n/a	NonTarget	1	248879
995.74	n/a	NonTarget	1	248935
995.968	n/a	NonTarget	1	248992
996.192	n/a	NonTarget	1	249048
996.416	n/a	Target	2	249104
996.644	n/a	NonTarget	1	249161
996.868	n/a	NonTarget	1	249217
997.096	n/a	NonTarget	1	249274
997.32	n/a	NonTarget	1	249330
997.548	n/a	NonTarget	1	249387
997.772	n/a	NonTarget	1	249443
997.996	n/a	NonTarget	1	249499
998.224	n/a	NonTarget	1	249556
998.448	n/a	Target	2	249612
998.676	n/a	NonTarget	1	249669
998.9	n/a	NonTarget	1	249725
999.124	n/a	NonTarget	1	249781
999.348	n/a	NonTarget	1	249837
999.572	n/a	NonTarget	1	249893
999.8	n/a	NonTarget	1	249950
1000.024	n/a	Target	2	250006
1000.252	n/a	NonTarget	1	250063
1000.476	n/a	NonTarget	1	250119
1000.7	n/a	NonTarget	1	250175
1000.928	n/a	NonTarget	1	250232
1001.152	n/a	NonTarget	1	250288
1001.38	n/a	NonTarget	1	250345
1001.604	n/a	NonTarget	1	250401
1001.828	n/a	NonTarget	1	250457
1002.056	n/a	NonTarget	1	250514
1002.28	n/a	NonTarget	1	250570
1002.504	n/a	Target	2	250626
1002.728	n/a	NonTarget	1	250682
1002.952	n/a	NonTarget	1	250738
1003.18	n/a	NonTarget	1	250795
1003.404	n/a	Target	2	250851
1003.632	n/a	NonTarget	1	250908
1003.856	n/a	NonTarget	1	250964
1004.08	n/a	NonTarget	1	251020
1004.308	n/a	NonTarget	1	251077
1004.532	n/a	NonTarget	1	251133
1004.76	n/a	NonTarget	1	251190
1004.984	n/a	NonTarget	1	251246
1005.208	n/a	Target	2	251302
1005.436	n/a	NonTarget	1	251359
1005.66	n/a	NonTarget	1	251415
1005.884	n/a	NonTarget	1	251471
1006.108	n/a	NonTarget	1	251527
1006.336	n/a	NonTarget	1	251584
1006.56	n/a	NonTarget	1	251640
1006.784	n/a	NonTarget	1	251696
1007.012	n/a	NonTarget	1	251753
1007.236	n/a	Target	2	251809
1007.464	n/a	NonTarget	1	251866
1007.688	n/a	NonTarget	1	251922
1007.912	n/a	NonTarget	1	251978
1008.136	n/a	NonTarget	1	252034
1008.364	n/a	NonTarget	1	252091
1008.588	n/a	NonTarget	1	252147
1008.816	n/a	NonTarget	1	252204
1009.04	n/a	NonTarget	1	252260
1009.264	n/a	NonTarget	1	252316
1009.492	n/a	Target	2	252373
1009.716	n/a	NonTarget	1	252429
1009.944	n/a	NonTarget	1	252486
1010.168	n/a	NonTarget	1	252542
1010.392	n/a	NonTarget	1	252598
1010.616	n/a	NonTarget	1	252654
1022.908	n/a	NonTarget	1	255727
1023.136	n/a	NonTarget	1	255784
1023.36	n/a	NonTarget	1	255840
1023.588	n/a	NonTarget	1	255897
1023.812	n/a	NonTarget	1	255953
1024.036	n/a	NonTarget	1	256009
1024.264	n/a	NonTarget	1	256066
1024.488	n/a	Target	2	256122
1024.716	n/a	NonTarget	1	256179
1024.94	n/a	NonTarget	1	256235
1025.164	n/a	NonTarget	1	256291
1025.392	n/a	NonTarget	1	256348
1025.616	n/a	Target	2	256404
1025.844	n/a	NonTarget	1	256461
1026.068	n/a	NonTarget	1	256517
1026.296	n/a	NonTarget	1	256574
1026.52	n/a	NonTarget	1	256630
1026.744	n/a	NonTarget	1	256686
1026.968	n/a	Target	2	256742
1027.196	n/a	NonTarget	1	256799
1027.42	n/a	NonTarget	1	256855
1027.644	n/a	NonTarget	1	256911
1027.868	n/a	NonTarget	1	256967
1028.096	n/a	NonTarget	1	257024
1028.32	n/a	NonTarget	1	257080
1028.548	n/a	NonTarget	1	257137
1028.772	n/a	NonTarget	1	257193
1028.996	n/a	Target	2	257249
1029.224	n/a	NonTarget	1	257306
1029.448	n/a	NonTarget	1	257362
1029.676	n/a	NonTarget	1	257419
1029.9	n/a	NonTarget	1	257475
1030.124	n/a	NonTarget	1	257531
1030.352	n/a	NonTarget	1	257588
1030.576	n/a	NonTarget	1	257644
1030.804	n/a	NonTarget	1	257701
1031.028	n/a	NonTarget	1	257757
1031.252	n/a	NonTarget	1	257813
1031.48	n/a	NonTarget	1	257870
1031.704	n/a	NonTarget	1	257926
1031.928	n/a	NonTarget	1	257982
1032.156	n/a	NonTarget	1	258039
1032.38	n/a	NonTarget	1	258095
1032.604	n/a	NonTarget	1	258151
1032.828	n/a	Target	2	258207
1033.056	n/a	NonTarget	1	258264
1033.28	n/a	NonTarget	1	258320
1033.504	n/a	NonTarget	1	258376
1033.732	n/a	NonTarget	1	258433
1033.956	n/a	NonTarget	1	258489
1034.18	n/a	NonTarget	1	258545
1034.408	n/a	NonTarget	1	258602
1034.632	n/a	Target	2	258658
1034.856	n/a	NonTarget	1	258714
1035.08	n/a	NonTarget	1	258770
1035.308	n/a	NonTarget	1	258827
1035.532	n/a	NonTarget	1	258883
1035.76	n/a	Target	2	258940
1035.984	n/a	NonTarget	1	258996
1036.212	n/a	NonTarget	1	259053
1036.436	n/a	NonTarget	1	259109
1036.66	n/a	NonTarget	1	259165
1036.888	n/a	NonTarget	1	259222
1037.112	n/a	NonTarget	1	259278
1037.34	n/a	NonTarget	1	259335
1037.564	n/a	NonTarget	1	259391
1037.788	n/a	NonTarget	1	259447
1038.016	n/a	NonTarget	1	259504
1038.24	n/a	Target	2	259560
1038.464	n/a	NonTarget	1	259616
1038.688	n/a	NonTarget	1	259672
1038.916	n/a	NonTarget	1	259729
1039.14	n/a	NonTarget	1	259785
1039.364	n/a	NonTarget	1	259841
1039.592	n/a	NonTarget	1	259898
1039.816	n/a	NonTarget	1	259954
1040.04	n/a	Target	2	260010
1040.268	n/a	NonTarget	1	260067
1040.492	n/a	NonTarget	1	260123
1040.72	n/a	NonTarget	1	260180
1040.944	n/a	NonTarget	1	260236
1041.172	n/a	NonTarget	1	260293
1041.396	n/a	NonTarget	1	260349
1041.62	n/a	NonTarget	1	260405
1041.848	n/a	NonTarget	1	260462
1042.072	n/a	Target	2	260518
1042.3	n/a	NonTarget	1	260575
1042.524	n/a	NonTarget	1	260631
1042.748	n/a	NonTarget	1	260687
1042.976	n/a	NonTarget	1	260744
1043.2	n/a	NonTarget	1	260800
1043.428	n/a	NonTarget	1	260857
1043.652	n/a	Target	2	260913
1043.88	n/a	NonTarget	1	260970
1044.104	n/a	NonTarget	1	261026
1044.328	n/a	NonTarget	1	261082
1044.552	n/a	NonTarget	1	261138
1044.776	n/a	NonTarget	1	261194
1045.004	n/a	NonTarget	1	261251
1045.228	n/a	NonTarget	1	261307
1045.456	n/a	NonTarget	1	261364
1045.68	n/a	NonTarget	1	261420
1045.904	n/a	NonTarget	1	261476
1046.132	n/a	NonTarget	1	261533
1046.356	n/a	NonTarget	1	261589
1046.58	n/a	NonTarget	1	261645
1046.808	n/a	Target	2	261702
1047.032	n/a	NonTarget	1	261758
1047.256	n/a	NonTarget	1	261814
1047.484	n/a	NonTarget	1	261871
1047.712	n/a	NonTarget	1	261928
1047.936	n/a	NonTarget	1	261984
1048.16	n/a	NonTarget	1	262040
1048.384	n/a	Target	2	262096
1048.612	n/a	NonTarget	1	262153
1048.836	n/a	NonTarget	1	262209
1049.064	n/a	NonTarget	1	262266
1049.288	n/a	Target	2	262322
1049.512	n/a	NonTarget	1	262378
1049.736	n/a	NonTarget	1	262434
1049.964	n/a	NonTarget	1	262491
1050.188	n/a	NonTarget	1	262547
1050.412	n/a	NonTarget	1	262603
1050.64	n/a	NonTarget	1	262660
1050.864	n/a	NonTarget	1	262716
1051.088	n/a	NonTarget	1	262772
1051.316	n/a	NonTarget	1	262829
1051.54	n/a	NonTarget	1	262885
1051.768	n/a	NonTarget	1	262942
1051.992	n/a	NonTarget	1	262998
1052.216	n/a	NonTarget	1	263054
1052.444	n/a	NonTarget	1	263111
1052.668	n/a	Target	2	263167
1052.896	n/a	NonTarget	1	263224
1053.12	n/a	NonTarget	1	263280
1061.912	n/a	NonTarget	1	265478
1062.14	n/a	NonTarget	1	265535
1062.364	n/a	Target	2	265591
1062.588	n/a	NonTarget	1	265647
1062.816	n/a	NonTarget	1	265704
1063.04	n/a	NonTarget	1	265760
1063.264	n/a	NonTarget	1	265816
1063.488	n/a	NonTarget	1	265872
1063.716	n/a	NonTarget	1	265929
1063.94	n/a	NonTarget	1	265985
1064.164	n/a	Target	2	266041
1064.392	n/a	NonTarget	1	266098
1064.616	n/a	NonTarget	1	266154
1064.844	n/a	NonTarget	1	266211
1065.068	n/a	NonTarget	1	266267
1065.292	n/a	NonTarget	1	266323
1065.516	n/a	NonTarget	1	266379
1065.744	n/a	NonTarget	1	266436
1065.968	n/a	NonTarget	1	266492
1066.196	n/a	NonTarget	1	266549
1066.42	n/a	NonTarget	1	266605
1066.644	n/a	NonTarget	1	266661
1066.872	n/a	NonTarget	1	266718
1067.096	n/a	NonTarget	1	266774
1067.32	n/a	NonTarget	1	266830
1067.548	n/a	NonTarget	1	266887
1067.772	n/a	Target	2	266943
1067.996	n/a	NonTarget	1	266999
1068.224	n/a	NonTarget	1	267056
1068.448	n/a	NonTarget	1	267112
1068.672	n/a	NonTarget	1	267168
1068.896	n/a	NonTarget	1	267224
1069.124	n/a	NonTarget	1	267281
1069.348	n/a	Target	2	267337
1069.576	n/a	NonTarget	1	267394
1069.8	n/a	NonTarget	1	267450
1070.024	n/a	NonTarget	1	267506
1070.252	n/a	NonTarget	1	267563
1070.476	n/a	NonTarget	1	267619
1070.704	n/a	NonTarget	1	267676
1070.928	n/a	NonTarget	1	267732
1071.152	n/a	NonTarget	1	267788
1071.38	n/a	Target	2	267845
1071.604	n/a	NonTarget	1	267901
1071.832	n/a	NonTarget	1	267958
1072.056	n/a	NonTarget	1	268014
1072.28	n/a	NonTarget	1	268070
1072.508	n/a	NonTarget	1	268127
1072.732	n/a	Target	2	268183
1072.96	n/a	NonTarget	1	268240
1073.184	n/a	NonTarget	1	268296
1073.412	n/a	NonTarget	1	268353
1073.636	n/a	NonTarget	1	268409
1073.864	n/a	NonTarget	1	268466
1074.088	n/a	NonTarget	1	268522
1074.312	n/a	Target	2	268578
1074.536	n/a	NonTarget	1	268634
1074.764	n/a	NonTarget	1	268691
1074.988	n/a	NonTarget	1	268747
1075.216	n/a	NonTarget	1	268804
1075.44	n/a	NonTarget	1	268860
1075.664	n/a	NonTarget	1	268916
1075.892	n/a	NonTarget	1	268973
1076.116	n/a	NonTarget	1	269029
1076.34	n/a	NonTarget	1	269085
1076.568	n/a	Target	2	269142
1076.792	n/a	NonTarget	1	269198
1077.02	n/a	NonTarget	1	269255
1077.244	n/a	NonTarget	1	269311
1077.468	n/a	NonTarget	1	269367
1077.696	n/a	NonTarget	1	269424
1077.92	n/a	NonTarget	1	269480
1078.148	n/a	NonTarget	1	269537
1078.372	n/a	Target	2	269593
1078.596	n/a	NonTarget	1	269649
1078.82	n/a	NonTarget	1	269705
1079.048	n/a	NonTarget	1	269762
1079.272	n/a	NonTarget	1	269818
1079.496	n/a	NonTarget	1	269874
1079.724	n/a	NonTarget	1	269931
1079.948	n/a	NonTarget	1	269987
1080.172	n/a	NonTarget	1	270043
1080.396	n/a	NonTarget	1	270099
1080.624	n/a	Target	2	270156
1080.848	n/a	NonTarget	1	270212
1081.072	n/a	NonTarget	1	270268
1081.3	n/a	NonTarget	1	270325
1081.524	n/a	NonTarget	1	270381
1081.748	n/a	NonTarget	1	270437
1081.972	n/a	NonTarget	1	270493
1082.2	n/a	NonTarget	1	270550
1082.424	n/a	NonTarget	1	270606
1082.652	n/a	NonTarget	1	270663
1082.876	n/a	NonTarget	1	270719
1083.104	n/a	NonTarget	1	270776
1083.328	n/a	NonTarget	1	270832
1083.552	n/a	NonTarget	1	270888
1083.776	n/a	Target	2	270944
1084.004	n/a	NonTarget	1	271001
1084.228	n/a	NonTarget	1	271057
1084.452	n/a	Target	2	271113
1084.676	n/a	NonTarget	1	271169
1084.904	n/a	NonTarget	1	271226
1085.128	n/a	NonTarget	1	271282
1085.352	n/a	NonTarget	1	271338
1085.58	n/a	NonTarget	1	271395
1085.804	n/a	NonTarget	1	271451
1086.032	n/a	NonTarget	1	271508
1086.256	n/a	NonTarget	1	271564
1086.484	n/a	NonTarget	1	271621
1086.708	n/a	NonTarget	1	271677
1086.932	n/a	NonTarget	1	271733
1087.16	n/a	Target	2	271790
1087.384	n/a	NonTarget	1	271846
1087.612	n/a	NonTarget	1	271903
1087.836	n/a	NonTarget	1	271959
1088.06	n/a	NonTarget	1	272015
1088.288	n/a	NonTarget	1	272072
1088.512	n/a	NonTarget	1	272128
1088.74	n/a	NonTarget	1	272185
1088.964	n/a	NonTarget	1	272241
1089.188	n/a	NonTarget	1	272297
1089.416	n/a	NonTarget	1	272354
1089.64	n/a	Target	2	272410
1089.868	n/a	NonTarget	1	272467
1090.092	n/a	NonTarget	1	272523
1090.32	n/a	NonTarget	1	272580
1090.544	n/a	NonTarget	1	272636
1090.768	n/a	NonTarget	1	272692
1090.996	n/a	NonTarget	1	272749
1091.22	n/a	NonTarget	1	272805
1091.444	n/a	NonTarget	1	272861
1091.672	n/a	NonTarget	1	272918
1091.896	n/a	Target	2	272974
1092.12	n/a	NonTarget	1	273030
1107.98	n/a	NonTarget	1	276995
1108.208	n/a	NonTarget	1	277052
1108.432	n/a	NonTarget	1	277108
1108.656	n/a	NonTarget	1	277164
1108.88	n/a	NonTarget	1	277220
1109.108	n/a	NonTarget	1	277277
1109.332	n/a	NonTarget	1	277333
1109.556	n/a	Target	2	277389
1109.784	n/a	NonTarget	1	277446
1110.008	n/a	NonTarget	1	277502
1110.236	n/a	NonTarget	1	277559
1110.46	n/a	NonTarget	1	277615
1110.688	n/a	NonTarget	1	277672
1110.912	n/a	NonTarget	1	277728
1111.136	n/a	NonTarget	1	277784
1111.364	n/a	NonTarget	1	277841
1111.588	n/a	Target	2	277897
1111.816	n/a	NonTarget	1	277954
1112.04	n/a	NonTarget	1	278010
1112.264	n/a	NonTarget	1	278066
1112.488	n/a	NonTarget	1	278122
1112.716	n/a	NonTarget	1	278179
1112.94	n/a	NonTarget	1	278235
1113.164	n/a	NonTarget	1	278291
1113.392	n/a	Target	2	278348
1113.616	n/a	NonTarget	1	278404
1113.84	n/a	NonTarget	1	278460
1114.068	n/a	NonTarget	1	278517
1114.292	n/a	NonTarget	1	278573
1114.516	n/a	NonTarget	1	278629
1114.744	n/a	Target	2	278686
1114.968	n/a	NonTarget	1	278742
1115.196	n/a	NonTarget	1	278799
1115.42	n/a	NonTarget	1	278855
1115.648	n/a	NonTarget	1	278912
1115.872	n/a	NonTarget	1	278968
1116.096	n/a	Target	2	279024
1116.32	n/a	NonTarget	1	279080
1116.548	n/a	NonTarget	1	279137
1116.776	n/a	NonTarget	1	279194
1117.0	n/a	NonTarget	1	279250
1117.224	n/a	NonTarget	1	279306
1117.448	n/a	NonTarget	1	279362
1117.676	n/a	NonTarget	1	279419
1117.9	n/a	NonTarget	1	279475
1118.128	n/a	NonTarget	1	279532
1118.352	n/a	NonTarget	1	279588
1118.576	n/a	Target	2	279644
1118.8	n/a	NonTarget	1	279700
1119.024	n/a	NonTarget	1	279756
1119.252	n/a	NonTarget	1	279813
1119.476	n/a	NonTarget	1	279869
1119.704	n/a	NonTarget	1	279926
1119.928	n/a	NonTarget	1	279982
1120.152	n/a	NonTarget	1	280038
1120.38	n/a	Target	2	280095
1120.604	n/a	NonTarget	1	280151
1120.832	n/a	NonTarget	1	280208
1121.056	n/a	NonTarget	1	280264
1121.28	n/a	NonTarget	1	280320
1121.508	n/a	NonTarget	1	280377
1121.732	n/a	NonTarget	1	280433
1121.96	n/a	NonTarget	1	280490
1122.184	n/a	NonTarget	1	280546
1122.408	n/a	NonTarget	1	280602
1122.636	n/a	NonTarget	1	280659
1122.86	n/a	NonTarget	1	280715
1123.088	n/a	NonTarget	1	280772
1123.312	n/a	NonTarget	1	280828
1123.536	n/a	Target	2	280884
1123.764	n/a	NonTarget	1	280941
1123.988	n/a	NonTarget	1	280997
1124.216	n/a	NonTarget	1	281054
1124.44	n/a	NonTarget	1	281110
1124.664	n/a	NonTarget	1	281166
1124.892	n/a	Target	2	281223
1125.116	n/a	NonTarget	1	281279
1125.344	n/a	NonTarget	1	281336
1125.568	n/a	NonTarget	1	281392
1125.792	n/a	NonTarget	1	281448
1126.016	n/a	NonTarget	1	281504
1126.24	n/a	NonTarget	1	281560
1126.468	n/a	NonTarget	1	281617
1126.692	n/a	NonTarget	1	281673
1126.92	n/a	NonTarget	1	281730
1127.144	n/a	NonTarget	1	281786
1127.368	n/a	Target	2	281842
1127.596	n/a	NonTarget	1	281899
1127.82	n/a	NonTarget	1	281955
1128.048	n/a	NonTarget	1	282012
1128.272	n/a	NonTarget	1	282068
1128.5	n/a	NonTarget	1	282125
1128.724	n/a	NonTarget	1	282181
1128.948	n/a	NonTarget	1	282237
1129.176	n/a	NonTarget	1	282294
1129.4	n/a	NonTarget	1	282350
1129.628	n/a	NonTarget	1	282407
1129.852	n/a	NonTarget	1	282463
1130.08	n/a	Target	2	282520
1130.304	n/a	NonTarget	1	282576
1130.528	n/a	NonTarget	1	282632
1130.756	n/a	NonTarget	1	282689
1130.98	n/a	NonTarget	1	282745
1131.208	n/a	NonTarget	1	282802
1131.432	n/a	NonTarget	1	282858
1131.656	n/a	NonTarget	1	282914
1131.88	n/a	NonTarget	1	282970
1132.108	n/a	Target	2	283027
1132.332	n/a	NonTarget	1	283083
1132.556	n/a	NonTarget	1	283139
1132.784	n/a	NonTarget	1	283196
1133.008	n/a	NonTarget	1	283252
1133.236	n/a	NonTarget	1	283309
1133.46	n/a	Target	2	283365
1133.684	n/a	NonTarget	1	283421
1133.912	n/a	NonTarget	1	283478
1134.136	n/a	NonTarget	1	283534
1134.364	n/a	NonTarget	1	283591
1134.588	n/a	NonTarget	1	283647
1134.816	n/a	NonTarget	1	283704
1135.04	n/a	NonTarget	1	283760
1135.264	n/a	Target	2	283816
1135.488	n/a	NonTarget	1	283872
1135.716	n/a	NonTarget	1	283929
1135.94	n/a	NonTarget	1	283985
1136.168	n/a	NonTarget	1	284042
1136.392	n/a	Target	2	284098
1136.616	n/a	NonTarget	1	284154
1136.84	n/a	NonTarget	1	284210
1137.064	n/a	NonTarget	1	284266
1137.292	n/a	NonTarget	1	284323
1137.52	n/a	NonTarget	1	284380
1137.744	n/a	NonTarget	1	284436
1137.968	n/a	NonTarget	1	284492
1138.192	n/a	NonTarget	1	284548
1146.972	n/a	NonTarget	1	286743
1147.2	n/a	NonTarget	1	286800
1147.424	n/a	NonTarget	1	286856
1147.648	n/a	NonTarget	1	286912
1147.876	n/a	NonTarget	1	286969
1148.1	n/a	NonTarget	1	287025
1148.324	n/a	NonTarget	1	287081
1148.552	n/a	Target	2	287138
1148.776	n/a	NonTarget	1	287194
1149.004	n/a	NonTarget	1	287251
1149.228	n/a	NonTarget	1	287307
1149.452	n/a	NonTarget	1	287363
1149.68	n/a	NonTarget	1	287420
1149.904	n/a	NonTarget	1	287476
1150.132	n/a	Target	2	287533
1150.356	n/a	NonTarget	1	287589
1150.58	n/a	NonTarget	1	287645
1150.808	n/a	NonTarget	1	287702
1151.032	n/a	NonTarget	1	287758
1151.26	n/a	Target	2	287815
1151.484	n/a	NonTarget	1	287871
1151.708	n/a	NonTarget	1	287927
1151.936	n/a	NonTarget	1	287984
1152.16	n/a	NonTarget	1	288040
1152.384	n/a	NonTarget	1	288096
1152.612	n/a	NonTarget	1	288153
1152.836	n/a	NonTarget	1	288209
1153.06	n/a	Target	2	288265
1153.288	n/a	NonTarget	1	288322
1153.512	n/a	NonTarget	1	288378
1153.736	n/a	NonTarget	1	288434
1153.964	n/a	NonTarget	1	288491
1154.188	n/a	NonTarget	1	288547
1154.412	n/a	NonTarget	1	288603
1154.64	n/a	NonTarget	1	288660
1154.864	n/a	NonTarget	1	288716
1155.092	n/a	NonTarget	1	288773
1155.316	n/a	NonTarget	1	288829
1155.544	n/a	NonTarget	1	288886
1155.768	n/a	Target	2	288942
1155.992	n/a	NonTarget	1	288998
1156.22	n/a	NonTarget	1	289055
1156.444	n/a	NonTarget	1	289111
1156.668	n/a	NonTarget	1	289167
1156.896	n/a	NonTarget	1	289224
1157.12	n/a	NonTarget	1	289280
1157.348	n/a	Target	2	289337
1157.572	n/a	NonTarget	1	289393
1157.796	n/a	NonTarget	1	289449
1158.02	n/a	NonTarget	1	289505
1158.248	n/a	NonTarget	1	289562
1158.472	n/a	NonTarget	1	289618
1158.696	n/a	NonTarget	1	289674
1158.924	n/a	NonTarget	1	289731
1159.148	n/a	NonTarget	1	289787
1159.376	n/a	NonTarget	1	289844
1159.6	n/a	NonTarget	1	289900
1159.824	n/a	NonTarget	1	289956
1160.052	n/a	Target	2	290013
1160.276	n/a	NonTarget	1	290069
1160.5	n/a	NonTarget	1	290125
1160.728	n/a	NonTarget	1	290182
1160.952	n/a	NonTarget	1	290238
1161.176	n/a	NonTarget	1	290294
1161.4	n/a	NonTarget	1	290350
1161.628	n/a	NonTarget	1	290407
1161.852	n/a	NonTarget	1	290463
1162.08	n/a	NonTarget	1	290520
1162.304	n/a	NonTarget	1	290576
1162.528	n/a	NonTarget	1	290632
1162.756	n/a	Target	2	290689
1162.98	n/a	NonTarget	1	290745
1163.204	n/a	NonTarget	1	290801
1163.428	n/a	NonTarget	1	290857
1163.656	n/a	NonTarget	1	290914
1163.88	n/a	NonTarget	1	290970
1164.104	n/a	NonTarget	1	291026
1164.332	n/a	NonTarget	1	291083
1164.556	n/a	Target	2	291139
1164.784	n/a	NonTarget	1	291196
1165.008	n/a	NonTarget	1	291252
1165.232	n/a	NonTarget	1	291308
1165.46	n/a	NonTarget	1	291365
1165.684	n/a	NonTarget	1	291421
1165.908	n/a	NonTarget	1	291477
1166.132	n/a	NonTarget	1	291533
1166.36	n/a	NonTarget	1	291590
1166.584	n/a	Target	2	291646
1166.812	n/a	NonTarget	1	291703
1167.036	n/a	NonTarget	1	291759
1167.26	n/a	NonTarget	1	291815
1167.488	n/a	NonTarget	1	291872
1167.712	n/a	NonTarget	1	291928
1167.94	n/a	NonTarget	1	291985
1168.164	n/a	NonTarget	1	292041
1168.392	n/a	NonTarget	1	292098
1168.616	n/a	NonTarget	1	292154
1168.84	n/a	NonTarget	1	292210
1169.068	n/a	Target	2	292267
1169.292	n/a	NonTarget	1	292323
1169.516	n/a	NonTarget	1	292379
1169.744	n/a	NonTarget	1	292436
1169.968	n/a	Target	2	292492
1170.192	n/a	NonTarget	1	292548
1170.42	n/a	NonTarget	1	292605
1170.644	n/a	NonTarget	1	292661
1170.868	n/a	NonTarget	1	292717
1171.092	n/a	NonTarget	1	292773
1171.32	n/a	NonTarget	1	292830
1171.544	n/a	NonTarget	1	292886
1171.768	n/a	NonTarget	1	292942
1171.996	n/a	Target	2	292999
1172.22	n/a	NonTarget	1	293055
1172.444	n/a	NonTarget	1	293111
1172.672	n/a	NonTarget	1	293168
1172.896	n/a	NonTarget	1	293224
1173.124	n/a	NonTarget	1	293281
1173.348	n/a	NonTarget	1	293337
1173.572	n/a	NonTarget	1	293393
1173.8	n/a	NonTarget	1	293450
1174.024	n/a	NonTarget	1	293506
1174.252	n/a	NonTarget	1	293563
1174.476	n/a	NonTarget	1	293619
1174.7	n/a	NonTarget	1	293675
1174.924	n/a	Target	2	293731
1175.148	n/a	NonTarget	1	293787
1175.376	n/a	NonTarget	1	293844
1175.6	n/a	NonTarget	1	293900
1175.828	n/a	NonTarget	1	293957
1176.052	n/a	Target	2	294013
1176.276	n/a	NonTarget	1	294069
1176.5	n/a	NonTarget	1	294125
1176.728	n/a	NonTarget	1	294182
1176.952	n/a	NonTarget	1	294238
1177.176	n/a	NonTarget	1	294294
1188.168	n/a	NonTarget	1	297042
1188.392	n/a	NonTarget	1	297098
1188.616	n/a	NonTarget	1	297154
1188.844	n/a	NonTarget	1	297211
1189.068	n/a	Target	2	297267
1189.292	n/a	NonTarget	1	297323
1189.52	n/a	NonTarget	1	297380
1189.744	n/a	NonTarget	1	297436
1189.972	n/a	NonTarget	1	297493
1190.196	n/a	NonTarget	1	297549
1190.42	n/a	Target	2	297605
1190.648	n/a	NonTarget	1	297662
1190.872	n/a	NonTarget	1	297718
1191.096	n/a	NonTarget	1	297774
1191.32	n/a	NonTarget	1	297830
1191.548	n/a	NonTarget	1	297887
1191.772	n/a	NonTarget	1	297943
1191.996	n/a	NonTarget	1	297999
1192.224	n/a	NonTarget	1	298056
1192.448	n/a	NonTarget	1	298112
1192.676	n/a	NonTarget	1	298169
1192.9	n/a	NonTarget	1	298225
1193.128	n/a	NonTarget	1	298282
1193.352	n/a	Target	2	298338
1193.58	n/a	NonTarget	1	298395
1193.804	n/a	NonTarget	1	298451
1194.028	n/a	NonTarget	1	298507
1194.256	n/a	NonTarget	1	298564
1194.48	n/a	NonTarget	1	298620
1194.708	n/a	Target	2	298677
1194.932	n/a	NonTarget	1	298733
1195.156	n/a	NonTarget	1	298789
1195.384	n/a	NonTarget	1	298846
1195.608	n/a	NonTarget	1	298902
1195.836	n/a	NonTarget	1	298959
1196.06	n/a	NonTarget	1	299015
1196.288	n/a	NonTarget	1	299072
1196.512	n/a	NonTarget	1	299128
1196.736	n/a	NonTarget	1	299184
1196.96	n/a	NonTarget	1	299240
1197.188	n/a	NonTarget	1	299297
1197.412	n/a	NonTarget	1	299353
1197.636	n/a	NonTarget	1	299409
1197.86	n/a	NonTarget	1	299465
1198.088	n/a	Target	2	299522
1198.312	n/a	NonTarget	1	299578
1198.54	n/a	NonTarget	1	299635
1198.764	n/a	NonTarget	1	299691
1198.988	n/a	NonTarget	1	299747
1199.216	n/a	Target	2	299804
1199.44	n/a	NonTarget	1	299860
1199.668	n/a	NonTarget	1	299917
1199.892	n/a	NonTarget	1	299973
1200.116	n/a	NonTarget	1	300029
1200.344	n/a	NonTarget	1	300086
1200.568	n/a	NonTarget	1	300142
1200.796	n/a	NonTarget	1	300199
1201.02	n/a	NonTarget	1	300255
1201.248	n/a	NonTarget	1	300312
1201.472	n/a	Target	2	300368
1201.696	n/a	NonTarget	1	300424
1201.92	n/a	NonTarget	1	300480
1202.144	n/a	NonTarget	1	300536
1202.372	n/a	NonTarget	1	300593
1202.596	n/a	NonTarget	1	300649
1202.82	n/a	NonTarget	1	300705
1203.048	n/a	NonTarget	1	300762
1203.272	n/a	NonTarget	1	300818
1203.5	n/a	Target	2	300875
1203.724	n/a	NonTarget	1	300931
1203.948	n/a	NonTarget	1	300987
1204.176	n/a	NonTarget	1	301044
1204.4	n/a	NonTarget	1	301100
1204.628	n/a	Target	2	301157
1204.852	n/a	NonTarget	1	301213
1205.08	n/a	NonTarget	1	301270
1205.304	n/a	NonTarget	1	301326
1205.528	n/a	NonTarget	1	301382
1205.756	n/a	NonTarget	1	301439
1205.98	n/a	NonTarget	1	301495
1206.208	n/a	NonTarget	1	301552
1206.432	n/a	NonTarget	1	301608
1206.656	n/a	NonTarget	1	301664
1206.88	n/a	NonTarget	1	301720
1207.108	n/a	NonTarget	1	301777
1207.332	n/a	NonTarget	1	301833
1207.56	n/a	NonTarget	1	301890
1207.784	n/a	NonTarget	1	301946
1208.012	n/a	NonTarget	1	302003
1208.236	n/a	Target	2	302059
1208.464	n/a	NonTarget	1	302116
1208.688	n/a	NonTarget	1	302172
1208.912	n/a	NonTarget	1	302228
1209.136	n/a	NonTarget	1	302284
1209.36	n/a	NonTarget	1	302340
1209.588	n/a	NonTarget	1	302397
1209.812	n/a	NonTarget	1	302453
1210.036	n/a	Target	2	302509
1210.264	n/a	NonTarget	1	302566
1210.488	n/a	NonTarget	1	302622
1210.712	n/a	NonTarget	1	302678
1210.94	n/a	NonTarget	1	302735
1211.164	n/a	Target	2	302791
1211.392	n/a	NonTarget	1	302848
1211.616	n/a	NonTarget	1	302904
1211.844	n/a	NonTarget	1	302961
1212.068	n/a	NonTarget	1	303017
1212.296	n/a	NonTarget	1	303074
1212.52	n/a	Target	2	303130
1212.744	n/a	NonTarget	1	303186
1212.972	n/a	NonTarget	1	303243
1213.196	n/a	NonTarget	1	303299
1213.42	n/a	NonTarget	1	303355
1213.648	n/a	NonTarget	1	303412
1213.872	n/a	NonTarget	1	303468
1214.096	n/a	NonTarget	1	303524
1214.32	n/a	NonTarget	1	303580
1214.548	n/a	NonTarget	1	303637
1214.772	n/a	NonTarget	1	303693
1215.0	n/a	NonTarget	1	303750
1215.224	n/a	NonTarget	1	303806
1215.448	n/a	Target	2	303862
1215.676	n/a	NonTarget	1	303919
1215.9	n/a	NonTarget	1	303975
1216.124	n/a	NonTarget	1	304031
1216.352	n/a	NonTarget	1	304088
1216.576	n/a	NonTarget	1	304144
1216.8	n/a	Target	2	304200
1217.028	n/a	NonTarget	1	304257
1217.252	n/a	NonTarget	1	304313
1217.476	n/a	NonTarget	1	304369
1217.704	n/a	NonTarget	1	304426
1217.928	n/a	NonTarget	1	304482
1218.156	n/a	NonTarget	1	304539
1218.38	n/a	NonTarget	1	304595
1227.168	n/a	NonTarget	1	306792
1227.396	n/a	Target	2	306849
1227.62	n/a	NonTarget	1	306905
1227.844	n/a	NonTarget	1	306961
1228.072	n/a	NonTarget	1	307018
1228.296	n/a	NonTarget	1	307074
1228.52	n/a	NonTarget	1	307130
1228.748	n/a	NonTarget	1	307187
1228.972	n/a	NonTarget	1	307243
1229.2	n/a	NonTarget	1	307300
1229.424	n/a	NonTarget	1	307356
1229.652	n/a	NonTarget	1	307413
1229.876	n/a	NonTarget	1	307469
1230.1	n/a	NonTarget	1	307525
1230.328	n/a	NonTarget	1	307582
1230.552	n/a	NonTarget	1	307638
1230.776	n/a	Target	2	307694
1231.004	n/a	NonTarget	1	307751
1231.228	n/a	NonTarget	1	307807
1231.452	n/a	NonTarget	1	307863
1231.68	n/a	NonTarget	1	307920
1231.904	n/a	NonTarget	1	307976
1232.128	n/a	NonTarget	1	308032
1232.352	n/a	NonTarget	1	308088
1232.58	n/a	NonTarget	1	308145
1232.804	n/a	NonTarget	1	308201
1233.028	n/a	Target	2	308257
1233.256	n/a	NonTarget	1	308314
1233.48	n/a	NonTarget	1	308370
1233.708	n/a	NonTarget	1	308427
1233.932	n/a	Target	2	308483
1234.156	n/a	NonTarget	1	308539
1234.384	n/a	NonTarget	1	308596
1234.608	n/a	NonTarget	1	308652
1234.832	n/a	NonTarget	1	308708
1235.06	n/a	NonTarget	1	308765
1235.284	n/a	NonTarget	1	308821
1235.512	n/a	NonTarget	1	308878
1235.736	n/a	NonTarget	1	308934
1235.964	n/a	NonTarget	1	308991
1236.188	n/a	Target	2	309047
1236.412	n/a	NonTarget	1	309103
1236.64	n/a	NonTarget	1	309160
1236.864	n/a	NonTarget	1	309216
1237.088	n/a	NonTarget	1	309272
1237.312	n/a	NonTarget	1	309328
1237.54	n/a	NonTarget	1	309385
1237.768	n/a	NonTarget	1	309442
1237.992	n/a	NonTarget	1	309498
1238.22	n/a	NonTarget	1	309555
1238.444	n/a	NonTarget	1	309611
1238.668	n/a	Target	2	309667
1238.892	n/a	NonTarget	1	309723
1239.12	n/a	NonTarget	1	309780
1239.344	n/a	NonTarget	1	309836
1239.568	n/a	NonTarget	1	309892
1239.796	n/a	NonTarget	1	309949
1240.02	n/a	NonTarget	1	310005
1240.248	n/a	NonTarget	1	310062
1240.472	n/a	NonTarget	1	310118
1240.696	n/a	Target	2	310174
1240.924	n/a	NonTarget	1	310231
1241.148	n/a	NonTarget	1	310287
1241.376	n/a	Target	2	310344
1241.6	n/a	NonTarget	1	310400
1241.828	n/a	NonTarget	1	310457
1242.052	n/a	NonTarget	1	310513
1242.276	n/a	NonTarget	1	310569
1242.504	n/a	NonTarget	1	310626
1242.728	n/a	NonTarget	1	310682
1242.956	n/a	NonTarget	1	310739
1243.18	n/a	NonTarget	1	310795
1243.404	n/a	NonTarget	1	310851
1243.632	n/a	Target	2	310908
1243.856	n/a	NonTarget	1	310964
1244.084	n/a	NonTarget	1	311021
1244.308	n/a	NonTarget	1	311077
1244.536	n/a	NonTarget	1	311134
1244.76	n/a	NonTarget	1	311190
1244.984	n/a	NonTarget	1	311246
1245.208	n/a	NonTarget	1	311302
1245.432	n/a	NonTarget	1	311358
1245.66	n/a	Target	2	311415
1245.884	n/a	NonTarget	1	311471
1246.112	n/a	NonTarget	1	311528
1246.336	n/a	NonTarget	1	311584
1246.56	n/a	NonTarget	1	311640
1246.788	n/a	NonTarget	1	311697
1247.012	n/a	NonTarget	1	311753
1247.24	n/a	NonTarget	1	311810
1247.464	n/a	NonTarget	1	311866
1247.688	n/a	NonTarget	1	311922
1247.916	n/a	NonTarget	1	311979
1248.14	n/a	NonTarget	1	312035
1248.368	n/a	NonTarget	1	312092
1248.592	n/a	NonTarget	1	312148
1248.816	n/a	NonTarget	1	312204
1249.044	n/a	NonTarget	1	312261
1249.268	n/a	Target	2	312317
1249.492	n/a	NonTarget	1	312373
1249.72	n/a	NonTarget	1	312430
1249.944	n/a	NonTarget	1	312486
1250.168	n/a	NonTarget	1	312542
1250.392	n/a	Target	2	312598
1250.62	n/a	NonTarget	1	312655
1250.844	n/a	NonTarget	1	312711
1251.072	n/a	NonTarget	1	312768
1251.296	n/a	NonTarget	1	312824
1251.52	n/a	NonTarget	1	312880
1251.748	n/a	Target	2	312937
1251.972	n/a	NonTarget	1	312993
1252.196	n/a	NonTarget	1	313049
1252.424	n/a	NonTarget	1	313106
1252.648	n/a	NonTarget	1	313162
1252.876	n/a	NonTarget	1	313219
1253.1	n/a	NonTarget	1	313275
1253.324	n/a	NonTarget	1	313331
1253.552	n/a	NonTarget	1	313388
1253.776	n/a	NonTarget	1	313444
1254.0	n/a	NonTarget	1	313500
1254.228	n/a	NonTarget	1	313557
1254.452	n/a	NonTarget	1	313613
1254.68	n/a	NonTarget	1	313670
1254.904	n/a	NonTarget	1	313726
1255.128	n/a	Target	2	313782
1255.352	n/a	NonTarget	1	313838
1255.58	n/a	NonTarget	1	313895
1255.804	n/a	NonTarget	1	313951
1256.028	n/a	Target	2	314007
1256.256	n/a	NonTarget	1	314064
1256.48	n/a	NonTarget	1	314120
1256.704	n/a	NonTarget	1	314176
1256.932	n/a	NonTarget	1	314233
1257.156	n/a	NonTarget	1	314289
1257.38	n/a	NonTarget	1	314345
1271.356	n/a	NonTarget	1	317839
1271.584	n/a	NonTarget	1	317896
1271.808	n/a	Target	2	317952
1272.036	n/a	NonTarget	1	318009
1272.26	n/a	NonTarget	1	318065
1272.484	n/a	NonTarget	1	318121
1272.712	n/a	NonTarget	1	318178
1272.936	n/a	NonTarget	1	318234
1273.16	n/a	NonTarget	1	318290
1273.384	n/a	NonTarget	1	318346
1273.612	n/a	NonTarget	1	318403
1273.836	n/a	NonTarget	1	318459
1274.06	n/a	Target	2	318515
1274.288	n/a	NonTarget	1	318572
1274.512	n/a	NonTarget	1	318628
1274.736	n/a	NonTarget	1	318684
1274.964	n/a	NonTarget	1	318741
1275.188	n/a	NonTarget	1	318797
1275.416	n/a	NonTarget	1	318854
1275.64	n/a	NonTarget	1	318910
1275.864	n/a	NonTarget	1	318966
1276.092	n/a	NonTarget	1	319023
1276.316	n/a	NonTarget	1	319079
1276.544	n/a	NonTarget	1	319136
1276.768	n/a	Target	2	319192
1276.992	n/a	NonTarget	1	319248
1277.22	n/a	NonTarget	1	319305
1277.444	n/a	NonTarget	1	319361
1277.668	n/a	NonTarget	1	319417
1277.892	n/a	NonTarget	1	319473
1278.12	n/a	NonTarget	1	319530
1278.344	n/a	NonTarget	1	319586
1278.568	n/a	NonTarget	1	319642
1278.796	n/a	NonTarget	1	319699
1279.02	n/a	NonTarget	1	319755
1279.248	n/a	Target	2	319812
1279.472	n/a	NonTarget	1	319868
1279.696	n/a	NonTarget	1	319924
1279.92	n/a	NonTarget	1	319980
1280.144	n/a	NonTarget	1	320036
1280.372	n/a	Target	2	320093
1280.596	n/a	NonTarget	1	320149
1280.824	n/a	NonTarget	1	320206
1281.048	n/a	NonTarget	1	320262
1281.272	n/a	NonTarget	1	320318
1281.5	n/a	NonTarget	1	320375
1281.724	n/a	NonTarget	1	320431
1281.952	n/a	NonTarget	1	320488
1282.176	n/a	Target	2	320544
1282.4	n/a	NonTarget	1	320600
1282.628	n/a	NonTarget	1	320657
1282.852	n/a	NonTarget	1	320713
1283.08	n/a	NonTarget	1	320770
1283.304	n/a	NonTarget	1	320826
1283.528	n/a	NonTarget	1	320882
1283.752	n/a	NonTarget	1	320938
1283.98	n/a	NonTarget	1	320995
1284.204	n/a	NonTarget	1	321051
1284.428	n/a	Target	2	321107
1284.652	n/a	NonTarget	1	321163
1284.88	n/a	NonTarget	1	321220
1285.104	n/a	NonTarget	1	321276
1285.332	n/a	NonTarget	1	321333
1285.556	n/a	NonTarget	1	321389
1285.78	n/a	NonTarget	1	321445
1286.008	n/a	NonTarget	1	321502
1286.232	n/a	NonTarget	1	321558
1286.456	n/a	Target	2	321614
1286.684	n/a	NonTarget	1	321671
1286.908	n/a	NonTarget	1	321727
1287.136	n/a	NonTarget	1	321784
1287.36	n/a	NonTarget	1	321840
1287.584	n/a	NonTarget	1	321896
1287.812	n/a	Target	2	321953
1288.036	n/a	NonTarget	1	322009
1288.264	n/a	NonTarget	1	322066
1288.488	n/a	NonTarget	1	322122
1288.712	n/a	NonTarget	1	322178
1288.94	n/a	NonTarget	1	322235
1289.164	n/a	NonTarget	1	322291
1289.388	n/a	NonTarget	1	322347
1289.616	n/a	NonTarget	1	322404
1289.84	n/a	NonTarget	1	322460
1290.064	n/a	NonTarget	1	322516
1290.288	n/a	NonTarget	1	322572
1290.516	n/a	NonTarget	1	322629
1290.74	n/a	NonTarget	1	322685
1290.964	n/a	Target	2	322741
1291.192	n/a	NonTarget	1	322798
1291.416	n/a	NonTarget	1	322854
1291.644	n/a	NonTarget	1	322911
1291.868	n/a	NonTarget	1	322967
1292.092	n/a	NonTarget	1	323023
1292.32	n/a	NonTarget	1	323080
1292.544	n/a	NonTarget	1	323136
1292.768	n/a	NonTarget	1	323192
1292.996	n/a	NonTarget	1	323249
1293.22	n/a	NonTarget	1	323305
1293.444	n/a	Target	2	323361
1293.672	n/a	NonTarget	1	323418
1293.896	n/a	NonTarget	1	323474
1294.12	n/a	NonTarget	1	323530
1294.348	n/a	NonTarget	1	323587
1294.572	n/a	Target	2	323643
1294.796	n/a	NonTarget	1	323699
1295.02	n/a	NonTarget	1	323755
1295.248	n/a	NonTarget	1	323812
1295.472	n/a	NonTarget	1	323868
1295.7	n/a	NonTarget	1	323925
1295.924	n/a	NonTarget	1	323981
1296.148	n/a	NonTarget	1	324037
1296.372	n/a	NonTarget	1	324093
1296.6	n/a	NonTarget	1	324150
1296.824	n/a	NonTarget	1	324206
1297.048	n/a	NonTarget	1	324262
1297.276	n/a	NonTarget	1	324319
1297.5	n/a	Target	2	324375
1297.724	n/a	NonTarget	1	324431
1297.952	n/a	NonTarget	1	324488
1298.18	n/a	NonTarget	1	324545
1298.404	n/a	NonTarget	1	324601
1298.628	n/a	NonTarget	1	324657
1298.856	n/a	NonTarget	1	324714
1299.08	n/a	NonTarget	1	324770
1299.304	n/a	NonTarget	1	324826
1299.532	n/a	Target	2	324883
1299.756	n/a	NonTarget	1	324939
1299.98	n/a	NonTarget	1	324995
1300.208	n/a	NonTarget	1	325052
1300.432	n/a	NonTarget	1	325108
1300.66	n/a	NonTarget	1	325165
1300.884	n/a	NonTarget	1	325221
1301.108	n/a	NonTarget	1	325277
1301.332	n/a	Target	2	325333
1301.556	n/a	NonTarget	1	325389
1320.364	n/a	NonTarget	1	330091
1320.588	n/a	NonTarget	1	330147
1320.816	n/a	NonTarget	1	330204
1321.04	n/a	NonTarget	1	330260
1321.264	n/a	NonTarget	1	330316
1321.492	n/a	NonTarget	1	330373
1321.716	n/a	Target	2	330429
1321.944	n/a	NonTarget	1	330486
1322.168	n/a	NonTarget	1	330542
1322.392	n/a	NonTarget	1	330598
1322.616	n/a	NonTarget	1	330654
1322.844	n/a	NonTarget	1	330711
1323.068	n/a	NonTarget	1	330767
1323.292	n/a	NonTarget	1	330823
1323.52	n/a	NonTarget	1	330880
1323.744	n/a	Target	2	330936
1323.968	n/a	NonTarget	1	330992
1324.196	n/a	NonTarget	1	331049
1324.42	n/a	NonTarget	1	331105
1324.644	n/a	NonTarget	1	331161
1324.872	n/a	NonTarget	1	331218
1325.096	n/a	NonTarget	1	331274
1325.32	n/a	NonTarget	1	331330
1325.544	n/a	NonTarget	1	331386
1325.772	n/a	NonTarget	1	331443
1325.996	n/a	NonTarget	1	331499
1326.22	n/a	NonTarget	1	331555
1326.448	n/a	Target	2	331612
1326.672	n/a	NonTarget	1	331668
1326.9	n/a	NonTarget	1	331725
1327.124	n/a	NonTarget	1	331781
1327.348	n/a	NonTarget	1	331837
1327.572	n/a	NonTarget	1	331893
1327.8	n/a	NonTarget	1	331950
1328.024	n/a	NonTarget	1	332006
1328.252	n/a	NonTarget	1	332063
1328.476	n/a	Target	2	332119
1328.7	n/a	NonTarget	1	332175
1328.928	n/a	NonTarget	1	332232
1329.152	n/a	NonTarget	1	332288
1329.38	n/a	NonTarget	1	332345
1329.604	n/a	NonTarget	1	332401
1329.832	n/a	NonTarget	1	332458
1330.056	n/a	NonTarget	1	332514
1330.28	n/a	NonTarget	1	332570
1330.508	n/a	Target	2	332627
1330.732	n/a	NonTarget	1	332683
1330.96	n/a	NonTarget	1	332740
1331.184	n/a	NonTarget	1	332796
1331.412	n/a	NonTarget	1	332853
1331.636	n/a	Target	2	332909
1331.864	n/a	NonTarget	1	332966
1332.088	n/a	NonTarget	1	333022
1332.312	n/a	NonTarget	1	333078
1332.54	n/a	NonTarget	1	333135
1332.764	n/a	Target	2	333191
1332.988	n/a	NonTarget	1	333247
1333.216	n/a	NonTarget	1	333304
1333.44	n/a	NonTarget	1	333360
1333.664	n/a	NonTarget	1	333416
1333.892	n/a	NonTarget	1	333473
1334.116	n/a	NonTarget	1	333529
1334.34	n/a	Target	2	333585
1334.568	n/a	NonTarget	1	333642
1334.792	n/a	NonTarget	1	333698
1335.016	n/a	NonTarget	1	333754
1335.244	n/a	NonTarget	1	333811
1335.468	n/a	NonTarget	1	333867
1335.692	n/a	NonTarget	1	333923
1335.92	n/a	Target	2	333980
1336.144	n/a	NonTarget	1	334036
1336.372	n/a	NonTarget	1	334093
1336.596	n/a	NonTarget	1	334149
1336.82	n/a	NonTarget	1	334205
1337.048	n/a	Target	2	334262
1337.272	n/a	NonTarget	1	334318
1337.5	n/a	NonTarget	1	334375
1337.724	n/a	NonTarget	1	334431
1337.948	n/a	NonTarget	1	334487
1338.176	n/a	NonTarget	1	334544
1338.4	n/a	Target	2	334600
1338.624	n/a	NonTarget	1	334656
1338.852	n/a	NonTarget	1	334713
1339.076	n/a	NonTarget	1	334769
1339.304	n/a	NonTarget	1	334826
1339.528	n/a	NonTarget	1	334882
1339.752	n/a	Target	2	334938
1339.98	n/a	NonTarget	1	334995
1340.204	n/a	NonTarget	1	335051
1340.428	n/a	NonTarget	1	335107
1340.656	n/a	NonTarget	1	335164
1340.88	n/a	NonTarget	1	335220
1341.104	n/a	NonTarget	1	335276
1341.332	n/a	NonTarget	1	335333
1341.556	n/a	NonTarget	1	335389
1341.784	n/a	Target	2	335446
1342.008	n/a	NonTarget	1	335502
1342.232	n/a	NonTarget	1	335558
1342.46	n/a	NonTarget	1	335615
1342.684	n/a	NonTarget	1	335671
1342.912	n/a	NonTarget	1	335728
1343.136	n/a	NonTarget	1	335784
1343.364	n/a	Target	2	335841
1343.588	n/a	NonTarget	1	335897
1343.812	n/a	NonTarget	1	335953
1344.04	n/a	NonTarget	1	336010
1344.264	n/a	NonTarget	1	336066
1344.488	n/a	NonTarget	1	336122
1344.716	n/a	NonTarget	1	336179
1344.94	n/a	Target	2	336235
1345.168	n/a	NonTarget	1	336292
1345.392	n/a	NonTarget	1	336348
1345.616	n/a	NonTarget	1	336404
1345.844	n/a	NonTarget	1	336461
1346.068	n/a	NonTarget	1	336517
1346.292	n/a	NonTarget	1	336573
1346.52	n/a	NonTarget	1	336630
1346.744	n/a	Target	2	336686
1346.972	n/a	NonTarget	1	336743
1347.196	n/a	NonTarget	1	336799
1347.42	n/a	NonTarget	1	336855
1347.648	n/a	NonTarget	1	336912
1347.872	n/a	NonTarget	1	336968
1348.1	n/a	Target	2	337025
1348.324	n/a	NonTarget	1	337081
1348.548	n/a	NonTarget	1	337137
1348.776	n/a	NonTarget	1	337194
1349.0	n/a	NonTarget	1	337250
1349.228	n/a	NonTarget	1	337307
1349.452	n/a	NonTarget	1	337363
1349.68	n/a	Target	2	337420
1349.904	n/a	NonTarget	1	337476
1350.128	n/a	NonTarget	1	337532
1350.356	n/a	NonTarget	1	337589
1350.58	n/a	NonTarget	1	337645
1359.332	n/a	NonTarget	1	339833
1359.556	n/a	Target	2	339889
1359.78	n/a	NonTarget	1	339945
1360.004	n/a	NonTarget	1	340001
1360.232	n/a	NonTarget	1	340058
1360.456	n/a	NonTarget	1	340114
1360.684	n/a	NonTarget	1	340171
1360.908	n/a	NonTarget	1	340227
1361.132	n/a	NonTarget	1	340283
1361.36	n/a	NonTarget	1	340340
1361.584	n/a	NonTarget	1	340396
1361.808	n/a	NonTarget	1	340452
1362.036	n/a	NonTarget	1	340509
1362.26	n/a	Target	2	340565
1362.488	n/a	NonTarget	1	340622
1362.712	n/a	NonTarget	1	340678
1362.94	n/a	NonTarget	1	340735
1363.164	n/a	NonTarget	1	340791
1363.388	n/a	NonTarget	1	340847
1363.616	n/a	NonTarget	1	340904
1363.84	n/a	NonTarget	1	340960
1364.064	n/a	NonTarget	1	341016
1364.292	n/a	NonTarget	1	341073
1364.516	n/a	Target	2	341129
1364.744	n/a	NonTarget	1	341186
1364.968	n/a	NonTarget	1	341242
1365.192	n/a	NonTarget	1	341298
1365.42	n/a	NonTarget	1	341355
1365.644	n/a	NonTarget	1	341411
1365.868	n/a	NonTarget	1	341467
1366.096	n/a	Target	2	341524
1366.32	n/a	NonTarget	1	341580
1366.548	n/a	NonTarget	1	341637
1366.772	n/a	NonTarget	1	341693
1366.996	n/a	NonTarget	1	341749
1367.224	n/a	NonTarget	1	341806
1367.448	n/a	NonTarget	1	341862
1367.672	n/a	NonTarget	1	341918
1367.896	n/a	NonTarget	1	341974
1368.124	n/a	NonTarget	1	342031
1368.348	n/a	NonTarget	1	342087
1368.572	n/a	NonTarget	1	342143
1368.8	n/a	Target	2	342200
1369.024	n/a	NonTarget	1	342256
1369.248	n/a	NonTarget	1	342312
1369.476	n/a	NonTarget	1	342369
1369.7	n/a	NonTarget	1	342425
1369.928	n/a	NonTarget	1	342482
1370.152	n/a	Target	2	342538
1370.376	n/a	NonTarget	1	342594
1370.604	n/a	NonTarget	1	342651
1370.828	n/a	NonTarget	1	342707
1371.056	n/a	NonTarget	1	342764
1371.28	n/a	Target	2	342820
1371.508	n/a	NonTarget	1	342877
1371.732	n/a	NonTarget	1	342933
1371.956	n/a	NonTarget	1	342989
1372.184	n/a	NonTarget	1	343046
1372.408	n/a	NonTarget	1	343102
1372.636	n/a	Target	2	343159
1372.86	n/a	NonTarget	1	343215
1373.084	n/a	NonTarget	1	343271
1373.312	n/a	NonTarget	1	343328
1373.536	n/a	NonTarget	1	343384
1373.764	n/a	NonTarget	1	343441
1373.988	n/a	Target	2	343497
1374.216	n/a	NonTarget	1	343554
1374.44	n/a	NonTarget	1	343610
1374.664	n/a	NonTarget	1	343666
1374.892	n/a	NonTarget	1	343723
1375.116	n/a	Target	2	343779
1375.344	n/a	NonTarget	1	343836
1375.568	n/a	NonTarget	1	343892
1375.792	n/a	NonTarget	1	343948
1376.02	n/a	NonTarget	1	344005
1376.244	n/a	NonTarget	1	344061
1376.468	n/a	NonTarget	1	344117
1376.696	n/a	NonTarget	1	344174
1376.92	n/a	Target	2	344230
1377.148	n/a	NonTarget	1	344287
1377.372	n/a	NonTarget	1	344343
1377.596	n/a	NonTarget	1	344399
1377.82	n/a	NonTarget	1	344455
1378.048	n/a	NonTarget	1	344512
1378.272	n/a	Target	2	344568
1378.5	n/a	NonTarget	1	344625
1378.724	n/a	NonTarget	1	344681
1378.948	n/a	NonTarget	1	344737
1379.176	n/a	NonTarget	1	344794
1379.4	n/a	NonTarget	1	344850
1379.628	n/a	NonTarget	1	344907
1379.852	n/a	NonTarget	1	344963
1380.08	n/a	Target	2	345020
1380.304	n/a	NonTarget	1	345076
1380.528	n/a	NonTarget	1	345132
1380.756	n/a	NonTarget	1	345189
1380.98	n/a	NonTarget	1	345245
1381.204	n/a	Target	2	345301
1381.432	n/a	NonTarget	1	345358
1381.656	n/a	NonTarget	1	345414
1381.884	n/a	NonTarget	1	345471
1382.108	n/a	NonTarget	1	345527
1382.332	n/a	Target	2	345583
1382.556	n/a	NonTarget	1	345639
1382.784	n/a	NonTarget	1	345696
1383.008	n/a	NonTarget	1	345752
1383.236	n/a	NonTarget	1	345809
1383.46	n/a	Target	2	345865
1383.684	n/a	NonTarget	1	345921
1383.912	n/a	NonTarget	1	345978
1384.136	n/a	NonTarget	1	346034
1384.364	n/a	NonTarget	1	346091
1384.588	n/a	Target	2	346147
1384.816	n/a	NonTarget	1	346204
1385.04	n/a	NonTarget	1	346260
1385.268	n/a	NonTarget	1	346317
1385.492	n/a	NonTarget	1	346373
1385.716	n/a	NonTarget	1	346429
1385.944	n/a	NonTarget	1	346486
1386.168	n/a	NonTarget	1	346542
1386.392	n/a	Target	2	346598
1386.62	n/a	NonTarget	1	346655
1386.844	n/a	NonTarget	1	346711
1387.072	n/a	NonTarget	1	346768
1387.296	n/a	NonTarget	1	346824
1387.524	n/a	Target	2	346881
1387.748	n/a	NonTarget	1	346937
1387.972	n/a	NonTarget	1	346993
1388.2	n/a	NonTarget	1	347050
1388.424	n/a	NonTarget	1	347106
1388.648	n/a	NonTarget	1	347162
1388.876	n/a	Target	2	347219
1389.1	n/a	NonTarget	1	347275
1389.324	n/a	NonTarget	1	347331
1389.552	n/a	NonTarget	1	347388
1401.476	n/a	NonTarget	1	350369
1401.704	n/a	NonTarget	1	350426
1401.928	n/a	NonTarget	1	350482
1402.152	n/a	NonTarget	1	350538
1402.38	n/a	NonTarget	1	350595
1402.604	n/a	Target	2	350651
1402.828	n/a	NonTarget	1	350707
1403.052	n/a	NonTarget	1	350763
1403.28	n/a	NonTarget	1	350820
1403.504	n/a	NonTarget	1	350876
1403.728	n/a	NonTarget	1	350932
1403.956	n/a	NonTarget	1	350989
1404.18	n/a	NonTarget	1	351045
1404.404	n/a	NonTarget	1	351101
1404.632	n/a	NonTarget	1	351158
1404.856	n/a	NonTarget	1	351214
1405.08	n/a	NonTarget	1	351270
1405.308	n/a	Target	2	351327
1405.532	n/a	NonTarget	1	351383
1405.76	n/a	NonTarget	1	351440
1405.984	n/a	NonTarget	1	351496
1406.208	n/a	NonTarget	1	351552
1406.436	n/a	NonTarget	1	351609
1406.66	n/a	NonTarget	1	351665
1406.888	n/a	NonTarget	1	351722
1407.112	n/a	NonTarget	1	351778
1407.34	n/a	NonTarget	1	351835
1407.564	n/a	NonTarget	1	351891
1407.788	n/a	Target	2	351947
1408.016	n/a	NonTarget	1	352004
1408.24	n/a	NonTarget	1	352060
1408.468	n/a	NonTarget	1	352117
1408.692	n/a	NonTarget	1	352173
1408.916	n/a	NonTarget	1	352229
1409.14	n/a	NonTarget	1	352285
1409.368	n/a	NonTarget	1	352342
1409.596	n/a	NonTarget	1	352399
1409.82	n/a	Target	2	352455
1410.044	n/a	NonTarget	1	352511
1410.268	n/a	NonTarget	1	352567
1410.496	n/a	NonTarget	1	352624
1410.724	n/a	NonTarget	1	352681
1410.948	n/a	NonTarget	1	352737
1411.172	n/a	NonTarget	1	352793
1411.4	n/a	NonTarget	1	352850
1411.624	n/a	Target	2	352906
1411.852	n/a	NonTarget	1	352963
1412.076	n/a	NonTarget	1	353019
1412.304	n/a	NonTarget	1	353076
1412.528	n/a	NonTarget	1	353132
1412.752	n/a	Target	2	353188
1412.98	n/a	NonTarget	1	353245
1413.204	n/a	NonTarget	1	353301
1413.432	n/a	NonTarget	1	353358
1413.656	n/a	NonTarget	1	353414
1413.884	n/a	Target	2	353471
1414.108	n/a	NonTarget	1	353527
1414.332	n/a	NonTarget	1	353583
1414.56	n/a	NonTarget	1	353640
1414.784	n/a	NonTarget	1	353696
1415.012	n/a	NonTarget	1	353753
1415.236	n/a	NonTarget	1	353809
1415.46	n/a	Target	2	353865
1415.688	n/a	NonTarget	1	353922
1415.912	n/a	NonTarget	1	353978
1416.136	n/a	NonTarget	1	354034
1416.364	n/a	NonTarget	1	354091
1416.588	n/a	Target	2	354147
1416.812	n/a	NonTarget	1	354203
1417.04	n/a	NonTarget	1	354260
1417.264	n/a	NonTarget	1	354316
1417.492	n/a	NonTarget	1	354373
1417.716	n/a	Target	2	354429
1417.94	n/a	NonTarget	1	354485
1418.168	n/a	NonTarget	1	354542
1418.392	n/a	NonTarget	1	354598
1418.62	n/a	NonTarget	1	354655
1418.844	n/a	Target	2	354711
1419.068	n/a	NonTarget	1	354767
1419.292	n/a	NonTarget	1	354823
1419.52	n/a	NonTarget	1	354880
1419.744	n/a	NonTarget	1	354936
1419.968	n/a	Target	2	354992
1420.196	n/a	NonTarget	1	355049
1420.42	n/a	NonTarget	1	355105
1420.644	n/a	NonTarget	1	355161
1420.872	n/a	NonTarget	1	355218
1421.096	n/a	NonTarget	1	355274
1421.324	n/a	Target	2	355331
1421.548	n/a	NonTarget	1	355387
1421.772	n/a	NonTarget	1	355443
1422.0	n/a	NonTarget	1	355500
1422.224	n/a	NonTarget	1	355556
1422.452	n/a	Target	2	355613
1422.676	n/a	NonTarget	1	355669
1422.9	n/a	NonTarget	1	355725
1423.128	n/a	NonTarget	1	355782
1423.352	n/a	NonTarget	1	355838
1423.576	n/a	Target	2	355894
1423.804	n/a	NonTarget	1	355951
1424.028	n/a	NonTarget	1	356007
1424.252	n/a	NonTarget	1	356063
1424.48	n/a	NonTarget	1	356120
1424.708	n/a	Target	2	356177
1424.932	n/a	NonTarget	1	356233
1425.156	n/a	NonTarget	1	356289
1425.384	n/a	NonTarget	1	356346
1425.608	n/a	NonTarget	1	356402
1425.832	n/a	Target	2	356458
1426.06	n/a	NonTarget	1	356515
1426.284	n/a	NonTarget	1	356571
1426.512	n/a	NonTarget	1	356628
1426.736	n/a	NonTarget	1	356684
1426.96	n/a	NonTarget	1	356740
1427.188	n/a	Target	2	356797
1427.412	n/a	NonTarget	1	356853
1427.636	n/a	NonTarget	1	356909
1427.864	n/a	NonTarget	1	356966
1428.088	n/a	NonTarget	1	357022
1428.316	n/a	Target	2	357079
1428.54	n/a	NonTarget	1	357135
1428.764	n/a	NonTarget	1	357191
1428.992	n/a	NonTarget	1	357248
1429.216	n/a	NonTarget	1	357304
1429.44	n/a	NonTarget	1	357360
1429.668	n/a	Target	2	357417
1429.892	n/a	NonTarget	1	357473
1430.12	n/a	NonTarget	1	357530
1430.344	n/a	NonTarget	1	357586
1430.568	n/a	NonTarget	1	357642
1430.796	n/a	Target	2	357699
1431.02	n/a	NonTarget	1	357755
1431.248	n/a	NonTarget	1	357812
1431.472	n/a	NonTarget	1	357868
1431.7	n/a	NonTarget	1	357925
1440.46	n/a	NonTarget	1	360115
1440.684	n/a	NonTarget	1	360171
1440.912	n/a	Target	2	360228
1441.136	n/a	NonTarget	1	360284
1441.36	n/a	NonTarget	1	360340
1441.588	n/a	NonTarget	1	360397
1441.812	n/a	NonTarget	1	360453
1442.036	n/a	NonTarget	1	360509
1442.26	n/a	NonTarget	1	360565
1442.488	n/a	NonTarget	1	360622
1442.712	n/a	Target	2	360678
1442.936	n/a	NonTarget	1	360734
1443.164	n/a	NonTarget	1	360791
1443.388	n/a	NonTarget	1	360847
1443.616	n/a	NonTarget	1	360904
1443.84	n/a	NonTarget	1	360960
1444.064	n/a	NonTarget	1	361016
1444.292	n/a	NonTarget	1	361073
1444.516	n/a	NonTarget	1	361129
1444.74	n/a	Target	2	361185
1444.968	n/a	NonTarget	1	361242
1445.192	n/a	NonTarget	1	361298
1445.416	n/a	NonTarget	1	361354
1445.644	n/a	NonTarget	1	361411
1445.868	n/a	NonTarget	1	361467
1446.096	n/a	Target	2	361524
1446.32	n/a	NonTarget	1	361580
1446.544	n/a	NonTarget	1	361636
1446.768	n/a	NonTarget	1	361692
1446.996	n/a	NonTarget	1	361749
1447.22	n/a	NonTarget	1	361805
1447.448	n/a	NonTarget	1	361862
1447.672	n/a	NonTarget	1	361918
1447.9	n/a	NonTarget	1	361975
1448.124	n/a	NonTarget	1	362031
1448.352	n/a	NonTarget	1	362088
1448.576	n/a	Target	2	362144
1448.804	n/a	NonTarget	1	362201
1449.028	n/a	NonTarget	1	362257
1449.252	n/a	NonTarget	1	362313
1449.48	n/a	NonTarget	1	362370
1449.704	n/a	NonTarget	1	362426
1449.928	n/a	NonTarget	1	362482
1450.156	n/a	NonTarget	1	362539
1450.38	n/a	NonTarget	1	362595
1450.604	n/a	NonTarget	1	362651
1450.832	n/a	NonTarget	1	362708
1451.056	n/a	NonTarget	1	362764
1451.284	n/a	NonTarget	1	362821
1451.508	n/a	NonTarget	1	362877
1451.732	n/a	NonTarget	1	362933
1451.96	n/a	NonTarget	1	362990
1452.184	n/a	NonTarget	1	363046
1452.408	n/a	NonTarget	1	363102
1452.636	n/a	NonTarget	1	363159
1452.86	n/a	NonTarget	1	363215
1453.088	n/a	Target	2	363272
1453.312	n/a	NonTarget	1	363328
1453.536	n/a	NonTarget	1	363384
1453.764	n/a	NonTarget	1	363441
1453.988	n/a	NonTarget	1	363497
1454.212	n/a	Target	2	363553
1454.44	n/a	NonTarget	1	363610
1454.664	n/a	NonTarget	1	363666
1454.892	n/a	NonTarget	1	363723
1455.116	n/a	NonTarget	1	363779
1455.34	n/a	NonTarget	1	363835
1455.568	n/a	NonTarget	1	363892
1455.792	n/a	Target	2	363948
1456.02	n/a	NonTarget	1	364005
1456.244	n/a	NonTarget	1	364061
1456.472	n/a	NonTarget	1	364118
1456.696	n/a	NonTarget	1	364174
1456.92	n/a	NonTarget	1	364230
1457.148	n/a	NonTarget	1	364287
1457.372	n/a	NonTarget	1	364343
1457.596	n/a	Target	2	364399
1457.824	n/a	NonTarget	1	364456
1458.052	n/a	NonTarget	1	364513
1458.276	n/a	NonTarget	1	364569
1458.5	n/a	NonTarget	1	364625
1458.728	n/a	NonTarget	1	364682
1458.952	n/a	NonTarget	1	364738
1459.176	n/a	NonTarget	1	364794
1459.404	n/a	NonTarget	1	364851
1459.628	n/a	NonTarget	1	364907
1459.852	n/a	NonTarget	1	364963
1460.08	n/a	Target	2	365020
1460.304	n/a	NonTarget	1	365076
1460.532	n/a	NonTarget	1	365133
1460.756	n/a	NonTarget	1	365189
1460.98	n/a	NonTarget	1	365245
1461.208	n/a	NonTarget	1	365302
1461.432	n/a	Target	2	365358
1461.656	n/a	NonTarget	1	365414
1461.884	n/a	NonTarget	1	365471
1462.108	n/a	NonTarget	1	365527
1462.336	n/a	NonTarget	1	365584
1462.56	n/a	Target	2	365640
1462.788	n/a	NonTarget	1	365697
1463.012	n/a	NonTarget	1	365753
1463.236	n/a	NonTarget	1	365809
1463.46	n/a	NonTarget	1	365865
1463.688	n/a	Target	2	365922
1463.916	n/a	NonTarget	1	365979
1464.14	n/a	NonTarget	1	366035
1464.364	n/a	NonTarget	1	366091
1464.592	n/a	NonTarget	1	366148
1464.816	n/a	NonTarget	1	366204
1465.04	n/a	Target	2	366260
1465.268	n/a	NonTarget	1	366317
1465.492	n/a	NonTarget	1	366373
1465.716	n/a	NonTarget	1	366429
1465.944	n/a	NonTarget	1	366486
1466.168	n/a	Target	2	366542
1466.396	n/a	NonTarget	1	366599
1466.62	n/a	NonTarget	1	366655
1466.844	n/a	NonTarget	1	366711
1467.072	n/a	NonTarget	1	366768
1467.296	n/a	Target	2	366824
1467.52	n/a	NonTarget	1	366880
1467.748	n/a	NonTarget	1	366937
1467.972	n/a	NonTarget	1	366993
1468.2	n/a	NonTarget	1	367050
1468.424	n/a	NonTarget	1	367106
1468.648	n/a	Target	2	367162
1468.876	n/a	NonTarget	1	367219
1469.1	n/a	NonTarget	1	367275
1469.328	n/a	NonTarget	1	367332
1469.552	n/a	NonTarget	1	367388
1469.78	n/a	Target	2	367445
1470.004	n/a	NonTarget	1	367501
1470.232	n/a	NonTarget	1	367558
1470.456	n/a	NonTarget	1	367614
1482.232	n/a	NonTarget	1	370558
1482.456	n/a	NonTarget	1	370614
1482.684	n/a	NonTarget	1	370671
1482.908	n/a	NonTarget	1	370727
1483.132	n/a	NonTarget	1	370783
1483.36	n/a	Target	2	370840
1483.584	n/a	NonTarget	1	370896
1483.808	n/a	NonTarget	1	370952
1484.036	n/a	NonTarget	1	371009
1484.26	n/a	NonTarget	1	371065
1484.484	n/a	NonTarget	1	371121
1484.712	n/a	NonTarget	1	371178
1484.936	n/a	NonTarget	1	371234
1485.16	n/a	NonTarget	1	371290
1485.388	n/a	NonTarget	1	371347
1485.612	n/a	NonTarget	1	371403
1485.836	n/a	Target	2	371459
1486.06	n/a	NonTarget	1	371515
1486.288	n/a	NonTarget	1	371572
1486.512	n/a	NonTarget	1	371628
1486.736	n/a	NonTarget	1	371684
1486.964	n/a	NonTarget	1	371741
1487.188	n/a	NonTarget	1	371797
1487.416	n/a	NonTarget	1	371854
1487.64	n/a	NonTarget	1	371910
1487.864	n/a	NonTarget	1	371966
1488.092	n/a	NonTarget	1	372023
1488.316	n/a	Target	2	372079
1488.544	n/a	NonTarget	1	372136
1488.768	n/a	NonTarget	1	372192
1488.992	n/a	NonTarget	1	372248
1489.22	n/a	NonTarget	1	372305
1489.444	n/a	NonTarget	1	372361
1489.672	n/a	NonTarget	1	372418
1489.896	n/a	NonTarget	1	372474
1490.12	n/a	Target	2	372530
1490.348	n/a	NonTarget	1	372587
1490.572	n/a	NonTarget	1	372643
1490.8	n/a	NonTarget	1	372700
1491.024	n/a	NonTarget	1	372756
1491.248	n/a	NonTarget	1	372812
1491.476	n/a	NonTarget	1	372869
1491.7	n/a	NonTarget	1	372925
1491.928	n/a	NonTarget	1	372982
1492.152	n/a	NonTarget	1	373038
1492.38	n/a	Target	2	373095
1492.604	n/a	NonTarget	1	373151
1492.832	n/a	NonTarget	1	373208
1493.056	n/a	NonTarget	1	373264
1493.28	n/a	NonTarget	1	373320
1493.508	n/a	Target	2	373377
1493.732	n/a	NonTarget	1	373433
1493.956	n/a	NonTarget	1	373489
1494.184	n/a	NonTarget	1	373546
1494.408	n/a	NonTarget	1	373602
1494.636	n/a	Target	2	373659
1494.86	n/a	NonTarget	1	373715
1495.084	n/a	NonTarget	1	373771
1495.308	n/a	NonTarget	1	373827
1495.536	n/a	NonTarget	1	373884
1495.76	n/a	NonTarget	1	373940
1495.988	n/a	Target	2	373997
1496.212	n/a	NonTarget	1	374053
1496.436	n/a	NonTarget	1	374109
1496.664	n/a	NonTarget	1	374166
1496.888	n/a	NonTarget	1	374222
1497.112	n/a	NonTarget	1	374278
1497.34	n/a	Target	2	374335
1497.564	n/a	NonTarget	1	374391
1497.792	n/a	NonTarget	1	374448
1498.016	n/a	NonTarget	1	374504
1498.24	n/a	NonTarget	1	374560
1498.468	n/a	NonTarget	1	374617
1498.692	n/a	NonTarget	1	374673
1498.916	n/a	Target	2	374729
1499.144	n/a	NonTarget	1	374786
1499.368	n/a	NonTarget	1	374842
1499.592	n/a	NonTarget	1	374898
1499.82	n/a	NonTarget	1	374955
1500.044	n/a	NonTarget	1	375011
1500.272	n/a	Target	2	375068
1500.496	n/a	NonTarget	1	375124
1500.72	n/a	NonTarget	1	375180
1500.948	n/a	NonTarget	1	375237
1501.172	n/a	NonTarget	1	375293
1501.4	n/a	Target	2	375350
1501.624	n/a	NonTarget	1	375406
1501.852	n/a	NonTarget	1	375463
1502.076	n/a	NonTarget	1	375519
1502.3	n/a	NonTarget	1	375575
1502.528	n/a	Target	2	375632
1502.752	n/a	NonTarget	1	375688
1502.976	n/a	NonTarget	1	375744
1503.204	n/a	NonTarget	1	375801
1503.428	n/a	NonTarget	1	375857
1503.656	n/a	Target	2	375914
1503.88	n/a	NonTarget	1	375970
1504.104	n/a	NonTarget	1	376026
1504.332	n/a	NonTarget	1	376083
1504.556	n/a	NonTarget	1	376139
1504.78	n/a	NonTarget	1	376195
1505.008	n/a	NonTarget	1	376252
1505.232	n/a	Target	2	376308
1505.456	n/a	NonTarget	1	376364
1505.684	n/a	NonTarget	1	376421
1505.912	n/a	NonTarget	1	376478
1506.136	n/a	NonTarget	1	376534
1506.36	n/a	NonTarget	1	376590
1506.588	n/a	Target	2	376647
1506.812	n/a	NonTarget	1	376703
1507.036	n/a	NonTarget	1	376759
1507.264	n/a	NonTarget	1	376816
1507.488	n/a	NonTarget	1	376872
1507.716	n/a	Target	2	376929
1507.94	n/a	NonTarget	1	376985
1508.164	n/a	NonTarget	1	377041
1508.392	n/a	NonTarget	1	377098
1508.616	n/a	NonTarget	1	377154
1508.84	n/a	Target	2	377210
1509.068	n/a	NonTarget	1	377267
1509.292	n/a	NonTarget	1	377323
1509.52	n/a	NonTarget	1	377380
1509.744	n/a	NonTarget	1	377436
1509.968	n/a	Target	2	377492
1510.192	n/a	NonTarget	1	377548
1510.42	n/a	NonTarget	1	377605
1510.644	n/a	NonTarget	1	377661
1510.872	n/a	NonTarget	1	377718
1511.096	n/a	NonTarget	1	377774
1511.32	n/a	Target	2	377830
1511.548	n/a	NonTarget	1	377887
1511.772	n/a	NonTarget	1	377943
1512.0	n/a	NonTarget	1	378000
1512.224	n/a	NonTarget	1	378056
1512.452	n/a	Target	2	378113
1521.2	n/a	NonTarget	1	380300
1521.424	n/a	NonTarget	1	380356
1521.652	n/a	NonTarget	1	380413
1521.876	n/a	NonTarget	1	380469
1522.104	n/a	NonTarget	1	380526
1522.328	n/a	NonTarget	1	380582
1522.556	n/a	NonTarget	1	380639
1522.78	n/a	Target	2	380695
1523.004	n/a	NonTarget	1	380751
1523.232	n/a	NonTarget	1	380808
1523.456	n/a	NonTarget	1	380864
1523.684	n/a	NonTarget	1	380921
1523.908	n/a	NonTarget	1	380977
1524.132	n/a	NonTarget	1	381033
1524.36	n/a	NonTarget	1	381090
1524.584	n/a	NonTarget	1	381146
1524.812	n/a	NonTarget	1	381203
1525.036	n/a	NonTarget	1	381259
1525.26	n/a	Target	2	381315
1525.488	n/a	NonTarget	1	381372
1525.712	n/a	NonTarget	1	381428
1525.94	n/a	NonTarget	1	381485
1526.164	n/a	NonTarget	1	381541
1526.388	n/a	NonTarget	1	381597
1526.616	n/a	Target	2	381654
1526.84	n/a	NonTarget	1	381710
1527.064	n/a	NonTarget	1	381766
1527.288	n/a	NonTarget	1	381822
1527.516	n/a	NonTarget	1	381879
1527.74	n/a	Target	2	381935
1527.968	n/a	NonTarget	1	381992
1528.192	n/a	NonTarget	1	382048
1528.42	n/a	NonTarget	1	382105
1528.644	n/a	NonTarget	1	382161
1528.868	n/a	NonTarget	1	382217
1529.096	n/a	Target	2	382274
1529.32	n/a	NonTarget	1	382330
1529.548	n/a	NonTarget	1	382387
1529.772	n/a	NonTarget	1	382443
1529.996	n/a	NonTarget	1	382499
1530.22	n/a	NonTarget	1	382555
1530.448	n/a	NonTarget	1	382612
1530.672	n/a	NonTarget	1	382668
1530.896	n/a	NonTarget	1	382724
1531.124	n/a	NonTarget	1	382781
1531.352	n/a	NonTarget	1	382838
1531.576	n/a	NonTarget	1	382894
1531.8	n/a	Target	2	382950
1532.028	n/a	NonTarget	1	383007
1532.252	n/a	NonTarget	1	383063
1532.48	n/a	NonTarget	1	383120
1532.704	n/a	NonTarget	1	383176
1532.932	n/a	Target	2	383233
1533.156	n/a	NonTarget	1	383289
1533.38	n/a	NonTarget	1	383345
1533.608	n/a	NonTarget	1	383402
1533.832	n/a	NonTarget	1	383458
1534.056	n/a	Target	2	383514
1534.284	n/a	NonTarget	1	383571
1534.508	n/a	NonTarget	1	383627
1534.732	n/a	NonTarget	1	383683
1534.96	n/a	NonTarget	1	383740
1535.184	n/a	Target	2	383796
1535.408	n/a	NonTarget	1	383852
1535.636	n/a	NonTarget	1	383909
1535.86	n/a	NonTarget	1	383965
1536.088	n/a	NonTarget	1	384022
1536.312	n/a	Target	2	384078
1536.536	n/a	NonTarget	1	384134
1536.764	n/a	NonTarget	1	384191
1536.988	n/a	NonTarget	1	384247
1537.216	n/a	NonTarget	1	384304
1537.44	n/a	Target	2	384360
1537.668	n/a	NonTarget	1	384417
1537.892	n/a	NonTarget	1	384473
1538.116	n/a	NonTarget	1	384529
1538.344	n/a	NonTarget	1	384586
1538.568	n/a	Target	2	384642
1538.796	n/a	NonTarget	1	384699
1539.02	n/a	NonTarget	1	384755
1539.244	n/a	NonTarget	1	384811
1539.468	n/a	NonTarget	1	384867
1539.696	n/a	Target	2	384924
1539.92	n/a	NonTarget	1	384980
1540.148	n/a	NonTarget	1	385037
1540.372	n/a	NonTarget	1	385093
1540.596	n/a	NonTarget	1	385149
1540.824	n/a	Target	2	385206
1541.048	n/a	NonTarget	1	385262
1541.272	n/a	NonTarget	1	385318
1541.5	n/a	NonTarget	1	385375
1541.724	n/a	NonTarget	1	385431
1541.952	n/a	Target	2	385488
1542.176	n/a	NonTarget	1	385544
1542.4	n/a	NonTarget	1	385600
1542.628	n/a	NonTarget	1	385657
1542.852	n/a	NonTarget	1	385713
1543.08	n/a	Target	2	385770
1543.304	n/a	NonTarget	1	385826
1543.532	n/a	NonTarget	1	385883
1543.756	n/a	NonTarget	1	385939
1543.98	n/a	NonTarget	1	385995
1544.208	n/a	Target	2	386052
1544.432	n/a	NonTarget	1	386108
1544.656	n/a	NonTarget	1	386164
1544.884	n/a	NonTarget	1	386221
1545.108	n/a	NonTarget	1	386277
1545.332	n/a	Target	2	386333
1545.56	n/a	NonTarget	1	386390
1545.784	n/a	NonTarget	1	386446
1546.008	n/a	NonTarget	1	386502
1546.236	n/a	NonTarget	1	386559
1546.46	n/a	Target	2	386615
1546.688	n/a	NonTarget	1	386672
1546.912	n/a	NonTarget	1	386728
1547.136	n/a	NonTarget	1	386784
1547.364	n/a	NonTarget	1	386841
1547.588	n/a	Target	2	386897
1547.816	n/a	NonTarget	1	386954
1548.04	n/a	NonTarget	1	387010
1548.268	n/a	NonTarget	1	387067
1548.492	n/a	NonTarget	1	387123
1548.716	n/a	Target	2	387179
1548.944	n/a	NonTarget	1	387236
1549.168	n/a	NonTarget	1	387292
1549.396	n/a	NonTarget	1	387349
1549.62	n/a	NonTarget	1	387405
1549.844	n/a	Target	2	387461
1550.072	n/a	NonTarget	1	387518
1550.296	n/a	NonTarget	1	387574
1550.524	n/a	NonTarget	1	387631
1550.748	n/a	NonTarget	1	387687
1550.976	n/a	NonTarget	1	387744
1551.2	n/a	Target	2	387800
1551.424	n/a	NonTarget	1	387856
1563.036	n/a	NonTarget	1	390759
1563.264	n/a	NonTarget	1	390816
1563.488	n/a	NonTarget	1	390872
1563.712	n/a	NonTarget	1	390928
1563.94	n/a	Target	2	390985
1564.164	n/a	NonTarget	1	391041
1564.392	n/a	NonTarget	1	391098
1564.616	n/a	NonTarget	1	391154
1564.844	n/a	NonTarget	1	391211
1565.068	n/a	NonTarget	1	391267
1565.292	n/a	NonTarget	1	391323
1565.52	n/a	Target	2	391380
1565.744	n/a	NonTarget	1	391436
1565.972	n/a	NonTarget	1	391493
1566.196	n/a	NonTarget	1	391549
1566.42	n/a	NonTarget	1	391605
1566.644	n/a	NonTarget	1	391661
1566.872	n/a	NonTarget	1	391718
1567.096	n/a	NonTarget	1	391774
1567.324	n/a	NonTarget	1	391831
1567.548	n/a	NonTarget	1	391887
1567.776	n/a	NonTarget	1	391944
1568.0	n/a	Target	2	392000
1568.224	n/a	NonTarget	1	392056
1568.452	n/a	NonTarget	1	392113
1568.676	n/a	NonTarget	1	392169
1568.9	n/a	NonTarget	1	392225
1569.128	n/a	NonTarget	1	392282
1569.352	n/a	NonTarget	1	392338
1569.576	n/a	NonTarget	1	392394
1569.804	n/a	NonTarget	1	392451
1570.028	n/a	Target	2	392507
1570.256	n/a	NonTarget	1	392564
1570.48	n/a	NonTarget	1	392620
1570.704	n/a	NonTarget	1	392676
1570.932	n/a	NonTarget	1	392733
1571.156	n/a	NonTarget	1	392789
1571.38	n/a	NonTarget	1	392845
1571.608	n/a	NonTarget	1	392902
1571.832	n/a	NonTarget	1	392958
1572.06	n/a	NonTarget	1	393015
1572.284	n/a	NonTarget	1	393071
1572.508	n/a	Target	2	393127
1572.736	n/a	NonTarget	1	393184
1572.96	n/a	NonTarget	1	393240
1573.184	n/a	NonTarget	1	393296
1573.412	n/a	NonTarget	1	393353
1573.636	n/a	Target	2	393409
1573.86	n/a	NonTarget	1	393465
1574.088	n/a	NonTarget	1	393522
1574.312	n/a	NonTarget	1	393578
1574.536	n/a	NonTarget	1	393634
1574.764	n/a	Target	2	393691
1574.988	n/a	NonTarget	1	393747
1575.216	n/a	NonTarget	1	393804
1575.44	n/a	NonTarget	1	393860
1575.664	n/a	NonTarget	1	393916
1575.892	n/a	NonTarget	1	393973
1576.116	n/a	NonTarget	1	394029
1576.344	n/a	Target	2	394086
1576.568	n/a	NonTarget	1	394142
1576.796	n/a	NonTarget	1	394199
1577.02	n/a	NonTarget	1	394255
1577.244	n/a	NonTarget	1	394311
1577.472	n/a	Target	2	394368
1577.696	n/a	NonTarget	1	394424
1577.92	n/a	NonTarget	1	394480
1578.148	n/a	NonTarget	1	394537
1578.376	n/a	NonTarget	1	394594
1578.6	n/a	Target	2	394650
1578.824	n/a	NonTarget	1	394706
1579.052	n/a	NonTarget	1	394763
1579.276	n/a	NonTarget	1	394819
1579.504	n/a	NonTarget	1	394876
1579.728	n/a	Target	2	394932
1579.952	n/a	NonTarget	1	394988
1580.176	n/a	NonTarget	1	395044
1580.404	n/a	NonTarget	1	395101
1580.628	n/a	NonTarget	1	395157
1580.856	n/a	NonTarget	1	395214
1581.08	n/a	NonTarget	1	395270
1581.308	n/a	NonTarget	1	395327
1581.532	n/a	NonTarget	1	395383
1581.756	n/a	Target	2	395439
1581.984	n/a	NonTarget	1	395496
1582.208	n/a	NonTarget	1	395552
1582.432	n/a	NonTarget	1	395608
1582.66	n/a	NonTarget	1	395665
1582.884	n/a	Target	2	395721
1583.112	n/a	NonTarget	1	395778
1583.336	n/a	NonTarget	1	395834
1583.56	n/a	NonTarget	1	395890
1583.788	n/a	NonTarget	1	395947
1584.012	n/a	Target	2	396003
1584.24	n/a	NonTarget	1	396060
1584.464	n/a	NonTarget	1	396116
1584.688	n/a	NonTarget	1	396172
1584.916	n/a	NonTarget	1	396229
1585.14	n/a	Target	2	396285
1585.364	n/a	NonTarget	1	396341
1585.592	n/a	NonTarget	1	396398
1585.816	n/a	NonTarget	1	396454
1586.04	n/a	NonTarget	1	396510
1586.268	n/a	Target	2	396567
1586.492	n/a	NonTarget	1	396623
1586.72	n/a	NonTarget	1	396680
1586.944	n/a	NonTarget	1	396736
1587.168	n/a	NonTarget	1	396792
1587.396	n/a	Target	2	396849
1587.62	n/a	NonTarget	1	396905
1587.844	n/a	NonTarget	1	396961
1588.072	n/a	NonTarget	1	397018
1588.296	n/a	NonTarget	1	397074
1588.524	n/a	Target	2	397131
1588.748	n/a	NonTarget	1	397187
1588.972	n/a	NonTarget	1	397243
1589.2	n/a	NonTarget	1	397300
1589.424	n/a	NonTarget	1	397356
1589.648	n/a	Target	2	397412
1589.876	n/a	NonTarget	1	397469
1590.1	n/a	NonTarget	1	397525
1590.328	n/a	NonTarget	1	397582
1590.552	n/a	NonTarget	1	397638
1590.78	n/a	Target	2	397695
1591.004	n/a	NonTarget	1	397751
1591.228	n/a	NonTarget	1	397807
1591.456	n/a	NonTarget	1	397864
1591.68	n/a	NonTarget	1	397920
1591.904	n/a	Target	2	397976
1592.132	n/a	NonTarget	1	398033
1592.356	n/a	NonTarget	1	398089
1592.58	n/a	NonTarget	1	398145
1592.808	n/a	NonTarget	1	398202
1593.032	n/a	Target	2	398258
1593.26	n/a	NonTarget	1	398315
1602.032	n/a	NonTarget	1	400508
1602.26	n/a	NonTarget	1	400565
1602.484	n/a	NonTarget	1	400621
1602.712	n/a	NonTarget	1	400678
1602.936	n/a	NonTarget	1	400734
1603.16	n/a	NonTarget	1	400790
1603.388	n/a	Target	2	400847
1603.612	n/a	NonTarget	1	400903
1603.836	n/a	NonTarget	1	400959
1604.06	n/a	NonTarget	1	401015
1604.288	n/a	NonTarget	1	401072
1604.512	n/a	NonTarget	1	401128
1604.736	n/a	NonTarget	1	401184
1604.964	n/a	NonTarget	1	401241
1605.188	n/a	NonTarget	1	401297
1605.416	n/a	Target	2	401354
1605.64	n/a	NonTarget	1	401410
1605.868	n/a	NonTarget	1	401467
1606.092	n/a	NonTarget	1	401523
1606.316	n/a	NonTarget	1	401579
1606.54	n/a	NonTarget	1	401635
1606.768	n/a	NonTarget	1	401692
1606.992	n/a	NonTarget	1	401748
1607.22	n/a	NonTarget	1	401805
1607.444	n/a	NonTarget	1	401861
1607.668	n/a	NonTarget	1	401917
1607.892	n/a	NonTarget	1	401973
1608.12	n/a	Target	2	402030
1608.344	n/a	NonTarget	1	402086
1608.572	n/a	NonTarget	1	402143
1608.796	n/a	NonTarget	1	402199
1609.02	n/a	NonTarget	1	402255
1609.248	n/a	NonTarget	1	402312
1609.472	n/a	NonTarget	1	402368
1609.7	n/a	NonTarget	1	402425
1609.924	n/a	NonTarget	1	402481
1610.152	n/a	NonTarget	1	402538
1610.376	n/a	Target	2	402594
1610.6	n/a	NonTarget	1	402650
1610.828	n/a	NonTarget	1	402707
1611.052	n/a	NonTarget	1	402763
1611.28	n/a	NonTarget	1	402820
1611.504	n/a	NonTarget	1	402876
1611.728	n/a	NonTarget	1	402932
1611.956	n/a	NonTarget	1	402989
1612.18	n/a	Target	2	403045
1612.404	n/a	NonTarget	1	403101
1612.632	n/a	NonTarget	1	403158
1612.856	n/a	NonTarget	1	403214
1613.084	n/a	NonTarget	1	403271
1613.308	n/a	NonTarget	1	403327
1613.532	n/a	NonTarget	1	403383
1613.76	n/a	Target	2	403440
1613.984	n/a	NonTarget	1	403496
1614.208	n/a	NonTarget	1	403552
1614.436	n/a	NonTarget	1	403609
1614.66	n/a	NonTarget	1	403665
1614.884	n/a	Target	2	403721
1615.112	n/a	NonTarget	1	403778
1615.336	n/a	NonTarget	1	403834
1615.564	n/a	NonTarget	1	403891
1615.788	n/a	NonTarget	1	403947
1616.012	n/a	NonTarget	1	404003
1616.24	n/a	Target	2	404060
1616.468	n/a	NonTarget	1	404117
1616.692	n/a	NonTarget	1	404173
1616.916	n/a	NonTarget	1	404229
1617.144	n/a	NonTarget	1	404286
1617.368	n/a	Target	2	404342
1617.592	n/a	NonTarget	1	404398
1617.82	n/a	NonTarget	1	404455
1618.044	n/a	NonTarget	1	404511
1618.272	n/a	NonTarget	1	404568
1618.496	n/a	NonTarget	1	404624
1618.724	n/a	Target	2	404681
1618.948	n/a	NonTarget	1	404737
1619.172	n/a	NonTarget	1	404793
1619.4	n/a	NonTarget	1	404850
1619.624	n/a	NonTarget	1	404906
1619.852	n/a	NonTarget	1	404963
1620.076	n/a	Target	2	405019
1620.3	n/a	NonTarget	1	405075
1620.528	n/a	NonTarget	1	405132
1620.752	n/a	NonTarget	1	405188
1620.976	n/a	NonTarget	1	405244
1621.204	n/a	Target	2	405301
1621.428	n/a	NonTarget	1	405357
1621.656	n/a	NonTarget	1	405414
1621.88	n/a	NonTarget	1	405470
1622.108	n/a	NonTarget	1	405527
1622.332	n/a	Target	2	405583
1622.556	n/a	NonTarget	1	405639
1622.784	n/a	NonTarget	1	405696
1623.008	n/a	NonTarget	1	405752
1623.236	n/a	NonTarget	1	405809
1623.46	n/a	NonTarget	1	405865
1623.688	n/a	Target	2	405922
1623.912	n/a	NonTarget	1	405978
1624.136	n/a	NonTarget	1	406034
1624.364	n/a	NonTarget	1	406091
1624.588	n/a	NonTarget	1	406147
1624.816	n/a	Target	2	406204
1625.04	n/a	NonTarget	1	406260
1625.264	n/a	NonTarget	1	406316
1625.488	n/a	NonTarget	1	406372
1625.716	n/a	NonTarget	1	406429
1625.94	n/a	Target	2	406485
1626.168	n/a	NonTarget	1	406542
1626.392	n/a	NonTarget	1	406598
1626.616	n/a	NonTarget	1	406654
1626.844	n/a	NonTarget	1	406711
1627.068	n/a	Target	2	406767
1627.296	n/a	NonTarget	1	406824
1627.52	n/a	NonTarget	1	406880
1627.748	n/a	NonTarget	1	406937
1627.972	n/a	NonTarget	1	406993
1628.196	n/a	Target	2	407049
1628.424	n/a	NonTarget	1	407106
1628.648	n/a	NonTarget	1	407162
1628.876	n/a	NonTarget	1	407219
1629.1	n/a	NonTarget	1	407275
1629.328	n/a	Target	2	407332
1629.552	n/a	NonTarget	1	407388
1629.776	n/a	NonTarget	1	407444
1630.004	n/a	NonTarget	1	407501
1630.232	n/a	NonTarget	1	407558
1630.456	n/a	Target	2	407614
1630.68	n/a	NonTarget	1	407670
1630.908	n/a	NonTarget	1	407727
1631.132	n/a	NonTarget	1	407783
1631.356	n/a	NonTarget	1	407839
1631.584	n/a	Target	2	407896
1631.808	n/a	NonTarget	1	407952
1632.036	n/a	NonTarget	1	408009
1702.516	n/a	NonTarget	1	425629
1702.74	n/a	NonTarget	1	425685
1702.968	n/a	NonTarget	1	425742
1703.196	n/a	NonTarget	1	425799
1703.42	n/a	NonTarget	1	425855
1703.644	n/a	NonTarget	1	425911
1703.868	n/a	NonTarget	1	425967
1704.096	n/a	Target	2	426024
1704.32	n/a	NonTarget	1	426080
1704.548	n/a	NonTarget	1	426137
1704.772	n/a	NonTarget	1	426193
1704.996	n/a	NonTarget	1	426249
1705.22	n/a	NonTarget	1	426305
1705.448	n/a	NonTarget	1	426362
1705.672	n/a	Target	2	426418
1705.9	n/a	NonTarget	1	426475
1706.124	n/a	NonTarget	1	426531
1706.352	n/a	NonTarget	1	426588
1706.576	n/a	NonTarget	1	426644
1706.804	n/a	NonTarget	1	426701
1707.028	n/a	Target	2	426757
1707.252	n/a	NonTarget	1	426813
1707.48	n/a	NonTarget	1	426870
1707.704	n/a	NonTarget	1	426926
1707.928	n/a	NonTarget	1	426982
1708.156	n/a	NonTarget	1	427039
1708.38	n/a	NonTarget	1	427095
1708.608	n/a	NonTarget	1	427152
1708.832	n/a	NonTarget	1	427208
1709.056	n/a	Target	2	427264
1709.284	n/a	NonTarget	1	427321
1709.508	n/a	NonTarget	1	427377
1709.736	n/a	NonTarget	1	427434
1709.96	n/a	NonTarget	1	427490
1710.184	n/a	Target	2	427546
1710.412	n/a	NonTarget	1	427603
1710.636	n/a	NonTarget	1	427659
1710.86	n/a	NonTarget	1	427715
1711.084	n/a	NonTarget	1	427771
1711.312	n/a	NonTarget	1	427828
1711.536	n/a	Target	2	427884
1711.76	n/a	NonTarget	1	427940
1711.988	n/a	NonTarget	1	427997
1712.212	n/a	NonTarget	1	428053
1712.44	n/a	NonTarget	1	428110
1712.664	n/a	NonTarget	1	428166
1712.892	n/a	Target	2	428223
1713.116	n/a	NonTarget	1	428279
1713.344	n/a	NonTarget	1	428336
1713.568	n/a	NonTarget	1	428392
1713.796	n/a	NonTarget	1	428449
1714.02	n/a	Target	2	428505
1714.244	n/a	NonTarget	1	428561
1714.472	n/a	NonTarget	1	428618
1714.696	n/a	NonTarget	1	428674
1714.92	n/a	NonTarget	1	428730
1715.148	n/a	Target	2	428787
1715.372	n/a	NonTarget	1	428843
1715.596	n/a	NonTarget	1	428899
1715.824	n/a	NonTarget	1	428956
1716.048	n/a	NonTarget	1	429012
1716.276	n/a	NonTarget	1	429069
1716.5	n/a	NonTarget	1	429125
1716.724	n/a	Target	2	429181
1716.952	n/a	NonTarget	1	429238
1717.176	n/a	NonTarget	1	429294
1717.4	n/a	NonTarget	1	429350
1717.628	n/a	NonTarget	1	429407
1717.852	n/a	Target	2	429463
1718.08	n/a	NonTarget	1	429520
1718.304	n/a	NonTarget	1	429576
1718.532	n/a	NonTarget	1	429633
1718.756	n/a	NonTarget	1	429689
1718.98	n/a	NonTarget	1	429745
1719.208	n/a	NonTarget	1	429802
1719.432	n/a	Target	2	429858
1719.66	n/a	NonTarget	1	429915
1719.884	n/a	NonTarget	1	429971
1720.108	n/a	NonTarget	1	430027
1720.336	n/a	NonTarget	1	430084
1720.56	n/a	Target	2	430140
1720.788	n/a	NonTarget	1	430197
1721.012	n/a	NonTarget	1	430253
1721.24	n/a	NonTarget	1	430310
1721.464	n/a	NonTarget	1	430366
1721.688	n/a	NonTarget	1	430422
1721.912	n/a	Target	2	430478
1722.14	n/a	NonTarget	1	430535
1722.364	n/a	NonTarget	1	430591
1722.592	n/a	NonTarget	1	430648
1722.816	n/a	NonTarget	1	430704
1723.04	n/a	NonTarget	1	430760
1723.268	n/a	Target	2	430817
1723.496	n/a	NonTarget	1	430874
1723.716	n/a	NonTarget	1	430929
1723.944	n/a	NonTarget	1	430986
1724.168	n/a	NonTarget	1	431042
1724.396	n/a	Target	2	431099
1724.62	n/a	NonTarget	1	431155
1724.844	n/a	NonTarget	1	431211
1725.072	n/a	NonTarget	1	431268
1725.296	n/a	NonTarget	1	431324
1725.524	n/a	Target	2	431381
1725.748	n/a	NonTarget	1	431437
1725.976	n/a	NonTarget	1	431494
1726.2	n/a	NonTarget	1	431550
1726.424	n/a	NonTarget	1	431606
1726.652	n/a	NonTarget	1	431663
1726.876	n/a	NonTarget	1	431719
1727.104	n/a	NonTarget	1	431776
1727.328	n/a	NonTarget	1	431832
1727.552	n/a	NonTarget	1	431888
1727.776	n/a	Target	2	431944
1728.004	n/a	NonTarget	1	432001
1728.228	n/a	NonTarget	1	432057
1728.456	n/a	NonTarget	1	432114
1728.68	n/a	NonTarget	1	432170
1728.904	n/a	NonTarget	1	432226
1729.132	n/a	Target	2	432283
1729.356	n/a	NonTarget	1	432339
1729.58	n/a	NonTarget	1	432395
1729.808	n/a	NonTarget	1	432452
1730.032	n/a	NonTarget	1	432508
1730.26	n/a	Target	2	432565
1730.484	n/a	NonTarget	1	432621
1730.708	n/a	NonTarget	1	432677
1730.936	n/a	NonTarget	1	432734
1731.16	n/a	NonTarget	1	432790
1731.388	n/a	NonTarget	1	432847
1731.612	n/a	Target	2	432903
1731.84	n/a	NonTarget	1	432960
1732.064	n/a	NonTarget	1	433016
1732.288	n/a	NonTarget	1	433072
1732.516	n/a	NonTarget	1	433129
1732.74	n/a	Target	2	433185
1741.512	n/a	NonTarget	1	435378
1741.736	n/a	NonTarget	1	435434
1741.96	n/a	NonTarget	1	435490
1742.188	n/a	NonTarget	1	435547
1742.412	n/a	Target	2	435603
1742.64	n/a	NonTarget	1	435660
1742.864	n/a	NonTarget	1	435716
1743.088	n/a	NonTarget	1	435772
1743.312	n/a	NonTarget	1	435828
1743.54	n/a	NonTarget	1	435885
1743.764	n/a	NonTarget	1	435941
1743.988	n/a	Target	2	435997
1744.212	n/a	NonTarget	1	436053
1744.44	n/a	NonTarget	1	436110
1744.664	n/a	NonTarget	1	436166
1744.888	n/a	NonTarget	1	436222
1745.116	n/a	NonTarget	1	436279
1745.34	n/a	NonTarget	1	436335
1745.568	n/a	NonTarget	1	436392
1745.792	n/a	NonTarget	1	436448
1746.016	n/a	NonTarget	1	436504
1746.244	n/a	NonTarget	1	436561
1746.468	n/a	Target	2	436617
1746.692	n/a	NonTarget	1	436673
1746.92	n/a	NonTarget	1	436730
1747.144	n/a	NonTarget	1	436786
1747.372	n/a	NonTarget	1	436843
1747.596	n/a	NonTarget	1	436899
1747.824	n/a	NonTarget	1	436956
1748.048	n/a	NonTarget	1	437012
1748.276	n/a	NonTarget	1	437069
1748.5	n/a	NonTarget	1	437125
1748.728	n/a	NonTarget	1	437182
1748.952	n/a	Target	2	437238
1749.176	n/a	NonTarget	1	437294
1749.404	n/a	NonTarget	1	437351
1749.628	n/a	NonTarget	1	437407
1749.852	n/a	NonTarget	1	437463
1750.08	n/a	NonTarget	1	437520
1750.304	n/a	NonTarget	1	437576
1750.532	n/a	NonTarget	1	437633
1750.756	n/a	Target	2	437689
1750.98	n/a	NonTarget	1	437745
1751.208	n/a	NonTarget	1	437802
1751.432	n/a	NonTarget	1	437858
1751.66	n/a	NonTarget	1	437915
1751.884	n/a	NonTarget	1	437971
1752.108	n/a	NonTarget	1	438027
1752.336	n/a	NonTarget	1	438084
1752.56	n/a	Target	2	438140
1752.788	n/a	NonTarget	1	438197
1753.012	n/a	NonTarget	1	438253
1753.236	n/a	NonTarget	1	438309
1753.464	n/a	NonTarget	1	438366
1753.688	n/a	Target	2	438422
1753.916	n/a	NonTarget	1	438479
1754.14	n/a	NonTarget	1	438535
1754.368	n/a	NonTarget	1	438592
1754.592	n/a	NonTarget	1	438648
1754.816	n/a	Target	2	438704
1755.04	n/a	NonTarget	1	438760
1755.268	n/a	NonTarget	1	438817
1755.492	n/a	NonTarget	1	438873
1755.716	n/a	NonTarget	1	438929
1755.944	n/a	NonTarget	1	438986
1756.168	n/a	NonTarget	1	439042
1756.392	n/a	Target	2	439098
1756.62	n/a	NonTarget	1	439155
1756.844	n/a	NonTarget	1	439211
1757.068	n/a	NonTarget	1	439267
1757.296	n/a	NonTarget	1	439324
1757.52	n/a	Target	2	439380
1757.748	n/a	NonTarget	1	439437
1757.972	n/a	NonTarget	1	439493
1758.196	n/a	NonTarget	1	439549
1758.424	n/a	NonTarget	1	439606
1758.648	n/a	Target	2	439662
1758.876	n/a	NonTarget	1	439719
1759.1	n/a	NonTarget	1	439775
1759.328	n/a	NonTarget	1	439832
1759.552	n/a	NonTarget	1	439888
1759.776	n/a	NonTarget	1	439944
1760.004	n/a	Target	2	440001
1760.228	n/a	NonTarget	1	440057
1760.452	n/a	NonTarget	1	440113
1760.68	n/a	NonTarget	1	440170
1760.904	n/a	NonTarget	1	440226
1761.128	n/a	NonTarget	1	440282
1761.356	n/a	NonTarget	1	440339
1761.58	n/a	Target	2	440395
1761.808	n/a	NonTarget	1	440452
1762.032	n/a	NonTarget	1	440508
1762.256	n/a	NonTarget	1	440564
1762.484	n/a	NonTarget	1	440621
1762.708	n/a	NonTarget	1	440677
1762.932	n/a	Target	2	440733
1763.16	n/a	NonTarget	1	440790
1763.384	n/a	NonTarget	1	440846
1763.612	n/a	NonTarget	1	440903
1763.836	n/a	NonTarget	1	440959
1764.064	n/a	Target	2	441016
1764.288	n/a	NonTarget	1	441072
1764.512	n/a	NonTarget	1	441128
1764.74	n/a	NonTarget	1	441185
1764.964	n/a	NonTarget	1	441241
1765.188	n/a	Target	2	441297
1765.416	n/a	NonTarget	1	441354
1765.64	n/a	NonTarget	1	441410
1765.864	n/a	NonTarget	1	441466
1766.092	n/a	NonTarget	1	441523
1766.316	n/a	NonTarget	1	441579
1766.544	n/a	NonTarget	1	441636
1766.768	n/a	Target	2	441692
1766.992	n/a	NonTarget	1	441748
1767.22	n/a	NonTarget	1	441805
1767.444	n/a	NonTarget	1	441861
1767.668	n/a	NonTarget	1	441917
1767.896	n/a	NonTarget	1	441974
1768.12	n/a	Target	2	442030
1768.348	n/a	NonTarget	1	442087
1768.572	n/a	NonTarget	1	442143
1768.796	n/a	NonTarget	1	442199
1769.024	n/a	NonTarget	1	442256
1769.248	n/a	Target	2	442312
1769.472	n/a	NonTarget	1	442368
1769.7	n/a	NonTarget	1	442425
1769.924	n/a	NonTarget	1	442481
1770.148	n/a	NonTarget	1	442537
1770.376	n/a	NonTarget	1	442594
1770.6	n/a	Target	2	442650
1770.828	n/a	NonTarget	1	442707
1771.052	n/a	NonTarget	1	442763
1771.276	n/a	NonTarget	1	442819
1771.504	n/a	NonTarget	1	442876
1771.728	n/a	NonTarget	1	442932
1786.304	n/a	NonTarget	1	446576
1786.532	n/a	Target	2	446633
1786.756	n/a	NonTarget	1	446689
1786.98	n/a	NonTarget	1	446745
1787.204	n/a	NonTarget	1	446801
1787.432	n/a	NonTarget	1	446858
1787.656	n/a	NonTarget	1	446914
1787.88	n/a	NonTarget	1	446970
1788.108	n/a	NonTarget	1	447027
1788.332	n/a	NonTarget	1	447083
1788.556	n/a	NonTarget	1	447139
1788.784	n/a	Target	2	447196
1789.008	n/a	NonTarget	1	447252
1789.232	n/a	NonTarget	1	447308
1789.456	n/a	NonTarget	1	447364
1789.684	n/a	NonTarget	1	447421
1789.912	n/a	NonTarget	1	447478
1790.136	n/a	NonTarget	1	447534
1790.36	n/a	NonTarget	1	447590
1790.584	n/a	Target	2	447646
1790.812	n/a	NonTarget	1	447703
1791.036	n/a	NonTarget	1	447759
1791.26	n/a	NonTarget	1	447815
1791.488	n/a	NonTarget	1	447872
1791.712	n/a	Target	2	447928
1791.94	n/a	NonTarget	1	447985
1792.164	n/a	NonTarget	1	448041
1792.388	n/a	NonTarget	1	448097
1792.616	n/a	NonTarget	1	448154
1792.84	n/a	NonTarget	1	448210
1793.068	n/a	Target	2	448267
1793.292	n/a	NonTarget	1	448323
1793.516	n/a	NonTarget	1	448379
1793.744	n/a	NonTarget	1	448436
1793.968	n/a	NonTarget	1	448492
1794.192	n/a	NonTarget	1	448548
1794.42	n/a	NonTarget	1	448605
1794.644	n/a	NonTarget	1	448661
1794.872	n/a	NonTarget	1	448718
1795.096	n/a	NonTarget	1	448774
1795.32	n/a	NonTarget	1	448830
1795.544	n/a	NonTarget	1	448886
1795.772	n/a	NonTarget	1	448943
1795.996	n/a	Target	2	448999
1796.224	n/a	NonTarget	1	449056
1796.448	n/a	NonTarget	1	449112
1796.672	n/a	NonTarget	1	449168
1796.9	n/a	NonTarget	1	449225
1797.124	n/a	NonTarget	1	449281
1797.352	n/a	NonTarget	1	449338
1797.576	n/a	Target	2	449394
1797.8	n/a	NonTarget	1	449450
1798.028	n/a	NonTarget	1	449507
1798.252	n/a	NonTarget	1	449563
1798.476	n/a	NonTarget	1	449619
1798.704	n/a	Target	2	449676
1798.928	n/a	NonTarget	1	449732
1799.152	n/a	NonTarget	1	449788
1799.38	n/a	NonTarget	1	449845
1799.604	n/a	NonTarget	1	449901
1799.832	n/a	NonTarget	1	449958
1800.056	n/a	NonTarget	1	450014
1800.28	n/a	NonTarget	1	450070
1800.508	n/a	NonTarget	1	450127
1800.732	n/a	NonTarget	1	450183
1800.96	n/a	NonTarget	1	450240
1801.184	n/a	NonTarget	1	450296
1801.412	n/a	NonTarget	1	450353
1801.636	n/a	NonTarget	1	450409
1801.86	n/a	NonTarget	1	450465
1802.088	n/a	NonTarget	1	450522
1802.312	n/a	Target	2	450578
1802.536	n/a	NonTarget	1	450634
1802.764	n/a	NonTarget	1	450691
1802.988	n/a	NonTarget	1	450747
1803.216	n/a	NonTarget	1	450804
1803.44	n/a	NonTarget	1	450860
1803.668	n/a	Target	2	450917
1803.892	n/a	NonTarget	1	450973
1804.116	n/a	NonTarget	1	451029
1804.344	n/a	NonTarget	1	451086
1804.568	n/a	NonTarget	1	451142
1804.792	n/a	NonTarget	1	451198
1805.02	n/a	NonTarget	1	451255
1805.244	n/a	NonTarget	1	451311
1805.472	n/a	Target	2	451368
1805.696	n/a	NonTarget	1	451424
1805.92	n/a	NonTarget	1	451480
1806.148	n/a	NonTarget	1	451537
1806.372	n/a	NonTarget	1	451593
1806.6	n/a	Target	2	451650
1806.824	n/a	NonTarget	1	451706
1807.048	n/a	NonTarget	1	451762
1807.272	n/a	NonTarget	1	451818
1807.5	n/a	NonTarget	1	451875
1807.724	n/a	NonTarget	1	451931
1807.952	n/a	NonTarget	1	451988
1808.176	n/a	Target	2	452044
1808.4	n/a	NonTarget	1	452100
1808.628	n/a	NonTarget	1	452157
1808.852	n/a	NonTarget	1	452213
1809.08	n/a	NonTarget	1	452270
1809.304	n/a	Target	2	452326
1809.532	n/a	NonTarget	1	452383
1809.756	n/a	NonTarget	1	452439
1809.98	n/a	NonTarget	1	452495
1810.208	n/a	NonTarget	1	452552
1810.432	n/a	NonTarget	1	452608
1810.656	n/a	Target	2	452664
1810.884	n/a	NonTarget	1	452721
1811.108	n/a	NonTarget	1	452777
1811.336	n/a	NonTarget	1	452834
1811.56	n/a	NonTarget	1	452890
1811.784	n/a	NonTarget	1	452946
1812.012	n/a	NonTarget	1	453003
1812.236	n/a	NonTarget	1	453059
1812.46	n/a	NonTarget	1	453115
1812.688	n/a	NonTarget	1	453172
1812.912	n/a	Target	2	453228
1813.136	n/a	NonTarget	1	453284
1813.364	n/a	NonTarget	1	453341
1813.588	n/a	NonTarget	1	453397
1813.816	n/a	NonTarget	1	453454
1814.04	n/a	NonTarget	1	453510
1814.268	n/a	NonTarget	1	453567
1814.492	n/a	Target	2	453623
1814.716	n/a	NonTarget	1	453679
1814.944	n/a	NonTarget	1	453736
1815.168	n/a	NonTarget	1	453792
1815.396	n/a	NonTarget	1	453849
1815.62	n/a	NonTarget	1	453905
1815.848	n/a	Target	2	453962
1816.072	n/a	NonTarget	1	454018
1816.3	n/a	NonTarget	1	454075
1816.524	n/a	NonTarget	1	454131
1825.272	n/a	NonTarget	1	456318
1825.5	n/a	NonTarget	1	456375
1825.724	n/a	NonTarget	1	456431
1825.948	n/a	NonTarget	1	456487
1826.176	n/a	NonTarget	1	456544
1826.4	n/a	Target	2	456600
1826.628	n/a	NonTarget	1	456657
1826.852	n/a	NonTarget	1	456713
1827.076	n/a	NonTarget	1	456769
1827.304	n/a	NonTarget	1	456826
1827.528	n/a	NonTarget	1	456882
1827.752	n/a	NonTarget	1	456938
1827.98	n/a	NonTarget	1	456995
1828.204	n/a	NonTarget	1	457051
1828.428	n/a	NonTarget	1	457107
1828.656	n/a	NonTarget	1	457164
1828.88	n/a	NonTarget	1	457220
1829.108	n/a	NonTarget	1	457277
1829.332	n/a	Target	2	457333
1829.556	n/a	NonTarget	1	457389
1829.784	n/a	NonTarget	1	457446
1830.008	n/a	NonTarget	1	457502
1830.232	n/a	NonTarget	1	457558
1830.456	n/a	NonTarget	1	457614
1830.684	n/a	Target	2	457671
1830.908	n/a	NonTarget	1	457727
1831.136	n/a	NonTarget	1	457784
1831.36	n/a	NonTarget	1	457840
1831.588	n/a	NonTarget	1	457897
1831.812	n/a	NonTarget	1	457953
1832.036	n/a	NonTarget	1	458009
1832.264	n/a	NonTarget	1	458066
1832.488	n/a	Target	2	458122
1832.712	n/a	NonTarget	1	458178
1832.94	n/a	NonTarget	1	458235
1833.164	n/a	NonTarget	1	458291
1833.392	n/a	NonTarget	1	458348
1833.616	n/a	NonTarget	1	458404
1833.844	n/a	NonTarget	1	458461
1834.068	n/a	NonTarget	1	458517
1834.292	n/a	NonTarget	1	458573
1834.52	n/a	NonTarget	1	458630
1834.744	n/a	Target	2	458686
1834.968	n/a	NonTarget	1	458742
1835.196	n/a	NonTarget	1	458799
1835.42	n/a	NonTarget	1	458855
1835.644	n/a	NonTarget	1	458911
1835.872	n/a	NonTarget	1	458968
1836.096	n/a	NonTarget	1	459024
1836.324	n/a	NonTarget	1	459081
1836.548	n/a	Target	2	459137
1836.772	n/a	NonTarget	1	459193
1837.0	n/a	NonTarget	1	459250
1837.224	n/a	NonTarget	1	459306
1837.452	n/a	NonTarget	1	459363
1837.676	n/a	NonTarget	1	459419
1837.9	n/a	NonTarget	1	459475
1838.124	n/a	Target	2	459531
1838.352	n/a	NonTarget	1	459588
1838.576	n/a	NonTarget	1	459644
1838.804	n/a	NonTarget	1	459701
1839.028	n/a	NonTarget	1	459757
1839.252	n/a	Target	2	459813
1839.48	n/a	NonTarget	1	459870
1839.704	n/a	NonTarget	1	459926
1839.932	n/a	NonTarget	1	459983
1840.156	n/a	NonTarget	1	460039
1840.384	n/a	NonTarget	1	460096
1840.608	n/a	NonTarget	1	460152
1840.832	n/a	Target	2	460208
1841.06	n/a	NonTarget	1	460265
1841.284	n/a	NonTarget	1	460321
1841.508	n/a	NonTarget	1	460377
1841.736	n/a	NonTarget	1	460434
1841.96	n/a	Target	2	460490
1842.188	n/a	NonTarget	1	460547
1842.412	n/a	NonTarget	1	460603
1842.636	n/a	NonTarget	1	460659
1842.864	n/a	NonTarget	1	460716
1843.088	n/a	Target	2	460772
1843.312	n/a	NonTarget	1	460828
1843.54	n/a	NonTarget	1	460885
1843.764	n/a	NonTarget	1	460941
1843.988	n/a	NonTarget	1	460997
1844.216	n/a	NonTarget	1	461054
1844.44	n/a	Target	2	461110
1844.668	n/a	NonTarget	1	461167
1844.892	n/a	NonTarget	1	461223
1845.12	n/a	NonTarget	1	461280
1845.344	n/a	NonTarget	1	461336
1845.568	n/a	NonTarget	1	461392
1845.796	n/a	NonTarget	1	461449
1846.02	n/a	NonTarget	1	461505
1846.248	n/a	Target	2	461562
1846.472	n/a	NonTarget	1	461618
1846.696	n/a	NonTarget	1	461674
1846.924	n/a	NonTarget	1	461731
1847.148	n/a	NonTarget	1	461787
1847.372	n/a	Target	2	461843
1847.6	n/a	NonTarget	1	461900
1847.824	n/a	NonTarget	1	461956
1848.052	n/a	NonTarget	1	462013
1848.276	n/a	NonTarget	1	462069
1848.5	n/a	Target	2	462125
1848.728	n/a	NonTarget	1	462182
1848.952	n/a	NonTarget	1	462238
1849.176	n/a	NonTarget	1	462294
1849.404	n/a	NonTarget	1	462351
1849.628	n/a	Target	2	462407
1849.852	n/a	NonTarget	1	462463
1850.08	n/a	NonTarget	1	462520
1850.304	n/a	NonTarget	1	462576
1850.532	n/a	NonTarget	1	462633
1850.756	n/a	NonTarget	1	462689
1850.984	n/a	Target	2	462746
1851.208	n/a	NonTarget	1	462802
1851.432	n/a	NonTarget	1	462858
1851.66	n/a	NonTarget	1	462915
1851.884	n/a	NonTarget	1	462971
1852.112	n/a	NonTarget	1	463028
1852.336	n/a	NonTarget	1	463084
1852.564	n/a	Target	2	463141
1852.788	n/a	NonTarget	1	463197
1853.012	n/a	NonTarget	1	463253
1853.24	n/a	NonTarget	1	463310
1853.464	n/a	NonTarget	1	463366
1853.692	n/a	Target	2	463423
1853.916	n/a	NonTarget	1	463479
1854.14	n/a	NonTarget	1	463535
1854.368	n/a	NonTarget	1	463592
1854.592	n/a	NonTarget	1	463648
1854.816	n/a	NonTarget	1	463704
1855.044	n/a	NonTarget	1	463761
1855.268	n/a	NonTarget	1	463817
1867.944	n/a	NonTarget	1	466986
1868.168	n/a	NonTarget	1	467042
1868.396	n/a	NonTarget	1	467099
1868.62	n/a	NonTarget	1	467155
1868.844	n/a	NonTarget	1	467211
1869.072	n/a	NonTarget	1	467268
1869.296	n/a	NonTarget	1	467324
1869.524	n/a	NonTarget	1	467381
1869.748	n/a	Target	2	467437
1869.972	n/a	NonTarget	1	467493
1870.2	n/a	NonTarget	1	467550
1870.424	n/a	NonTarget	1	467606
1870.648	n/a	NonTarget	1	467662
1870.872	n/a	NonTarget	1	467718
1871.1	n/a	Target	2	467775
1871.324	n/a	NonTarget	1	467831
1871.548	n/a	NonTarget	1	467887
1871.776	n/a	NonTarget	1	467944
1872.0	n/a	NonTarget	1	468000
1872.228	n/a	NonTarget	1	468057
1872.452	n/a	NonTarget	1	468113
1872.676	n/a	NonTarget	1	468169
1872.9	n/a	NonTarget	1	468225
1873.124	n/a	Target	2	468281
1873.352	n/a	NonTarget	1	468338
1873.576	n/a	NonTarget	1	468394
1873.804	n/a	NonTarget	1	468451
1874.028	n/a	NonTarget	1	468507
1874.252	n/a	NonTarget	1	468563
1874.48	n/a	NonTarget	1	468620
1874.704	n/a	Target	2	468676
1874.932	n/a	NonTarget	1	468733
1875.156	n/a	NonTarget	1	468789
1875.38	n/a	NonTarget	1	468845
1875.608	n/a	NonTarget	1	468902
1875.832	n/a	NonTarget	1	468958
1876.06	n/a	NonTarget	1	469015
1876.284	n/a	NonTarget	1	469071
1876.508	n/a	NonTarget	1	469127
1876.736	n/a	NonTarget	1	469184
1876.96	n/a	NonTarget	1	469240
1877.188	n/a	Target	2	469297
1877.412	n/a	NonTarget	1	469353
1877.636	n/a	NonTarget	1	469409
1877.864	n/a	NonTarget	1	469466
1878.088	n/a	NonTarget	1	469522
1878.312	n/a	Target	2	469578
1878.54	n/a	NonTarget	1	469635
1878.764	n/a	NonTarget	1	469691
1878.988	n/a	NonTarget	1	469747
1879.216	n/a	NonTarget	1	469804
1879.44	n/a	NonTarget	1	469860
1879.664	n/a	Target	2	469916
1879.892	n/a	NonTarget	1	469973
1880.116	n/a	NonTarget	1	470029
1880.344	n/a	NonTarget	1	470086
1880.568	n/a	NonTarget	1	470142
1880.792	n/a	Target	2	470198
1881.02	n/a	NonTarget	1	470255
1881.244	n/a	NonTarget	1	470311
1881.472	n/a	NonTarget	1	470368
1881.696	n/a	NonTarget	1	470424
1881.924	n/a	NonTarget	1	470481
1882.148	n/a	Target	2	470537
1882.372	n/a	NonTarget	1	470593
1882.6	n/a	NonTarget	1	470650
1882.824	n/a	NonTarget	1	470706
1883.052	n/a	NonTarget	1	470763
1883.276	n/a	Target	2	470819
1883.504	n/a	NonTarget	1	470876
1883.728	n/a	NonTarget	1	470932
1883.956	n/a	NonTarget	1	470989
1884.18	n/a	NonTarget	1	471045
1884.404	n/a	NonTarget	1	471101
1884.632	n/a	Target	2	471158
1884.856	n/a	NonTarget	1	471214
1885.08	n/a	NonTarget	1	471270
1885.308	n/a	NonTarget	1	471327
1885.532	n/a	NonTarget	1	471383
1885.756	n/a	Target	2	471439
1885.98	n/a	NonTarget	1	471495
1886.208	n/a	NonTarget	1	471552
1886.432	n/a	NonTarget	1	471608
1886.66	n/a	NonTarget	1	471665
1886.884	n/a	Target	2	471721
1887.108	n/a	NonTarget	1	471777
1887.336	n/a	NonTarget	1	471834
1887.56	n/a	NonTarget	1	471890
1887.788	n/a	NonTarget	1	471947
1888.012	n/a	Target	2	472003
1888.24	n/a	NonTarget	1	472060
1888.464	n/a	NonTarget	1	472116
1888.688	n/a	NonTarget	1	472172
1888.916	n/a	NonTarget	1	472229
1889.14	n/a	Target	2	472285
1889.368	n/a	NonTarget	1	472342
1889.592	n/a	NonTarget	1	472398
1889.816	n/a	NonTarget	1	472454
1890.044	n/a	NonTarget	1	472511
1890.268	n/a	NonTarget	1	472567
1890.492	n/a	Target	2	472623
1890.72	n/a	NonTarget	1	472680
1890.944	n/a	NonTarget	1	472736
1891.172	n/a	NonTarget	1	472793
1891.396	n/a	NonTarget	1	472849
1891.62	n/a	Target	2	472905
1891.848	n/a	NonTarget	1	472962
1892.072	n/a	NonTarget	1	473018
1892.296	n/a	NonTarget	1	473074
1892.524	n/a	NonTarget	1	473131
1892.748	n/a	NonTarget	1	473187
1892.972	n/a	NonTarget	1	473243
1893.2	n/a	Target	2	473300
1893.424	n/a	NonTarget	1	473356
1893.652	n/a	NonTarget	1	473413
1893.876	n/a	NonTarget	1	473469
1894.104	n/a	NonTarget	1	473526
1894.328	n/a	NonTarget	1	473582
1894.552	n/a	Target	2	473638
1894.78	n/a	NonTarget	1	473695
1895.004	n/a	NonTarget	1	473751
1895.228	n/a	NonTarget	1	473807
1895.456	n/a	NonTarget	1	473864
1895.68	n/a	Target	2	473920
1895.908	n/a	NonTarget	1	473977
1896.132	n/a	NonTarget	1	474033
1896.356	n/a	NonTarget	1	474089
1896.584	n/a	NonTarget	1	474146
1896.808	n/a	Target	2	474202
1897.032	n/a	NonTarget	1	474258
1897.26	n/a	NonTarget	1	474315
1897.484	n/a	NonTarget	1	474371
1897.708	n/a	NonTarget	1	474427
1897.936	n/a	Target	2	474484
1898.16	n/a	NonTarget	1	474540
1906.932	n/a	NonTarget	1	476733
1907.156	n/a	NonTarget	1	476789
1907.38	n/a	NonTarget	1	476845
1907.608	n/a	NonTarget	1	476902
1907.832	n/a	Target	2	476958
1932.428	n/a	NonTarget	1	483107
1932.652	n/a	NonTarget	1	483163
1932.876	n/a	NonTarget	1	483219
1933.104	n/a	NonTarget	1	483276
1933.328	n/a	NonTarget	1	483332
1933.556	n/a	NonTarget	1	483389
1933.78	n/a	NonTarget	1	483445
1934.008	n/a	Target	2	483502
1934.232	n/a	NonTarget	1	483558
1934.456	n/a	NonTarget	1	483614
1934.68	n/a	NonTarget	1	483670
1934.908	n/a	NonTarget	1	483727
1935.132	n/a	NonTarget	1	483783
1935.36	n/a	NonTarget	1	483840
1935.584	n/a	NonTarget	1	483896
1935.808	n/a	NonTarget	1	483952
1936.032	n/a	NonTarget	1	484008
1936.26	n/a	NonTarget	1	484065
1936.484	n/a	Target	2	484121
1936.708	n/a	NonTarget	1	484177
1936.936	n/a	NonTarget	1	484234
1937.16	n/a	NonTarget	1	484290
1937.388	n/a	NonTarget	1	484347
1937.612	n/a	NonTarget	1	484403
1937.84	n/a	NonTarget	1	484460
1938.064	n/a	NonTarget	1	484516
1938.288	n/a	NonTarget	1	484572
1938.516	n/a	NonTarget	1	484629
1938.74	n/a	Target	2	484685
1938.968	n/a	NonTarget	1	484742
1939.192	n/a	NonTarget	1	484798
1939.416	n/a	NonTarget	1	484854
1939.644	n/a	NonTarget	1	484911
1939.868	n/a	NonTarget	1	484967
1940.092	n/a	NonTarget	1	485023
1940.32	n/a	NonTarget	1	485080
1940.544	n/a	NonTarget	1	485136
1940.768	n/a	Target	2	485192
1940.992	n/a	NonTarget	1	485248
1941.22	n/a	NonTarget	1	485305
1941.444	n/a	NonTarget	1	485361
1941.672	n/a	NonTarget	1	485418
1941.896	n/a	NonTarget	1	485474
1942.124	n/a	NonTarget	1	485531
1942.348	n/a	NonTarget	1	485587
1942.576	n/a	NonTarget	1	485644
1942.8	n/a	NonTarget	1	485700
1943.024	n/a	NonTarget	1	485756
1943.252	n/a	NonTarget	1	485813
1943.476	n/a	NonTarget	1	485869
1943.704	n/a	Target	2	485926
1943.928	n/a	NonTarget	1	485982
1944.152	n/a	NonTarget	1	486038
1944.38	n/a	NonTarget	1	486095
1944.604	n/a	NonTarget	1	486151
1944.828	n/a	NonTarget	1	486207
1945.056	n/a	NonTarget	1	486264
1945.28	n/a	NonTarget	1	486320
1945.508	n/a	NonTarget	1	486377
1945.732	n/a	NonTarget	1	486433
1945.956	n/a	NonTarget	1	486489
1946.184	n/a	NonTarget	1	486546
1946.408	n/a	NonTarget	1	486602
1946.636	n/a	NonTarget	1	486659
1946.86	n/a	NonTarget	1	486715
1947.088	n/a	Target	2	486772
1947.312	n/a	NonTarget	1	486828
1947.536	n/a	NonTarget	1	486884
1947.764	n/a	NonTarget	1	486941
1947.988	n/a	NonTarget	1	486997
1948.216	n/a	NonTarget	1	487054
1948.44	n/a	NonTarget	1	487110
1948.668	n/a	NonTarget	1	487167
1948.892	n/a	NonTarget	1	487223
1949.116	n/a	Target	2	487279
1949.344	n/a	NonTarget	1	487336
1949.568	n/a	NonTarget	1	487392
1949.796	n/a	NonTarget	1	487449
1950.02	n/a	NonTarget	1	487505
1950.244	n/a	NonTarget	1	487561
1950.468	n/a	NonTarget	1	487617
1950.696	n/a	NonTarget	1	487674
1950.92	n/a	NonTarget	1	487730
1951.148	n/a	NonTarget	1	487787
1951.372	n/a	NonTarget	1	487843
1951.596	n/a	NonTarget	1	487899
1951.824	n/a	NonTarget	1	487956
1952.048	n/a	NonTarget	1	488012
1952.272	n/a	NonTarget	1	488068
1952.5	n/a	NonTarget	1	488125
1952.724	n/a	NonTarget	1	488181
1952.952	n/a	Target	2	488238
1953.176	n/a	NonTarget	1	488294
1953.404	n/a	NonTarget	1	488351
1953.628	n/a	NonTarget	1	488407
1953.852	n/a	NonTarget	1	488463
1954.08	n/a	NonTarget	1	488520
1954.304	n/a	NonTarget	1	488576
1954.532	n/a	NonTarget	1	488633
1954.756	n/a	NonTarget	1	488689
1954.98	n/a	NonTarget	1	488745
1955.204	n/a	NonTarget	1	488801
1955.432	n/a	Target	2	488858
1955.656	n/a	NonTarget	1	488914
1955.884	n/a	NonTarget	1	488971
1956.108	n/a	NonTarget	1	489027
1956.336	n/a	NonTarget	1	489084
1956.56	n/a	NonTarget	1	489140
1956.784	n/a	Target	2	489196
1957.012	n/a	NonTarget	1	489253
1957.236	n/a	NonTarget	1	489309
1957.46	n/a	NonTarget	1	489365
1957.688	n/a	NonTarget	1	489422
1957.912	n/a	Target	2	489478
1958.136	n/a	NonTarget	1	489534
1958.364	n/a	NonTarget	1	489591
1958.588	n/a	NonTarget	1	489647
1958.816	n/a	NonTarget	1	489704
1959.04	n/a	NonTarget	1	489760
1959.268	n/a	NonTarget	1	489817
1959.492	n/a	Target	2	489873
1959.716	n/a	NonTarget	1	489929
1959.944	n/a	NonTarget	1	489986
1960.168	n/a	NonTarget	1	490042
1960.396	n/a	NonTarget	1	490099
1960.62	n/a	NonTarget	1	490155
1960.848	n/a	Target	2	490212
1961.072	n/a	NonTarget	1	490268
1961.296	n/a	NonTarget	1	490324
1974.152	n/a	NonTarget	1	493538
1974.376	n/a	NonTarget	1	493594
1974.604	n/a	Target	2	493651
1974.828	n/a	NonTarget	1	493707
1975.052	n/a	NonTarget	1	493763
1975.28	n/a	NonTarget	1	493820
1975.504	n/a	NonTarget	1	493876
1975.732	n/a	NonTarget	1	493933
1975.956	n/a	NonTarget	1	493989
1976.184	n/a	NonTarget	1	494046
1976.408	n/a	Target	2	494102
1976.632	n/a	NonTarget	1	494158
1976.86	n/a	NonTarget	1	494215
1977.084	n/a	NonTarget	1	494271
1977.312	n/a	NonTarget	1	494328
1977.536	n/a	NonTarget	1	494384
1977.76	n/a	NonTarget	1	494440
1977.984	n/a	NonTarget	1	494496
1978.212	n/a	NonTarget	1	494553
1978.436	n/a	NonTarget	1	494609
1978.66	n/a	NonTarget	1	494665
1978.888	n/a	NonTarget	1	494722
1979.112	n/a	Target	2	494778
1979.336	n/a	NonTarget	1	494834
1979.56	n/a	NonTarget	1	494890
1979.788	n/a	NonTarget	1	494947
1980.016	n/a	NonTarget	1	495004
1980.24	n/a	NonTarget	1	495060
1980.464	n/a	NonTarget	1	495116
1980.692	n/a	NonTarget	1	495173
1980.916	n/a	NonTarget	1	495229
1981.14	n/a	NonTarget	1	495285
1981.368	n/a	Target	2	495342
1981.592	n/a	NonTarget	1	495398
1981.816	n/a	NonTarget	1	495454
1982.044	n/a	NonTarget	1	495511
1982.268	n/a	NonTarget	1	495567
1982.492	n/a	NonTarget	1	495623
1982.72	n/a	NonTarget	1	495680
1982.944	n/a	NonTarget	1	495736
1983.172	n/a	NonTarget	1	495793
1983.396	n/a	Target	2	495849
1983.62	n/a	NonTarget	1	495905
1983.844	n/a	NonTarget	1	495961
1984.072	n/a	NonTarget	1	496018
1984.296	n/a	NonTarget	1	496074
1984.524	n/a	NonTarget	1	496131
1984.748	n/a	Target	2	496187
1984.972	n/a	NonTarget	1	496243
1985.2	n/a	NonTarget	1	496300
1985.424	n/a	NonTarget	1	496356
1985.652	n/a	NonTarget	1	496413
1985.876	n/a	Target	2	496469
1986.1	n/a	NonTarget	1	496525
1986.328	n/a	NonTarget	1	496582
1986.552	n/a	NonTarget	1	496638
1986.776	n/a	NonTarget	1	496694
1987.004	n/a	Target	2	496751
1987.228	n/a	NonTarget	1	496807
1987.456	n/a	NonTarget	1	496864
1987.68	n/a	NonTarget	1	496920
1987.904	n/a	NonTarget	1	496976
1988.132	n/a	Target	2	497033
1988.356	n/a	NonTarget	1	497089
1988.58	n/a	NonTarget	1	497145
1988.808	n/a	NonTarget	1	497202
1989.032	n/a	NonTarget	1	497258
1989.26	n/a	NonTarget	1	497315
1989.484	n/a	Target	2	497371
1989.712	n/a	NonTarget	1	497428
1989.936	n/a	NonTarget	1	497484
1990.16	n/a	NonTarget	1	497540
1990.388	n/a	NonTarget	1	497597
1990.612	n/a	NonTarget	1	497653
1990.84	n/a	NonTarget	1	497710
1991.064	n/a	Target	2	497766
1991.288	n/a	NonTarget	1	497822
1991.512	n/a	NonTarget	1	497878
1991.74	n/a	NonTarget	1	497935
1991.964	n/a	NonTarget	1	497991
1992.192	n/a	Target	2	498048
1992.416	n/a	NonTarget	1	498104
1992.64	n/a	NonTarget	1	498160
1992.868	n/a	NonTarget	1	498217
1993.092	n/a	NonTarget	1	498273
1993.316	n/a	Target	2	498329
1993.544	n/a	NonTarget	1	498386
1993.768	n/a	NonTarget	1	498442
1993.996	n/a	NonTarget	1	498499
1994.22	n/a	NonTarget	1	498555
1994.444	n/a	Target	2	498611
1994.672	n/a	NonTarget	1	498668
1994.896	n/a	NonTarget	1	498724
1995.12	n/a	NonTarget	1	498780
1995.348	n/a	NonTarget	1	498837
1995.576	n/a	Target	2	498894
1995.8	n/a	NonTarget	1	498950
1996.024	n/a	NonTarget	1	499006
1996.252	n/a	NonTarget	1	499063
1996.476	n/a	NonTarget	1	499119
1996.7	n/a	NonTarget	1	499175
1996.928	n/a	NonTarget	1	499232
1997.152	n/a	Target	2	499288
1997.38	n/a	NonTarget	1	499345
1997.604	n/a	NonTarget	1	499401
1997.832	n/a	NonTarget	1	499458
1998.056	n/a	NonTarget	1	499514
1998.284	n/a	NonTarget	1	499571
1998.508	n/a	Target	2	499627
1998.736	n/a	NonTarget	1	499684
1998.96	n/a	NonTarget	1	499740
1999.184	n/a	NonTarget	1	499796
1999.412	n/a	NonTarget	1	499853
1999.636	n/a	Target	2	499909
1999.86	n/a	NonTarget	1	499965
2000.088	n/a	NonTarget	1	500022
2000.312	n/a	NonTarget	1	500078
2000.536	n/a	NonTarget	1	500134
2000.764	n/a	Target	2	500191
2000.988	n/a	NonTarget	1	500247
2001.216	n/a	NonTarget	1	500304
2001.44	n/a	NonTarget	1	500360
2001.664	n/a	NonTarget	1	500416
2001.892	n/a	NonTarget	1	500473
2002.116	n/a	Target	2	500529
2002.344	n/a	NonTarget	1	500586
2002.568	n/a	NonTarget	1	500642
2002.796	n/a	NonTarget	1	500699
2003.02	n/a	NonTarget	1	500755
2003.244	n/a	Target	2	500811
2003.472	n/a	NonTarget	1	500868
2003.696	n/a	NonTarget	1	500924
2003.924	n/a	NonTarget	1	500981
2004.148	n/a	NonTarget	1	501037
2004.372	n/a	NonTarget	1	501093
2048.588	n/a	NonTarget	1	512147
2048.812	n/a	NonTarget	1	512203
2049.036	n/a	NonTarget	1	512259
2049.264	n/a	NonTarget	1	512316
2049.488	n/a	NonTarget	1	512372
2049.716	n/a	NonTarget	1	512429
2049.94	n/a	NonTarget	1	512485
2050.164	n/a	NonTarget	1	512541
2050.388	n/a	Target	2	512597
2050.616	n/a	NonTarget	1	512654
2050.84	n/a	NonTarget	1	512710
2051.064	n/a	NonTarget	1	512766
2051.292	n/a	NonTarget	1	512823
2051.516	n/a	NonTarget	1	512879
2051.74	n/a	Target	2	512935
2051.968	n/a	NonTarget	1	512992
2052.192	n/a	NonTarget	1	513048
2052.416	n/a	NonTarget	1	513104
2052.64	n/a	NonTarget	1	513160
2052.868	n/a	NonTarget	1	513217
2053.092	n/a	Target	2	513273
2053.32	n/a	NonTarget	1	513330
2053.544	n/a	NonTarget	1	513386
2053.768	n/a	NonTarget	1	513442
2053.996	n/a	NonTarget	1	513499
2054.22	n/a	NonTarget	1	513555
2054.444	n/a	NonTarget	1	513611
2054.672	n/a	NonTarget	1	513668
2054.896	n/a	NonTarget	1	513724
2055.124	n/a	NonTarget	1	513781
2055.348	n/a	NonTarget	1	513837
2055.572	n/a	NonTarget	1	513893
2055.8	n/a	Target	2	513950
2056.024	n/a	NonTarget	1	514006
2056.252	n/a	NonTarget	1	514063
2056.476	n/a	NonTarget	1	514119
2056.7	n/a	NonTarget	1	514175
2056.928	n/a	NonTarget	1	514232
2057.152	n/a	NonTarget	1	514288
2057.38	n/a	NonTarget	1	514345
2057.604	n/a	NonTarget	1	514401
2057.832	n/a	NonTarget	1	514458
2058.056	n/a	NonTarget	1	514514
2058.284	n/a	Target	2	514571
2058.508	n/a	NonTarget	1	514627
2058.736	n/a	NonTarget	1	514684
2058.96	n/a	NonTarget	1	514740
2059.184	n/a	NonTarget	1	514796
2059.412	n/a	NonTarget	1	514853
2059.636	n/a	Target	2	514909
2059.86	n/a	NonTarget	1	514965
2060.088	n/a	NonTarget	1	515022
2060.312	n/a	NonTarget	1	515078
2060.536	n/a	NonTarget	1	515134
2060.764	n/a	NonTarget	1	515191
2060.988	n/a	NonTarget	1	515247
2061.216	n/a	Target	2	515304
2061.44	n/a	NonTarget	1	515360
2061.664	n/a	NonTarget	1	515416
2061.892	n/a	NonTarget	1	515473
2062.116	n/a	NonTarget	1	515529
2062.344	n/a	Target	2	515586
2062.568	n/a	NonTarget	1	515642
2062.792	n/a	NonTarget	1	515698
2063.016	n/a	NonTarget	1	515754
2063.244	n/a	NonTarget	1	515811
2063.472	n/a	Target	2	515868
2063.692	n/a	NonTarget	1	515923
2063.92	n/a	NonTarget	1	515980
2064.144	n/a	NonTarget	1	516036
2064.372	n/a	NonTarget	1	516093
2064.596	n/a	Target	2	516149
2064.82	n/a	NonTarget	1	516205
2065.048	n/a	NonTarget	1	516262
2065.272	n/a	NonTarget	1	516318
2065.5	n/a	NonTarget	1	516375
2065.724	n/a	NonTarget	1	516431
2065.952	n/a	Target	2	516488
2066.176	n/a	NonTarget	1	516544
2066.4	n/a	NonTarget	1	516600
2066.628	n/a	NonTarget	1	516657
2066.852	n/a	NonTarget	1	516713
2067.08	n/a	NonTarget	1	516770
2067.304	n/a	NonTarget	1	516826
2067.528	n/a	Target	2	516882
2067.756	n/a	NonTarget	1	516939
2067.98	n/a	NonTarget	1	516995
2068.204	n/a	NonTarget	1	517051
2068.432	n/a	NonTarget	1	517108
2068.656	n/a	Target	2	517164
2068.88	n/a	NonTarget	1	517220
2069.108	n/a	NonTarget	1	517277
2069.332	n/a	NonTarget	1	517333
2069.556	n/a	NonTarget	1	517389
2069.784	n/a	Target	2	517446
2070.008	n/a	NonTarget	1	517502
2070.236	n/a	NonTarget	1	517559
2070.46	n/a	NonTarget	1	517615
2070.684	n/a	NonTarget	1	517671
2070.912	n/a	NonTarget	1	517728
2071.136	n/a	Target	2	517784
2071.364	n/a	NonTarget	1	517841
2071.588	n/a	NonTarget	1	517897
2071.812	n/a	NonTarget	1	517953
2072.04	n/a	NonTarget	1	518010
2072.264	n/a	Target	2	518066
2072.492	n/a	NonTarget	1	518123
2072.716	n/a	NonTarget	1	518179
2072.944	n/a	NonTarget	1	518236
2073.168	n/a	NonTarget	1	518292
2073.392	n/a	Target	2	518348
2073.62	n/a	NonTarget	1	518405
2073.844	n/a	NonTarget	1	518461
2074.068	n/a	NonTarget	1	518517
2074.296	n/a	NonTarget	1	518574
2074.52	n/a	Target	2	518630
2074.744	n/a	NonTarget	1	518686
2074.972	n/a	NonTarget	1	518743
2075.196	n/a	NonTarget	1	518799
2075.42	n/a	NonTarget	1	518855
2075.648	n/a	NonTarget	1	518912
2075.872	n/a	Target	2	518968
2076.1	n/a	NonTarget	1	519025
2076.324	n/a	NonTarget	1	519081
2076.552	n/a	NonTarget	1	519138
2076.776	n/a	NonTarget	1	519194
2077.0	n/a	NonTarget	1	519250
2077.228	n/a	Target	2	519307
2077.452	n/a	NonTarget	1	519363
2077.68	n/a	NonTarget	1	519420
2077.904	n/a	NonTarget	1	519476
2078.128	n/a	NonTarget	1	519532
2078.356	n/a	NonTarget	1	519589
2078.58	n/a	Target	2	519645
2094.236	n/a	Target	2	523559
2094.464	n/a	NonTarget	1	523616
2094.688	n/a	NonTarget	1	523672
2094.912	n/a	NonTarget	1	523728
2095.14	n/a	NonTarget	1	523785
2095.364	n/a	NonTarget	1	523841
2095.592	n/a	NonTarget	1	523898
2095.816	n/a	NonTarget	1	523954
2096.04	n/a	NonTarget	1	524010
2096.268	n/a	NonTarget	1	524067
2096.492	n/a	Target	2	524123
2096.716	n/a	NonTarget	1	524179
2096.94	n/a	NonTarget	1	524235
2097.168	n/a	NonTarget	1	524292
2097.392	n/a	NonTarget	1	524348
2097.616	n/a	NonTarget	1	524404
2097.844	n/a	NonTarget	1	524461
2098.068	n/a	NonTarget	1	524517
2098.296	n/a	NonTarget	1	524574
2098.52	n/a	NonTarget	1	524630
2098.744	n/a	NonTarget	1	524686
2098.972	n/a	NonTarget	1	524743
2099.196	n/a	NonTarget	1	524799
2099.42	n/a	Target	2	524855
2099.644	n/a	NonTarget	1	524911
2099.872	n/a	NonTarget	1	524968
2100.096	n/a	NonTarget	1	525024
2100.32	n/a	NonTarget	1	525080
2100.548	n/a	NonTarget	1	525137
2100.772	n/a	NonTarget	1	525193
2101.0	n/a	NonTarget	1	525250
2101.224	n/a	NonTarget	1	525306
2101.448	n/a	Target	2	525362
2101.676	n/a	NonTarget	1	525419
2101.9	n/a	NonTarget	1	525475
2102.128	n/a	NonTarget	1	525532
2102.352	n/a	NonTarget	1	525588
2102.576	n/a	NonTarget	1	525644
2102.804	n/a	NonTarget	1	525701
2103.028	n/a	Target	2	525757
2103.252	n/a	NonTarget	1	525813
2103.48	n/a	NonTarget	1	525870
2103.704	n/a	NonTarget	1	525926
2103.928	n/a	NonTarget	1	525982
2104.156	n/a	NonTarget	1	526039
2104.38	n/a	Target	2	526095
2104.604	n/a	NonTarget	1	526151
2104.832	n/a	NonTarget	1	526208
2105.056	n/a	NonTarget	1	526264
2105.284	n/a	NonTarget	1	526321
2105.508	n/a	NonTarget	1	526377
2105.732	n/a	Target	2	526433
2105.96	n/a	NonTarget	1	526490
2106.184	n/a	NonTarget	1	526546
2106.412	n/a	NonTarget	1	526603
2106.636	n/a	NonTarget	1	526659
2106.864	n/a	NonTarget	1	526716
2107.088	n/a	Target	2	526772
2107.312	n/a	NonTarget	1	526828
2107.54	n/a	NonTarget	1	526885
2107.764	n/a	NonTarget	1	526941
2107.992	n/a	NonTarget	1	526998
2108.216	n/a	NonTarget	1	527054
2108.44	n/a	NonTarget	1	527110
2108.668	n/a	Target	2	527167
2108.892	n/a	NonTarget	1	527223
2109.12	n/a	NonTarget	1	527280
2109.344	n/a	NonTarget	1	527336
2109.572	n/a	NonTarget	1	527393
2109.796	n/a	Target	2	527449
2110.02	n/a	NonTarget	1	527505
2110.248	n/a	NonTarget	1	527562
2110.472	n/a	NonTarget	1	527618
2110.696	n/a	NonTarget	1	527674
2110.924	n/a	Target	2	527731
2111.148	n/a	NonTarget	1	527787
2111.372	n/a	NonTarget	1	527843
2111.6	n/a	NonTarget	1	527900
2111.824	n/a	NonTarget	1	527956
2112.052	n/a	Target	2	528013
2112.276	n/a	NonTarget	1	528069
2112.5	n/a	NonTarget	1	528125
2112.728	n/a	NonTarget	1	528182
2112.952	n/a	NonTarget	1	528238
2113.176	n/a	Target	2	528294
2113.404	n/a	NonTarget	1	528351
2113.628	n/a	NonTarget	1	528407
2113.856	n/a	NonTarget	1	528464
2114.08	n/a	NonTarget	1	528520
2114.308	n/a	Target	2	528577
2114.532	n/a	NonTarget	1	528633
2114.756	n/a	NonTarget	1	528689
2114.984	n/a	NonTarget	1	528746
2115.208	n/a	NonTarget	1	528802
2115.436	n/a	Target	2	528859
2115.66	n/a	NonTarget	1	528915
2115.884	n/a	NonTarget	1	528971
2116.112	n/a	NonTarget	1	529028
2116.336	n/a	NonTarget	1	529084
2116.56	n/a	NonTarget	1	529140
2116.788	n/a	NonTarget	1	529197
2117.012	n/a	Target	2	529253
2117.236	n/a	NonTarget	1	529309
2117.464	n/a	NonTarget	1	529366
2117.688	n/a	NonTarget	1	529422
2117.912	n/a	NonTarget	1	529478
2118.14	n/a	Target	2	529535
2118.364	n/a	NonTarget	1	529591
2118.592	n/a	NonTarget	1	529648
2118.816	n/a	NonTarget	1	529704
2119.04	n/a	NonTarget	1	529760
2119.268	n/a	Target	2	529817
2119.492	n/a	NonTarget	1	529873
2119.72	n/a	NonTarget	1	529930
2119.944	n/a	NonTarget	1	529986
2120.172	n/a	NonTarget	1	530043
2120.396	n/a	NonTarget	1	530099
2120.62	n/a	Target	2	530155
2120.848	n/a	NonTarget	1	530212
2121.072	n/a	NonTarget	1	530268
2121.3	n/a	NonTarget	1	530325
2121.524	n/a	NonTarget	1	530381
2121.752	n/a	Target	2	530438
2121.976	n/a	NonTarget	1	530494
2122.2	n/a	NonTarget	1	530550
2122.428	n/a	NonTarget	1	530607
2122.652	n/a	NonTarget	1	530663
2122.876	n/a	NonTarget	1	530719
2123.104	n/a	NonTarget	1	530776
2123.328	n/a	Target	2	530832
2123.556	n/a	NonTarget	1	530889
2123.78	n/a	NonTarget	1	530945
2124.004	n/a	NonTarget	1	531001
2124.232	n/a	NonTarget	1	531058
2124.456	n/a	NonTarget	1	531114
2133.204	n/a	NonTarget	1	533301
2133.432	n/a	NonTarget	1	533358
2133.656	n/a	NonTarget	1	533414
2133.884	n/a	NonTarget	1	533471
2134.108	n/a	Target	2	533527
2134.336	n/a	NonTarget	1	533584
2134.56	n/a	NonTarget	1	533640
2134.784	n/a	NonTarget	1	533696
2135.008	n/a	NonTarget	1	533752
2135.232	n/a	NonTarget	1	533808
2135.46	n/a	NonTarget	1	533865
2135.684	n/a	NonTarget	1	533921
2135.908	n/a	NonTarget	1	533977
2136.136	n/a	Target	2	534034
2136.36	n/a	NonTarget	1	534090
2136.588	n/a	NonTarget	1	534147
2136.812	n/a	NonTarget	1	534203
2137.04	n/a	NonTarget	1	534260
2137.264	n/a	NonTarget	1	534316
2137.488	n/a	NonTarget	1	534372
2137.716	n/a	NonTarget	1	534429
2137.94	n/a	Target	2	534485
2138.168	n/a	NonTarget	1	534542
2138.392	n/a	NonTarget	1	534598
2138.616	n/a	NonTarget	1	534654
2138.844	n/a	NonTarget	1	534711
2139.068	n/a	NonTarget	1	534767
2139.292	n/a	NonTarget	1	534823
2139.52	n/a	NonTarget	1	534880
2139.744	n/a	NonTarget	1	534936
2139.968	n/a	Target	2	534992
2140.196	n/a	NonTarget	1	535049
2140.42	n/a	NonTarget	1	535105
2140.644	n/a	NonTarget	1	535161
2140.872	n/a	NonTarget	1	535218
2141.096	n/a	NonTarget	1	535274
2141.32	n/a	NonTarget	1	535330
2141.548	n/a	NonTarget	1	535387
2141.772	n/a	NonTarget	1	535443
2141.996	n/a	NonTarget	1	535499
2142.22	n/a	NonTarget	1	535555
2142.448	n/a	Target	2	535612
2142.672	n/a	NonTarget	1	535668
2142.896	n/a	NonTarget	1	535724
2143.124	n/a	NonTarget	1	535781
2143.348	n/a	NonTarget	1	535837
2143.572	n/a	NonTarget	1	535893
2143.8	n/a	Target	2	535950
2144.024	n/a	NonTarget	1	536006
2144.252	n/a	NonTarget	1	536063
2144.476	n/a	NonTarget	1	536119
2144.704	n/a	NonTarget	1	536176
2144.928	n/a	Target	2	536232
2145.152	n/a	NonTarget	1	536288
2145.38	n/a	NonTarget	1	536345
2145.604	n/a	NonTarget	1	536401
2145.828	n/a	NonTarget	1	536457
2146.056	n/a	NonTarget	1	536514
2146.28	n/a	NonTarget	1	536570
2146.508	n/a	NonTarget	1	536627
2146.732	n/a	Target	2	536683
2146.956	n/a	NonTarget	1	536739
2147.18	n/a	NonTarget	1	536795
2147.408	n/a	NonTarget	1	536852
2147.632	n/a	NonTarget	1	536908
2147.86	n/a	Target	2	536965
2148.084	n/a	NonTarget	1	537021
2148.308	n/a	NonTarget	1	537077
2148.536	n/a	NonTarget	1	537134
2148.76	n/a	NonTarget	1	537190
2148.984	n/a	Target	2	537246
2149.212	n/a	NonTarget	1	537303
2149.436	n/a	NonTarget	1	537359
2149.664	n/a	NonTarget	1	537416
2149.888	n/a	NonTarget	1	537472
2150.112	n/a	Target	2	537528
2150.34	n/a	NonTarget	1	537585
2150.564	n/a	NonTarget	1	537641
2150.792	n/a	NonTarget	1	537698
2151.016	n/a	NonTarget	1	537754
2151.244	n/a	Target	2	537811
2151.468	n/a	NonTarget	1	537867
2151.692	n/a	NonTarget	1	537923
2151.92	n/a	NonTarget	1	537980
2152.144	n/a	NonTarget	1	538036
2152.368	n/a	Target	2	538092
2152.596	n/a	NonTarget	1	538149
2152.82	n/a	NonTarget	1	538205
2153.044	n/a	NonTarget	1	538261
2153.272	n/a	NonTarget	1	538318
2153.496	n/a	Target	2	538374
2153.724	n/a	NonTarget	1	538431
2153.948	n/a	NonTarget	1	538487
2154.172	n/a	NonTarget	1	538543
2154.4	n/a	NonTarget	1	538600
2154.624	n/a	Target	2	538656
2154.848	n/a	NonTarget	1	538712
2155.076	n/a	NonTarget	1	538769
2155.3	n/a	NonTarget	1	538825
2155.528	n/a	NonTarget	1	538882
2155.752	n/a	Target	2	538938
2155.98	n/a	NonTarget	1	538995
2156.204	n/a	NonTarget	1	539051
2156.428	n/a	NonTarget	1	539107
2156.656	n/a	NonTarget	1	539164
2156.88	n/a	Target	2	539220
2157.108	n/a	NonTarget	1	539277
2157.332	n/a	NonTarget	1	539333
2157.556	n/a	NonTarget	1	539389
2157.78	n/a	NonTarget	1	539445
2158.008	n/a	NonTarget	1	539502
2158.232	n/a	Target	2	539558
2158.46	n/a	NonTarget	1	539615
2158.684	n/a	NonTarget	1	539671
2158.912	n/a	NonTarget	1	539728
2159.136	n/a	NonTarget	1	539784
2159.36	n/a	Target	2	539840
2159.588	n/a	NonTarget	1	539897
2159.812	n/a	NonTarget	1	539953
2160.036	n/a	NonTarget	1	540009
2160.264	n/a	NonTarget	1	540066
2160.488	n/a	NonTarget	1	540122
2160.712	n/a	NonTarget	1	540178
2160.94	n/a	Target	2	540235
2161.164	n/a	NonTarget	1	540291
2161.392	n/a	NonTarget	1	540348
2161.616	n/a	NonTarget	1	540404
2161.844	n/a	NonTarget	1	540461
2162.068	n/a	Target	2	540517
2162.292	n/a	NonTarget	1	540573
2162.52	n/a	NonTarget	1	540630
2162.744	n/a	NonTarget	1	540686
2162.972	n/a	NonTarget	1	540743
2163.196	n/a	Target	2	540799
2174.856	n/a	NonTarget	1	543714
2175.08	n/a	NonTarget	1	543770
2175.304	n/a	Target	2	543826
2175.532	n/a	NonTarget	1	543883
2175.756	n/a	NonTarget	1	543939
2175.98	n/a	NonTarget	1	543995
2176.208	n/a	NonTarget	1	544052
2176.432	n/a	NonTarget	1	544108
2176.66	n/a	NonTarget	1	544165
2176.884	n/a	NonTarget	1	544221
2177.108	n/a	NonTarget	1	544277
2177.336	n/a	NonTarget	1	544334
2177.56	n/a	Target	2	544390
2177.784	n/a	NonTarget	1	544446
2178.012	n/a	NonTarget	1	544503
2178.236	n/a	NonTarget	1	544559
2178.464	n/a	NonTarget	1	544616
2178.688	n/a	NonTarget	1	544672
2178.916	n/a	NonTarget	1	544729
2179.14	n/a	NonTarget	1	544785
2179.364	n/a	NonTarget	1	544841
2179.592	n/a	NonTarget	1	544898
2179.816	n/a	Target	2	544954
2180.04	n/a	NonTarget	1	545010
2180.268	n/a	NonTarget	1	545067
2180.492	n/a	NonTarget	1	545123
2180.72	n/a	NonTarget	1	545180
2180.944	n/a	NonTarget	1	545236
2181.172	n/a	NonTarget	1	545293
2181.396	n/a	NonTarget	1	545349
2181.624	n/a	Target	2	545406
2181.848	n/a	NonTarget	1	545462
2182.072	n/a	NonTarget	1	545518
2182.296	n/a	NonTarget	1	545574
2182.524	n/a	NonTarget	1	545631
2182.748	n/a	NonTarget	1	545687
2182.976	n/a	NonTarget	1	545744
2183.2	n/a	NonTarget	1	545800
2183.424	n/a	NonTarget	1	545856
2183.652	n/a	NonTarget	1	545913
2183.88	n/a	NonTarget	1	545970
2184.104	n/a	Target	2	546026
2184.332	n/a	NonTarget	1	546083
2184.556	n/a	NonTarget	1	546139
2184.78	n/a	NonTarget	1	546195
2185.008	n/a	NonTarget	1	546252
2185.232	n/a	Target	2	546308
2185.46	n/a	NonTarget	1	546365
2185.684	n/a	NonTarget	1	546421
2185.912	n/a	NonTarget	1	546478
2186.136	n/a	NonTarget	1	546534
2186.364	n/a	Target	2	546591
2186.588	n/a	NonTarget	1	546647
2186.812	n/a	NonTarget	1	546703
2187.04	n/a	NonTarget	1	546760
2187.264	n/a	NonTarget	1	546816
2187.492	n/a	Target	2	546873
2187.716	n/a	NonTarget	1	546929
2187.94	n/a	NonTarget	1	546985
2188.168	n/a	NonTarget	1	547042
2188.392	n/a	NonTarget	1	547098
2188.616	n/a	Target	2	547154
2188.844	n/a	NonTarget	1	547211
2189.068	n/a	NonTarget	1	547267
2189.292	n/a	NonTarget	1	547323
2189.52	n/a	NonTarget	1	547380
2189.744	n/a	NonTarget	1	547436
2189.968	n/a	Target	2	547492
2190.196	n/a	NonTarget	1	547549
2190.42	n/a	NonTarget	1	547605
2190.648	n/a	NonTarget	1	547662
2190.872	n/a	NonTarget	1	547718
2191.1	n/a	NonTarget	1	547775
2191.324	n/a	Target	2	547831
2191.548	n/a	NonTarget	1	547887
2191.776	n/a	NonTarget	1	547944
2192.0	n/a	NonTarget	1	548000
2192.228	n/a	NonTarget	1	548057
2192.452	n/a	Target	2	548113
2192.676	n/a	NonTarget	1	548169
2192.904	n/a	NonTarget	1	548226
2193.128	n/a	NonTarget	1	548282
2193.352	n/a	NonTarget	1	548338
2193.58	n/a	Target	2	548395
2193.804	n/a	NonTarget	1	548451
2194.032	n/a	NonTarget	1	548508
2194.256	n/a	NonTarget	1	548564
2194.48	n/a	NonTarget	1	548620
2194.708	n/a	NonTarget	1	548677
2194.932	n/a	NonTarget	1	548733
2195.156	n/a	NonTarget	1	548789
2195.384	n/a	Target	2	548846
2195.608	n/a	NonTarget	1	548902
2195.832	n/a	NonTarget	1	548958
2196.06	n/a	NonTarget	1	549015
2196.284	n/a	NonTarget	1	549071
2196.512	n/a	NonTarget	1	549128
2196.736	n/a	NonTarget	1	549184
2196.964	n/a	NonTarget	1	549241
2197.188	n/a	NonTarget	1	549297
2197.412	n/a	NonTarget	1	549353
2197.64	n/a	NonTarget	1	549410
2197.864	n/a	NonTarget	1	549466
2198.088	n/a	NonTarget	1	549522
2198.316	n/a	Target	2	549579
2198.54	n/a	NonTarget	1	549635
2198.768	n/a	NonTarget	1	549692
2198.992	n/a	NonTarget	1	549748
2199.216	n/a	NonTarget	1	549804
2199.444	n/a	NonTarget	1	549861
2199.668	n/a	NonTarget	1	549917
2199.892	n/a	NonTarget	1	549973
2200.12	n/a	Target	2	550030
2200.344	n/a	NonTarget	1	550086
2200.568	n/a	NonTarget	1	550142
2200.796	n/a	NonTarget	1	550199
2201.02	n/a	NonTarget	1	550255
2201.248	n/a	NonTarget	1	550312
2201.472	n/a	NonTarget	1	550368
2201.696	n/a	Target	2	550424
2201.924	n/a	NonTarget	1	550481
2202.148	n/a	NonTarget	1	550537
2202.376	n/a	NonTarget	1	550594
2202.6	n/a	NonTarget	1	550650
2202.828	n/a	NonTarget	1	550707
2203.052	n/a	NonTarget	1	550763
2203.276	n/a	NonTarget	1	550819
2203.504	n/a	Target	2	550876
2203.728	n/a	NonTarget	1	550932
2203.956	n/a	NonTarget	1	550989
2204.18	n/a	NonTarget	1	551045
2204.408	n/a	NonTarget	1	551102
2204.632	n/a	NonTarget	1	551158
2204.856	n/a	NonTarget	1	551214
2252.844	n/a	NonTarget	1	563211
2253.068	n/a	NonTarget	1	563267
2253.292	n/a	NonTarget	1	563323
2253.52	n/a	NonTarget	1	563380
2253.744	n/a	NonTarget	1	563436
2253.972	n/a	Target	2	563493
2254.196	n/a	NonTarget	1	563549
2254.42	n/a	NonTarget	1	563605
2254.644	n/a	NonTarget	1	563661
2254.872	n/a	NonTarget	1	563718
2255.096	n/a	NonTarget	1	563774
2255.324	n/a	NonTarget	1	563831
2255.552	n/a	NonTarget	1	563888
2255.776	n/a	NonTarget	1	563944
2256.004	n/a	Target	2	564001
2256.228	n/a	NonTarget	1	564057
2256.456	n/a	NonTarget	1	564114
2256.68	n/a	NonTarget	1	564170
2256.904	n/a	NonTarget	1	564226
2257.128	n/a	NonTarget	1	564282
2257.352	n/a	Target	2	564338
2257.58	n/a	NonTarget	1	564395
2257.804	n/a	NonTarget	1	564451
2258.032	n/a	NonTarget	1	564508
2258.256	n/a	NonTarget	1	564564
2258.484	n/a	NonTarget	1	564621
2258.712	n/a	NonTarget	1	564678
2258.936	n/a	NonTarget	1	564734
2259.16	n/a	NonTarget	1	564790
2259.384	n/a	NonTarget	1	564846
2259.612	n/a	NonTarget	1	564903
2259.836	n/a	Target	2	564959
2260.06	n/a	NonTarget	1	565015
2260.288	n/a	NonTarget	1	565072
2260.512	n/a	NonTarget	1	565128
2260.74	n/a	NonTarget	1	565185
2260.964	n/a	NonTarget	1	565241
2261.188	n/a	NonTarget	1	565297
2261.416	n/a	NonTarget	1	565354
2261.64	n/a	NonTarget	1	565410
2261.868	n/a	NonTarget	1	565467
2262.092	n/a	NonTarget	1	565523
2262.32	n/a	Target	2	565580
2262.544	n/a	NonTarget	1	565636
2262.768	n/a	NonTarget	1	565692
2262.996	n/a	NonTarget	1	565749
2263.22	n/a	NonTarget	1	565805
2263.444	n/a	NonTarget	1	565861
2263.672	n/a	Target	2	565918
2263.896	n/a	NonTarget	1	565974
2264.124	n/a	NonTarget	1	566031
2264.348	n/a	NonTarget	1	566087
2264.572	n/a	NonTarget	1	566143
2264.8	n/a	NonTarget	1	566200
2265.024	n/a	NonTarget	1	566256
2265.252	n/a	NonTarget	1	566313
2265.476	n/a	NonTarget	1	566369
2265.7	n/a	Target	2	566425
2265.928	n/a	NonTarget	1	566482
2266.152	n/a	NonTarget	1	566538
2266.376	n/a	NonTarget	1	566594
2266.604	n/a	NonTarget	1	566651
2266.828	n/a	NonTarget	1	566707
2267.056	n/a	Target	2	566764
2267.28	n/a	NonTarget	1	566820
2267.504	n/a	NonTarget	1	566876
2267.728	n/a	NonTarget	1	566932
2267.956	n/a	NonTarget	1	566989
2268.18	n/a	Target	2	567045
2268.408	n/a	NonTarget	1	567102
2268.632	n/a	NonTarget	1	567158
2268.856	n/a	NonTarget	1	567214
2269.084	n/a	NonTarget	1	567271
2269.308	n/a	Target	2	567327
2269.536	n/a	NonTarget	1	567384
2269.76	n/a	NonTarget	1	567440
2269.988	n/a	NonTarget	1	567497
2270.212	n/a	NonTarget	1	567553
2270.436	n/a	NonTarget	1	567609
2270.664	n/a	NonTarget	1	567666
2270.888	n/a	Target	2	567722
2271.116	n/a	NonTarget	1	567779
2271.34	n/a	NonTarget	1	567835
2271.568	n/a	NonTarget	1	567892
2271.792	n/a	NonTarget	1	567948
2272.016	n/a	NonTarget	1	568004
2272.244	n/a	Target	2	568061
2272.468	n/a	NonTarget	1	568117
2272.696	n/a	NonTarget	1	568174
2272.92	n/a	NonTarget	1	568230
2273.144	n/a	NonTarget	1	568286
2273.368	n/a	NonTarget	1	568342
2273.596	n/a	Target	2	568399
2273.82	n/a	NonTarget	1	568455
2274.048	n/a	NonTarget	1	568512
2274.272	n/a	NonTarget	1	568568
2274.496	n/a	NonTarget	1	568624
2274.724	n/a	Target	2	568681
2274.948	n/a	NonTarget	1	568737
2275.172	n/a	NonTarget	1	568793
2275.4	n/a	NonTarget	1	568850
2275.624	n/a	NonTarget	1	568906
2275.852	n/a	NonTarget	1	568963
2276.076	n/a	Target	2	569019
2276.3	n/a	NonTarget	1	569075
2276.528	n/a	NonTarget	1	569132
2276.752	n/a	NonTarget	1	569188
2276.98	n/a	NonTarget	1	569245
2277.204	n/a	Target	2	569301
2277.432	n/a	NonTarget	1	569358
2277.656	n/a	NonTarget	1	569414
2277.88	n/a	NonTarget	1	569470
2278.104	n/a	NonTarget	1	569526
2278.332	n/a	NonTarget	1	569583
2278.556	n/a	Target	2	569639
2278.784	n/a	NonTarget	1	569696
2279.008	n/a	NonTarget	1	569752
2279.232	n/a	NonTarget	1	569808
2279.46	n/a	NonTarget	1	569865
2279.684	n/a	Target	2	569921
2279.912	n/a	NonTarget	1	569978
2280.136	n/a	NonTarget	1	570034
2280.36	n/a	NonTarget	1	570090
2280.588	n/a	NonTarget	1	570147
2280.812	n/a	Target	2	570203
2281.036	n/a	NonTarget	1	570259
2281.264	n/a	NonTarget	1	570316
2281.488	n/a	NonTarget	1	570372
2281.716	n/a	NonTarget	1	570429
2281.94	n/a	NonTarget	1	570485
2282.168	n/a	NonTarget	1	570542
2282.392	n/a	Target	2	570598
2282.616	n/a	NonTarget	1	570654
2282.844	n/a	NonTarget	1	570711
2283.068	n/a	NonTarget	1	570767
2294.84	n/a	NonTarget	1	573710
2295.064	n/a	NonTarget	1	573766
2295.292	n/a	NonTarget	1	573823
2295.516	n/a	NonTarget	1	573879
2295.744	n/a	NonTarget	1	573936
2295.968	n/a	NonTarget	1	573992
2296.192	n/a	NonTarget	1	574048
2296.42	n/a	Target	2	574105
2296.644	n/a	NonTarget	1	574161
2296.872	n/a	NonTarget	1	574218
2297.096	n/a	NonTarget	1	574274
2297.32	n/a	NonTarget	1	574330
2297.548	n/a	NonTarget	1	574387
2297.772	n/a	NonTarget	1	574443
2297.996	n/a	NonTarget	1	574499
2298.22	n/a	Target	2	574555
2298.448	n/a	NonTarget	1	574612
2298.672	n/a	NonTarget	1	574668
2298.896	n/a	NonTarget	1	574724
2299.124	n/a	NonTarget	1	574781
2299.348	n/a	NonTarget	1	574837
2299.576	n/a	NonTarget	1	574894
2299.8	n/a	NonTarget	1	574950
2300.024	n/a	NonTarget	1	575006
2300.252	n/a	Target	2	575063
2300.476	n/a	NonTarget	1	575119
2300.704	n/a	NonTarget	1	575176
2300.928	n/a	NonTarget	1	575232
2301.156	n/a	NonTarget	1	575289
2301.38	n/a	NonTarget	1	575345
2301.604	n/a	NonTarget	1	575401
2301.832	n/a	Target	2	575458
2302.056	n/a	NonTarget	1	575514
2302.284	n/a	NonTarget	1	575571
2302.508	n/a	NonTarget	1	575627
2302.732	n/a	NonTarget	1	575683
2302.96	n/a	NonTarget	1	575740
2303.184	n/a	NonTarget	1	575796
2303.408	n/a	NonTarget	1	575852
2303.632	n/a	Target	2	575908
2303.86	n/a	NonTarget	1	575965
2304.084	n/a	NonTarget	1	576021
2304.308	n/a	NonTarget	1	576077
2304.536	n/a	NonTarget	1	576134
2304.76	n/a	NonTarget	1	576190
2304.988	n/a	NonTarget	1	576247
2305.212	n/a	Target	2	576303
2305.436	n/a	NonTarget	1	576359
2305.664	n/a	NonTarget	1	576416
2305.888	n/a	NonTarget	1	576472
2306.112	n/a	NonTarget	1	576528
2306.34	n/a	NonTarget	1	576585
2306.564	n/a	Target	2	576641
2306.792	n/a	NonTarget	1	576698
2307.016	n/a	NonTarget	1	576754
2307.244	n/a	NonTarget	1	576811
2307.468	n/a	NonTarget	1	576867
2307.692	n/a	NonTarget	1	576923
2307.92	n/a	Target	2	576980
2308.144	n/a	NonTarget	1	577036
2308.372	n/a	NonTarget	1	577093
2308.596	n/a	NonTarget	1	577149
2308.82	n/a	NonTarget	1	577205
2309.048	n/a	Target	2	577262
2309.272	n/a	NonTarget	1	577318
2309.496	n/a	NonTarget	1	577374
2309.72	n/a	NonTarget	1	577430
2309.948	n/a	NonTarget	1	577487
2310.172	n/a	Target	2	577543
2310.396	n/a	NonTarget	1	577599
2310.624	n/a	NonTarget	1	577656
2310.848	n/a	NonTarget	1	577712
2311.076	n/a	NonTarget	1	577769
2311.3	n/a	Target	2	577825
2311.524	n/a	NonTarget	1	577881
2311.748	n/a	NonTarget	1	577937
2311.976	n/a	NonTarget	1	577994
2312.2	n/a	NonTarget	1	578050
2312.428	n/a	NonTarget	1	578107
2312.652	n/a	Target	2	578163
2312.88	n/a	NonTarget	1	578220
2313.104	n/a	NonTarget	1	578276
2313.328	n/a	NonTarget	1	578332
2313.556	n/a	NonTarget	1	578389
2313.78	n/a	NonTarget	1	578445
2314.008	n/a	Target	2	578502
2314.232	n/a	NonTarget	1	578558
2314.456	n/a	NonTarget	1	578614
2314.684	n/a	NonTarget	1	578671
2314.908	n/a	NonTarget	1	578727
2315.132	n/a	Target	2	578783
2315.36	n/a	NonTarget	1	578840
2315.584	n/a	NonTarget	1	578896
2315.812	n/a	NonTarget	1	578953
2316.036	n/a	NonTarget	1	579009
2316.26	n/a	Target	2	579065
2316.488	n/a	NonTarget	1	579122
2316.712	n/a	NonTarget	1	579178
2316.936	n/a	NonTarget	1	579234
2317.164	n/a	NonTarget	1	579291
2317.388	n/a	NonTarget	1	579347
2317.612	n/a	Target	2	579403
2317.84	n/a	NonTarget	1	579460
2318.064	n/a	NonTarget	1	579516
2318.292	n/a	NonTarget	1	579573
2318.516	n/a	NonTarget	1	579629
2318.744	n/a	Target	2	579686
2318.968	n/a	NonTarget	1	579742
2319.192	n/a	NonTarget	1	579798
2319.42	n/a	NonTarget	1	579855
2319.644	n/a	NonTarget	1	579911
2319.872	n/a	NonTarget	1	579968
2320.096	n/a	NonTarget	1	580024
2320.324	n/a	Target	2	580081
2320.548	n/a	NonTarget	1	580137
2320.772	n/a	NonTarget	1	580193
2321.0	n/a	NonTarget	1	580250
2321.224	n/a	NonTarget	1	580306
2321.448	n/a	Target	2	580362
2321.676	n/a	NonTarget	1	580419
2321.9	n/a	NonTarget	1	580475
2322.128	n/a	NonTarget	1	580532
2322.352	n/a	NonTarget	1	580588
2322.576	n/a	Target	2	580644
2322.804	n/a	NonTarget	1	580701
2323.028	n/a	NonTarget	1	580757
2323.252	n/a	NonTarget	1	580813
2323.48	n/a	NonTarget	1	580870
2323.704	n/a	Target	2	580926
2323.928	n/a	NonTarget	1	580982
2324.156	n/a	NonTarget	1	581039
2324.38	n/a	NonTarget	1	581095
2324.608	n/a	NonTarget	1	581152
2324.832	n/a	Target	2	581208
2325.056	n/a	NonTarget	1	581264
2333.828	n/a	NonTarget	1	583457
2334.052	n/a	NonTarget	1	583513
2334.276	n/a	NonTarget	1	583569
2334.504	n/a	NonTarget	1	583626
2334.728	n/a	NonTarget	1	583682
2334.952	n/a	NonTarget	1	583738
2335.18	n/a	Target	2	583795
2335.404	n/a	NonTarget	1	583851
2335.628	n/a	NonTarget	1	583907
2335.856	n/a	NonTarget	1	583964
2336.08	n/a	NonTarget	1	584020
2336.304	n/a	NonTarget	1	584076
2336.532	n/a	NonTarget	1	584133
2336.756	n/a	NonTarget	1	584189
2336.98	n/a	NonTarget	1	584245
2337.208	n/a	Target	2	584302
2337.432	n/a	NonTarget	1	584358
2337.66	n/a	NonTarget	1	584415
2337.884	n/a	NonTarget	1	584471
2338.112	n/a	NonTarget	1	584528
2338.336	n/a	NonTarget	1	584584
2338.56	n/a	NonTarget	1	584640
2338.788	n/a	NonTarget	1	584697
2339.012	n/a	NonTarget	1	584753
2339.24	n/a	NonTarget	1	584810
2339.464	n/a	NonTarget	1	584866
2339.688	n/a	NonTarget	1	584922
2339.916	n/a	NonTarget	1	584979
2340.14	n/a	Target	2	585035
2340.368	n/a	NonTarget	1	585092
2340.592	n/a	NonTarget	1	585148
2340.816	n/a	NonTarget	1	585204
2341.04	n/a	NonTarget	1	585260
2341.268	n/a	NonTarget	1	585317
2341.492	n/a	NonTarget	1	585373
2341.716	n/a	Target	2	585429
2341.944	n/a	NonTarget	1	585486
2342.168	n/a	NonTarget	1	585542
2342.392	n/a	NonTarget	1	585598
2342.62	n/a	NonTarget	1	585655
2342.844	n/a	NonTarget	1	585711
2343.072	n/a	NonTarget	1	585768
2343.296	n/a	NonTarget	1	585824
2343.52	n/a	NonTarget	1	585880
2343.744	n/a	NonTarget	1	585936
2343.972	n/a	NonTarget	1	585993
2344.196	n/a	Target	2	586049
2344.42	n/a	NonTarget	1	586105
2344.648	n/a	NonTarget	1	586162
2344.872	n/a	NonTarget	1	586218
2345.096	n/a	NonTarget	1	586274
2345.324	n/a	NonTarget	1	586331
2345.552	n/a	NonTarget	1	586388
2345.776	n/a	NonTarget	1	586444
2346.0	n/a	NonTarget	1	586500
2346.228	n/a	Target	2	586557
2346.452	n/a	NonTarget	1	586613
2346.676	n/a	NonTarget	1	586669
2346.904	n/a	NonTarget	1	586726
2347.128	n/a	NonTarget	1	586782
2347.352	n/a	NonTarget	1	586838
2347.58	n/a	Target	2	586895
2347.804	n/a	NonTarget	1	586951
2348.032	n/a	NonTarget	1	587008
2348.256	n/a	NonTarget	1	587064
2348.48	n/a	NonTarget	1	587120
2348.708	n/a	Target	2	587177
2348.932	n/a	NonTarget	1	587233
2349.16	n/a	NonTarget	1	587290
2349.384	n/a	NonTarget	1	587346
2349.608	n/a	NonTarget	1	587402
2349.836	n/a	NonTarget	1	587459
2350.06	n/a	Target	2	587515
2350.284	n/a	NonTarget	1	587571
2350.512	n/a	NonTarget	1	587628
2350.736	n/a	NonTarget	1	587684
2350.96	n/a	NonTarget	1	587740
2351.188	n/a	NonTarget	1	587797
2351.416	n/a	NonTarget	1	587854
2351.64	n/a	NonTarget	1	587910
2351.864	n/a	Target	2	587966
2352.092	n/a	NonTarget	1	588023
2352.316	n/a	NonTarget	1	588079
2352.54	n/a	NonTarget	1	588135
2352.768	n/a	NonTarget	1	588192
2352.992	n/a	Target	2	588248
2353.216	n/a	NonTarget	1	588304
2353.444	n/a	NonTarget	1	588361
2353.668	n/a	NonTarget	1	588417
2353.896	n/a	NonTarget	1	588474
2354.12	n/a	Target	2	588530
2354.348	n/a	NonTarget	1	588587
2354.572	n/a	NonTarget	1	588643
2354.796	n/a	NonTarget	1	588699
2355.024	n/a	NonTarget	1	588756
2355.248	n/a	NonTarget	1	588812
2355.476	n/a	Target	2	588869
2355.7	n/a	NonTarget	1	588925
2355.924	n/a	NonTarget	1	588981
2356.152	n/a	NonTarget	1	589038
2356.376	n/a	NonTarget	1	589094
2356.6	n/a	Target	2	589150
2356.828	n/a	NonTarget	1	589207
2357.052	n/a	NonTarget	1	589263
2357.276	n/a	NonTarget	1	589319
2357.504	n/a	NonTarget	1	589376
2357.728	n/a	Target	2	589432
2357.956	n/a	NonTarget	1	589489
2358.18	n/a	NonTarget	1	589545
2358.408	n/a	NonTarget	1	589602
2358.632	n/a	NonTarget	1	589658
2358.856	n/a	NonTarget	1	589714
2359.084	n/a	NonTarget	1	589771
2359.308	n/a	NonTarget	1	589827
2359.536	n/a	Target	2	589884
2359.76	n/a	NonTarget	1	589940
2359.984	n/a	NonTarget	1	589996
2360.212	n/a	NonTarget	1	590053
2360.436	n/a	NonTarget	1	590109
2360.66	n/a	NonTarget	1	590165
2360.888	n/a	Target	2	590222
2361.112	n/a	NonTarget	1	590278
2361.336	n/a	NonTarget	1	590334
2361.564	n/a	NonTarget	1	590391
2361.788	n/a	NonTarget	1	590447
2362.012	n/a	NonTarget	1	590503
2362.24	n/a	NonTarget	1	590560
2362.464	n/a	NonTarget	1	590616
2362.692	n/a	Target	2	590673
2362.916	n/a	NonTarget	1	590729
2363.14	n/a	NonTarget	1	590785
2363.368	n/a	NonTarget	1	590842
2363.592	n/a	NonTarget	1	590898
2363.82	n/a	NonTarget	1	590955
2364.044	n/a	Target	2	591011
2382.36	n/a	NonTarget	1	595590
2382.584	n/a	NonTarget	1	595646
2382.812	n/a	NonTarget	1	595703
2383.036	n/a	Target	2	595759
2383.26	n/a	NonTarget	1	595815
2383.488	n/a	NonTarget	1	595872
2383.712	n/a	NonTarget	1	595928
2383.936	n/a	NonTarget	1	595984
2384.16	n/a	NonTarget	1	596040
2384.388	n/a	NonTarget	1	596097
2384.612	n/a	Target	2	596153
2384.836	n/a	NonTarget	1	596209
2385.064	n/a	NonTarget	1	596266
2385.288	n/a	NonTarget	1	596322
2385.512	n/a	NonTarget	1	596378
2385.74	n/a	NonTarget	1	596435
2385.964	n/a	NonTarget	1	596491
2386.188	n/a	NonTarget	1	596547
2386.416	n/a	NonTarget	1	596604
2386.64	n/a	NonTarget	1	596660
2386.864	n/a	Target	2	596716
2387.092	n/a	NonTarget	1	596773
2387.316	n/a	NonTarget	1	596829
2387.54	n/a	NonTarget	1	596885
2387.764	n/a	NonTarget	1	596941
2387.992	n/a	NonTarget	1	596998
2388.216	n/a	NonTarget	1	597054
2388.444	n/a	NonTarget	1	597111
2388.668	n/a	NonTarget	1	597167
2388.896	n/a	Target	2	597224
2389.12	n/a	NonTarget	1	597280
2389.348	n/a	NonTarget	1	597337
2389.572	n/a	NonTarget	1	597393
2389.796	n/a	NonTarget	1	597449
2390.02	n/a	NonTarget	1	597505
2390.248	n/a	NonTarget	1	597562
2390.472	n/a	Target	2	597618
2390.7	n/a	NonTarget	1	597675
2390.924	n/a	NonTarget	1	597731
2391.148	n/a	NonTarget	1	597787
2391.376	n/a	NonTarget	1	597844
2391.6	n/a	NonTarget	1	597900
2391.824	n/a	NonTarget	1	597956
2392.052	n/a	NonTarget	1	598013
2392.276	n/a	NonTarget	1	598069
2392.504	n/a	Target	2	598126
2392.728	n/a	NonTarget	1	598182
2392.952	n/a	NonTarget	1	598238
2393.18	n/a	NonTarget	1	598295
2393.404	n/a	NonTarget	1	598351
2393.632	n/a	Target	2	598408
2393.856	n/a	NonTarget	1	598464
2394.08	n/a	NonTarget	1	598520
2394.308	n/a	NonTarget	1	598577
2394.532	n/a	NonTarget	1	598633
2394.76	n/a	Target	2	598690
2394.984	n/a	NonTarget	1	598746
2395.212	n/a	NonTarget	1	598803
2395.436	n/a	NonTarget	1	598859
2395.66	n/a	NonTarget	1	598915
2395.888	n/a	Target	2	598972
2396.112	n/a	NonTarget	1	599028
2396.336	n/a	NonTarget	1	599084
2396.564	n/a	NonTarget	1	599141
2396.788	n/a	NonTarget	1	599197
2397.016	n/a	NonTarget	1	599254
2397.24	n/a	NonTarget	1	599310
2397.464	n/a	NonTarget	1	599366
2397.688	n/a	Target	2	599422
2397.916	n/a	NonTarget	1	599479
2398.14	n/a	NonTarget	1	599535
2398.368	n/a	NonTarget	1	599592
2398.592	n/a	NonTarget	1	599648
2398.816	n/a	Target	2	599704
2399.044	n/a	NonTarget	1	599761
2399.268	n/a	NonTarget	1	599817
2399.496	n/a	NonTarget	1	599874
2399.72	n/a	NonTarget	1	599930
2399.948	n/a	NonTarget	1	599987
2400.172	n/a	Target	2	600043
2400.396	n/a	NonTarget	1	600099
2400.624	n/a	NonTarget	1	600156
2400.848	n/a	NonTarget	1	600212
2401.076	n/a	NonTarget	1	600269
2401.3	n/a	Target	2	600325
2401.528	n/a	NonTarget	1	600382
2401.752	n/a	NonTarget	1	600438
2401.976	n/a	NonTarget	1	600494
2402.204	n/a	NonTarget	1	600551
2402.428	n/a	Target	2	600607
2402.656	n/a	NonTarget	1	600664
2402.88	n/a	NonTarget	1	600720
2403.104	n/a	NonTarget	1	600776
2403.332	n/a	NonTarget	1	600833
2403.556	n/a	Target	2	600889
2403.78	n/a	NonTarget	1	600945
2404.008	n/a	NonTarget	1	601002
2404.232	n/a	NonTarget	1	601058
2404.456	n/a	NonTarget	1	601114
2404.684	n/a	NonTarget	1	601171
2404.908	n/a	Target	2	601227
2405.132	n/a	NonTarget	1	601283
2405.36	n/a	NonTarget	1	601340
2405.584	n/a	NonTarget	1	601396
2405.812	n/a	NonTarget	1	601453
2406.036	n/a	Target	2	601509
2406.26	n/a	NonTarget	1	601565
2406.488	n/a	NonTarget	1	601622
2406.712	n/a	NonTarget	1	601678
2406.94	n/a	NonTarget	1	601735
2407.164	n/a	NonTarget	1	601791
2407.392	n/a	NonTarget	1	601848
2407.616	n/a	Target	2	601904
2407.84	n/a	NonTarget	1	601960
2408.068	n/a	NonTarget	1	602017
2408.292	n/a	NonTarget	1	602073
2408.516	n/a	NonTarget	1	602129
2408.744	n/a	NonTarget	1	602186
2408.968	n/a	Target	2	602242
2409.196	n/a	NonTarget	1	602299
2409.42	n/a	NonTarget	1	602355
2409.644	n/a	NonTarget	1	602411
2409.872	n/a	NonTarget	1	602468
2410.096	n/a	NonTarget	1	602524
2410.32	n/a	NonTarget	1	602580
2410.548	n/a	Target	2	602637
2410.772	n/a	NonTarget	1	602693
2410.996	n/a	NonTarget	1	602749
2411.224	n/a	NonTarget	1	602806
2411.448	n/a	NonTarget	1	602862
2411.676	n/a	NonTarget	1	602919
2411.9	n/a	Target	2	602975
2412.124	n/a	NonTarget	1	603031
2412.352	n/a	NonTarget	1	603088
2412.576	n/a	NonTarget	1	603144
2421.324	n/a	NonTarget	1	605331
2421.552	n/a	NonTarget	1	605388
2421.776	n/a	NonTarget	1	605444
2422.0	n/a	Target	2	605500
2422.228	n/a	NonTarget	1	605557
2422.452	n/a	NonTarget	1	605613
2422.676	n/a	NonTarget	1	605669
2422.904	n/a	NonTarget	1	605726
2423.128	n/a	NonTarget	1	605782
2423.356	n/a	NonTarget	1	605839
2423.58	n/a	Target	2	605895
2423.804	n/a	NonTarget	1	605951
2424.032	n/a	NonTarget	1	606008
2424.256	n/a	NonTarget	1	606064
2424.484	n/a	NonTarget	1	606121
2424.708	n/a	NonTarget	1	606177
2424.932	n/a	NonTarget	1	606233
2425.16	n/a	NonTarget	1	606290
2425.384	n/a	NonTarget	1	606346
2425.608	n/a	NonTarget	1	606402
2425.836	n/a	Target	2	606459
2426.06	n/a	NonTarget	1	606515
2426.288	n/a	NonTarget	1	606572
2426.516	n/a	NonTarget	1	606629
2426.74	n/a	NonTarget	1	606685
2426.964	n/a	NonTarget	1	606741
2427.192	n/a	NonTarget	1	606798
2427.416	n/a	NonTarget	1	606854
2427.644	n/a	NonTarget	1	606911
2427.868	n/a	NonTarget	1	606967
2428.092	n/a	NonTarget	1	607023
2428.32	n/a	Target	2	607080
2428.544	n/a	NonTarget	1	607136
2428.768	n/a	NonTarget	1	607192
2428.996	n/a	NonTarget	1	607249
2429.22	n/a	NonTarget	1	607305
2429.448	n/a	NonTarget	1	607362
2429.672	n/a	NonTarget	1	607418
2429.896	n/a	NonTarget	1	607474
2430.124	n/a	NonTarget	1	607531
2430.348	n/a	NonTarget	1	607587
2430.572	n/a	NonTarget	1	607643
2430.796	n/a	Target	2	607699
2431.024	n/a	NonTarget	1	607756
2431.248	n/a	NonTarget	1	607812
2431.472	n/a	NonTarget	1	607868
2431.7	n/a	NonTarget	1	607925
2431.924	n/a	NonTarget	1	607981
2432.148	n/a	Target	2	608037
2432.376	n/a	NonTarget	1	608094
2432.6	n/a	NonTarget	1	608150
2432.824	n/a	NonTarget	1	608206
2433.052	n/a	NonTarget	1	608263
2433.276	n/a	Target	2	608319
2433.504	n/a	NonTarget	1	608376
2433.728	n/a	NonTarget	1	608432
2433.952	n/a	NonTarget	1	608488
2434.18	n/a	NonTarget	1	608545
2434.404	n/a	Target	2	608601
2434.628	n/a	NonTarget	1	608657
2434.856	n/a	NonTarget	1	608714
2435.08	n/a	NonTarget	1	608770
2435.308	n/a	NonTarget	1	608827
2435.532	n/a	NonTarget	1	608883
2435.756	n/a	Target	2	608939
2435.984	n/a	NonTarget	1	608996
2436.208	n/a	NonTarget	1	609052
2436.432	n/a	NonTarget	1	609108
2436.66	n/a	NonTarget	1	609165
2436.888	n/a	NonTarget	1	609222
2437.112	n/a	NonTarget	1	609278
2437.336	n/a	Target	2	609334
2437.564	n/a	NonTarget	1	609391
2437.788	n/a	NonTarget	1	609447
2438.012	n/a	NonTarget	1	609503
2438.24	n/a	NonTarget	1	609560
2438.464	n/a	Target	2	609616
2438.688	n/a	NonTarget	1	609672
2438.916	n/a	NonTarget	1	609729
2439.14	n/a	NonTarget	1	609785
2439.368	n/a	NonTarget	1	609842
2439.592	n/a	Target	2	609898
2439.816	n/a	NonTarget	1	609954
2440.044	n/a	NonTarget	1	610011
2440.268	n/a	NonTarget	1	610067
2440.492	n/a	NonTarget	1	610123
2440.72	n/a	NonTarget	1	610180
2440.944	n/a	Target	2	610236
2441.172	n/a	NonTarget	1	610293
2441.396	n/a	NonTarget	1	610349
2441.62	n/a	NonTarget	1	610405
2441.848	n/a	NonTarget	1	610462
2442.072	n/a	NonTarget	1	610518
2442.3	n/a	NonTarget	1	610575
2442.524	n/a	Target	2	610631
2442.748	n/a	NonTarget	1	610687
2442.972	n/a	NonTarget	1	610743
2443.2	n/a	NonTarget	1	610800
2443.424	n/a	NonTarget	1	610856
2443.652	n/a	NonTarget	1	610913
2443.876	n/a	Target	2	610969
2444.104	n/a	NonTarget	1	611026
2444.328	n/a	NonTarget	1	611082
2444.552	n/a	NonTarget	1	611138
2444.78	n/a	NonTarget	1	611195
2445.004	n/a	Target	2	611251
2445.232	n/a	NonTarget	1	611308
2445.456	n/a	NonTarget	1	611364
2445.68	n/a	NonTarget	1	611420
2445.908	n/a	NonTarget	1	611477
2446.132	n/a	NonTarget	1	611533
2446.356	n/a	Target	2	611589
2446.58	n/a	NonTarget	1	611645
2446.808	n/a	NonTarget	1	611702
2447.032	n/a	NonTarget	1	611758
2447.26	n/a	NonTarget	1	611815
2447.484	n/a	Target	2	611871
2447.708	n/a	NonTarget	1	611927
2447.936	n/a	NonTarget	1	611984
2448.16	n/a	NonTarget	1	612040
2448.388	n/a	NonTarget	1	612097
2448.612	n/a	Target	2	612153
2448.84	n/a	NonTarget	1	612210
2449.064	n/a	NonTarget	1	612266
2449.288	n/a	NonTarget	1	612322
2449.516	n/a	NonTarget	1	612379
2449.74	n/a	Target	2	612435
2449.968	n/a	NonTarget	1	612492
2450.192	n/a	NonTarget	1	612548
2450.416	n/a	NonTarget	1	612604
2450.644	n/a	NonTarget	1	612661
2450.868	n/a	Target	2	612717
2451.092	n/a	NonTarget	1	612773
2451.32	n/a	NonTarget	1	612830
2451.544	n/a	NonTarget	1	612886
2465.18	n/a	NonTarget	1	616295
2465.404	n/a	NonTarget	1	616351
2465.632	n/a	NonTarget	1	616408
2465.856	n/a	NonTarget	1	616464
2466.08	n/a	NonTarget	1	616520
2466.308	n/a	NonTarget	1	616577
2466.532	n/a	Target	2	616633
2466.76	n/a	NonTarget	1	616690
2466.984	n/a	NonTarget	1	616746
2467.208	n/a	NonTarget	1	616802
2467.436	n/a	NonTarget	1	616859
2467.66	n/a	NonTarget	1	616915
2467.884	n/a	NonTarget	1	616971
2468.112	n/a	NonTarget	1	617028
2468.336	n/a	NonTarget	1	617084
2468.564	n/a	NonTarget	1	617141
2468.788	n/a	NonTarget	1	617197
2469.012	n/a	NonTarget	1	617253
2469.24	n/a	Target	2	617310
2469.464	n/a	NonTarget	1	617366
2469.692	n/a	NonTarget	1	617423
2469.916	n/a	NonTarget	1	617479
2470.14	n/a	NonTarget	1	617535
2470.368	n/a	NonTarget	1	617592
2470.592	n/a	NonTarget	1	617648
2470.816	n/a	NonTarget	1	617704
2471.04	n/a	NonTarget	1	617760
2471.268	n/a	NonTarget	1	617817
2471.492	n/a	Target	2	617873
2471.72	n/a	NonTarget	1	617930
2471.944	n/a	NonTarget	1	617986
2472.168	n/a	NonTarget	1	618042
2472.392	n/a	NonTarget	1	618098
2472.62	n/a	NonTarget	1	618155
2472.844	n/a	Target	2	618211
2473.068	n/a	NonTarget	1	618267
2473.296	n/a	NonTarget	1	618324
2473.52	n/a	NonTarget	1	618380
2473.748	n/a	NonTarget	1	618437
2473.972	n/a	NonTarget	1	618493
2474.196	n/a	NonTarget	1	618549
2474.424	n/a	NonTarget	1	618606
2474.652	n/a	Target	2	618663
2474.876	n/a	NonTarget	1	618719
2475.1	n/a	NonTarget	1	618775
2475.324	n/a	NonTarget	1	618831
2475.552	n/a	NonTarget	1	618888
2475.776	n/a	Target	2	618944
2476.004	n/a	NonTarget	1	619001
2476.228	n/a	NonTarget	1	619057
2476.452	n/a	NonTarget	1	619113
2476.68	n/a	NonTarget	1	619170
2476.904	n/a	Target	2	619226
2477.128	n/a	NonTarget	1	619282
2477.356	n/a	NonTarget	1	619339
2477.58	n/a	NonTarget	1	619395
2477.808	n/a	NonTarget	1	619452
2478.032	n/a	NonTarget	1	619508
2478.256	n/a	Target	2	619564
2478.484	n/a	NonTarget	1	619621
2478.708	n/a	NonTarget	1	619677
2478.932	n/a	NonTarget	1	619733
2479.16	n/a	NonTarget	1	619790
2479.384	n/a	Target	2	619846
2479.608	n/a	NonTarget	1	619902
2479.836	n/a	NonTarget	1	619959
2480.06	n/a	NonTarget	1	620015
2480.288	n/a	NonTarget	1	620072
2480.512	n/a	NonTarget	1	620128
2480.74	n/a	Target	2	620185
2480.964	n/a	NonTarget	1	620241
2481.188	n/a	NonTarget	1	620297
2481.416	n/a	NonTarget	1	620354
2481.64	n/a	NonTarget	1	620410
2481.868	n/a	Target	2	620467
2482.092	n/a	NonTarget	1	620523
2482.316	n/a	NonTarget	1	620579
2482.544	n/a	NonTarget	1	620636
2482.768	n/a	NonTarget	1	620692
2482.992	n/a	NonTarget	1	620748
2483.22	n/a	Target	2	620805
2483.444	n/a	NonTarget	1	620861
2483.672	n/a	NonTarget	1	620918
2483.896	n/a	NonTarget	1	620974
2484.124	n/a	NonTarget	1	621031
2484.348	n/a	NonTarget	1	621087
2484.572	n/a	NonTarget	1	621143
2484.8	n/a	Target	2	621200
2485.024	n/a	NonTarget	1	621256
2485.252	n/a	NonTarget	1	621313
2485.476	n/a	NonTarget	1	621369
2485.704	n/a	NonTarget	1	621426
2485.928	n/a	Target	2	621482
2486.152	n/a	NonTarget	1	621538
2486.38	n/a	NonTarget	1	621595
2486.604	n/a	NonTarget	1	621651
2486.832	n/a	NonTarget	1	621708
2487.056	n/a	NonTarget	1	621764
2487.28	n/a	Target	2	621820
2487.508	n/a	NonTarget	1	621877
2487.732	n/a	NonTarget	1	621933
2487.96	n/a	NonTarget	1	621990
2488.184	n/a	NonTarget	1	622046
2488.408	n/a	Target	2	622102
2488.636	n/a	NonTarget	1	622159
2488.86	n/a	NonTarget	1	622215
2489.088	n/a	NonTarget	1	622272
2489.312	n/a	NonTarget	1	622328
2489.536	n/a	NonTarget	1	622384
2489.764	n/a	Target	2	622441
2489.988	n/a	NonTarget	1	622497
2490.212	n/a	NonTarget	1	622553
2490.44	n/a	NonTarget	1	622610
2490.664	n/a	NonTarget	1	622666
2490.892	n/a	NonTarget	1	622723
2491.116	n/a	NonTarget	1	622779
2491.34	n/a	NonTarget	1	622835
2491.568	n/a	Target	2	622892
2491.792	n/a	NonTarget	1	622948
2492.016	n/a	NonTarget	1	623004
2492.244	n/a	NonTarget	1	623061
2492.468	n/a	NonTarget	1	623117
2492.692	n/a	NonTarget	1	623173
2492.92	n/a	Target	2	623230
2493.144	n/a	NonTarget	1	623286
2493.372	n/a	NonTarget	1	623343
2493.596	n/a	NonTarget	1	623399
2493.824	n/a	NonTarget	1	623456
2494.048	n/a	Target	2	623512
2494.272	n/a	NonTarget	1	623568
2494.5	n/a	NonTarget	1	623625
2494.724	n/a	NonTarget	1	623681
2494.948	n/a	NonTarget	1	623737
2495.176	n/a	Target	2	623794
2495.4	n/a	NonTarget	1	623850
2504.168	n/a	NonTarget	1	626042
2504.396	n/a	NonTarget	1	626099
2504.62	n/a	NonTarget	1	626155
2504.848	n/a	NonTarget	1	626212
2505.072	n/a	NonTarget	1	626268
2505.296	n/a	Target	2	626324
2505.524	n/a	NonTarget	1	626381
2505.748	n/a	NonTarget	1	626437
2505.976	n/a	NonTarget	1	626494
2506.2	n/a	NonTarget	1	626550
2506.424	n/a	NonTarget	1	626606
2506.648	n/a	NonTarget	1	626662
2506.876	n/a	NonTarget	1	626719
2507.104	n/a	NonTarget	1	626776
2507.328	n/a	NonTarget	1	626832
2507.552	n/a	NonTarget	1	626888
2507.776	n/a	NonTarget	1	626944
2508.004	n/a	Target	2	627001
2508.228	n/a	NonTarget	1	627057
2508.456	n/a	NonTarget	1	627114
2508.68	n/a	NonTarget	1	627170
2508.908	n/a	NonTarget	1	627227
2509.132	n/a	NonTarget	1	627283
2509.356	n/a	NonTarget	1	627339
2509.584	n/a	NonTarget	1	627396
2509.808	n/a	NonTarget	1	627452
2510.036	n/a	NonTarget	1	627509
2510.26	n/a	NonTarget	1	627565
2510.484	n/a	Target	2	627621
2510.712	n/a	NonTarget	1	627678
2510.936	n/a	NonTarget	1	627734
2511.16	n/a	NonTarget	1	627790
2511.388	n/a	NonTarget	1	627847
2511.612	n/a	NonTarget	1	627903
2511.836	n/a	NonTarget	1	627959
2512.064	n/a	NonTarget	1	628016
2512.288	n/a	NonTarget	1	628072
2512.512	n/a	NonTarget	1	628128
2512.74	n/a	Target	2	628185
2512.964	n/a	NonTarget	1	628241
2513.188	n/a	NonTarget	1	628297
2513.416	n/a	NonTarget	1	628354
2513.64	n/a	NonTarget	1	628410
2513.864	n/a	NonTarget	1	628466
2514.092	n/a	NonTarget	1	628523
2514.316	n/a	NonTarget	1	628579
2514.54	n/a	Target	2	628635
2514.768	n/a	NonTarget	1	628692
2514.992	n/a	NonTarget	1	628748
2515.22	n/a	NonTarget	1	628805
2515.444	n/a	NonTarget	1	628861
2515.672	n/a	NonTarget	1	628918
2515.896	n/a	Target	2	628974
2516.12	n/a	NonTarget	1	629030
2516.348	n/a	NonTarget	1	629087
2516.572	n/a	NonTarget	1	629143
2516.796	n/a	NonTarget	1	629199
2517.024	n/a	NonTarget	1	629256
2517.248	n/a	Target	2	629312
2517.472	n/a	NonTarget	1	629368
2517.7	n/a	NonTarget	1	629425
2517.924	n/a	NonTarget	1	629481
2518.152	n/a	NonTarget	1	629538
2518.376	n/a	Target	2	629594
2518.6	n/a	NonTarget	1	629650
2518.828	n/a	NonTarget	1	629707
2519.052	n/a	NonTarget	1	629763
2519.276	n/a	NonTarget	1	629819
2519.504	n/a	NonTarget	1	629876
2519.728	n/a	Target	2	629932
2519.956	n/a	NonTarget	1	629989
2520.18	n/a	NonTarget	1	630045
2520.404	n/a	NonTarget	1	630101
2520.632	n/a	NonTarget	1	630158
2520.856	n/a	NonTarget	1	630214
2521.08	n/a	Target	2	630270
2521.308	n/a	NonTarget	1	630327
2521.532	n/a	NonTarget	1	630383
2521.756	n/a	NonTarget	1	630439
2521.984	n/a	NonTarget	1	630496
2522.208	n/a	NonTarget	1	630552
2522.436	n/a	Target	2	630609
2522.66	n/a	NonTarget	1	630665
2522.884	n/a	NonTarget	1	630721
2523.112	n/a	NonTarget	1	630778
2523.336	n/a	NonTarget	1	630834
2523.56	n/a	Target	2	630890
2523.788	n/a	NonTarget	1	630947
2524.012	n/a	NonTarget	1	631003
2524.24	n/a	NonTarget	1	631060
2524.464	n/a	NonTarget	1	631116
2524.688	n/a	Target	2	631172
2524.912	n/a	NonTarget	1	631228
2525.14	n/a	NonTarget	1	631285
2525.364	n/a	NonTarget	1	631341
2525.592	n/a	NonTarget	1	631398
2525.816	n/a	NonTarget	1	631454
2526.044	n/a	Target	2	631511
2526.268	n/a	NonTarget	1	631567
2526.492	n/a	NonTarget	1	631623
2526.72	n/a	NonTarget	1	631680
2526.944	n/a	NonTarget	1	631736
2527.172	n/a	Target	2	631793
2527.396	n/a	NonTarget	1	631849
2527.62	n/a	NonTarget	1	631905
2527.848	n/a	NonTarget	1	631962
2528.072	n/a	NonTarget	1	632018
2528.296	n/a	NonTarget	1	632074
2528.524	n/a	Target	2	632131
2528.748	n/a	NonTarget	1	632187
2528.976	n/a	NonTarget	1	632244
2529.2	n/a	NonTarget	1	632300
2529.424	n/a	NonTarget	1	632356
2529.652	n/a	NonTarget	1	632413
2529.876	n/a	NonTarget	1	632469
2530.1	n/a	Target	2	632525
2530.328	n/a	NonTarget	1	632582
2530.552	n/a	NonTarget	1	632638
2530.776	n/a	NonTarget	1	632694
2531.004	n/a	NonTarget	1	632751
2531.232	n/a	NonTarget	1	632808
2531.456	n/a	Target	2	632864
2531.68	n/a	NonTarget	1	632920
2531.908	n/a	NonTarget	1	632977
2532.132	n/a	NonTarget	1	633033
2532.356	n/a	NonTarget	1	633089
2532.584	n/a	Target	2	633146
2532.808	n/a	NonTarget	1	633202
2533.036	n/a	NonTarget	1	633259
2533.26	n/a	NonTarget	1	633315
2533.484	n/a	NonTarget	1	633371
2533.712	n/a	Target	2	633428
2533.936	n/a	NonTarget	1	633484
2534.164	n/a	NonTarget	1	633541
2546.424	n/a	NonTarget	1	636606
2546.648	n/a	Target	2	636662
2546.876	n/a	NonTarget	1	636719
2547.1	n/a	NonTarget	1	636775
2547.328	n/a	NonTarget	1	636832
2547.552	n/a	NonTarget	1	636888
2547.78	n/a	NonTarget	1	636945
2548.004	n/a	NonTarget	1	637001
2548.228	n/a	NonTarget	1	637057
2548.456	n/a	NonTarget	1	637114
2548.68	n/a	NonTarget	1	637170
2548.904	n/a	NonTarget	1	637226
2549.132	n/a	NonTarget	1	637283
2549.356	n/a	Target	2	637339
2549.584	n/a	NonTarget	1	637396
2549.808	n/a	NonTarget	1	637452
2550.036	n/a	NonTarget	1	637509
2550.26	n/a	NonTarget	1	637565
2550.484	n/a	NonTarget	1	637621
2550.712	n/a	Target	2	637678
2550.936	n/a	NonTarget	1	637734
2551.164	n/a	NonTarget	1	637791
2551.388	n/a	NonTarget	1	637847
2551.612	n/a	NonTarget	1	637903
2551.836	n/a	NonTarget	1	637959
2552.064	n/a	NonTarget	1	638016
2552.288	n/a	NonTarget	1	638072
2552.512	n/a	Target	2	638128
2552.74	n/a	NonTarget	1	638185
2552.964	n/a	NonTarget	1	638241
2553.192	n/a	NonTarget	1	638298
2553.416	n/a	NonTarget	1	638354
2553.64	n/a	NonTarget	1	638410
2553.868	n/a	NonTarget	1	638467
2554.092	n/a	NonTarget	1	638523
2554.316	n/a	NonTarget	1	638579
2554.544	n/a	Target	2	638636
2554.768	n/a	NonTarget	1	638692
2554.996	n/a	NonTarget	1	638749
2555.22	n/a	NonTarget	1	638805
2555.444	n/a	NonTarget	1	638861
2555.668	n/a	NonTarget	1	638917
2555.896	n/a	NonTarget	1	638974
2556.12	n/a	NonTarget	1	639030
2556.348	n/a	NonTarget	1	639087
2556.572	n/a	Target	2	639143
2556.8	n/a	NonTarget	1	639200
2557.024	n/a	NonTarget	1	639256
2557.248	n/a	NonTarget	1	639312
2557.476	n/a	NonTarget	1	639369
2557.7	n/a	Target	2	639425
2557.924	n/a	NonTarget	1	639481
2558.152	n/a	NonTarget	1	639538
2558.376	n/a	NonTarget	1	639594
2558.6	n/a	NonTarget	1	639650
2558.828	n/a	NonTarget	1	639707
2559.052	n/a	NonTarget	1	639763
2559.28	n/a	NonTarget	1	639820
2559.504	n/a	NonTarget	1	639876
2559.728	n/a	Target	2	639932
2559.956	n/a	NonTarget	1	639989
2560.18	n/a	NonTarget	1	640045
2560.404	n/a	NonTarget	1	640101
2560.632	n/a	NonTarget	1	640158
2560.856	n/a	NonTarget	1	640214
2561.084	n/a	Target	2	640271
2561.308	n/a	NonTarget	1	640327
2561.532	n/a	NonTarget	1	640383
2561.76	n/a	NonTarget	1	640440
2561.984	n/a	NonTarget	1	640496
2562.212	n/a	Target	2	640553
2562.436	n/a	NonTarget	1	640609
2562.664	n/a	NonTarget	1	640666
2562.888	n/a	NonTarget	1	640722
2563.112	n/a	NonTarget	1	640778
2563.34	n/a	Target	2	640835
2563.564	n/a	NonTarget	1	640891
2563.788	n/a	NonTarget	1	640947
2564.016	n/a	NonTarget	1	641004
2564.244	n/a	NonTarget	1	641061
2564.468	n/a	Target	2	641117
2564.692	n/a	NonTarget	1	641173
2564.916	n/a	NonTarget	1	641229
2565.144	n/a	NonTarget	1	641286
2565.368	n/a	NonTarget	1	641342
2565.596	n/a	Target	2	641399
2565.82	n/a	NonTarget	1	641455
2566.044	n/a	NonTarget	1	641511
2566.272	n/a	NonTarget	1	641568
2566.496	n/a	NonTarget	1	641624
2566.724	n/a	NonTarget	1	641681
2566.948	n/a	Target	2	641737
2567.172	n/a	NonTarget	1	641793
2567.4	n/a	NonTarget	1	641850
2567.624	n/a	NonTarget	1	641906
2567.848	n/a	NonTarget	1	641962
2568.076	n/a	Target	2	642019
2568.3	n/a	NonTarget	1	642075
2568.528	n/a	NonTarget	1	642132
2568.752	n/a	NonTarget	1	642188
2568.98	n/a	NonTarget	1	642245
2569.204	n/a	NonTarget	1	642301
2569.428	n/a	Target	2	642357
2569.656	n/a	NonTarget	1	642414
2569.88	n/a	NonTarget	1	642470
2570.108	n/a	NonTarget	1	642527
2570.332	n/a	NonTarget	1	642583
2570.556	n/a	NonTarget	1	642639
2570.784	n/a	Target	2	642696
2571.008	n/a	NonTarget	1	642752
2571.232	n/a	NonTarget	1	642808
2571.46	n/a	NonTarget	1	642865
2571.684	n/a	NonTarget	1	642921
2571.908	n/a	NonTarget	1	642977
2572.136	n/a	NonTarget	1	643034
2572.36	n/a	Target	2	643090
2572.588	n/a	NonTarget	1	643147
2572.812	n/a	NonTarget	1	643203
2573.036	n/a	NonTarget	1	643259
2573.264	n/a	NonTarget	1	643316
2573.488	n/a	Target	2	643372
2573.712	n/a	NonTarget	1	643428
2573.94	n/a	NonTarget	1	643485
2574.164	n/a	NonTarget	1	643541
2574.392	n/a	NonTarget	1	643598
2574.616	n/a	Target	2	643654
2574.84	n/a	NonTarget	1	643710
2575.068	n/a	NonTarget	1	643767
2575.292	n/a	NonTarget	1	643823
2575.52	n/a	NonTarget	1	643880
2575.744	n/a	Target	2	643936
2575.968	n/a	NonTarget	1	643992
2576.196	n/a	NonTarget	1	644049
2576.42	n/a	NonTarget	1	644105
2576.644	n/a	NonTarget	1	644161
2585.396	n/a	NonTarget	1	646349
2585.62	n/a	NonTarget	1	646405
2585.844	n/a	NonTarget	1	646461
2586.072	n/a	Target	2	646518
2586.296	n/a	NonTarget	1	646574
2586.524	n/a	NonTarget	1	646631
2586.748	n/a	NonTarget	1	646687
2586.976	n/a	NonTarget	1	646744
2587.2	n/a	NonTarget	1	646800
2587.424	n/a	NonTarget	1	646856
2587.652	n/a	NonTarget	1	646913
2587.876	n/a	NonTarget	1	646969
2588.1	n/a	NonTarget	1	647025
2588.324	n/a	Target	2	647081
2588.552	n/a	NonTarget	1	647138
2588.776	n/a	NonTarget	1	647194
2589.004	n/a	NonTarget	1	647251
2589.228	n/a	NonTarget	1	647307
2589.452	n/a	NonTarget	1	647363
2589.68	n/a	NonTarget	1	647420
2589.904	n/a	NonTarget	1	647476
2590.132	n/a	NonTarget	1	647533
2590.356	n/a	Target	2	647589
2590.58	n/a	NonTarget	1	647645
2590.808	n/a	NonTarget	1	647702
2591.032	n/a	NonTarget	1	647758
2591.26	n/a	NonTarget	1	647815
2591.484	n/a	NonTarget	1	647871
2591.708	n/a	NonTarget	1	647927
2591.936	n/a	NonTarget	1	647984
2592.16	n/a	NonTarget	1	648040
2592.384	n/a	NonTarget	1	648096
2592.612	n/a	NonTarget	1	648153
2592.836	n/a	Target	2	648209
2593.064	n/a	NonTarget	1	648266
2593.288	n/a	NonTarget	1	648322
2593.516	n/a	NonTarget	1	648379
2593.74	n/a	NonTarget	1	648435
2593.964	n/a	NonTarget	1	648491
2594.192	n/a	NonTarget	1	648548
2594.416	n/a	NonTarget	1	648604
2594.64	n/a	NonTarget	1	648660
2594.868	n/a	Target	2	648717
2595.092	n/a	NonTarget	1	648773
2595.32	n/a	NonTarget	1	648830
2595.544	n/a	NonTarget	1	648886
2595.768	n/a	NonTarget	1	648942
2595.996	n/a	NonTarget	1	648999
2596.22	n/a	NonTarget	1	649055
2596.444	n/a	NonTarget	1	649111
2596.672	n/a	NonTarget	1	649168
2596.896	n/a	NonTarget	1	649224
2597.12	n/a	NonTarget	1	649280
2597.348	n/a	Target	2	649337
2597.572	n/a	NonTarget	1	649393
2597.8	n/a	NonTarget	1	649450
2598.024	n/a	NonTarget	1	649506
2598.252	n/a	NonTarget	1	649563
2598.476	n/a	Target	2	649619
2598.7	n/a	NonTarget	1	649675
2598.928	n/a	NonTarget	1	649732
2599.152	n/a	NonTarget	1	649788
2599.38	n/a	NonTarget	1	649845
2599.604	n/a	NonTarget	1	649901
2599.828	n/a	NonTarget	1	649957
2600.052	n/a	NonTarget	1	650013
2600.28	n/a	NonTarget	1	650070
2600.504	n/a	NonTarget	1	650126
2600.732	n/a	NonTarget	1	650183
2600.956	n/a	NonTarget	1	650239
2601.18	n/a	NonTarget	1	650295
2601.408	n/a	NonTarget	1	650352
2601.632	n/a	NonTarget	1	650408
2601.86	n/a	NonTarget	1	650465
2602.084	n/a	NonTarget	1	650521
2602.308	n/a	NonTarget	1	650577
2602.536	n/a	NonTarget	1	650634
2602.76	n/a	NonTarget	1	650690
2602.984	n/a	NonTarget	1	650746
2603.212	n/a	NonTarget	1	650803
2603.436	n/a	NonTarget	1	650859
2603.664	n/a	NonTarget	1	650916
2603.888	n/a	NonTarget	1	650972
2604.112	n/a	NonTarget	1	651028
2604.336	n/a	NonTarget	1	651084
2604.564	n/a	NonTarget	1	651141
2604.788	n/a	NonTarget	1	651197
2605.016	n/a	NonTarget	1	651254
2605.24	n/a	NonTarget	1	651310
2605.464	n/a	NonTarget	1	651366
2605.692	n/a	NonTarget	1	651423
2605.916	n/a	NonTarget	1	651479
2606.144	n/a	NonTarget	1	651536
2606.368	n/a	NonTarget	1	651592
2606.596	n/a	NonTarget	1	651649
2606.82	n/a	NonTarget	1	651705
2607.044	n/a	NonTarget	1	651761
2607.272	n/a	NonTarget	1	651818
2607.496	n/a	NonTarget	1	651874
2607.72	n/a	NonTarget	1	651930
2607.948	n/a	NonTarget	1	651987
2608.172	n/a	Target	2	652043
2608.4	n/a	NonTarget	1	652100
2608.624	n/a	NonTarget	1	652156
2608.848	n/a	NonTarget	1	652212
2609.072	n/a	NonTarget	1	652268
2609.3	n/a	NonTarget	1	652325
2609.524	n/a	NonTarget	1	652381
2609.752	n/a	NonTarget	1	652438
2609.976	n/a	NonTarget	1	652494
2610.2	n/a	NonTarget	1	652550
2610.428	n/a	NonTarget	1	652607
2610.652	n/a	NonTarget	1	652663
2610.88	n/a	Target	2	652720
2611.104	n/a	NonTarget	1	652776
2611.332	n/a	NonTarget	1	652833
2611.556	n/a	NonTarget	1	652889
2611.78	n/a	NonTarget	1	652945
2612.008	n/a	NonTarget	1	653002
2612.232	n/a	NonTarget	1	653058
2612.46	n/a	NonTarget	1	653115
2612.684	n/a	NonTarget	1	653171
2612.908	n/a	NonTarget	1	653227
2613.136	n/a	NonTarget	1	653284
2613.36	n/a	NonTarget	1	653340
2613.584	n/a	NonTarget	1	653396
2613.812	n/a	Target	2	653453
2614.036	n/a	NonTarget	1	653509
2614.264	n/a	NonTarget	1	653566
2614.488	n/a	NonTarget	1	653622
2614.712	n/a	NonTarget	1	653678
2614.94	n/a	NonTarget	1	653735
2615.164	n/a	NonTarget	1	653791
2615.388	n/a	NonTarget	1	653847
2615.616	n/a	NonTarget	1	653904
2641.444	n/a	NonTarget	1	660361
2641.668	n/a	NonTarget	1	660417
2641.896	n/a	NonTarget	1	660474
2642.12	n/a	NonTarget	1	660530
2642.348	n/a	NonTarget	1	660587
2642.572	n/a	NonTarget	1	660643
2642.796	n/a	NonTarget	1	660699
2643.024	n/a	Target	2	660756
2643.248	n/a	NonTarget	1	660812
2643.476	n/a	NonTarget	1	660869
2643.7	n/a	NonTarget	1	660925
2643.924	n/a	NonTarget	1	660981
2644.152	n/a	NonTarget	1	661038
2644.376	n/a	NonTarget	1	661094
2644.604	n/a	NonTarget	1	661151
2644.828	n/a	NonTarget	1	661207
2645.056	n/a	NonTarget	1	661264
2645.28	n/a	Target	2	661320
2645.504	n/a	NonTarget	1	661376
2645.728	n/a	NonTarget	1	661432
2645.956	n/a	NonTarget	1	661489
2646.184	n/a	NonTarget	1	661546
2646.408	n/a	NonTarget	1	661602
2646.632	n/a	NonTarget	1	661658
2646.856	n/a	NonTarget	1	661714
2647.084	n/a	Target	2	661771
2647.308	n/a	NonTarget	1	661827
2647.536	n/a	NonTarget	1	661884
2647.76	n/a	NonTarget	1	661940
2647.984	n/a	NonTarget	1	661996
2648.212	n/a	NonTarget	1	662053
2648.436	n/a	NonTarget	1	662109
2648.664	n/a	NonTarget	1	662166
2648.888	n/a	NonTarget	1	662222
2649.112	n/a	NonTarget	1	662278
2649.336	n/a	NonTarget	1	662334
2649.564	n/a	Target	2	662391
2649.788	n/a	NonTarget	1	662447
2650.016	n/a	NonTarget	1	662504
2650.24	n/a	NonTarget	1	662560
2650.464	n/a	NonTarget	1	662616
2650.692	n/a	NonTarget	1	662673
2650.916	n/a	NonTarget	1	662729
2651.14	n/a	NonTarget	1	662785
2651.368	n/a	Target	2	662842
2651.592	n/a	NonTarget	1	662898
2651.816	n/a	NonTarget	1	662954
2652.044	n/a	NonTarget	1	663011
2652.268	n/a	NonTarget	1	663067
2652.496	n/a	Target	2	663124
2652.72	n/a	NonTarget	1	663180
2652.948	n/a	NonTarget	1	663237
2653.172	n/a	NonTarget	1	663293
2653.396	n/a	NonTarget	1	663349
2653.624	n/a	NonTarget	1	663406
2653.848	n/a	Target	2	663462
2654.072	n/a	NonTarget	1	663518
2654.296	n/a	NonTarget	1	663574
2654.524	n/a	NonTarget	1	663631
2654.748	n/a	NonTarget	1	663687
2654.972	n/a	Target	2	663743
2655.2	n/a	NonTarget	1	663800
2655.424	n/a	NonTarget	1	663856
2655.648	n/a	NonTarget	1	663912
2655.876	n/a	NonTarget	1	663969
2656.1	n/a	Target	2	664025
2656.328	n/a	NonTarget	1	664082
2656.552	n/a	NonTarget	1	664138
2656.776	n/a	NonTarget	1	664194
2657.004	n/a	NonTarget	1	664251
2657.228	n/a	Target	2	664307
2657.456	n/a	NonTarget	1	664364
2657.68	n/a	NonTarget	1	664420
2657.908	n/a	NonTarget	1	664477
2658.132	n/a	NonTarget	1	664533
2658.356	n/a	Target	2	664589
2658.584	n/a	NonTarget	1	664646
2658.808	n/a	NonTarget	1	664702
2659.036	n/a	NonTarget	1	664759
2659.26	n/a	NonTarget	1	664815
2659.484	n/a	NonTarget	1	664871
2659.712	n/a	Target	2	664928
2659.936	n/a	NonTarget	1	664984
2660.16	n/a	NonTarget	1	665040
2660.388	n/a	NonTarget	1	665097
2660.612	n/a	NonTarget	1	665153
2660.836	n/a	NonTarget	1	665209
2661.064	n/a	Target	2	665266
2661.288	n/a	NonTarget	1	665322
2661.512	n/a	NonTarget	1	665378
2661.74	n/a	NonTarget	1	665435
2661.964	n/a	NonTarget	1	665491
2662.192	n/a	Target	2	665548
2662.416	n/a	NonTarget	1	665604
2662.644	n/a	NonTarget	1	665661
2662.868	n/a	NonTarget	1	665717
2663.092	n/a	NonTarget	1	665773
2663.32	n/a	Target	2	665830
2663.544	n/a	NonTarget	1	665886
2663.772	n/a	NonTarget	1	665943
2663.996	n/a	NonTarget	1	665999
2664.224	n/a	NonTarget	1	666056
2664.448	n/a	NonTarget	1	666112
2664.672	n/a	Target	2	666168
2664.9	n/a	NonTarget	1	666225
2665.124	n/a	NonTarget	1	666281
2665.352	n/a	NonTarget	1	666338
2665.576	n/a	NonTarget	1	666394
2665.8	n/a	NonTarget	1	666450
2666.028	n/a	Target	2	666507
2666.252	n/a	NonTarget	1	666563
2666.476	n/a	NonTarget	1	666619
2666.704	n/a	NonTarget	1	666676
2666.928	n/a	NonTarget	1	666732
2667.152	n/a	Target	2	666788
2667.38	n/a	NonTarget	1	666845
2667.604	n/a	NonTarget	1	666901
2667.832	n/a	NonTarget	1	666958
2668.056	n/a	NonTarget	1	667014
2668.28	n/a	NonTarget	1	667070
2668.508	n/a	Target	2	667127
2668.732	n/a	NonTarget	1	667183
2668.956	n/a	NonTarget	1	667239
2669.184	n/a	NonTarget	1	667296
2669.408	n/a	NonTarget	1	667352
2669.636	n/a	NonTarget	1	667409
2669.86	n/a	Target	2	667465
2670.084	n/a	NonTarget	1	667521
2670.312	n/a	NonTarget	1	667578
2670.536	n/a	NonTarget	1	667634
2670.764	n/a	NonTarget	1	667691
2670.988	n/a	NonTarget	1	667747
2671.216	n/a	Target	2	667804
2671.44	n/a	NonTarget	1	667860
2671.668	n/a	NonTarget	1	667917
2680.436	n/a	NonTarget	1	670109
2680.66	n/a	NonTarget	1	670165
2680.884	n/a	NonTarget	1	670221
2681.112	n/a	NonTarget	1	670278
2681.336	n/a	Target	2	670334
2681.564	n/a	NonTarget	1	670391
2681.788	n/a	NonTarget	1	670447
2682.012	n/a	NonTarget	1	670503
2682.236	n/a	NonTarget	1	670559
2682.46	n/a	NonTarget	1	670615
2682.688	n/a	NonTarget	1	670672
2682.912	n/a	NonTarget	1	670728
2683.14	n/a	Target	2	670785
2683.364	n/a	NonTarget	1	670841
2683.588	n/a	NonTarget	1	670897
2683.816	n/a	NonTarget	1	670954
2684.04	n/a	NonTarget	1	671010
2684.268	n/a	NonTarget	1	671067
2684.492	n/a	NonTarget	1	671123
2684.716	n/a	NonTarget	1	671179
2684.94	n/a	NonTarget	1	671235
2685.168	n/a	NonTarget	1	671292
2685.392	n/a	NonTarget	1	671348
2685.616	n/a	Target	2	671404
2685.844	n/a	NonTarget	1	671461
2686.068	n/a	NonTarget	1	671517
2686.292	n/a	NonTarget	1	671573
2686.52	n/a	NonTarget	1	671630
2686.744	n/a	NonTarget	1	671686
2686.972	n/a	NonTarget	1	671743
2687.196	n/a	NonTarget	1	671799
2687.42	n/a	NonTarget	1	671855
2687.648	n/a	Target	2	671912
2687.872	n/a	NonTarget	1	671968
2688.1	n/a	NonTarget	1	672025
2688.324	n/a	NonTarget	1	672081
2688.548	n/a	NonTarget	1	672137
2688.776	n/a	NonTarget	1	672194
2689.0	n/a	NonTarget	1	672250
2689.228	n/a	NonTarget	1	672307
2689.452	n/a	NonTarget	1	672363
2689.68	n/a	NonTarget	1	672420
2689.904	n/a	NonTarget	1	672476
2690.132	n/a	Target	2	672533
2690.356	n/a	NonTarget	1	672589
2690.58	n/a	NonTarget	1	672645
2690.808	n/a	NonTarget	1	672702
2691.032	n/a	NonTarget	1	672758
2691.26	n/a	NonTarget	1	672815
2691.484	n/a	NonTarget	1	672871
2691.708	n/a	Target	2	672927
2691.936	n/a	NonTarget	1	672984
2692.16	n/a	NonTarget	1	673040
2692.388	n/a	NonTarget	1	673097
2692.612	n/a	NonTarget	1	673153
2692.84	n/a	NonTarget	1	673210
2693.064	n/a	Target	2	673266
2693.288	n/a	NonTarget	1	673322
2693.512	n/a	NonTarget	1	673378
2693.74	n/a	NonTarget	1	673435
2693.964	n/a	NonTarget	1	673491
2694.192	n/a	NonTarget	1	673548
2694.416	n/a	Target	2	673604
2694.64	n/a	NonTarget	1	673660
2694.868	n/a	NonTarget	1	673717
2695.092	n/a	NonTarget	1	673773
2695.316	n/a	NonTarget	1	673829
2695.544	n/a	Target	2	673886
2695.768	n/a	NonTarget	1	673942
2695.996	n/a	NonTarget	1	673999
2696.22	n/a	NonTarget	1	674055
2696.444	n/a	NonTarget	1	674111
2696.672	n/a	Target	2	674168
2696.896	n/a	NonTarget	1	674224
2697.124	n/a	NonTarget	1	674281
2697.348	n/a	NonTarget	1	674337
2697.576	n/a	NonTarget	1	674394
2697.8	n/a	NonTarget	1	674450
2698.024	n/a	NonTarget	1	674506
2698.252	n/a	NonTarget	1	674563
2698.476	n/a	Target	2	674619
2698.704	n/a	NonTarget	1	674676
2698.928	n/a	NonTarget	1	674732
2699.152	n/a	NonTarget	1	674788
2699.38	n/a	NonTarget	1	674845
2699.604	n/a	NonTarget	1	674901
2699.828	n/a	Target	2	674957
2700.056	n/a	NonTarget	1	675014
2700.28	n/a	NonTarget	1	675070
2700.504	n/a	NonTarget	1	675126
2700.732	n/a	NonTarget	1	675183
2700.956	n/a	NonTarget	1	675239
2701.184	n/a	Target	2	675296
2701.408	n/a	NonTarget	1	675352
2701.632	n/a	NonTarget	1	675408
2701.86	n/a	NonTarget	1	675465
2702.084	n/a	NonTarget	1	675521
2702.312	n/a	NonTarget	1	675578
2702.536	n/a	NonTarget	1	675634
2702.76	n/a	Target	2	675690
2702.988	n/a	NonTarget	1	675747
2703.212	n/a	NonTarget	1	675803
2703.44	n/a	NonTarget	1	675860
2703.664	n/a	NonTarget	1	675916
2703.888	n/a	Target	2	675972
2704.116	n/a	NonTarget	1	676029
2704.34	n/a	NonTarget	1	676085
2704.564	n/a	NonTarget	1	676141
2704.792	n/a	NonTarget	1	676198
2705.016	n/a	NonTarget	1	676254
2705.244	n/a	NonTarget	1	676311
2705.468	n/a	Target	2	676367
2705.692	n/a	NonTarget	1	676423
2705.92	n/a	NonTarget	1	676480
2706.144	n/a	NonTarget	1	676536
2706.368	n/a	NonTarget	1	676592
2706.596	n/a	Target	2	676649
2706.82	n/a	NonTarget	1	676705
2707.044	n/a	NonTarget	1	676761
2707.272	n/a	NonTarget	1	676818
2707.496	n/a	NonTarget	1	676874
2707.724	n/a	Target	2	676931
2707.948	n/a	NonTarget	1	676987
2708.172	n/a	NonTarget	1	677043
2708.4	n/a	NonTarget	1	677100
2708.624	n/a	NonTarget	1	677156
2708.852	n/a	NonTarget	1	677213
2709.076	n/a	Target	2	677269
2709.304	n/a	NonTarget	1	677326
2709.528	n/a	NonTarget	1	677382
2709.752	n/a	NonTarget	1	677438
2709.98	n/a	NonTarget	1	677495
2710.204	n/a	NonTarget	1	677551
2710.432	n/a	Target	2	677608
2710.656	n/a	NonTarget	1	677664
2723.208	n/a	NonTarget	1	680802
2723.436	n/a	NonTarget	1	680859
2723.66	n/a	NonTarget	1	680915
2723.888	n/a	NonTarget	1	680972
2724.112	n/a	Target	2	681028
2724.336	n/a	NonTarget	1	681084
2724.564	n/a	NonTarget	1	681141
2724.788	n/a	NonTarget	1	681197
2725.016	n/a	NonTarget	1	681254
2725.24	n/a	NonTarget	1	681310
2725.464	n/a	NonTarget	1	681366
2725.688	n/a	NonTarget	1	681422
2725.912	n/a	NonTarget	1	681478
2726.14	n/a	Target	2	681535
2726.364	n/a	NonTarget	1	681591
2726.592	n/a	NonTarget	1	681648
2726.816	n/a	NonTarget	1	681704
2727.04	n/a	NonTarget	1	681760
2727.264	n/a	NonTarget	1	681816
2727.488	n/a	NonTarget	1	681872
2727.716	n/a	NonTarget	1	681929
2727.94	n/a	NonTarget	1	681985
2728.164	n/a	Target	2	682041
2728.392	n/a	NonTarget	1	682098
2728.616	n/a	NonTarget	1	682154
2728.84	n/a	NonTarget	1	682210
2729.064	n/a	NonTarget	1	682266
2729.292	n/a	NonTarget	1	682323
2729.516	n/a	NonTarget	1	682379
2729.74	n/a	NonTarget	1	682435
2729.968	n/a	NonTarget	1	682492
2730.192	n/a	NonTarget	1	682548
2730.42	n/a	NonTarget	1	682605
2730.644	n/a	Target	2	682661
2730.868	n/a	NonTarget	1	682717
2731.096	n/a	NonTarget	1	682774
2731.32	n/a	NonTarget	1	682830
2731.544	n/a	NonTarget	1	682886
2731.772	n/a	NonTarget	1	682943
2731.996	n/a	NonTarget	1	682999
2732.22	n/a	NonTarget	1	683055
2732.448	n/a	Target	2	683112
2732.672	n/a	NonTarget	1	683168
2732.896	n/a	NonTarget	1	683224
2733.124	n/a	NonTarget	1	683281
2733.348	n/a	NonTarget	1	683337
2733.572	n/a	NonTarget	1	683393
2733.8	n/a	NonTarget	1	683450
2734.024	n/a	NonTarget	1	683506
2734.252	n/a	Target	2	683563
2734.476	n/a	NonTarget	1	683619
2734.704	n/a	NonTarget	1	683676
2734.928	n/a	NonTarget	1	683732
2735.152	n/a	NonTarget	1	683788
2735.38	n/a	Target	2	683845
2735.604	n/a	NonTarget	1	683901
2735.832	n/a	NonTarget	1	683958
2736.056	n/a	NonTarget	1	684014
2736.28	n/a	NonTarget	1	684070
2736.508	n/a	NonTarget	1	684127
2736.732	n/a	NonTarget	1	684183
2736.96	n/a	NonTarget	1	684240
2737.184	n/a	NonTarget	1	684296
2737.408	n/a	Target	2	684352
2737.636	n/a	NonTarget	1	684409
2737.86	n/a	NonTarget	1	684465
2738.088	n/a	NonTarget	1	684522
2738.312	n/a	NonTarget	1	684578
2738.536	n/a	Target	2	684634
2738.764	n/a	NonTarget	1	684691
2738.988	n/a	NonTarget	1	684747
2739.216	n/a	NonTarget	1	684804
2739.44	n/a	NonTarget	1	684860
2739.664	n/a	NonTarget	1	684916
2739.888	n/a	NonTarget	1	684972
2740.116	n/a	Target	2	685029
2740.34	n/a	NonTarget	1	685085
2740.568	n/a	NonTarget	1	685142
2740.792	n/a	NonTarget	1	685198
2741.016	n/a	NonTarget	1	685254
2741.244	n/a	Target	2	685311
2741.468	n/a	NonTarget	1	685367
2741.696	n/a	NonTarget	1	685424
2741.92	n/a	NonTarget	1	685480
2742.148	n/a	NonTarget	1	685537
2742.372	n/a	Target	2	685593
2742.596	n/a	NonTarget	1	685649
2742.824	n/a	NonTarget	1	685706
2743.048	n/a	NonTarget	1	685762
2743.276	n/a	NonTarget	1	685819
2743.5	n/a	NonTarget	1	685875
2743.724	n/a	NonTarget	1	685931
2743.948	n/a	NonTarget	1	685987
2744.176	n/a	NonTarget	1	686044
2744.4	n/a	NonTarget	1	686100
2744.628	n/a	NonTarget	1	686157
2744.852	n/a	Target	2	686213
2745.076	n/a	NonTarget	1	686269
2745.304	n/a	NonTarget	1	686326
2745.528	n/a	NonTarget	1	686382
2745.752	n/a	NonTarget	1	686438
2745.98	n/a	NonTarget	1	686495
2746.204	n/a	Target	2	686551
2746.432	n/a	NonTarget	1	686608
2746.656	n/a	NonTarget	1	686664
2746.88	n/a	NonTarget	1	686720
2747.108	n/a	NonTarget	1	686777
2747.332	n/a	NonTarget	1	686833
2747.556	n/a	Target	2	686889
2747.784	n/a	NonTarget	1	686946
2748.008	n/a	NonTarget	1	687002
2748.236	n/a	NonTarget	1	687059
2748.46	n/a	NonTarget	1	687115
2748.684	n/a	Target	2	687171
2748.908	n/a	NonTarget	1	687227
2749.136	n/a	NonTarget	1	687284
2749.36	n/a	NonTarget	1	687340
2749.588	n/a	NonTarget	1	687397
2749.812	n/a	Target	2	687453
2750.036	n/a	NonTarget	1	687509
2750.264	n/a	NonTarget	1	687566
2750.488	n/a	NonTarget	1	687622
2750.712	n/a	NonTarget	1	687678
2750.94	n/a	NonTarget	1	687735
2751.164	n/a	NonTarget	1	687791
2751.392	n/a	NonTarget	1	687848
2751.616	n/a	NonTarget	1	687904
2751.84	n/a	NonTarget	1	687960
2752.068	n/a	NonTarget	1	688017
2752.292	n/a	Target	2	688073
2752.52	n/a	NonTarget	1	688130
2752.744	n/a	NonTarget	1	688186
2752.972	n/a	NonTarget	1	688243
2753.196	n/a	NonTarget	1	688299
2762.168	n/a	NonTarget	1	690542
2762.396	n/a	NonTarget	1	690599
2762.62	n/a	NonTarget	1	690655
2762.848	n/a	NonTarget	1	690712
2763.072	n/a	NonTarget	1	690768
2763.3	n/a	Target	2	690825
2763.524	n/a	NonTarget	1	690881
2763.748	n/a	NonTarget	1	690937
2763.976	n/a	NonTarget	1	690994
2764.2	n/a	NonTarget	1	691050
2764.428	n/a	NonTarget	1	691107
2764.652	n/a	NonTarget	1	691163
2764.876	n/a	NonTarget	1	691219
2765.104	n/a	NonTarget	1	691276
2765.328	n/a	NonTarget	1	691332
2765.556	n/a	NonTarget	1	691389
2765.78	n/a	Target	2	691445
2766.008	n/a	NonTarget	1	691502
2766.232	n/a	NonTarget	1	691558
2766.46	n/a	NonTarget	1	691615
2766.684	n/a	NonTarget	1	691671
2766.908	n/a	NonTarget	1	691727
2767.136	n/a	NonTarget	1	691784
2767.36	n/a	NonTarget	1	691840
2767.588	n/a	NonTarget	1	691897
2767.812	n/a	Target	2	691953
2768.036	n/a	NonTarget	1	692009
2768.264	n/a	NonTarget	1	692066
2768.488	n/a	NonTarget	1	692122
2768.712	n/a	NonTarget	1	692178
2768.936	n/a	NonTarget	1	692234
2769.164	n/a	NonTarget	1	692291
2769.388	n/a	NonTarget	1	692347
2769.616	n/a	NonTarget	1	692404
2769.84	n/a	NonTarget	1	692460
2770.064	n/a	Target	2	692516
2770.292	n/a	NonTarget	1	692573
2770.516	n/a	NonTarget	1	692629
2770.744	n/a	NonTarget	1	692686
2770.968	n/a	NonTarget	1	692742
2771.192	n/a	NonTarget	1	692798
2771.416	n/a	NonTarget	1	692854
2771.644	n/a	NonTarget	1	692911
2771.868	n/a	NonTarget	1	692967
2772.096	n/a	NonTarget	1	693024
2772.32	n/a	NonTarget	1	693080
2772.544	n/a	Target	2	693136
2772.772	n/a	NonTarget	1	693193
2772.996	n/a	NonTarget	1	693249
2773.22	n/a	NonTarget	1	693305
2773.448	n/a	NonTarget	1	693362
2773.672	n/a	Target	2	693418
2773.9	n/a	NonTarget	1	693475
2774.124	n/a	NonTarget	1	693531
2774.348	n/a	NonTarget	1	693587
2774.576	n/a	NonTarget	1	693644
2774.8	n/a	NonTarget	1	693700
2775.024	n/a	Target	2	693756
2775.252	n/a	NonTarget	1	693813
2775.476	n/a	NonTarget	1	693869
2775.704	n/a	NonTarget	1	693926
2775.928	n/a	NonTarget	1	693982
2776.152	n/a	NonTarget	1	694038
2776.38	n/a	NonTarget	1	694095
2776.604	n/a	Target	2	694151
2776.828	n/a	NonTarget	1	694207
2777.056	n/a	NonTarget	1	694264
2777.28	n/a	NonTarget	1	694320
2777.508	n/a	NonTarget	1	694377
2777.732	n/a	Target	2	694433
2777.956	n/a	NonTarget	1	694489
2778.184	n/a	NonTarget	1	694546
2778.408	n/a	NonTarget	1	694602
2778.636	n/a	NonTarget	1	694659
2778.86	n/a	Target	2	694715
2779.084	n/a	NonTarget	1	694771
2779.312	n/a	NonTarget	1	694828
2779.536	n/a	NonTarget	1	694884
2779.76	n/a	NonTarget	1	694940
2779.988	n/a	NonTarget	1	694997
2780.212	n/a	Target	2	695053
2780.44	n/a	NonTarget	1	695110
2780.664	n/a	NonTarget	1	695166
2780.888	n/a	NonTarget	1	695222
2781.116	n/a	NonTarget	1	695279
2781.34	n/a	Target	2	695335
2781.564	n/a	NonTarget	1	695391
2781.792	n/a	NonTarget	1	695448
2782.016	n/a	NonTarget	1	695504
2782.244	n/a	NonTarget	1	695561
2782.468	n/a	NonTarget	1	695617
2782.692	n/a	Target	2	695673
2782.92	n/a	NonTarget	1	695730
2783.144	n/a	NonTarget	1	695786
2783.368	n/a	NonTarget	1	695842
2783.596	n/a	NonTarget	1	695899
2783.82	n/a	Target	2	695955
2784.048	n/a	NonTarget	1	696012
2784.272	n/a	NonTarget	1	696068
2784.5	n/a	NonTarget	1	696125
2784.724	n/a	NonTarget	1	696181
2784.948	n/a	NonTarget	1	696237
2785.176	n/a	NonTarget	1	696294
2785.4	n/a	NonTarget	1	696350
2785.624	n/a	Target	2	696406
2785.852	n/a	NonTarget	1	696463
2786.076	n/a	NonTarget	1	696519
2786.3	n/a	NonTarget	1	696575
2786.528	n/a	NonTarget	1	696632
2786.752	n/a	Target	2	696688
2786.98	n/a	NonTarget	1	696745
2787.204	n/a	NonTarget	1	696801
2787.428	n/a	NonTarget	1	696857
2787.656	n/a	NonTarget	1	696914
2787.88	n/a	NonTarget	1	696970
2788.104	n/a	Target	2	697026
2788.332	n/a	NonTarget	1	697083
2788.56	n/a	NonTarget	1	697140
2788.784	n/a	NonTarget	1	697196
2789.008	n/a	NonTarget	1	697252
2789.236	n/a	Target	2	697309
2789.46	n/a	NonTarget	1	697365
2789.684	n/a	NonTarget	1	697421
2789.912	n/a	NonTarget	1	697478
2790.136	n/a	NonTarget	1	697534
2790.364	n/a	Target	2	697591
2790.588	n/a	NonTarget	1	697647
2790.816	n/a	NonTarget	1	697704
2791.04	n/a	NonTarget	1	697760
2791.264	n/a	NonTarget	1	697816
2791.492	n/a	NonTarget	1	697873
2791.716	n/a	NonTarget	1	697929
2791.944	n/a	Target	2	697986
2792.168	n/a	NonTarget	1	698042
2792.392	n/a	NonTarget	1	698098
2804.324	n/a	NonTarget	1	701081
2804.548	n/a	NonTarget	1	701137
2804.772	n/a	NonTarget	1	701193
2805.0	n/a	NonTarget	1	701250
2805.224	n/a	NonTarget	1	701306
2805.448	n/a	Target	2	701362
2805.676	n/a	NonTarget	1	701419
2805.9	n/a	NonTarget	1	701475
2806.124	n/a	NonTarget	1	701531
2806.352	n/a	NonTarget	1	701588
2806.576	n/a	NonTarget	1	701644
2806.8	n/a	NonTarget	1	701700
2807.028	n/a	NonTarget	1	701757
2807.252	n/a	NonTarget	1	701813
2807.476	n/a	NonTarget	1	701869
2807.704	n/a	NonTarget	1	701926
2807.928	n/a	NonTarget	1	701982
2808.156	n/a	NonTarget	1	702039
2808.38	n/a	Target	2	702095
2808.604	n/a	NonTarget	1	702151
2808.832	n/a	NonTarget	1	702208
2809.056	n/a	NonTarget	1	702264
2809.28	n/a	NonTarget	1	702320
2809.508	n/a	NonTarget	1	702377
2809.732	n/a	NonTarget	1	702433
2809.956	n/a	Target	2	702489
2810.184	n/a	NonTarget	1	702546
2810.408	n/a	NonTarget	1	702602
2810.636	n/a	NonTarget	1	702659
2810.86	n/a	NonTarget	1	702715
2811.084	n/a	NonTarget	1	702771
2811.312	n/a	NonTarget	1	702828
2811.536	n/a	NonTarget	1	702884
2811.764	n/a	NonTarget	1	702941
2811.988	n/a	NonTarget	1	702997
2812.216	n/a	Target	2	703054
2812.44	n/a	NonTarget	1	703110
2812.664	n/a	NonTarget	1	703166
2812.888	n/a	NonTarget	1	703222
2813.116	n/a	NonTarget	1	703279
2813.34	n/a	NonTarget	1	703335
2813.568	n/a	NonTarget	1	703392
2813.792	n/a	NonTarget	1	703448
2814.02	n/a	NonTarget	1	703505
2814.244	n/a	Target	2	703561
2814.468	n/a	NonTarget	1	703617
2814.692	n/a	NonTarget	1	703673
2814.92	n/a	NonTarget	1	703730
2815.144	n/a	NonTarget	1	703786
2815.372	n/a	Target	2	703843
2815.596	n/a	NonTarget	1	703899
2815.82	n/a	NonTarget	1	703955
2816.048	n/a	NonTarget	1	704012
2816.272	n/a	NonTarget	1	704068
2816.5	n/a	NonTarget	1	704125
2816.724	n/a	Target	2	704181
2816.952	n/a	NonTarget	1	704238
2817.176	n/a	NonTarget	1	704294
2817.4	n/a	NonTarget	1	704350
2817.628	n/a	NonTarget	1	704407
2817.852	n/a	NonTarget	1	704463
2818.08	n/a	Target	2	704520
2818.304	n/a	NonTarget	1	704576
2818.528	n/a	NonTarget	1	704632
2818.756	n/a	NonTarget	1	704689
2818.98	n/a	NonTarget	1	704745
2819.208	n/a	NonTarget	1	704802
2819.432	n/a	Target	2	704858
2819.656	n/a	NonTarget	1	704914
2819.884	n/a	NonTarget	1	704971
2820.108	n/a	NonTarget	1	705027
2820.332	n/a	NonTarget	1	705083
2820.56	n/a	Target	2	705140
2820.784	n/a	NonTarget	1	705196
2821.012	n/a	NonTarget	1	705253
2821.236	n/a	NonTarget	1	705309
2821.46	n/a	NonTarget	1	705365
2821.688	n/a	NonTarget	1	705422
2821.912	n/a	Target	2	705478
2822.136	n/a	NonTarget	1	705534
2822.364	n/a	NonTarget	1	705591
2822.588	n/a	NonTarget	1	705647
2822.816	n/a	NonTarget	1	705704
2823.04	n/a	Target	2	705760
2823.264	n/a	NonTarget	1	705816
2823.492	n/a	NonTarget	1	705873
2823.716	n/a	NonTarget	1	705929
2823.944	n/a	NonTarget	1	705986
2824.168	n/a	Target	2	706042
2824.396	n/a	NonTarget	1	706099
2824.62	n/a	NonTarget	1	706155
2824.844	n/a	NonTarget	1	706211
2825.072	n/a	NonTarget	1	706268
2825.296	n/a	Target	2	706324
2825.52	n/a	NonTarget	1	706380
2825.748	n/a	NonTarget	1	706437
2825.972	n/a	NonTarget	1	706493
2826.2	n/a	NonTarget	1	706550
2826.424	n/a	Target	2	706606
2826.648	n/a	NonTarget	1	706662
2826.876	n/a	NonTarget	1	706719
2827.1	n/a	NonTarget	1	706775
2827.324	n/a	NonTarget	1	706831
2827.552	n/a	NonTarget	1	706888
2827.776	n/a	Target	2	706944
2828.0	n/a	NonTarget	1	707000
2828.228	n/a	NonTarget	1	707057
2828.452	n/a	NonTarget	1	707113
2828.68	n/a	NonTarget	1	707170
2828.904	n/a	Target	2	707226
2829.132	n/a	NonTarget	1	707283
2829.356	n/a	NonTarget	1	707339
2829.58	n/a	NonTarget	1	707395
2829.808	n/a	NonTarget	1	707452
2830.032	n/a	Target	2	707508
2830.26	n/a	NonTarget	1	707565
2830.484	n/a	NonTarget	1	707621
2830.708	n/a	NonTarget	1	707677
2830.932	n/a	NonTarget	1	707733
2831.16	n/a	NonTarget	1	707790
2831.384	n/a	Target	2	707846
2831.612	n/a	NonTarget	1	707903
2831.836	n/a	NonTarget	1	707959
2832.06	n/a	NonTarget	1	708015
2832.288	n/a	NonTarget	1	708072
2832.512	n/a	Target	2	708128
2832.736	n/a	NonTarget	1	708184
2832.964	n/a	NonTarget	1	708241
2833.188	n/a	NonTarget	1	708297
2833.416	n/a	NonTarget	1	708354
2833.64	n/a	Target	2	708410
2833.864	n/a	NonTarget	1	708466
2834.092	n/a	NonTarget	1	708523
2834.316	n/a	NonTarget	1	708579
2843.292	n/a	Target	2	710823
2843.516	n/a	NonTarget	1	710879
2843.74	n/a	NonTarget	1	710935
2843.968	n/a	NonTarget	1	710992
2844.192	n/a	NonTarget	1	711048
2844.416	n/a	NonTarget	1	711104
2844.644	n/a	NonTarget	1	711161
2844.868	n/a	NonTarget	1	711217
2845.092	n/a	NonTarget	1	711273
2845.32	n/a	NonTarget	1	711330
2845.544	n/a	NonTarget	1	711386
2845.772	n/a	NonTarget	1	711443
2845.996	n/a	Target	2	711499
2846.22	n/a	NonTarget	1	711555
2846.444	n/a	NonTarget	1	711611
2846.672	n/a	NonTarget	1	711668
2846.896	n/a	NonTarget	1	711724
2847.12	n/a	NonTarget	1	711780
2847.348	n/a	NonTarget	1	711837
2847.572	n/a	NonTarget	1	711893
2847.796	n/a	NonTarget	1	711949
2848.024	n/a	Target	2	712006
2848.248	n/a	NonTarget	1	712062
2848.472	n/a	NonTarget	1	712118
2848.696	n/a	NonTarget	1	712174
2848.924	n/a	NonTarget	1	712231
2849.148	n/a	NonTarget	1	712287
2849.376	n/a	NonTarget	1	712344
2849.6	n/a	NonTarget	1	712400
2849.824	n/a	NonTarget	1	712456
2850.052	n/a	Target	2	712513
2850.276	n/a	NonTarget	1	712569
2850.5	n/a	NonTarget	1	712625
2850.728	n/a	NonTarget	1	712682
2850.952	n/a	NonTarget	1	712738
2851.176	n/a	NonTarget	1	712794
2851.4	n/a	NonTarget	1	712850
2851.628	n/a	NonTarget	1	712907
2851.852	n/a	NonTarget	1	712963
2852.076	n/a	Target	2	713019
2852.304	n/a	NonTarget	1	713076
2852.528	n/a	NonTarget	1	713132
2852.756	n/a	NonTarget	1	713189
2852.98	n/a	NonTarget	1	713245
2853.204	n/a	NonTarget	1	713301
2853.432	n/a	NonTarget	1	713358
2853.656	n/a	Target	2	713414
2853.88	n/a	NonTarget	1	713470
2854.108	n/a	NonTarget	1	713527
2854.332	n/a	NonTarget	1	713583
2854.56	n/a	NonTarget	1	713640
2854.784	n/a	NonTarget	1	713696
2855.008	n/a	Target	2	713752
2855.236	n/a	NonTarget	1	713809
2855.46	n/a	NonTarget	1	713865
2855.684	n/a	NonTarget	1	713921
2855.912	n/a	NonTarget	1	713978
2856.136	n/a	Target	2	714034
2856.364	n/a	NonTarget	1	714091
2856.588	n/a	NonTarget	1	714147
2856.812	n/a	NonTarget	1	714203
2857.04	n/a	NonTarget	1	714260
2857.264	n/a	Target	2	714316
2857.488	n/a	NonTarget	1	714372
2857.716	n/a	NonTarget	1	714429
2857.94	n/a	NonTarget	1	714485
2858.164	n/a	NonTarget	1	714541
2858.392	n/a	Target	2	714598
2858.616	n/a	NonTarget	1	714654
2858.844	n/a	NonTarget	1	714711
2859.068	n/a	NonTarget	1	714767
2859.296	n/a	NonTarget	1	714824
2859.52	n/a	Target	2	714880
2859.748	n/a	NonTarget	1	714937
2859.972	n/a	NonTarget	1	714993
2860.196	n/a	NonTarget	1	715049
2860.424	n/a	NonTarget	1	715106
2860.648	n/a	Target	2	715162
2860.872	n/a	NonTarget	1	715218
2861.1	n/a	NonTarget	1	715275
2861.324	n/a	NonTarget	1	715331
2861.548	n/a	NonTarget	1	715387
2861.776	n/a	Target	2	715444
2862.0	n/a	NonTarget	1	715500
2862.224	n/a	NonTarget	1	715556
2862.452	n/a	NonTarget	1	715613
2862.676	n/a	NonTarget	1	715669
2862.904	n/a	NonTarget	1	715726
2863.128	n/a	NonTarget	1	715782
2863.352	n/a	Target	2	715838
2863.58	n/a	NonTarget	1	715895
2863.804	n/a	NonTarget	1	715951
2864.032	n/a	NonTarget	1	716008
2864.256	n/a	NonTarget	1	716064
2864.484	n/a	Target	2	716121
2864.708	n/a	NonTarget	1	716177
2864.932	n/a	NonTarget	1	716233
2865.16	n/a	NonTarget	1	716290
2865.384	n/a	NonTarget	1	716346
2865.612	n/a	Target	2	716403
2865.836	n/a	NonTarget	1	716459
2866.064	n/a	NonTarget	1	716516
2866.288	n/a	NonTarget	1	716572
2866.512	n/a	NonTarget	1	716628
2866.74	n/a	Target	2	716685
2866.964	n/a	NonTarget	1	716741
2867.192	n/a	NonTarget	1	716798
2867.416	n/a	NonTarget	1	716854
2867.64	n/a	NonTarget	1	716910
2867.864	n/a	Target	2	716966
2868.092	n/a	NonTarget	1	717023
2868.316	n/a	NonTarget	1	717079
2868.544	n/a	NonTarget	1	717136
2868.768	n/a	NonTarget	1	717192
2868.992	n/a	NonTarget	1	717248
2869.22	n/a	NonTarget	1	717305
2869.444	n/a	Target	2	717361
2869.672	n/a	NonTarget	1	717418
2869.896	n/a	NonTarget	1	717474
2870.12	n/a	NonTarget	1	717530
2870.348	n/a	NonTarget	1	717587
2870.572	n/a	Target	2	717643
2870.8	n/a	NonTarget	1	717700
2871.024	n/a	NonTarget	1	717756
2871.248	n/a	NonTarget	1	717812
2871.476	n/a	NonTarget	1	717869
2871.7	n/a	Target	2	717925
2871.928	n/a	NonTarget	1	717982
2872.152	n/a	NonTarget	1	718038
2872.376	n/a	NonTarget	1	718094
2872.604	n/a	NonTarget	1	718151
2872.828	n/a	Target	2	718207
2873.052	n/a	NonTarget	1	718263
2873.28	n/a	NonTarget	1	718320
2886.376	n/a	NonTarget	1	721594
2886.604	n/a	NonTarget	1	721651
2886.828	n/a	Target	2	721707
2887.052	n/a	NonTarget	1	721763
2887.276	n/a	NonTarget	1	721819
2887.504	n/a	NonTarget	1	721876
2887.728	n/a	NonTarget	1	721932
2887.956	n/a	NonTarget	1	721989
2888.18	n/a	NonTarget	1	722045
2888.404	n/a	Target	2	722101
2888.632	n/a	NonTarget	1	722158
2888.856	n/a	NonTarget	1	722214
2889.084	n/a	NonTarget	1	722271
2889.308	n/a	NonTarget	1	722327
2889.532	n/a	NonTarget	1	722383
2889.76	n/a	NonTarget	1	722440
2889.984	n/a	NonTarget	1	722496
2890.212	n/a	NonTarget	1	722553
2890.436	n/a	Target	2	722609
2890.664	n/a	NonTarget	1	722666
2890.888	n/a	NonTarget	1	722722
2891.116	n/a	NonTarget	1	722779
2891.34	n/a	NonTarget	1	722835
2891.564	n/a	NonTarget	1	722891
2891.788	n/a	Target	2	722947
2892.016	n/a	NonTarget	1	723004
2892.24	n/a	NonTarget	1	723060
2892.464	n/a	NonTarget	1	723116
2892.688	n/a	NonTarget	1	723172
2892.912	n/a	NonTarget	1	723228
2893.14	n/a	NonTarget	1	723285
2893.364	n/a	Target	2	723341
2893.592	n/a	NonTarget	1	723398
2893.816	n/a	NonTarget	1	723454
2894.04	n/a	NonTarget	1	723510
2894.268	n/a	NonTarget	1	723567
2894.492	n/a	NonTarget	1	723623
2894.716	n/a	NonTarget	1	723679
2894.944	n/a	NonTarget	1	723736
2895.168	n/a	NonTarget	1	723792
2895.392	n/a	NonTarget	1	723848
2895.616	n/a	NonTarget	1	723904
2895.844	n/a	Target	2	723961
2896.068	n/a	NonTarget	1	724017
2896.296	n/a	NonTarget	1	724074
2896.52	n/a	NonTarget	1	724130
2896.748	n/a	NonTarget	1	724187
2896.972	n/a	Target	2	724243
2897.2	n/a	NonTarget	1	724300
2897.424	n/a	NonTarget	1	724356
2897.648	n/a	NonTarget	1	724412
2897.876	n/a	NonTarget	1	724469
2898.1	n/a	Target	2	724525
2898.328	n/a	NonTarget	1	724582
2898.552	n/a	NonTarget	1	724638
2898.78	n/a	NonTarget	1	724695
2899.004	n/a	NonTarget	1	724751
2899.228	n/a	Target	2	724807
2899.456	n/a	NonTarget	1	724864
2899.68	n/a	NonTarget	1	724920
2899.904	n/a	NonTarget	1	724976
2900.132	n/a	NonTarget	1	725033
2900.356	n/a	NonTarget	1	725089
2900.58	n/a	NonTarget	1	725145
2900.808	n/a	Target	2	725202
2901.032	n/a	NonTarget	1	725258
2901.26	n/a	NonTarget	1	725315
2901.484	n/a	NonTarget	1	725371
2901.708	n/a	NonTarget	1	725427
2901.936	n/a	Target	2	725484
2902.16	n/a	NonTarget	1	725540
2902.384	n/a	NonTarget	1	725596
2902.612	n/a	NonTarget	1	725653
2902.836	n/a	NonTarget	1	725709
2903.064	n/a	Target	2	725766
2903.288	n/a	NonTarget	1	725822
2903.512	n/a	NonTarget	1	725878
2903.74	n/a	NonTarget	1	725935
2903.964	n/a	NonTarget	1	725991
2904.192	n/a	NonTarget	1	726048
2904.416	n/a	NonTarget	1	726104
2904.644	n/a	NonTarget	1	726161
2904.868	n/a	Target	2	726217
2905.092	n/a	NonTarget	1	726273
2905.32	n/a	NonTarget	1	726330
2905.544	n/a	NonTarget	1	726386
2905.772	n/a	NonTarget	1	726443
2905.996	n/a	NonTarget	1	726499
2906.22	n/a	NonTarget	1	726555
2906.448	n/a	Target	2	726612
2906.672	n/a	NonTarget	1	726668
2906.896	n/a	NonTarget	1	726724
2907.12	n/a	NonTarget	1	726780
2907.348	n/a	NonTarget	1	726837
2907.572	n/a	Target	2	726893
2907.8	n/a	NonTarget	1	726950
2908.024	n/a	NonTarget	1	727006
2908.248	n/a	NonTarget	1	727062
2908.476	n/a	NonTarget	1	727119
2908.7	n/a	Target	2	727175
2908.928	n/a	NonTarget	1	727232
2909.152	n/a	NonTarget	1	727288
2909.38	n/a	NonTarget	1	727345
2909.604	n/a	NonTarget	1	727401
2909.828	n/a	Target	2	727457
2910.056	n/a	NonTarget	1	727514
2910.28	n/a	NonTarget	1	727570
2910.508	n/a	NonTarget	1	727627
2910.732	n/a	NonTarget	1	727683
2910.96	n/a	NonTarget	1	727740
2911.184	n/a	Target	2	727796
2911.408	n/a	NonTarget	1	727852
2911.636	n/a	NonTarget	1	727909
2911.86	n/a	NonTarget	1	727965
2912.088	n/a	NonTarget	1	728022
2912.312	n/a	NonTarget	1	728078
2912.536	n/a	NonTarget	1	728134
2912.764	n/a	Target	2	728191
2912.988	n/a	NonTarget	1	728247
2913.212	n/a	NonTarget	1	728303
2913.44	n/a	NonTarget	1	728360
2913.664	n/a	NonTarget	1	728416
2913.888	n/a	Target	2	728472
2914.116	n/a	NonTarget	1	728529
2914.34	n/a	NonTarget	1	728585
2914.568	n/a	NonTarget	1	728642
2914.792	n/a	NonTarget	1	728698
2915.016	n/a	NonTarget	1	728754
2915.244	n/a	Target	2	728811
2915.468	n/a	NonTarget	1	728867
2915.692	n/a	NonTarget	1	728923
2915.92	n/a	NonTarget	1	728980
2916.144	n/a	NonTarget	1	729036
2916.372	n/a	NonTarget	1	729093
2916.596	n/a	Target	2	729149
2925.368	n/a	NonTarget	1	731342
2925.592	n/a	NonTarget	1	731398
2925.816	n/a	NonTarget	1	731454
2926.044	n/a	Target	2	731511
2926.268	n/a	NonTarget	1	731567
2926.492	n/a	NonTarget	1	731623
2926.72	n/a	NonTarget	1	731680
2926.944	n/a	NonTarget	1	731736
2927.172	n/a	NonTarget	1	731793
2927.396	n/a	NonTarget	1	731849
2927.62	n/a	NonTarget	1	731905
2927.844	n/a	Target	2	731961
2928.072	n/a	NonTarget	1	732018
2928.296	n/a	NonTarget	1	732074
2928.524	n/a	NonTarget	1	732131
2928.748	n/a	NonTarget	1	732187
2928.972	n/a	NonTarget	1	732243
2929.2	n/a	NonTarget	1	732300
2929.424	n/a	NonTarget	1	732356
2929.652	n/a	NonTarget	1	732413
2929.876	n/a	NonTarget	1	732469
2930.1	n/a	NonTarget	1	732525
2930.324	n/a	NonTarget	1	732581
2930.552	n/a	Target	2	732638
2930.776	n/a	NonTarget	1	732694
2931.0	n/a	NonTarget	1	732750
2931.228	n/a	NonTarget	1	732807
2931.452	n/a	NonTarget	1	732863
2931.68	n/a	NonTarget	1	732920
2931.904	n/a	NonTarget	1	732976
2932.128	n/a	Target	2	733032
2932.356	n/a	NonTarget	1	733089
2932.58	n/a	NonTarget	1	733145
2932.804	n/a	NonTarget	1	733201
2933.032	n/a	NonTarget	1	733258
2933.256	n/a	NonTarget	1	733314
2933.48	n/a	NonTarget	1	733370
2933.708	n/a	NonTarget	1	733427
2933.932	n/a	NonTarget	1	733483
2934.156	n/a	NonTarget	1	733539
2934.384	n/a	NonTarget	1	733596
2934.608	n/a	Target	2	733652
2934.836	n/a	NonTarget	1	733709
2935.06	n/a	NonTarget	1	733765
2935.284	n/a	NonTarget	1	733821
2935.512	n/a	NonTarget	1	733878
2935.736	n/a	Target	2	733934
2935.96	n/a	NonTarget	1	733990
2936.188	n/a	NonTarget	1	734047
2936.412	n/a	NonTarget	1	734103
2936.636	n/a	NonTarget	1	734159
2936.864	n/a	Target	2	734216
2937.088	n/a	NonTarget	1	734272
2937.316	n/a	NonTarget	1	734329
2937.54	n/a	NonTarget	1	734385
2937.768	n/a	NonTarget	1	734442
2937.992	n/a	Target	2	734498
2938.216	n/a	NonTarget	1	734554
2938.444	n/a	NonTarget	1	734611
2938.668	n/a	NonTarget	1	734667
2938.892	n/a	NonTarget	1	734723
2939.12	n/a	NonTarget	1	734780
2939.344	n/a	Target	2	734836
2939.572	n/a	NonTarget	1	734893
2939.796	n/a	NonTarget	1	734949
2940.02	n/a	NonTarget	1	735005
2940.244	n/a	NonTarget	1	735061
2940.472	n/a	NonTarget	1	735118
2940.696	n/a	NonTarget	1	735174
2940.924	n/a	NonTarget	1	735231
2941.148	n/a	Target	2	735287
2941.372	n/a	NonTarget	1	735343
2941.6	n/a	NonTarget	1	735400
2941.824	n/a	NonTarget	1	735456
2942.052	n/a	NonTarget	1	735513
2942.276	n/a	Target	2	735569
2942.504	n/a	NonTarget	1	735626
2942.728	n/a	NonTarget	1	735682
2942.952	n/a	NonTarget	1	735738
2943.18	n/a	NonTarget	1	735795
2943.404	n/a	Target	2	735851
2943.632	n/a	NonTarget	1	735908
2943.856	n/a	NonTarget	1	735964
2944.084	n/a	NonTarget	1	736021
2944.308	n/a	NonTarget	1	736077
2944.532	n/a	NonTarget	1	736133
2944.76	n/a	Target	2	736190
2944.984	n/a	NonTarget	1	736246
2945.212	n/a	NonTarget	1	736303
2945.436	n/a	NonTarget	1	736359
2945.66	n/a	NonTarget	1	736415
2945.888	n/a	Target	2	736472
2946.112	n/a	NonTarget	1	736528
2946.336	n/a	NonTarget	1	736584
2946.564	n/a	NonTarget	1	736641
2946.788	n/a	NonTarget	1	736697
2947.012	n/a	Target	2	736753
2947.24	n/a	NonTarget	1	736810
2947.464	n/a	NonTarget	1	736866
2947.688	n/a	NonTarget	1	736922
2947.916	n/a	NonTarget	1	736979
2948.14	n/a	Target	2	737035
2948.368	n/a	NonTarget	1	737092
2948.592	n/a	NonTarget	1	737148
2948.816	n/a	NonTarget	1	737204
2949.044	n/a	NonTarget	1	737261
2949.268	n/a	Target	2	737317
2949.496	n/a	NonTarget	1	737374
2949.72	n/a	NonTarget	1	737430
2949.944	n/a	NonTarget	1	737486
2950.172	n/a	NonTarget	1	737543
2950.396	n/a	Target	2	737599
2950.624	n/a	NonTarget	1	737656
2950.848	n/a	NonTarget	1	737712
2951.072	n/a	NonTarget	1	737768
2951.3	n/a	NonTarget	1	737825
2951.524	n/a	Target	2	737881
2951.752	n/a	NonTarget	1	737938
2951.976	n/a	NonTarget	1	737994
2952.2	n/a	NonTarget	1	738050
2952.428	n/a	NonTarget	1	738107
2952.652	n/a	Target	2	738163
2952.88	n/a	NonTarget	1	738220
2953.104	n/a	NonTarget	1	738276
2953.328	n/a	NonTarget	1	738332
2953.556	n/a	NonTarget	1	738389
2953.78	n/a	Target	2	738445
2954.004	n/a	NonTarget	1	738501
2954.232	n/a	NonTarget	1	738558
2954.456	n/a	NonTarget	1	738614
2954.68	n/a	NonTarget	1	738670
2954.908	n/a	NonTarget	1	738727
2955.132	n/a	NonTarget	1	738783
2955.36	n/a	Target	2	738840
2955.584	n/a	NonTarget	1	738896
2971.276	n/a	NonTarget	1	742819
2971.5	n/a	NonTarget	1	742875
2971.724	n/a	NonTarget	1	742931
2971.952	n/a	NonTarget	1	742988
2972.176	n/a	NonTarget	1	743044
2972.4	n/a	NonTarget	1	743100
2972.628	n/a	NonTarget	1	743157
2972.852	n/a	NonTarget	1	743213
2973.076	n/a	Target	2	743269
2973.304	n/a	NonTarget	1	743326
2973.528	n/a	NonTarget	1	743382
2973.752	n/a	NonTarget	1	743438
2973.98	n/a	NonTarget	1	743495
2974.204	n/a	NonTarget	1	743551
2974.428	n/a	NonTarget	1	743607
2974.652	n/a	Target	2	743663
2974.88	n/a	NonTarget	1	743720
2975.104	n/a	NonTarget	1	743776
2975.332	n/a	NonTarget	1	743833
2975.556	n/a	NonTarget	1	743889
2975.78	n/a	NonTarget	1	743945
2976.008	n/a	NonTarget	1	744002
2976.232	n/a	NonTarget	1	744058
2976.46	n/a	NonTarget	1	744115
2976.684	n/a	NonTarget	1	744171
2976.908	n/a	NonTarget	1	744227
2977.136	n/a	Target	2	744284
2977.36	n/a	NonTarget	1	744340
2977.584	n/a	NonTarget	1	744396
2977.812	n/a	NonTarget	1	744453
2978.036	n/a	NonTarget	1	744509
2978.264	n/a	NonTarget	1	744566
2978.488	n/a	NonTarget	1	744622
2978.712	n/a	NonTarget	1	744678
2978.936	n/a	NonTarget	1	744734
2979.164	n/a	NonTarget	1	744791
2979.388	n/a	NonTarget	1	744847
2979.616	n/a	Target	2	744904
2979.84	n/a	NonTarget	1	744960
2980.064	n/a	NonTarget	1	745016
2980.292	n/a	NonTarget	1	745073
2980.516	n/a	NonTarget	1	745129
2980.74	n/a	NonTarget	1	745185
2980.968	n/a	NonTarget	1	745242
2981.192	n/a	NonTarget	1	745298
2981.416	n/a	NonTarget	1	745354
2981.644	n/a	NonTarget	1	745411
2981.868	n/a	NonTarget	1	745467
2982.092	n/a	NonTarget	1	745523
2982.32	n/a	NonTarget	1	745580
2982.544	n/a	NonTarget	1	745636
2982.772	n/a	NonTarget	1	745693
2982.996	n/a	NonTarget	1	745749
2983.22	n/a	NonTarget	1	745805
2983.444	n/a	NonTarget	1	745861
2983.672	n/a	NonTarget	1	745918
2983.896	n/a	NonTarget	1	745974
2984.124	n/a	Target	2	746031
2984.348	n/a	NonTarget	1	746087
2984.576	n/a	NonTarget	1	746144
2984.8	n/a	NonTarget	1	746200
2985.024	n/a	NonTarget	1	746256
2985.252	n/a	NonTarget	1	746313
2985.476	n/a	NonTarget	1	746369
2985.704	n/a	NonTarget	1	746426
2985.928	n/a	NonTarget	1	746482
2986.152	n/a	NonTarget	1	746538
2986.38	n/a	Target	2	746595
2986.604	n/a	NonTarget	1	746651
2986.828	n/a	NonTarget	1	746707
2987.056	n/a	NonTarget	1	746764
2987.28	n/a	NonTarget	1	746820
2987.508	n/a	NonTarget	1	746877
2987.732	n/a	Target	2	746933
2987.956	n/a	NonTarget	1	746989
2988.18	n/a	NonTarget	1	747045
2988.408	n/a	NonTarget	1	747102
2988.632	n/a	NonTarget	1	747158
2988.86	n/a	NonTarget	1	747215
2989.084	n/a	NonTarget	1	747271
2989.308	n/a	NonTarget	1	747327
2989.536	n/a	NonTarget	1	747384
2989.76	n/a	NonTarget	1	747440
2989.988	n/a	NonTarget	1	747497
2990.212	n/a	NonTarget	1	747553
2990.44	n/a	NonTarget	1	747610
2990.664	n/a	NonTarget	1	747666
2990.888	n/a	NonTarget	1	747722
2991.116	n/a	NonTarget	1	747779
2991.34	n/a	NonTarget	1	747835
2991.568	n/a	NonTarget	1	747892
2991.792	n/a	NonTarget	1	747948
2992.016	n/a	NonTarget	1	748004
2992.244	n/a	NonTarget	1	748061
2992.468	n/a	NonTarget	1	748117
2992.692	n/a	NonTarget	1	748173
2992.92	n/a	NonTarget	1	748230
2993.144	n/a	NonTarget	1	748286
2993.368	n/a	NonTarget	1	748342
2993.596	n/a	NonTarget	1	748399
2993.82	n/a	NonTarget	1	748455
2994.048	n/a	NonTarget	1	748512
2994.272	n/a	NonTarget	1	748568
2994.496	n/a	NonTarget	1	748624
2994.724	n/a	NonTarget	1	748681
2994.948	n/a	NonTarget	1	748737
2995.176	n/a	NonTarget	1	748794
2995.4	n/a	NonTarget	1	748850
2995.624	n/a	NonTarget	1	748906
2995.852	n/a	NonTarget	1	748963
2996.076	n/a	NonTarget	1	749019
2996.304	n/a	NonTarget	1	749076
2996.528	n/a	Target	2	749132
2996.756	n/a	NonTarget	1	749189
2996.98	n/a	NonTarget	1	749245
2997.208	n/a	NonTarget	1	749302
2997.432	n/a	NonTarget	1	749358
2997.656	n/a	NonTarget	1	749414
2997.884	n/a	NonTarget	1	749471
2998.108	n/a	NonTarget	1	749527
2998.332	n/a	NonTarget	1	749583
2998.56	n/a	NonTarget	1	749640
2998.784	n/a	NonTarget	1	749696
2999.012	n/a	Target	2	749753
2999.236	n/a	NonTarget	1	749809
2999.46	n/a	NonTarget	1	749865
2999.688	n/a	NonTarget	1	749922
2999.912	n/a	NonTarget	1	749978
3000.136	n/a	NonTarget	1	750034
3000.364	n/a	NonTarget	1	750091
3000.588	n/a	NonTarget	1	750147
3000.816	n/a	NonTarget	1	750204
3001.04	n/a	NonTarget	1	750260
3001.264	n/a	NonTarget	1	750316
3041.676	n/a	NonTarget	1	760419
3041.9	n/a	NonTarget	1	760475
3042.128	n/a	NonTarget	1	760532
3042.352	n/a	NonTarget	1	760588
3042.576	n/a	NonTarget	1	760644
3042.8	n/a	Target	2	760700
3043.024	n/a	NonTarget	1	760756
3043.252	n/a	NonTarget	1	760813
3043.476	n/a	NonTarget	1	760869
3043.704	n/a	NonTarget	1	760926
3043.928	n/a	NonTarget	1	760982
3044.152	n/a	NonTarget	1	761038
3044.38	n/a	NonTarget	1	761095
3044.604	n/a	NonTarget	1	761151
3044.828	n/a	NonTarget	1	761207
3045.052	n/a	NonTarget	1	761263
3045.276	n/a	Target	2	761319
3045.504	n/a	NonTarget	1	761376
3045.728	n/a	NonTarget	1	761432
3045.956	n/a	NonTarget	1	761489
3046.18	n/a	NonTarget	1	761545
3046.404	n/a	NonTarget	1	761601
3046.632	n/a	NonTarget	1	761658
3046.856	n/a	NonTarget	1	761714
3047.08	n/a	NonTarget	1	761770
3047.308	n/a	NonTarget	1	761827
3047.532	n/a	Target	2	761883
3047.756	n/a	NonTarget	1	761939
3047.984	n/a	NonTarget	1	761996
3048.208	n/a	NonTarget	1	762052
3048.436	n/a	NonTarget	1	762109
3048.66	n/a	NonTarget	1	762165
3048.888	n/a	NonTarget	1	762222
3049.112	n/a	NonTarget	1	762278
3049.336	n/a	NonTarget	1	762334
3049.564	n/a	Target	2	762391
3049.788	n/a	NonTarget	1	762447
3050.012	n/a	NonTarget	1	762503
3050.24	n/a	NonTarget	1	762560
3050.464	n/a	NonTarget	1	762616
3050.688	n/a	NonTarget	1	762672
3050.916	n/a	NonTarget	1	762729
3051.14	n/a	NonTarget	1	762785
3051.368	n/a	NonTarget	1	762842
3051.592	n/a	NonTarget	1	762898
3051.82	n/a	Target	2	762955
3052.044	n/a	NonTarget	1	763011
3052.268	n/a	NonTarget	1	763067
3052.496	n/a	NonTarget	1	763124
3052.72	n/a	NonTarget	1	763180
3052.948	n/a	NonTarget	1	763237
3053.172	n/a	NonTarget	1	763293
3053.396	n/a	NonTarget	1	763349
3053.624	n/a	NonTarget	1	763406
3053.848	n/a	Target	2	763462
3054.072	n/a	NonTarget	1	763518
3054.3	n/a	NonTarget	1	763575
3054.524	n/a	NonTarget	1	763631
3054.748	n/a	NonTarget	1	763687
3054.976	n/a	Target	2	763744
3055.2	n/a	NonTarget	1	763800
3055.424	n/a	NonTarget	1	763856
3055.652	n/a	NonTarget	1	763913
3055.876	n/a	NonTarget	1	763969
3056.104	n/a	Target	2	764026
3056.328	n/a	NonTarget	1	764082
3056.556	n/a	NonTarget	1	764139
3056.78	n/a	NonTarget	1	764195
3057.004	n/a	NonTarget	1	764251
3057.232	n/a	Target	2	764308
3057.456	n/a	NonTarget	1	764364
3057.684	n/a	NonTarget	1	764421
3057.908	n/a	NonTarget	1	764477
3058.132	n/a	NonTarget	1	764533
3058.36	n/a	NonTarget	1	764590
3058.584	n/a	NonTarget	1	764646
3058.808	n/a	Target	2	764702
3059.036	n/a	NonTarget	1	764759
3059.26	n/a	NonTarget	1	764815
3059.488	n/a	NonTarget	1	764872
3059.712	n/a	NonTarget	1	764928
3059.936	n/a	Target	2	764984
3060.164	n/a	NonTarget	1	765041
3060.388	n/a	NonTarget	1	765097
3060.612	n/a	NonTarget	1	765153
3060.84	n/a	NonTarget	1	765210
3061.064	n/a	Target	2	765266
3061.288	n/a	NonTarget	1	765322
3061.516	n/a	NonTarget	1	765379
3061.74	n/a	NonTarget	1	765435
3061.968	n/a	NonTarget	1	765492
3062.192	n/a	NonTarget	1	765548
3062.42	n/a	Target	2	765605
3062.644	n/a	NonTarget	1	765661
3062.868	n/a	NonTarget	1	765717
3063.096	n/a	NonTarget	1	765774
3063.32	n/a	NonTarget	1	765830
3063.548	n/a	NonTarget	1	765887
3063.772	n/a	Target	2	765943
3063.996	n/a	NonTarget	1	765999
3064.224	n/a	NonTarget	1	766056
3064.448	n/a	NonTarget	1	766112
3064.676	n/a	NonTarget	1	766169
3064.9	n/a	NonTarget	1	766225
3065.128	n/a	Target	2	766282
3065.352	n/a	NonTarget	1	766338
3065.576	n/a	NonTarget	1	766394
3065.804	n/a	NonTarget	1	766451
3066.028	n/a	NonTarget	1	766507
3066.252	n/a	NonTarget	1	766563
3066.48	n/a	Target	2	766620
3066.704	n/a	NonTarget	1	766676
3066.932	n/a	NonTarget	1	766733
3067.156	n/a	NonTarget	1	766789
3067.384	n/a	NonTarget	1	766846
3067.608	n/a	NonTarget	1	766902
3067.832	n/a	Target	2	766958
3068.06	n/a	NonTarget	1	767015
3068.284	n/a	NonTarget	1	767071
3068.508	n/a	NonTarget	1	767127
3068.736	n/a	NonTarget	1	767184
3068.96	n/a	NonTarget	1	767240
3069.188	n/a	NonTarget	1	767297
3069.412	n/a	Target	2	767353
3069.64	n/a	NonTarget	1	767410
3069.864	n/a	NonTarget	1	767466
3070.092	n/a	NonTarget	1	767523
3070.316	n/a	NonTarget	1	767579
3070.54	n/a	NonTarget	1	767635
3070.768	n/a	Target	2	767692
3070.992	n/a	NonTarget	1	767748
3071.22	n/a	NonTarget	1	767805
3071.444	n/a	NonTarget	1	767861
3071.668	n/a	NonTarget	1	767917
3071.892	n/a	Target	2	767973
3083.288	n/a	NonTarget	1	770822
3083.512	n/a	NonTarget	1	770878
3083.736	n/a	NonTarget	1	770934
3083.964	n/a	NonTarget	1	770991
3084.188	n/a	NonTarget	1	771047
3084.412	n/a	Target	2	771103
3084.64	n/a	NonTarget	1	771160
3084.864	n/a	NonTarget	1	771216
3085.088	n/a	NonTarget	1	771272
3085.316	n/a	NonTarget	1	771329
3085.54	n/a	NonTarget	1	771385
3085.764	n/a	NonTarget	1	771441
3085.992	n/a	NonTarget	1	771498
3086.216	n/a	NonTarget	1	771554
3086.444	n/a	NonTarget	1	771611
3086.668	n/a	Target	2	771667
3086.892	n/a	NonTarget	1	771723
3087.12	n/a	NonTarget	1	771780
3087.344	n/a	NonTarget	1	771836
3087.572	n/a	NonTarget	1	771893
3087.796	n/a	NonTarget	1	771949
3088.024	n/a	NonTarget	1	772006
3088.248	n/a	NonTarget	1	772062
3088.472	n/a	NonTarget	1	772118
3088.7	n/a	NonTarget	1	772175
3088.924	n/a	NonTarget	1	772231
3089.148	n/a	NonTarget	1	772287
3089.376	n/a	Target	2	772344
3089.6	n/a	NonTarget	1	772400
3089.828	n/a	NonTarget	1	772457
3090.052	n/a	NonTarget	1	772513
3090.276	n/a	NonTarget	1	772569
3090.5	n/a	NonTarget	1	772625
3090.724	n/a	NonTarget	1	772681
3090.952	n/a	NonTarget	1	772738
3091.176	n/a	NonTarget	1	772794
3091.4	n/a	NonTarget	1	772850
3091.628	n/a	NonTarget	1	772907
3091.852	n/a	Target	2	772963
3092.076	n/a	NonTarget	1	773019
3092.304	n/a	NonTarget	1	773076
3092.528	n/a	NonTarget	1	773132
3092.756	n/a	NonTarget	1	773189
3092.98	n/a	NonTarget	1	773245
3093.208	n/a	NonTarget	1	773302
3093.432	n/a	Target	2	773358
3093.656	n/a	NonTarget	1	773414
3093.884	n/a	NonTarget	1	773471
3094.108	n/a	NonTarget	1	773527
3094.332	n/a	NonTarget	1	773583
3094.56	n/a	Target	2	773640
3094.784	n/a	NonTarget	1	773696
3095.012	n/a	NonTarget	1	773753
3095.236	n/a	NonTarget	1	773809
3095.464	n/a	NonTarget	1	773866
3095.688	n/a	NonTarget	1	773922
3095.916	n/a	NonTarget	1	773979
3096.14	n/a	Target	2	774035
3096.364	n/a	NonTarget	1	774091
3096.592	n/a	NonTarget	1	774148
3096.816	n/a	NonTarget	1	774204
3097.04	n/a	NonTarget	1	774260
3097.268	n/a	NonTarget	1	774317
3097.492	n/a	NonTarget	1	774373
3097.72	n/a	Target	2	774430
3097.944	n/a	NonTarget	1	774486
3098.172	n/a	NonTarget	1	774543
3098.396	n/a	NonTarget	1	774599
3098.624	n/a	NonTarget	1	774656
3098.848	n/a	NonTarget	1	774712
3099.072	n/a	NonTarget	1	774768
3099.3	n/a	NonTarget	1	774825
3099.524	n/a	Target	2	774881
3099.748	n/a	NonTarget	1	774937
3099.976	n/a	NonTarget	1	774994
3100.2	n/a	NonTarget	1	775050
3100.424	n/a	NonTarget	1	775106
3100.652	n/a	NonTarget	1	775163
3100.876	n/a	Target	2	775219
3101.104	n/a	NonTarget	1	775276
3101.328	n/a	NonTarget	1	775332
3101.552	n/a	NonTarget	1	775388
3101.776	n/a	NonTarget	1	775444
3102.004	n/a	Target	2	775501
3102.228	n/a	NonTarget	1	775557
3102.456	n/a	NonTarget	1	775614
3102.68	n/a	NonTarget	1	775670
3102.908	n/a	NonTarget	1	775727
3103.132	n/a	Target	2	775783
3103.356	n/a	NonTarget	1	775839
3103.584	n/a	NonTarget	1	775896
3103.808	n/a	NonTarget	1	775952
3104.036	n/a	NonTarget	1	776009
3104.26	n/a	Target	2	776065
3104.484	n/a	NonTarget	1	776121
3104.712	n/a	NonTarget	1	776178
3104.936	n/a	NonTarget	1	776234
3105.16	n/a	NonTarget	1	776290
3105.388	n/a	Target	2	776347
3105.612	n/a	NonTarget	1	776403
3105.84	n/a	NonTarget	1	776460
3106.064	n/a	NonTarget	1	776516
3106.288	n/a	NonTarget	1	776572
3106.516	n/a	Target	2	776629
3106.74	n/a	NonTarget	1	776685
3106.964	n/a	NonTarget	1	776741
3107.192	n/a	NonTarget	1	776798
3107.416	n/a	NonTarget	1	776854
3107.64	n/a	Target	2	776910
3107.868	n/a	NonTarget	1	776967
3108.092	n/a	NonTarget	1	777023
3108.32	n/a	NonTarget	1	777080
3108.544	n/a	NonTarget	1	777136
3108.772	n/a	Target	2	777193
3108.996	n/a	NonTarget	1	777249
3109.22	n/a	NonTarget	1	777305
3109.448	n/a	NonTarget	1	777362
3109.672	n/a	NonTarget	1	777418
3109.9	n/a	NonTarget	1	777475
3110.124	n/a	Target	2	777531
3110.348	n/a	NonTarget	1	777587
3110.576	n/a	NonTarget	1	777644
3110.8	n/a	NonTarget	1	777700
3111.028	n/a	NonTarget	1	777757
3111.252	n/a	Target	2	777813
3111.48	n/a	NonTarget	1	777870
3111.704	n/a	NonTarget	1	777926
3111.932	n/a	NonTarget	1	777983
3112.156	n/a	NonTarget	1	778039
3112.384	n/a	Target	2	778096
3112.608	n/a	NonTarget	1	778152
3112.832	n/a	NonTarget	1	778208
3113.06	n/a	NonTarget	1	778265
3113.284	n/a	NonTarget	1	778321
3113.508	n/a	Target	2	778377
3122.276	n/a	NonTarget	1	780569
3122.504	n/a	NonTarget	1	780626
3122.728	n/a	NonTarget	1	780682
3122.952	n/a	Target	2	780738
3123.18	n/a	NonTarget	1	780795
3123.404	n/a	NonTarget	1	780851
3123.628	n/a	NonTarget	1	780907
3123.852	n/a	NonTarget	1	780963
3124.08	n/a	NonTarget	1	781020
3124.304	n/a	Target	2	781076
3124.532	n/a	NonTarget	1	781133
3124.756	n/a	NonTarget	1	781189
3124.984	n/a	NonTarget	1	781246
3125.208	n/a	NonTarget	1	781302
3125.432	n/a	NonTarget	1	781358
3125.66	n/a	NonTarget	1	781415
3125.884	n/a	Target	2	781471
3126.112	n/a	NonTarget	1	781528
3126.336	n/a	NonTarget	1	781584
3126.56	n/a	NonTarget	1	781640
3126.788	n/a	NonTarget	1	781697
3127.012	n/a	NonTarget	1	781753
3127.236	n/a	NonTarget	1	781809
3127.464	n/a	NonTarget	1	781866
3127.688	n/a	NonTarget	1	781922
3127.912	n/a	NonTarget	1	781978
3128.14	n/a	Target	2	782035
3128.364	n/a	NonTarget	1	782091
3128.588	n/a	NonTarget	1	782147
3128.812	n/a	NonTarget	1	782203
3129.04	n/a	NonTarget	1	782260
3129.264	n/a	NonTarget	1	782316
3129.492	n/a	NonTarget	1	782373
3129.716	n/a	NonTarget	1	782429
3129.94	n/a	Target	2	782485
3130.168	n/a	NonTarget	1	782542
3130.392	n/a	NonTarget	1	782598
3130.62	n/a	NonTarget	1	782655
3130.844	n/a	NonTarget	1	782711
3131.068	n/a	Target	2	782767
3131.292	n/a	NonTarget	1	782823
3131.52	n/a	NonTarget	1	782880
3131.744	n/a	NonTarget	1	782936
3131.968	n/a	NonTarget	1	782992
3132.196	n/a	NonTarget	1	783049
3132.424	n/a	Target	2	783106
3132.648	n/a	NonTarget	1	783162
3132.872	n/a	NonTarget	1	783218
3133.1	n/a	NonTarget	1	783275
3133.324	n/a	NonTarget	1	783331
3133.548	n/a	NonTarget	1	783387
3133.776	n/a	NonTarget	1	783444
3134.0	n/a	Target	2	783500
3134.224	n/a	NonTarget	1	783556
3134.452	n/a	NonTarget	1	783613
3134.676	n/a	NonTarget	1	783669
3134.904	n/a	NonTarget	1	783726
3135.128	n/a	Target	2	783782
3135.352	n/a	NonTarget	1	783838
3135.58	n/a	NonTarget	1	783895
3135.804	n/a	NonTarget	1	783951
3136.032	n/a	NonTarget	1	784008
3136.256	n/a	NonTarget	1	784064
3136.484	n/a	NonTarget	1	784121
3136.708	n/a	NonTarget	1	784177
3136.932	n/a	Target	2	784233
3137.16	n/a	NonTarget	1	784290
3137.384	n/a	NonTarget	1	784346
3137.608	n/a	NonTarget	1	784402
3137.836	n/a	NonTarget	1	784459
3138.06	n/a	NonTarget	1	784515
3138.284	n/a	NonTarget	1	784571
3138.512	n/a	NonTarget	1	784628
3138.736	n/a	NonTarget	1	784684
3138.964	n/a	Target	2	784741
3139.188	n/a	NonTarget	1	784797
3139.412	n/a	NonTarget	1	784853
3139.64	n/a	NonTarget	1	784910
3139.864	n/a	NonTarget	1	784966
3140.088	n/a	NonTarget	1	785022
3140.316	n/a	Target	2	785079
3140.54	n/a	NonTarget	1	785135
3140.768	n/a	NonTarget	1	785192
3140.992	n/a	NonTarget	1	785248
3141.216	n/a	NonTarget	1	785304
3141.444	n/a	Target	2	785361
3141.668	n/a	NonTarget	1	785417
3141.896	n/a	NonTarget	1	785474
3142.12	n/a	NonTarget	1	785530
3142.348	n/a	NonTarget	1	785587
3142.572	n/a	Target	2	785643
3142.8	n/a	NonTarget	1	785700
3143.024	n/a	NonTarget	1	785756
3143.248	n/a	NonTarget	1	785812
3143.476	n/a	NonTarget	1	785869
3143.7	n/a	NonTarget	1	785925
3143.928	n/a	Target	2	785982
3144.152	n/a	NonTarget	1	786038
3144.376	n/a	NonTarget	1	786094
3144.6	n/a	NonTarget	1	786150
3144.828	n/a	NonTarget	1	786207
3145.052	n/a	Target	2	786263
3145.28	n/a	NonTarget	1	786320
3145.504	n/a	NonTarget	1	786376
3145.728	n/a	NonTarget	1	786432
3145.956	n/a	NonTarget	1	786489
3146.18	n/a	Target	2	786545
3146.408	n/a	NonTarget	1	786602
3146.632	n/a	NonTarget	1	786658
3146.856	n/a	NonTarget	1	786714
3147.084	n/a	NonTarget	1	786771
3147.308	n/a	Target	2	786827
3147.532	n/a	NonTarget	1	786883
3147.76	n/a	NonTarget	1	786940
3147.984	n/a	NonTarget	1	786996
3148.212	n/a	NonTarget	1	787053
3148.436	n/a	NonTarget	1	787109
3148.664	n/a	NonTarget	1	787166
3148.888	n/a	NonTarget	1	787222
3149.112	n/a	Target	2	787278
3149.34	n/a	NonTarget	1	787335
3149.564	n/a	NonTarget	1	787391
3149.792	n/a	NonTarget	1	787448
3150.016	n/a	NonTarget	1	787504
3150.24	n/a	NonTarget	1	787560
3150.468	n/a	Target	2	787617
3150.692	n/a	NonTarget	1	787673
3150.916	n/a	NonTarget	1	787729
3151.144	n/a	NonTarget	1	787786
3151.368	n/a	NonTarget	1	787842
3151.596	n/a	Target	2	787899
3151.82	n/a	NonTarget	1	787955
3152.044	n/a	NonTarget	1	788011
3152.272	n/a	NonTarget	1	788068
3152.496	n/a	NonTarget	1	788124
3166.06	n/a	NonTarget	1	791515
3166.288	n/a	NonTarget	1	791572
3166.512	n/a	NonTarget	1	791628
3166.736	n/a	Target	2	791684
3166.96	n/a	NonTarget	1	791740
3167.188	n/a	NonTarget	1	791797
3167.412	n/a	NonTarget	1	791853
3167.636	n/a	NonTarget	1	791909
3167.864	n/a	NonTarget	1	791966
3168.088	n/a	NonTarget	1	792022
3168.312	n/a	NonTarget	1	792078
3168.54	n/a	Target	2	792135
3168.764	n/a	NonTarget	1	792191
3168.992	n/a	NonTarget	1	792248
3169.216	n/a	NonTarget	1	792304
3169.44	n/a	NonTarget	1	792360
3169.664	n/a	NonTarget	1	792416
3169.892	n/a	NonTarget	1	792473
3170.116	n/a	NonTarget	1	792529
3170.34	n/a	NonTarget	1	792585
3170.568	n/a	NonTarget	1	792642
3170.792	n/a	NonTarget	1	792698
3171.016	n/a	NonTarget	1	792754
3171.24	n/a	Target	2	792810
3171.468	n/a	NonTarget	1	792867
3171.692	n/a	NonTarget	1	792923
3171.916	n/a	NonTarget	1	792979
3172.144	n/a	NonTarget	1	793036
3172.368	n/a	NonTarget	1	793092
3172.592	n/a	NonTarget	1	793148
3172.82	n/a	NonTarget	1	793205
3173.044	n/a	Target	2	793261
3173.268	n/a	NonTarget	1	793317
3173.496	n/a	NonTarget	1	793374
3173.72	n/a	NonTarget	1	793430
3173.944	n/a	NonTarget	1	793486
3174.172	n/a	NonTarget	1	793543
3174.396	n/a	NonTarget	1	793599
3174.62	n/a	NonTarget	1	793655
3174.848	n/a	NonTarget	1	793712
3175.072	n/a	NonTarget	1	793768
3175.296	n/a	Target	2	793824
3175.524	n/a	NonTarget	1	793881
3175.748	n/a	NonTarget	1	793937
3175.972	n/a	NonTarget	1	793993
3176.196	n/a	NonTarget	1	794049
3176.424	n/a	Target	2	794106
3176.648	n/a	NonTarget	1	794162
3176.876	n/a	NonTarget	1	794219
3177.1	n/a	NonTarget	1	794275
3177.328	n/a	NonTarget	1	794332
3177.552	n/a	NonTarget	1	794388
3177.78	n/a	NonTarget	1	794445
3178.004	n/a	Target	2	794501
3178.232	n/a	NonTarget	1	794558
3178.456	n/a	NonTarget	1	794614
3178.684	n/a	NonTarget	1	794671
3178.908	n/a	NonTarget	1	794727
3179.132	n/a	NonTarget	1	794783
3179.36	n/a	Target	2	794840
3179.584	n/a	NonTarget	1	794896
3179.812	n/a	NonTarget	1	794953
3180.036	n/a	NonTarget	1	795009
3180.26	n/a	NonTarget	1	795065
3180.488	n/a	NonTarget	1	795122
3180.712	n/a	NonTarget	1	795178
3180.936	n/a	Target	2	795234
3181.164	n/a	NonTarget	1	795291
3181.388	n/a	NonTarget	1	795347
3181.612	n/a	NonTarget	1	795403
3181.84	n/a	NonTarget	1	795460
3182.064	n/a	Target	2	795516
3182.292	n/a	NonTarget	1	795573
3182.516	n/a	NonTarget	1	795629
3182.744	n/a	NonTarget	1	795686
3182.968	n/a	NonTarget	1	795742
3183.192	n/a	Target	2	795798
3183.42	n/a	NonTarget	1	795855
3183.644	n/a	NonTarget	1	795911
3183.872	n/a	NonTarget	1	795968
3184.096	n/a	NonTarget	1	796024
3184.32	n/a	Target	2	796080
3184.548	n/a	NonTarget	1	796137
3184.772	n/a	NonTarget	1	796193
3184.996	n/a	NonTarget	1	796249
3185.224	n/a	NonTarget	1	796306
3185.448	n/a	Target	2	796362
3185.676	n/a	NonTarget	1	796419
3185.9	n/a	NonTarget	1	796475
3186.124	n/a	NonTarget	1	796531
3186.352	n/a	NonTarget	1	796588
3186.576	n/a	NonTarget	1	796644
3186.8	n/a	Target	2	796700
3187.028	n/a	NonTarget	1	796757
3187.252	n/a	NonTarget	1	796813
3187.476	n/a	NonTarget	1	796869
3187.704	n/a	NonTarget	1	796926
3187.928	n/a	Target	2	796982
3188.156	n/a	NonTarget	1	797039
3188.38	n/a	NonTarget	1	797095
3188.608	n/a	NonTarget	1	797152
3188.832	n/a	NonTarget	1	797208
3189.056	n/a	Target	2	797264
3189.284	n/a	NonTarget	1	797321
3189.508	n/a	NonTarget	1	797377
3189.736	n/a	NonTarget	1	797434
3189.96	n/a	NonTarget	1	797490
3190.188	n/a	Target	2	797547
3190.412	n/a	NonTarget	1	797603
3190.636	n/a	NonTarget	1	797659
3190.864	n/a	NonTarget	1	797716
3191.088	n/a	NonTarget	1	797772
3191.316	n/a	Target	2	797829
3191.54	n/a	NonTarget	1	797885
3191.764	n/a	NonTarget	1	797941
3191.992	n/a	NonTarget	1	797998
3192.216	n/a	NonTarget	1	798054
3192.44	n/a	NonTarget	1	798110
3192.668	n/a	NonTarget	1	798167
3192.892	n/a	Target	2	798223
3193.12	n/a	NonTarget	1	798280
3193.344	n/a	NonTarget	1	798336
3193.568	n/a	NonTarget	1	798392
3193.792	n/a	NonTarget	1	798448
3194.02	n/a	Target	2	798505
3194.244	n/a	NonTarget	1	798561
3194.472	n/a	NonTarget	1	798618
3194.696	n/a	NonTarget	1	798674
3194.92	n/a	NonTarget	1	798730
3195.148	n/a	Target	2	798787
3195.372	n/a	NonTarget	1	798843
3195.6	n/a	NonTarget	1	798900
3195.824	n/a	NonTarget	1	798956
3196.052	n/a	NonTarget	1	799013
3196.276	n/a	NonTarget	1	799069
3205.036	n/a	NonTarget	1	801259
3205.26	n/a	NonTarget	1	801315
3205.488	n/a	NonTarget	1	801372
3205.712	n/a	NonTarget	1	801428
3205.936	n/a	NonTarget	1	801484
3206.16	n/a	NonTarget	1	801540
3206.388	n/a	NonTarget	1	801597
3206.612	n/a	Target	2	801653
3206.84	n/a	NonTarget	1	801710
3207.064	n/a	NonTarget	1	801766
3207.288	n/a	NonTarget	1	801822
3207.516	n/a	NonTarget	1	801879
3207.74	n/a	NonTarget	1	801935
3207.968	n/a	NonTarget	1	801992
3208.192	n/a	Target	2	802048
3208.416	n/a	NonTarget	1	802104
3208.644	n/a	NonTarget	1	802161
3208.868	n/a	NonTarget	1	802217
3209.092	n/a	NonTarget	1	802273
3209.32	n/a	NonTarget	1	802330
3209.544	n/a	NonTarget	1	802386
3209.768	n/a	Target	2	802442
3209.996	n/a	NonTarget	1	802499
3210.22	n/a	NonTarget	1	802555
3210.448	n/a	NonTarget	1	802612
3210.672	n/a	NonTarget	1	802668
3210.896	n/a	NonTarget	1	802724
3211.124	n/a	NonTarget	1	802781
3211.348	n/a	NonTarget	1	802837
3211.576	n/a	NonTarget	1	802894
3211.8	n/a	Target	2	802950
3212.028	n/a	NonTarget	1	803007
3212.252	n/a	NonTarget	1	803063
3212.476	n/a	NonTarget	1	803119
3212.704	n/a	NonTarget	1	803176
3212.928	n/a	NonTarget	1	803232
3213.156	n/a	NonTarget	1	803289
3213.38	n/a	NonTarget	1	803345
3213.604	n/a	NonTarget	1	803401
3213.832	n/a	Target	2	803458
3214.056	n/a	NonTarget	1	803514
3214.284	n/a	NonTarget	1	803571
3214.508	n/a	NonTarget	1	803627
3214.732	n/a	NonTarget	1	803683
3214.96	n/a	NonTarget	1	803740
3215.184	n/a	Target	2	803796
3215.412	n/a	NonTarget	1	803853
3215.636	n/a	NonTarget	1	803909
3215.864	n/a	NonTarget	1	803966
3216.088	n/a	NonTarget	1	804022
3216.316	n/a	Target	2	804079
3216.54	n/a	NonTarget	1	804135
3216.764	n/a	NonTarget	1	804191
3216.992	n/a	NonTarget	1	804248
3217.216	n/a	NonTarget	1	804304
3217.44	n/a	NonTarget	1	804360
3217.668	n/a	Target	2	804417
3217.892	n/a	NonTarget	1	804473
3218.116	n/a	NonTarget	1	804529
3218.344	n/a	NonTarget	1	804586
3218.568	n/a	NonTarget	1	804642
3218.792	n/a	NonTarget	1	804698
3219.02	n/a	Target	2	804755
3219.244	n/a	NonTarget	1	804811
3219.472	n/a	NonTarget	1	804868
3219.696	n/a	NonTarget	1	804924
3219.92	n/a	NonTarget	1	804980
3220.148	n/a	Target	2	805037
3220.372	n/a	NonTarget	1	805093
3220.6	n/a	NonTarget	1	805150
3220.824	n/a	NonTarget	1	805206
3221.052	n/a	NonTarget	1	805263
3221.276	n/a	Target	2	805319
3221.5	n/a	NonTarget	1	805375
3221.728	n/a	NonTarget	1	805432
3221.952	n/a	NonTarget	1	805488
3222.18	n/a	NonTarget	1	805545
3222.404	n/a	NonTarget	1	805601
3222.628	n/a	Target	2	805657
3222.852	n/a	NonTarget	1	805713
3223.08	n/a	NonTarget	1	805770
3223.304	n/a	NonTarget	1	805826
3223.532	n/a	NonTarget	1	805883
3223.756	n/a	NonTarget	1	805939
3223.98	n/a	Target	2	805995
3224.208	n/a	NonTarget	1	806052
3224.432	n/a	NonTarget	1	806108
3224.66	n/a	NonTarget	1	806165
3224.884	n/a	NonTarget	1	806221
3225.108	n/a	NonTarget	1	806277
3225.336	n/a	NonTarget	1	806334
3225.56	n/a	Target	2	806390
3225.784	n/a	NonTarget	1	806446
3226.012	n/a	NonTarget	1	806503
3226.236	n/a	NonTarget	1	806559
3226.464	n/a	NonTarget	1	806616
3226.688	n/a	Target	2	806672
3226.916	n/a	NonTarget	1	806729
3227.14	n/a	NonTarget	1	806785
3227.364	n/a	NonTarget	1	806841
3227.592	n/a	NonTarget	1	806898
3227.816	n/a	Target	2	806954
3228.044	n/a	NonTarget	1	807011
3228.268	n/a	NonTarget	1	807067
3228.496	n/a	NonTarget	1	807124
3228.72	n/a	NonTarget	1	807180
3228.944	n/a	NonTarget	1	807236
3229.172	n/a	Target	2	807293
3229.396	n/a	NonTarget	1	807349
3229.624	n/a	NonTarget	1	807406
3229.848	n/a	NonTarget	1	807462
3230.072	n/a	NonTarget	1	807518
3230.296	n/a	Target	2	807574
3230.524	n/a	NonTarget	1	807631
3230.748	n/a	NonTarget	1	807687
3230.972	n/a	NonTarget	1	807743
3231.2	n/a	NonTarget	1	807800
3231.424	n/a	Target	2	807856
3231.648	n/a	NonTarget	1	807912
3231.872	n/a	NonTarget	1	807968
3232.1	n/a	NonTarget	1	808025
3232.324	n/a	NonTarget	1	808081
3232.552	n/a	Target	2	808138
3232.776	n/a	NonTarget	1	808194
3233.0	n/a	NonTarget	1	808250
3233.228	n/a	NonTarget	1	808307
3233.452	n/a	NonTarget	1	808363
3233.676	n/a	NonTarget	1	808419
3233.904	n/a	Target	2	808476
3234.128	n/a	NonTarget	1	808532
3234.356	n/a	NonTarget	1	808589
3234.58	n/a	NonTarget	1	808645
3234.804	n/a	NonTarget	1	808701
3235.032	n/a	NonTarget	1	808758
3235.256	n/a	NonTarget	1	808814
3250.068	n/a	NonTarget	1	812517
3250.292	n/a	NonTarget	1	812573
3250.516	n/a	NonTarget	1	812629
3250.74	n/a	NonTarget	1	812685
3250.964	n/a	NonTarget	1	812741
3251.192	n/a	Target	2	812798
3251.416	n/a	NonTarget	1	812854
3251.64	n/a	NonTarget	1	812910
3251.868	n/a	NonTarget	1	812967
3252.092	n/a	NonTarget	1	813023
3252.32	n/a	NonTarget	1	813080
3252.544	n/a	NonTarget	1	813136
3252.768	n/a	NonTarget	1	813192
3252.996	n/a	NonTarget	1	813249
3253.22	n/a	Target	2	813305
3253.444	n/a	NonTarget	1	813361
3253.668	n/a	NonTarget	1	813417
3253.896	n/a	NonTarget	1	813474
3254.12	n/a	NonTarget	1	813530
3254.344	n/a	NonTarget	1	813586
3254.572	n/a	Target	2	813643
3254.796	n/a	NonTarget	1	813699
3255.024	n/a	NonTarget	1	813756
3255.248	n/a	NonTarget	1	813812
3255.476	n/a	NonTarget	1	813869
3255.7	n/a	NonTarget	1	813925
3255.924	n/a	NonTarget	1	813981
3256.152	n/a	NonTarget	1	814038
3256.376	n/a	NonTarget	1	814094
3256.604	n/a	Target	2	814151
3256.828	n/a	NonTarget	1	814207
3257.052	n/a	NonTarget	1	814263
3257.28	n/a	NonTarget	1	814320
3257.504	n/a	NonTarget	1	814376
3257.732	n/a	Target	2	814433
3257.956	n/a	NonTarget	1	814489
3258.184	n/a	NonTarget	1	814546
3258.408	n/a	NonTarget	1	814602
3258.632	n/a	NonTarget	1	814658
3258.86	n/a	NonTarget	1	814715
3259.084	n/a	Target	2	814771
3259.308	n/a	NonTarget	1	814827
3259.536	n/a	NonTarget	1	814884
3259.76	n/a	NonTarget	1	814940
3259.988	n/a	NonTarget	1	814997
3260.212	n/a	NonTarget	1	815053
3260.436	n/a	NonTarget	1	815109
3260.664	n/a	NonTarget	1	815166
3260.888	n/a	NonTarget	1	815222
3261.112	n/a	Target	2	815278
3261.34	n/a	NonTarget	1	815335
3261.564	n/a	NonTarget	1	815391
3261.792	n/a	NonTarget	1	815448
3262.016	n/a	NonTarget	1	815504
3262.24	n/a	Target	2	815560
3262.468	n/a	NonTarget	1	815617
3262.692	n/a	NonTarget	1	815673
3262.916	n/a	NonTarget	1	815729
3263.144	n/a	NonTarget	1	815786
3263.368	n/a	Target	2	815842
3263.592	n/a	NonTarget	1	815898
3263.82	n/a	NonTarget	1	815955
3264.044	n/a	NonTarget	1	816011
3264.268	n/a	NonTarget	1	816067
3264.496	n/a	Target	2	816124
3264.72	n/a	NonTarget	1	816180
3264.948	n/a	NonTarget	1	816237
3265.172	n/a	NonTarget	1	816293
3265.4	n/a	NonTarget	1	816350
3265.624	n/a	NonTarget	1	816406
3265.848	n/a	Target	2	816462
3266.076	n/a	NonTarget	1	816519
3266.3	n/a	NonTarget	1	816575
3266.528	n/a	NonTarget	1	816632
3266.752	n/a	NonTarget	1	816688
3266.976	n/a	NonTarget	1	816744
3267.204	n/a	Target	2	816801
3267.428	n/a	NonTarget	1	816857
3267.652	n/a	NonTarget	1	816913
3267.88	n/a	NonTarget	1	816970
3268.104	n/a	NonTarget	1	817026
3268.332	n/a	NonTarget	1	817083
3268.556	n/a	Target	2	817139
3268.78	n/a	NonTarget	1	817195
3269.004	n/a	NonTarget	1	817251
3269.232	n/a	NonTarget	1	817308
3269.456	n/a	NonTarget	1	817364
3269.684	n/a	Target	2	817421
3269.908	n/a	NonTarget	1	817477
3270.132	n/a	NonTarget	1	817533
3270.36	n/a	NonTarget	1	817590
3270.584	n/a	NonTarget	1	817646
3270.812	n/a	NonTarget	1	817703
3271.036	n/a	NonTarget	1	817759
3271.264	n/a	Target	2	817816
3271.488	n/a	NonTarget	1	817872
3271.712	n/a	NonTarget	1	817928
3271.94	n/a	NonTarget	1	817985
3272.164	n/a	NonTarget	1	818041
3272.388	n/a	NonTarget	1	818097
3272.616	n/a	Target	2	818154
3272.84	n/a	NonTarget	1	818210
3273.068	n/a	NonTarget	1	818267
3273.292	n/a	NonTarget	1	818323
3273.516	n/a	NonTarget	1	818379
3273.744	n/a	Target	2	818436
3273.968	n/a	NonTarget	1	818492
3274.192	n/a	NonTarget	1	818548
3274.42	n/a	NonTarget	1	818605
3274.644	n/a	NonTarget	1	818661
3274.868	n/a	NonTarget	1	818717
3275.096	n/a	Target	2	818774
3275.32	n/a	NonTarget	1	818830
3275.548	n/a	NonTarget	1	818887
3275.772	n/a	NonTarget	1	818943
3275.996	n/a	NonTarget	1	818999
3276.224	n/a	NonTarget	1	819056
3276.448	n/a	NonTarget	1	819112
3276.672	n/a	NonTarget	1	819168
3276.9	n/a	NonTarget	1	819225
3277.124	n/a	NonTarget	1	819281
3277.352	n/a	Target	2	819338
3277.576	n/a	NonTarget	1	819394
3277.8	n/a	NonTarget	1	819450
3278.028	n/a	NonTarget	1	819507
3278.252	n/a	NonTarget	1	819563
3278.48	n/a	Target	2	819620
3278.704	n/a	NonTarget	1	819676
3278.932	n/a	NonTarget	1	819733
3279.156	n/a	NonTarget	1	819789
3279.38	n/a	NonTarget	1	819845
3279.608	n/a	Target	2	819902
3279.832	n/a	NonTarget	1	819958
3280.056	n/a	NonTarget	1	820014
3280.284	n/a	NonTarget	1	820071
3289.052	n/a	NonTarget	1	822263
3289.28	n/a	NonTarget	1	822320
3289.504	n/a	NonTarget	1	822376
3289.732	n/a	NonTarget	1	822433
3289.956	n/a	NonTarget	1	822489
3290.18	n/a	NonTarget	1	822545
3290.408	n/a	NonTarget	1	822602
3290.632	n/a	NonTarget	1	822658
3290.86	n/a	Target	2	822715
3291.084	n/a	NonTarget	1	822771
3291.308	n/a	NonTarget	1	822827
3291.536	n/a	NonTarget	1	822884
3291.76	n/a	NonTarget	1	822940
3291.988	n/a	NonTarget	1	822997
3292.212	n/a	NonTarget	1	823053
3292.44	n/a	Target	2	823110
3292.664	n/a	NonTarget	1	823166
3292.888	n/a	NonTarget	1	823222
3293.112	n/a	NonTarget	1	823278
3293.34	n/a	NonTarget	1	823335
3293.564	n/a	NonTarget	1	823391
3293.788	n/a	NonTarget	1	823447
3294.016	n/a	NonTarget	1	823504
3294.24	n/a	NonTarget	1	823560
3294.464	n/a	Target	2	823616
3294.692	n/a	NonTarget	1	823673
3294.916	n/a	NonTarget	1	823729
3295.14	n/a	NonTarget	1	823785
3295.368	n/a	NonTarget	1	823842
3295.592	n/a	NonTarget	1	823898
3295.816	n/a	NonTarget	1	823954
3296.044	n/a	NonTarget	1	824011
3296.268	n/a	NonTarget	1	824067
3296.492	n/a	Target	2	824123
3296.72	n/a	NonTarget	1	824180
3296.944	n/a	NonTarget	1	824236
3297.168	n/a	NonTarget	1	824292
3297.392	n/a	NonTarget	1	824348
3297.62	n/a	NonTarget	1	824405
3297.844	n/a	NonTarget	1	824461
3298.072	n/a	Target	2	824518
3298.296	n/a	NonTarget	1	824574
3298.52	n/a	NonTarget	1	824630
3298.748	n/a	NonTarget	1	824687
3298.972	n/a	NonTarget	1	824743
3299.196	n/a	NonTarget	1	824799
3299.424	n/a	NonTarget	1	824856
3299.648	n/a	NonTarget	1	824912
3299.876	n/a	NonTarget	1	824969
3300.1	n/a	NonTarget	1	825025
3300.324	n/a	Target	2	825081
3300.552	n/a	NonTarget	1	825138
3300.776	n/a	NonTarget	1	825194
3301.0	n/a	NonTarget	1	825250
3301.228	n/a	NonTarget	1	825307
3301.452	n/a	NonTarget	1	825363
3301.68	n/a	NonTarget	1	825420
3301.904	n/a	NonTarget	1	825476
3302.128	n/a	NonTarget	1	825532
3302.352	n/a	NonTarget	1	825588
3302.58	n/a	NonTarget	1	825645
3302.804	n/a	Target	2	825701
3303.032	n/a	NonTarget	1	825758
3303.256	n/a	NonTarget	1	825814
3303.484	n/a	NonTarget	1	825871
3303.708	n/a	NonTarget	1	825927
3303.932	n/a	NonTarget	1	825983
3304.16	n/a	NonTarget	1	826040
3304.384	n/a	Target	2	826096
3304.612	n/a	NonTarget	1	826153
3304.836	n/a	NonTarget	1	826209
3305.064	n/a	NonTarget	1	826266
3305.288	n/a	NonTarget	1	826322
3305.512	n/a	NonTarget	1	826378
3305.74	n/a	NonTarget	1	826435
3305.964	n/a	Target	2	826491
3306.192	n/a	NonTarget	1	826548
3306.416	n/a	NonTarget	1	826604
3306.644	n/a	NonTarget	1	826661
3306.868	n/a	NonTarget	1	826717
3307.092	n/a	NonTarget	1	826773
3307.316	n/a	Target	2	826829
3307.544	n/a	NonTarget	1	826886
3307.768	n/a	NonTarget	1	826942
3307.996	n/a	NonTarget	1	826999
3308.22	n/a	NonTarget	1	827055
3308.444	n/a	NonTarget	1	827111
3308.672	n/a	NonTarget	1	827168
3308.896	n/a	Target	2	827224
3309.12	n/a	NonTarget	1	827280
3309.348	n/a	NonTarget	1	827337
3309.572	n/a	NonTarget	1	827393
3309.796	n/a	NonTarget	1	827449
3310.024	n/a	NonTarget	1	827506
3310.248	n/a	Target	2	827562
3310.476	n/a	NonTarget	1	827619
3310.7	n/a	NonTarget	1	827675
3310.924	n/a	NonTarget	1	827731
3311.152	n/a	NonTarget	1	827788
3311.38	n/a	NonTarget	1	827845
3311.604	n/a	Target	2	827901
3311.828	n/a	NonTarget	1	827957
3312.056	n/a	NonTarget	1	828014
3312.28	n/a	NonTarget	1	828070
3312.508	n/a	NonTarget	1	828127
3312.732	n/a	NonTarget	1	828183
3312.956	n/a	Target	2	828239
3313.184	n/a	NonTarget	1	828296
3313.408	n/a	NonTarget	1	828352
3313.636	n/a	NonTarget	1	828409
3313.86	n/a	NonTarget	1	828465
3314.088	n/a	NonTarget	1	828522
3314.312	n/a	NonTarget	1	828578
3314.536	n/a	NonTarget	1	828634
3314.764	n/a	NonTarget	1	828691
3314.988	n/a	NonTarget	1	828747
3315.216	n/a	NonTarget	1	828804
3315.44	n/a	NonTarget	1	828860
3315.664	n/a	NonTarget	1	828916
3315.892	n/a	NonTarget	1	828973
3316.116	n/a	NonTarget	1	829029
3316.344	n/a	NonTarget	1	829086
3316.568	n/a	NonTarget	1	829142
3316.796	n/a	NonTarget	1	829199
3317.02	n/a	NonTarget	1	829255
3317.244	n/a	NonTarget	1	829311
3317.472	n/a	NonTarget	1	829368
3317.696	n/a	NonTarget	1	829424
3317.924	n/a	Target	2	829481
3318.148	n/a	NonTarget	1	829537
3318.376	n/a	NonTarget	1	829594
3318.6	n/a	NonTarget	1	829650
3318.824	n/a	NonTarget	1	829706
3319.052	n/a	Target	2	829763
3319.276	n/a	NonTarget	1	829819
3331.568	n/a	NonTarget	1	832892
3331.792	n/a	NonTarget	1	832948
3332.016	n/a	NonTarget	1	833004
3332.244	n/a	NonTarget	1	833061
3332.468	n/a	Target	2	833117
3332.696	n/a	NonTarget	1	833174
3332.92	n/a	NonTarget	1	833230
3333.148	n/a	NonTarget	1	833287
3333.372	n/a	NonTarget	1	833343
3333.6	n/a	NonTarget	1	833400
3333.824	n/a	NonTarget	1	833456
3334.048	n/a	NonTarget	1	833512
3334.276	n/a	Target	2	833569
3334.5	n/a	NonTarget	1	833625
3334.724	n/a	NonTarget	1	833681
3334.952	n/a	NonTarget	1	833738
3335.176	n/a	NonTarget	1	833794
3335.404	n/a	NonTarget	1	833851
3335.628	n/a	NonTarget	1	833907
3335.852	n/a	NonTarget	1	833963
3336.08	n/a	NonTarget	1	834020
3336.304	n/a	NonTarget	1	834076
3336.532	n/a	NonTarget	1	834133
3336.756	n/a	Target	2	834189
3336.98	n/a	NonTarget	1	834245
3337.204	n/a	NonTarget	1	834301
3337.428	n/a	NonTarget	1	834357
3337.656	n/a	NonTarget	1	834414
3337.88	n/a	NonTarget	1	834470
3338.108	n/a	NonTarget	1	834527
3338.332	n/a	Target	2	834583
3338.556	n/a	NonTarget	1	834639
3338.784	n/a	NonTarget	1	834696
3339.008	n/a	NonTarget	1	834752
3339.232	n/a	NonTarget	1	834808
3339.456	n/a	NonTarget	1	834864
3339.68	n/a	NonTarget	1	834920
3339.908	n/a	NonTarget	1	834977
3340.132	n/a	NonTarget	1	835033
3340.36	n/a	Target	2	835090
3340.584	n/a	NonTarget	1	835146
3340.808	n/a	NonTarget	1	835202
3341.032	n/a	NonTarget	1	835258
3341.256	n/a	NonTarget	1	835314
3341.484	n/a	NonTarget	1	835371
3341.712	n/a	Target	2	835428
3341.936	n/a	NonTarget	1	835484
3342.16	n/a	NonTarget	1	835540
3342.388	n/a	NonTarget	1	835597
3342.612	n/a	NonTarget	1	835653
3342.84	n/a	Target	2	835710
3343.064	n/a	NonTarget	1	835766
3343.288	n/a	NonTarget	1	835822
3343.516	n/a	NonTarget	1	835879
3343.74	n/a	NonTarget	1	835935
3343.968	n/a	Target	2	835992
3344.192	n/a	NonTarget	1	836048
3344.42	n/a	NonTarget	1	836105
3344.644	n/a	NonTarget	1	836161
3344.868	n/a	NonTarget	1	836217
3345.096	n/a	Target	2	836274
3345.32	n/a	NonTarget	1	836330
3345.548	n/a	NonTarget	1	836387
3345.772	n/a	NonTarget	1	836443
3345.996	n/a	NonTarget	1	836499
3346.224	n/a	NonTarget	1	836556
3346.448	n/a	NonTarget	1	836612
3346.672	n/a	Target	2	836668
3346.9	n/a	NonTarget	1	836725
3347.124	n/a	NonTarget	1	836781
3347.348	n/a	NonTarget	1	836837
3347.576	n/a	NonTarget	1	836894
3347.8	n/a	Target	2	836950
3348.028	n/a	NonTarget	1	837007
3348.252	n/a	NonTarget	1	837063
3348.476	n/a	NonTarget	1	837119
3348.704	n/a	NonTarget	1	837176
3348.928	n/a	Target	2	837232
3349.152	n/a	NonTarget	1	837288
3349.38	n/a	NonTarget	1	837345
3349.604	n/a	NonTarget	1	837401
3349.828	n/a	NonTarget	1	837457
3350.056	n/a	NonTarget	1	837514
3350.284	n/a	NonTarget	1	837571
3350.508	n/a	Target	2	837627
3350.732	n/a	NonTarget	1	837683
3350.96	n/a	NonTarget	1	837740
3351.184	n/a	NonTarget	1	837796
3351.412	n/a	NonTarget	1	837853
3351.636	n/a	Target	2	837909
3351.864	n/a	NonTarget	1	837966
3352.088	n/a	NonTarget	1	838022
3352.316	n/a	NonTarget	1	838079
3352.54	n/a	NonTarget	1	838135
3352.764	n/a	Target	2	838191
3352.992	n/a	NonTarget	1	838248
3353.216	n/a	NonTarget	1	838304
3353.444	n/a	NonTarget	1	838361
3353.668	n/a	NonTarget	1	838417
3353.892	n/a	Target	2	838473
3354.12	n/a	NonTarget	1	838530
3354.344	n/a	NonTarget	1	838586
3354.568	n/a	NonTarget	1	838642
3354.796	n/a	NonTarget	1	838699
3355.02	n/a	NonTarget	1	838755
3355.244	n/a	Target	2	838811
3355.472	n/a	NonTarget	1	838868
3355.696	n/a	NonTarget	1	838924
3355.924	n/a	NonTarget	1	838981
3356.148	n/a	NonTarget	1	839037
3356.372	n/a	Target	2	839093
3356.6	n/a	NonTarget	1	839150
3356.824	n/a	NonTarget	1	839206
3357.052	n/a	NonTarget	1	839263
3357.276	n/a	NonTarget	1	839319
3357.504	n/a	NonTarget	1	839376
3357.728	n/a	Target	2	839432
3357.952	n/a	NonTarget	1	839488
3358.18	n/a	NonTarget	1	839545
3358.404	n/a	NonTarget	1	839601
3358.632	n/a	NonTarget	1	839658
3358.856	n/a	NonTarget	1	839714
3359.08	n/a	Target	2	839770
3359.308	n/a	NonTarget	1	839827
3359.532	n/a	NonTarget	1	839883
3359.756	n/a	NonTarget	1	839939
3359.984	n/a	NonTarget	1	839996
3360.208	n/a	NonTarget	1	840052
3360.432	n/a	Target	2	840108
3360.66	n/a	NonTarget	1	840165
3360.884	n/a	NonTarget	1	840221
3361.108	n/a	NonTarget	1	840277
3361.336	n/a	NonTarget	1	840334
3361.56	n/a	Target	2	840390
3361.788	n/a	NonTarget	1	840447
3370.556	n/a	Target	2	842639
3370.78	n/a	NonTarget	1	842695
3371.008	n/a	NonTarget	1	842752
3371.232	n/a	NonTarget	1	842808
3371.456	n/a	NonTarget	1	842864
3371.684	n/a	NonTarget	1	842921
3371.908	n/a	NonTarget	1	842977
3372.136	n/a	NonTarget	1	843034
3372.36	n/a	NonTarget	1	843090
3372.584	n/a	NonTarget	1	843146
3372.812	n/a	NonTarget	1	843203
3373.036	n/a	NonTarget	1	843259
3373.26	n/a	Target	2	843315
3373.484	n/a	NonTarget	1	843371
3373.712	n/a	NonTarget	1	843428
3373.936	n/a	NonTarget	1	843484
3374.16	n/a	NonTarget	1	843540
3374.388	n/a	NonTarget	1	843597
3374.612	n/a	NonTarget	1	843653
3374.836	n/a	NonTarget	1	843709
3375.064	n/a	NonTarget	1	843766
3375.288	n/a	NonTarget	1	843822
3375.512	n/a	NonTarget	1	843878
3375.74	n/a	Target	2	843935
3375.964	n/a	NonTarget	1	843991
3376.192	n/a	NonTarget	1	844048
3376.416	n/a	NonTarget	1	844104
3376.64	n/a	NonTarget	1	844160
3376.864	n/a	NonTarget	1	844216
3377.092	n/a	NonTarget	1	844273
3377.316	n/a	NonTarget	1	844329
3377.54	n/a	NonTarget	1	844385
3377.768	n/a	Target	2	844442
3377.992	n/a	NonTarget	1	844498
3378.216	n/a	NonTarget	1	844554
3378.444	n/a	NonTarget	1	844611
3378.668	n/a	NonTarget	1	844667
3378.892	n/a	NonTarget	1	844723
3379.12	n/a	NonTarget	1	844780
3379.344	n/a	Target	2	844836
3379.568	n/a	NonTarget	1	844892
3379.796	n/a	NonTarget	1	844949
3380.02	n/a	NonTarget	1	845005
3380.248	n/a	NonTarget	1	845062
3380.472	n/a	NonTarget	1	845118
3380.696	n/a	Target	2	845174
3380.924	n/a	NonTarget	1	845231
3381.148	n/a	NonTarget	1	845287
3381.372	n/a	NonTarget	1	845343
3381.6	n/a	NonTarget	1	845400
3381.824	n/a	Target	2	845456
3382.048	n/a	NonTarget	1	845512
3382.276	n/a	NonTarget	1	845569
3382.504	n/a	NonTarget	1	845626
3382.728	n/a	NonTarget	1	845682
3382.952	n/a	NonTarget	1	845738
3383.18	n/a	Target	2	845795
3383.404	n/a	NonTarget	1	845851
3383.632	n/a	NonTarget	1	845908
3383.856	n/a	NonTarget	1	845964
3384.08	n/a	NonTarget	1	846020
3384.308	n/a	NonTarget	1	846077
3384.532	n/a	Target	2	846133
3384.756	n/a	NonTarget	1	846189
3384.984	n/a	NonTarget	1	846246
3385.208	n/a	NonTarget	1	846302
3385.432	n/a	NonTarget	1	846358
3385.66	n/a	Target	2	846415
3385.884	n/a	NonTarget	1	846471
3386.112	n/a	NonTarget	1	846528
3386.336	n/a	NonTarget	1	846584
3386.56	n/a	NonTarget	1	846640
3386.788	n/a	NonTarget	1	846697
3387.012	n/a	NonTarget	1	846753
3387.236	n/a	Target	2	846809
3387.464	n/a	NonTarget	1	846866
3387.688	n/a	NonTarget	1	846922
3387.912	n/a	NonTarget	1	846978
3388.14	n/a	NonTarget	1	847035
3388.368	n/a	Target	2	847092
3388.592	n/a	NonTarget	1	847148
3388.816	n/a	NonTarget	1	847204
3389.044	n/a	NonTarget	1	847261
3389.268	n/a	NonTarget	1	847317
3389.496	n/a	Target	2	847374
3389.72	n/a	NonTarget	1	847430
3389.944	n/a	NonTarget	1	847486
3390.172	n/a	NonTarget	1	847543
3390.396	n/a	NonTarget	1	847599
3390.624	n/a	Target	2	847656
3390.848	n/a	NonTarget	1	847712
3391.076	n/a	NonTarget	1	847769
3391.3	n/a	NonTarget	1	847825
3391.524	n/a	NonTarget	1	847881
3391.748	n/a	Target	2	847937
3391.976	n/a	NonTarget	1	847994
3392.2	n/a	NonTarget	1	848050
3392.428	n/a	NonTarget	1	848107
3392.652	n/a	NonTarget	1	848163
3392.876	n/a	Target	2	848219
3393.104	n/a	NonTarget	1	848276
3393.328	n/a	NonTarget	1	848332
3393.552	n/a	NonTarget	1	848388
3393.78	n/a	NonTarget	1	848445
3394.004	n/a	Target	2	848501
3394.232	n/a	NonTarget	1	848558
3394.456	n/a	NonTarget	1	848614
3394.68	n/a	NonTarget	1	848670
3394.908	n/a	NonTarget	1	848727
3395.132	n/a	Target	2	848783
3395.36	n/a	NonTarget	1	848840
3395.584	n/a	NonTarget	1	848896
3395.812	n/a	NonTarget	1	848953
3396.036	n/a	NonTarget	1	849009
3396.26	n/a	Target	2	849065
3396.488	n/a	NonTarget	1	849122
3396.712	n/a	NonTarget	1	849178
3396.94	n/a	NonTarget	1	849235
3397.164	n/a	NonTarget	1	849291
3397.388	n/a	NonTarget	1	849347
3397.612	n/a	NonTarget	1	849403
3397.84	n/a	NonTarget	1	849460
3398.064	n/a	Target	2	849516
3398.292	n/a	NonTarget	1	849573
3398.516	n/a	NonTarget	1	849629
3398.74	n/a	NonTarget	1	849685
3398.968	n/a	NonTarget	1	849742
3399.192	n/a	Target	2	849798
3399.416	n/a	NonTarget	1	849854
3399.644	n/a	NonTarget	1	849911
3399.868	n/a	NonTarget	1	849967
3400.096	n/a	NonTarget	1	850024
3400.32	n/a	NonTarget	1	850080
3400.548	n/a	Target	2	850137
3400.772	n/a	NonTarget	1	850193
3414.644	n/a	Target	2	853661
3414.872	n/a	NonTarget	1	853718
3415.096	n/a	NonTarget	1	853774
3415.32	n/a	NonTarget	1	853830
3415.548	n/a	NonTarget	1	853887
3415.772	n/a	NonTarget	1	853943
3416.0	n/a	NonTarget	1	854000
3416.224	n/a	NonTarget	1	854056
3416.452	n/a	NonTarget	1	854113
3416.676	n/a	NonTarget	1	854169
3416.9	n/a	NonTarget	1	854225
3417.128	n/a	NonTarget	1	854282
3417.352	n/a	NonTarget	1	854338
3417.576	n/a	Target	2	854394
3417.8	n/a	NonTarget	1	854450
3418.028	n/a	NonTarget	1	854507
3418.252	n/a	NonTarget	1	854563
3418.48	n/a	NonTarget	1	854620
3418.704	n/a	NonTarget	1	854676
3418.928	n/a	NonTarget	1	854732
3419.156	n/a	NonTarget	1	854789
3419.38	n/a	NonTarget	1	854845
3419.604	n/a	NonTarget	1	854901
3419.832	n/a	Target	2	854958
3420.056	n/a	NonTarget	1	855014
3420.28	n/a	NonTarget	1	855070
3420.504	n/a	NonTarget	1	855126
3420.732	n/a	NonTarget	1	855183
3420.956	n/a	NonTarget	1	855239
3421.18	n/a	Target	2	855295
3421.408	n/a	NonTarget	1	855352
3421.632	n/a	NonTarget	1	855408
3421.86	n/a	NonTarget	1	855465
3422.084	n/a	NonTarget	1	855521
3422.308	n/a	NonTarget	1	855577
3422.536	n/a	NonTarget	1	855634
3422.76	n/a	NonTarget	1	855690
3422.988	n/a	Target	2	855747
3423.212	n/a	NonTarget	1	855803
3423.436	n/a	NonTarget	1	855859
3423.66	n/a	NonTarget	1	855915
3423.888	n/a	NonTarget	1	855972
3424.112	n/a	NonTarget	1	856028
3424.34	n/a	NonTarget	1	856085
3424.564	n/a	NonTarget	1	856141
3424.792	n/a	NonTarget	1	856198
3425.016	n/a	Target	2	856254
3425.244	n/a	NonTarget	1	856311
3425.468	n/a	NonTarget	1	856367
3425.692	n/a	NonTarget	1	856423
3425.916	n/a	NonTarget	1	856479
3426.144	n/a	NonTarget	1	856536
3426.368	n/a	Target	2	856592
3426.596	n/a	NonTarget	1	856649
3426.82	n/a	NonTarget	1	856705
3427.044	n/a	NonTarget	1	856761
3427.272	n/a	NonTarget	1	856818
3427.496	n/a	NonTarget	1	856874
3427.72	n/a	Target	2	856930
3427.948	n/a	NonTarget	1	856987
3428.172	n/a	NonTarget	1	857043
3428.4	n/a	NonTarget	1	857100
3428.624	n/a	NonTarget	1	857156
3428.852	n/a	Target	2	857213
3429.076	n/a	NonTarget	1	857269
3429.3	n/a	NonTarget	1	857325
3429.528	n/a	NonTarget	1	857382
3429.752	n/a	NonTarget	1	857438
3429.98	n/a	NonTarget	1	857495
3430.204	n/a	NonTarget	1	857551
3430.428	n/a	NonTarget	1	857607
3430.656	n/a	Target	2	857664
3430.88	n/a	NonTarget	1	857720
3431.104	n/a	NonTarget	1	857776
3431.332	n/a	NonTarget	1	857833
3431.556	n/a	NonTarget	1	857889
3431.78	n/a	Target	2	857945
3432.008	n/a	NonTarget	1	858002
3432.232	n/a	NonTarget	1	858058
3432.456	n/a	NonTarget	1	858114
3432.684	n/a	NonTarget	1	858171
3432.908	n/a	Target	2	858227
3433.136	n/a	NonTarget	1	858284
3433.36	n/a	NonTarget	1	858340
3433.584	n/a	NonTarget	1	858396
3433.812	n/a	NonTarget	1	858453
3434.036	n/a	Target	2	858509
3434.26	n/a	NonTarget	1	858565
3434.488	n/a	NonTarget	1	858622
3434.712	n/a	NonTarget	1	858678
3434.94	n/a	NonTarget	1	858735
3435.164	n/a	Target	2	858791
3435.388	n/a	NonTarget	1	858847
3435.616	n/a	NonTarget	1	858904
3435.84	n/a	NonTarget	1	858960
3436.064	n/a	NonTarget	1	859016
3436.292	n/a	NonTarget	1	859073
3436.52	n/a	Target	2	859130
3436.744	n/a	NonTarget	1	859186
3436.968	n/a	NonTarget	1	859242
3437.196	n/a	NonTarget	1	859299
3437.42	n/a	NonTarget	1	859355
3437.644	n/a	Target	2	859411
3437.872	n/a	NonTarget	1	859468
3438.096	n/a	NonTarget	1	859524
3438.32	n/a	NonTarget	1	859580
3438.548	n/a	NonTarget	1	859637
3438.772	n/a	Target	2	859693
3439.0	n/a	NonTarget	1	859750
3439.224	n/a	NonTarget	1	859806
3439.448	n/a	NonTarget	1	859862
3439.676	n/a	NonTarget	1	859919
3439.9	n/a	NonTarget	1	859975
3440.124	n/a	Target	2	860031
3440.352	n/a	NonTarget	1	860088
3440.576	n/a	NonTarget	1	860144
3440.804	n/a	NonTarget	1	860201
3441.028	n/a	NonTarget	1	860257
3441.252	n/a	NonTarget	1	860313
3441.48	n/a	NonTarget	1	860370
3441.704	n/a	NonTarget	1	860426
3441.932	n/a	NonTarget	1	860483
3442.156	n/a	NonTarget	1	860539
3442.38	n/a	Target	2	860595
3442.608	n/a	NonTarget	1	860652
3442.836	n/a	NonTarget	1	860709
3443.06	n/a	NonTarget	1	860765
3443.284	n/a	NonTarget	1	860821
3443.512	n/a	NonTarget	1	860878
3443.736	n/a	NonTarget	1	860934
3443.964	n/a	Target	2	860991
3444.188	n/a	NonTarget	1	861047
3444.412	n/a	NonTarget	1	861103
3444.64	n/a	NonTarget	1	861160
3463.948	n/a	NonTarget	1	865987
3464.172	n/a	NonTarget	1	866043
3464.4	n/a	NonTarget	1	866100
3464.624	n/a	NonTarget	1	866156
3464.848	n/a	Target	2	866212
3465.072	n/a	NonTarget	1	866268
3465.3	n/a	NonTarget	1	866325
3465.524	n/a	NonTarget	1	866381
3465.752	n/a	NonTarget	1	866438
3465.976	n/a	NonTarget	1	866494
3466.204	n/a	NonTarget	1	866551
3466.428	n/a	Target	2	866607
3466.652	n/a	NonTarget	1	866663
3466.88	n/a	NonTarget	1	866720
3467.104	n/a	NonTarget	1	866776
3467.328	n/a	NonTarget	1	866832
3467.556	n/a	NonTarget	1	866889
3467.78	n/a	NonTarget	1	866945
3468.008	n/a	NonTarget	1	867002
3468.232	n/a	NonTarget	1	867058
3468.456	n/a	Target	2	867114
3468.684	n/a	NonTarget	1	867171
3468.908	n/a	NonTarget	1	867227
3469.136	n/a	NonTarget	1	867284
3469.36	n/a	NonTarget	1	867340
3469.584	n/a	NonTarget	1	867396
3469.812	n/a	NonTarget	1	867453
3470.036	n/a	NonTarget	1	867509
3470.264	n/a	NonTarget	1	867566
3470.488	n/a	Target	2	867622
3470.712	n/a	NonTarget	1	867678
3470.94	n/a	NonTarget	1	867735
3471.164	n/a	NonTarget	1	867791
3471.392	n/a	NonTarget	1	867848
3471.616	n/a	Target	2	867904
3471.84	n/a	NonTarget	1	867960
3472.068	n/a	NonTarget	1	868017
3472.292	n/a	NonTarget	1	868073
3472.516	n/a	NonTarget	1	868129
3472.744	n/a	NonTarget	1	868186
3472.968	n/a	NonTarget	1	868242
3473.192	n/a	NonTarget	1	868298
3473.42	n/a	Target	2	868355
3473.644	n/a	NonTarget	1	868411
3473.868	n/a	NonTarget	1	868467
3474.096	n/a	NonTarget	1	868524
3474.32	n/a	NonTarget	1	868580
3474.544	n/a	NonTarget	1	868636
3474.772	n/a	NonTarget	1	868693
3474.996	n/a	NonTarget	1	868749
3475.224	n/a	NonTarget	1	868806
3475.448	n/a	NonTarget	1	868862
3475.672	n/a	NonTarget	1	868918
3475.9	n/a	NonTarget	1	868975
3476.124	n/a	NonTarget	1	869031
3476.352	n/a	NonTarget	1	869088
3476.576	n/a	NonTarget	1	869144
3476.8	n/a	NonTarget	1	869200
3477.024	n/a	NonTarget	1	869256
3477.252	n/a	Target	2	869313
3477.476	n/a	NonTarget	1	869369
3477.704	n/a	NonTarget	1	869426
3477.928	n/a	NonTarget	1	869482
3478.152	n/a	NonTarget	1	869538
3478.38	n/a	NonTarget	1	869595
3478.604	n/a	NonTarget	1	869651
3478.832	n/a	Target	2	869708
3479.056	n/a	NonTarget	1	869764
3479.284	n/a	NonTarget	1	869821
3479.508	n/a	NonTarget	1	869877
3479.732	n/a	NonTarget	1	869933
3479.96	n/a	NonTarget	1	869990
3480.184	n/a	Target	2	870046
3480.412	n/a	NonTarget	1	870103
3480.636	n/a	NonTarget	1	870159
3480.86	n/a	NonTarget	1	870215
3481.088	n/a	NonTarget	1	870272
3481.312	n/a	Target	2	870328
3481.536	n/a	NonTarget	1	870384
3481.764	n/a	NonTarget	1	870441
3481.988	n/a	NonTarget	1	870497
3482.216	n/a	NonTarget	1	870554
3482.44	n/a	NonTarget	1	870610
3482.664	n/a	Target	2	870666
3482.888	n/a	NonTarget	1	870722
3483.116	n/a	NonTarget	1	870779
3483.34	n/a	NonTarget	1	870835
3483.568	n/a	NonTarget	1	870892
3483.792	n/a	NonTarget	1	870948
3484.02	n/a	NonTarget	1	871005
3484.244	n/a	Target	2	871061
3484.468	n/a	NonTarget	1	871117
3484.696	n/a	NonTarget	1	871174
3484.92	n/a	NonTarget	1	871230
3485.148	n/a	NonTarget	1	871287
3485.372	n/a	NonTarget	1	871343
3485.6	n/a	Target	2	871400
3485.824	n/a	NonTarget	1	871456
3486.048	n/a	NonTarget	1	871512
3486.276	n/a	NonTarget	1	871569
3486.5	n/a	NonTarget	1	871625
3486.728	n/a	NonTarget	1	871682
3486.952	n/a	NonTarget	1	871738
3487.176	n/a	Target	2	871794
3487.404	n/a	NonTarget	1	871851
3487.628	n/a	NonTarget	1	871907
3487.852	n/a	NonTarget	1	871963
3488.08	n/a	NonTarget	1	872020
3488.304	n/a	NonTarget	1	872076
3488.532	n/a	NonTarget	1	872133
3488.756	n/a	Target	2	872189
3488.98	n/a	NonTarget	1	872245
3489.208	n/a	NonTarget	1	872302
3489.432	n/a	NonTarget	1	872358
3489.656	n/a	NonTarget	1	872414
3489.884	n/a	NonTarget	1	872471
3490.108	n/a	Target	2	872527
3490.332	n/a	NonTarget	1	872583
3490.56	n/a	NonTarget	1	872640
3490.784	n/a	NonTarget	1	872696
3491.012	n/a	NonTarget	1	872753
3491.236	n/a	Target	2	872809
3491.46	n/a	NonTarget	1	872865
3491.688	n/a	NonTarget	1	872922
3491.912	n/a	NonTarget	1	872978
3492.14	n/a	NonTarget	1	873035
3492.364	n/a	NonTarget	1	873091
3492.588	n/a	Target	2	873147
3492.816	n/a	NonTarget	1	873204
3493.04	n/a	NonTarget	1	873260
3493.268	n/a	NonTarget	1	873317
3493.492	n/a	NonTarget	1	873373
3493.716	n/a	NonTarget	1	873429
3493.944	n/a	NonTarget	1	873486
3494.168	n/a	Target	2	873542
3508.024	n/a	NonTarget	1	877006
3508.248	n/a	NonTarget	1	877062
3508.476	n/a	NonTarget	1	877119
3508.7	n/a	NonTarget	1	877175
3508.924	n/a	NonTarget	1	877231
3509.148	n/a	NonTarget	1	877287
3509.376	n/a	Target	2	877344
3509.6	n/a	NonTarget	1	877400
3509.824	n/a	NonTarget	1	877456
3510.052	n/a	NonTarget	1	877513
3510.276	n/a	NonTarget	1	877569
3510.5	n/a	NonTarget	1	877625
3510.728	n/a	NonTarget	1	877682
3510.952	n/a	NonTarget	1	877738
3511.18	n/a	NonTarget	1	877795
3511.404	n/a	NonTarget	1	877851
3511.632	n/a	Target	2	877908
3511.856	n/a	NonTarget	1	877964
3512.08	n/a	NonTarget	1	878020
3512.308	n/a	NonTarget	1	878077
3512.532	n/a	NonTarget	1	878133
3512.756	n/a	NonTarget	1	878189
3512.984	n/a	NonTarget	1	878246
3513.208	n/a	NonTarget	1	878302
3513.432	n/a	Target	2	878358
3513.66	n/a	NonTarget	1	878415
3513.884	n/a	NonTarget	1	878471
3514.108	n/a	NonTarget	1	878527
3514.336	n/a	NonTarget	1	878584
3514.564	n/a	NonTarget	1	878641
3514.788	n/a	NonTarget	1	878697
3515.016	n/a	Target	2	878754
3515.24	n/a	NonTarget	1	878810
3515.464	n/a	NonTarget	1	878866
3515.692	n/a	NonTarget	1	878923
3515.916	n/a	NonTarget	1	878979
3516.14	n/a	NonTarget	1	879035
3516.368	n/a	NonTarget	1	879092
3516.592	n/a	NonTarget	1	879148
3516.816	n/a	Target	2	879204
3517.04	n/a	NonTarget	1	879260
3517.268	n/a	NonTarget	1	879317
3517.492	n/a	NonTarget	1	879373
3517.716	n/a	NonTarget	1	879429
3517.94	n/a	NonTarget	1	879485
3518.168	n/a	NonTarget	1	879542
3518.392	n/a	Target	2	879598
3518.62	n/a	NonTarget	1	879655
3518.844	n/a	NonTarget	1	879711
3519.068	n/a	NonTarget	1	879767
3519.296	n/a	NonTarget	1	879824
3519.52	n/a	Target	2	879880
3519.744	n/a	NonTarget	1	879936
3519.972	n/a	NonTarget	1	879993
3520.196	n/a	NonTarget	1	880049
3520.424	n/a	NonTarget	1	880106
3520.648	n/a	NonTarget	1	880162
3520.872	n/a	Target	2	880218
3521.1	n/a	NonTarget	1	880275
3521.324	n/a	NonTarget	1	880331
3521.548	n/a	NonTarget	1	880387
3521.776	n/a	NonTarget	1	880444
3522.0	n/a	NonTarget	1	880500
3522.228	n/a	Target	2	880557
3522.452	n/a	NonTarget	1	880613
3522.676	n/a	NonTarget	1	880669
3522.904	n/a	NonTarget	1	880726
3523.128	n/a	NonTarget	1	880782
3523.356	n/a	Target	2	880839
3523.58	n/a	NonTarget	1	880895
3523.804	n/a	NonTarget	1	880951
3524.032	n/a	NonTarget	1	881008
3524.256	n/a	NonTarget	1	881064
3524.484	n/a	Target	2	881121
3524.708	n/a	NonTarget	1	881177
3524.932	n/a	NonTarget	1	881233
3525.16	n/a	NonTarget	1	881290
3525.384	n/a	NonTarget	1	881346
3525.608	n/a	NonTarget	1	881402
3525.836	n/a	Target	2	881459
3526.06	n/a	NonTarget	1	881515
3526.288	n/a	NonTarget	1	881572
3526.512	n/a	NonTarget	1	881628
3526.736	n/a	NonTarget	1	881684
3526.964	n/a	NonTarget	1	881741
3527.188	n/a	Target	2	881797
3527.412	n/a	NonTarget	1	881853
3527.64	n/a	NonTarget	1	881910
3527.864	n/a	NonTarget	1	881966
3528.088	n/a	NonTarget	1	882022
3528.316	n/a	NonTarget	1	882079
3528.54	n/a	NonTarget	1	882135
3528.768	n/a	NonTarget	1	882192
3528.992	n/a	NonTarget	1	882248
3529.22	n/a	Target	2	882305
3529.444	n/a	NonTarget	1	882361
3529.668	n/a	NonTarget	1	882417
3529.896	n/a	NonTarget	1	882474
3530.12	n/a	NonTarget	1	882530
3530.348	n/a	NonTarget	1	882587
3530.572	n/a	NonTarget	1	882643
3530.796	n/a	Target	2	882699
3531.024	n/a	NonTarget	1	882756
3531.248	n/a	NonTarget	1	882812
3531.472	n/a	NonTarget	1	882868
3531.7	n/a	NonTarget	1	882925
3531.924	n/a	Target	2	882981
3532.148	n/a	NonTarget	1	883037
3532.376	n/a	NonTarget	1	883094
3532.6	n/a	NonTarget	1	883150
3532.824	n/a	NonTarget	1	883206
3533.052	n/a	NonTarget	1	883263
3533.276	n/a	NonTarget	1	883319
3533.504	n/a	NonTarget	1	883376
3533.728	n/a	Target	2	883432
3533.956	n/a	NonTarget	1	883489
3534.18	n/a	NonTarget	1	883545
3534.404	n/a	NonTarget	1	883601
3534.632	n/a	NonTarget	1	883658
3534.856	n/a	Target	2	883714
3535.084	n/a	NonTarget	1	883771
3535.308	n/a	NonTarget	1	883827
3535.532	n/a	NonTarget	1	883883
3535.76	n/a	NonTarget	1	883940
3535.984	n/a	Target	2	883996
3536.212	n/a	NonTarget	1	884053
3536.436	n/a	NonTarget	1	884109
3536.664	n/a	NonTarget	1	884166
3536.888	n/a	NonTarget	1	884222
3537.112	n/a	Target	2	884278
3537.34	n/a	NonTarget	1	884335
3537.564	n/a	NonTarget	1	884391
3537.788	n/a	NonTarget	1	884447
3538.016	n/a	NonTarget	1	884504
3538.24	n/a	Target	2	884560
3547.012	n/a	NonTarget	1	886753
3547.236	n/a	NonTarget	1	886809
3547.46	n/a	NonTarget	1	886865
3547.688	n/a	NonTarget	1	886922
3547.912	n/a	NonTarget	1	886978
3548.14	n/a	NonTarget	1	887035
3548.364	n/a	NonTarget	1	887091
3548.588	n/a	Target	2	887147
3548.816	n/a	NonTarget	1	887204
3549.04	n/a	NonTarget	1	887260
3549.268	n/a	NonTarget	1	887317
3549.492	n/a	NonTarget	1	887373
3549.716	n/a	NonTarget	1	887429
3549.944	n/a	NonTarget	1	887486
3550.168	n/a	NonTarget	1	887542
3550.392	n/a	NonTarget	1	887598
3550.62	n/a	NonTarget	1	887655
3550.844	n/a	Target	2	887711
3551.068	n/a	NonTarget	1	887767
3551.296	n/a	NonTarget	1	887824
3551.52	n/a	NonTarget	1	887880
3551.744	n/a	NonTarget	1	887936
3551.972	n/a	NonTarget	1	887993
3552.196	n/a	NonTarget	1	888049
3552.424	n/a	NonTarget	1	888106
3552.648	n/a	NonTarget	1	888162
3552.872	n/a	NonTarget	1	888218
3553.1	n/a	NonTarget	1	888275
3553.324	n/a	Target	2	888331
3553.548	n/a	NonTarget	1	888387
3553.776	n/a	NonTarget	1	888444
3554.0	n/a	NonTarget	1	888500
3554.224	n/a	NonTarget	1	888556
3554.452	n/a	NonTarget	1	888613
3554.676	n/a	Target	2	888669
3554.904	n/a	NonTarget	1	888726
3555.128	n/a	NonTarget	1	888782
3555.352	n/a	NonTarget	1	888838
3555.58	n/a	NonTarget	1	888895
3555.804	n/a	Target	2	888951
3556.032	n/a	NonTarget	1	889008
3556.256	n/a	NonTarget	1	889064
3556.48	n/a	NonTarget	1	889120
3556.708	n/a	NonTarget	1	889177
3556.932	n/a	Target	2	889233
3557.156	n/a	NonTarget	1	889289
3557.384	n/a	NonTarget	1	889346
3557.608	n/a	NonTarget	1	889402
3557.832	n/a	NonTarget	1	889458
3558.06	n/a	NonTarget	1	889515
3558.284	n/a	NonTarget	1	889571
3558.508	n/a	NonTarget	1	889627
3558.736	n/a	NonTarget	1	889684
3558.96	n/a	Target	2	889740
3559.188	n/a	NonTarget	1	889797
3559.412	n/a	NonTarget	1	889853
3559.636	n/a	NonTarget	1	889909
3559.864	n/a	NonTarget	1	889966
3560.088	n/a	NonTarget	1	890022
3560.316	n/a	NonTarget	1	890079
3560.54	n/a	NonTarget	1	890135
3560.764	n/a	Target	2	890191
3560.992	n/a	NonTarget	1	890248
3561.216	n/a	NonTarget	1	890304
3561.44	n/a	NonTarget	1	890360
3561.668	n/a	NonTarget	1	890417
3561.892	n/a	NonTarget	1	890473
3562.12	n/a	NonTarget	1	890530
3562.344	n/a	NonTarget	1	890586
3562.572	n/a	NonTarget	1	890643
3562.796	n/a	NonTarget	1	890699
3563.02	n/a	NonTarget	1	890755
3563.248	n/a	NonTarget	1	890812
3563.472	n/a	Target	2	890868
3563.696	n/a	NonTarget	1	890924
3563.924	n/a	NonTarget	1	890981
3564.148	n/a	NonTarget	1	891037
3564.372	n/a	NonTarget	1	891093
3564.6	n/a	NonTarget	1	891150
3564.824	n/a	NonTarget	1	891206
3565.048	n/a	Target	2	891262
3565.276	n/a	NonTarget	1	891319
3565.5	n/a	NonTarget	1	891375
3565.728	n/a	NonTarget	1	891432
3565.952	n/a	NonTarget	1	891488
3566.176	n/a	NonTarget	1	891544
3566.404	n/a	Target	2	891601
3566.628	n/a	NonTarget	1	891657
3566.856	n/a	NonTarget	1	891714
3567.08	n/a	NonTarget	1	891770
3567.308	n/a	NonTarget	1	891827
3567.532	n/a	NonTarget	1	891883
3567.756	n/a	NonTarget	1	891939
3567.984	n/a	NonTarget	1	891996
3568.208	n/a	NonTarget	1	892052
3568.436	n/a	NonTarget	1	892109
3568.66	n/a	Target	2	892165
3568.888	n/a	NonTarget	1	892222
3569.112	n/a	NonTarget	1	892278
3569.336	n/a	NonTarget	1	892334
3569.564	n/a	NonTarget	1	892391
3569.788	n/a	Target	2	892447
3570.016	n/a	NonTarget	1	892504
3570.24	n/a	NonTarget	1	892560
3570.464	n/a	NonTarget	1	892616
3570.692	n/a	NonTarget	1	892673
3570.916	n/a	Target	2	892729
3571.14	n/a	NonTarget	1	892785
3571.368	n/a	NonTarget	1	892842
3571.592	n/a	NonTarget	1	892898
3571.816	n/a	NonTarget	1	892954
3572.044	n/a	Target	2	893011
3572.268	n/a	NonTarget	1	893067
3572.492	n/a	NonTarget	1	893123
3572.72	n/a	NonTarget	1	893180
3572.944	n/a	NonTarget	1	893236
3573.172	n/a	Target	2	893293
3573.396	n/a	NonTarget	1	893349
3573.62	n/a	NonTarget	1	893405
3573.848	n/a	NonTarget	1	893462
3574.072	n/a	NonTarget	1	893518
3574.3	n/a	Target	2	893575
3574.524	n/a	NonTarget	1	893631
3574.752	n/a	NonTarget	1	893688
3574.976	n/a	NonTarget	1	893744
3575.2	n/a	NonTarget	1	893800
3575.428	n/a	Target	2	893857
3575.652	n/a	NonTarget	1	893913
3575.876	n/a	NonTarget	1	893969
3576.104	n/a	NonTarget	1	894026
3576.328	n/a	NonTarget	1	894082
3576.556	n/a	NonTarget	1	894139
3576.78	n/a	Target	2	894195
3577.004	n/a	NonTarget	1	894251
3589.0	n/a	NonTarget	1	897250
3589.228	n/a	NonTarget	1	897307
3589.452	n/a	NonTarget	1	897363
3589.68	n/a	NonTarget	1	897420
3589.904	n/a	NonTarget	1	897476
3590.128	n/a	Target	2	897532
3590.356	n/a	NonTarget	1	897589
3590.58	n/a	NonTarget	1	897645
3590.808	n/a	NonTarget	1	897702
3591.032	n/a	NonTarget	1	897758
3591.256	n/a	NonTarget	1	897814
3591.48	n/a	NonTarget	1	897870
3591.708	n/a	NonTarget	1	897927
3591.932	n/a	NonTarget	1	897983
3592.156	n/a	Target	2	898039
3592.384	n/a	NonTarget	1	898096
3592.608	n/a	NonTarget	1	898152
3592.836	n/a	NonTarget	1	898209
3593.06	n/a	NonTarget	1	898265
3593.288	n/a	Target	2	898322
3593.512	n/a	NonTarget	1	898378
3593.736	n/a	NonTarget	1	898434
3593.964	n/a	NonTarget	1	898491
3594.188	n/a	NonTarget	1	898547
3594.412	n/a	NonTarget	1	898603
3594.64	n/a	NonTarget	1	898660
3594.864	n/a	Target	2	898716
3595.092	n/a	NonTarget	1	898773
3595.316	n/a	NonTarget	1	898829
3595.54	n/a	NonTarget	1	898885
3595.768	n/a	NonTarget	1	898942
3595.992	n/a	NonTarget	1	898998
3596.216	n/a	NonTarget	1	899054
3596.444	n/a	NonTarget	1	899111
3596.668	n/a	NonTarget	1	899167
3596.892	n/a	NonTarget	1	899223
3597.116	n/a	NonTarget	1	899279
3597.344	n/a	NonTarget	1	899336
3597.568	n/a	Target	2	899392
3597.792	n/a	NonTarget	1	899448
3598.02	n/a	NonTarget	1	899505
3598.244	n/a	NonTarget	1	899561
3598.468	n/a	NonTarget	1	899617
3598.696	n/a	NonTarget	1	899674
3598.92	n/a	NonTarget	1	899730
3599.144	n/a	Target	2	899786
3599.372	n/a	NonTarget	1	899843
3599.596	n/a	NonTarget	1	899899
3599.824	n/a	NonTarget	1	899956
3600.048	n/a	NonTarget	1	900012
3600.272	n/a	NonTarget	1	900068
3600.5	n/a	NonTarget	1	900125
3600.724	n/a	NonTarget	1	900181
3600.948	n/a	NonTarget	1	900237
3601.176	n/a	NonTarget	1	900294
3601.4	n/a	NonTarget	1	900350
3601.628	n/a	NonTarget	1	900407
3601.852	n/a	NonTarget	1	900463
3602.076	n/a	Target	2	900519
3602.304	n/a	NonTarget	1	900576
3602.528	n/a	NonTarget	1	900632
3602.752	n/a	NonTarget	1	900688
3602.98	n/a	NonTarget	1	900745
3603.208	n/a	NonTarget	1	900802
3603.432	n/a	NonTarget	1	900858
3603.656	n/a	NonTarget	1	900914
3603.884	n/a	NonTarget	1	900971
3604.108	n/a	NonTarget	1	901027
3604.332	n/a	NonTarget	1	901083
3604.56	n/a	NonTarget	1	901140
3604.784	n/a	NonTarget	1	901196
3605.012	n/a	NonTarget	1	901253
3605.236	n/a	NonTarget	1	901309
3605.464	n/a	NonTarget	1	901366
3605.688	n/a	Target	2	901422
3605.912	n/a	NonTarget	1	901478
3606.14	n/a	NonTarget	1	901535
3606.364	n/a	NonTarget	1	901591
3606.588	n/a	NonTarget	1	901647
3606.816	n/a	NonTarget	1	901704
3607.04	n/a	Target	2	901760
3607.268	n/a	NonTarget	1	901817
3607.492	n/a	NonTarget	1	901873
3607.716	n/a	NonTarget	1	901929
3607.944	n/a	NonTarget	1	901986
3608.168	n/a	NonTarget	1	902042
3608.392	n/a	Target	2	902098
3608.62	n/a	NonTarget	1	902155
3608.844	n/a	NonTarget	1	902211
3609.072	n/a	NonTarget	1	902268
3609.296	n/a	NonTarget	1	902324
3609.52	n/a	Target	2	902380
3609.748	n/a	NonTarget	1	902437
3609.972	n/a	NonTarget	1	902493
3610.2	n/a	NonTarget	1	902550
3610.424	n/a	NonTarget	1	902606
3610.648	n/a	Target	2	902662
3610.876	n/a	NonTarget	1	902719
3611.1	n/a	NonTarget	1	902775
3611.328	n/a	NonTarget	1	902832
3611.552	n/a	NonTarget	1	902888
3611.78	n/a	NonTarget	1	902945
3612.004	n/a	Target	2	903001
3612.228	n/a	NonTarget	1	903057
3612.452	n/a	NonTarget	1	903113
3612.68	n/a	NonTarget	1	903170
3612.904	n/a	NonTarget	1	903226
3613.132	n/a	NonTarget	1	903283
3613.356	n/a	NonTarget	1	903339
3613.58	n/a	Target	2	903395
3613.808	n/a	NonTarget	1	903452
3614.032	n/a	NonTarget	1	903508
3614.256	n/a	NonTarget	1	903564
3614.484	n/a	NonTarget	1	903621
3614.708	n/a	Target	2	903677
3614.936	n/a	NonTarget	1	903734
3615.16	n/a	NonTarget	1	903790
3615.388	n/a	NonTarget	1	903847
3615.612	n/a	NonTarget	1	903903
3615.84	n/a	Target	2	903960
3616.064	n/a	NonTarget	1	904016
3616.288	n/a	NonTarget	1	904072
3616.516	n/a	NonTarget	1	904129
3616.74	n/a	NonTarget	1	904185
3616.968	n/a	Target	2	904242
3617.192	n/a	NonTarget	1	904298
3617.416	n/a	NonTarget	1	904354
3617.644	n/a	NonTarget	1	904411
3617.868	n/a	NonTarget	1	904467
3618.092	n/a	Target	2	904523
3618.32	n/a	NonTarget	1	904580
3618.544	n/a	NonTarget	1	904636
3618.772	n/a	NonTarget	1	904693
3618.996	n/a	NonTarget	1	904749
3619.22	n/a	NonTarget	1	904805
3627.972	n/a	NonTarget	1	906993
3628.196	n/a	NonTarget	1	907049
3628.424	n/a	NonTarget	1	907106
3628.648	n/a	NonTarget	1	907162
3628.872	n/a	Target	2	907218
3629.1	n/a	NonTarget	1	907275
3629.324	n/a	NonTarget	1	907331
3629.552	n/a	NonTarget	1	907388
3629.776	n/a	NonTarget	1	907444
3630.0	n/a	NonTarget	1	907500
3630.228	n/a	NonTarget	1	907557
3630.452	n/a	NonTarget	1	907613
3630.68	n/a	NonTarget	1	907670
3630.904	n/a	Target	2	907726
3631.128	n/a	NonTarget	1	907782
3631.352	n/a	NonTarget	1	907838
3631.58	n/a	NonTarget	1	907895
3631.804	n/a	NonTarget	1	907951
3632.032	n/a	NonTarget	1	908008
3632.256	n/a	NonTarget	1	908064
3632.484	n/a	NonTarget	1	908121
3632.708	n/a	NonTarget	1	908177
3632.932	n/a	NonTarget	1	908233
3633.16	n/a	Target	2	908290
3633.384	n/a	NonTarget	1	908346
3633.608	n/a	NonTarget	1	908402
3633.836	n/a	NonTarget	1	908459
3634.06	n/a	NonTarget	1	908515
3634.284	n/a	NonTarget	1	908571
3634.512	n/a	Target	2	908628
3634.736	n/a	NonTarget	1	908684
3634.96	n/a	NonTarget	1	908740
3635.184	n/a	NonTarget	1	908796
3635.412	n/a	NonTarget	1	908853
3635.636	n/a	NonTarget	1	908909
3635.864	n/a	NonTarget	1	908966
3636.088	n/a	NonTarget	1	909022
3636.312	n/a	NonTarget	1	909078
3636.54	n/a	Target	2	909135
3636.764	n/a	NonTarget	1	909191
3636.992	n/a	NonTarget	1	909248
3637.216	n/a	NonTarget	1	909304
3637.444	n/a	NonTarget	1	909361
3637.668	n/a	NonTarget	1	909417
3637.896	n/a	NonTarget	1	909474
3638.12	n/a	NonTarget	1	909530
3638.344	n/a	Target	2	909586
3638.572	n/a	NonTarget	1	909643
3638.796	n/a	NonTarget	1	909699
3639.02	n/a	NonTarget	1	909755
3639.248	n/a	NonTarget	1	909812
3639.472	n/a	Target	2	909868
3639.7	n/a	NonTarget	1	909925
3639.924	n/a	NonTarget	1	909981
3640.148	n/a	NonTarget	1	910037
3640.376	n/a	NonTarget	1	910094
3640.6	n/a	NonTarget	1	910150
3640.828	n/a	Target	2	910207
3641.052	n/a	NonTarget	1	910263
3641.28	n/a	NonTarget	1	910320
3641.504	n/a	NonTarget	1	910376
3641.728	n/a	NonTarget	1	910432
3641.956	n/a	Target	2	910489
3642.18	n/a	NonTarget	1	910545
3642.408	n/a	NonTarget	1	910602
3642.632	n/a	NonTarget	1	910658
3642.856	n/a	NonTarget	1	910714
3643.08	n/a	Target	2	910770
3643.308	n/a	NonTarget	1	910827
3643.532	n/a	NonTarget	1	910883
3643.76	n/a	NonTarget	1	910940
3643.984	n/a	NonTarget	1	910996
3644.208	n/a	NonTarget	1	911052
3644.436	n/a	Target	2	911109
3644.66	n/a	NonTarget	1	911165
3644.888	n/a	NonTarget	1	911222
3645.112	n/a	NonTarget	1	911278
3645.336	n/a	NonTarget	1	911334
3645.564	n/a	Target	2	911391
3645.788	n/a	NonTarget	1	911447
3646.016	n/a	NonTarget	1	911504
3646.24	n/a	NonTarget	1	911560
3646.464	n/a	NonTarget	1	911616
3646.688	n/a	NonTarget	1	911672
3646.916	n/a	Target	2	911729
3647.14	n/a	NonTarget	1	911785
3647.368	n/a	NonTarget	1	911842
3647.592	n/a	NonTarget	1	911898
3647.816	n/a	NonTarget	1	911954
3648.044	n/a	NonTarget	1	912011
3648.268	n/a	NonTarget	1	912067
3648.492	n/a	Target	2	912123
3648.72	n/a	NonTarget	1	912180
3648.944	n/a	NonTarget	1	912236
3649.168	n/a	NonTarget	1	912292
3649.396	n/a	NonTarget	1	912349
3649.62	n/a	Target	2	912405
3649.848	n/a	NonTarget	1	912462
3650.072	n/a	NonTarget	1	912518
3650.296	n/a	NonTarget	1	912574
3650.524	n/a	NonTarget	1	912631
3650.748	n/a	NonTarget	1	912687
3650.972	n/a	Target	2	912743
3651.2	n/a	NonTarget	1	912800
3651.424	n/a	NonTarget	1	912856
3651.648	n/a	NonTarget	1	912912
3651.876	n/a	NonTarget	1	912969
3652.104	n/a	Target	2	913026
3652.328	n/a	NonTarget	1	913082
3652.552	n/a	NonTarget	1	913138
3652.78	n/a	NonTarget	1	913195
3653.004	n/a	NonTarget	1	913251
3653.232	n/a	Target	2	913308
3653.456	n/a	NonTarget	1	913364
3653.68	n/a	NonTarget	1	913420
3653.908	n/a	NonTarget	1	913477
3654.132	n/a	NonTarget	1	913533
3654.36	n/a	Target	2	913590
3654.584	n/a	NonTarget	1	913646
3654.812	n/a	NonTarget	1	913703
3655.036	n/a	NonTarget	1	913759
3655.26	n/a	NonTarget	1	913815
3655.488	n/a	Target	2	913872
3655.712	n/a	NonTarget	1	913928
3655.936	n/a	NonTarget	1	913984
3656.164	n/a	NonTarget	1	914041
3656.388	n/a	NonTarget	1	914097
3656.612	n/a	Target	2	914153
3656.84	n/a	NonTarget	1	914210
3657.064	n/a	NonTarget	1	914266
3657.288	n/a	NonTarget	1	914322
3657.516	n/a	NonTarget	1	914379
3657.74	n/a	NonTarget	1	914435
3657.968	n/a	Target	2	914492
3658.192	n/a	NonTarget	1	914548
3671.324	n/a	NonTarget	1	917831
3671.552	n/a	NonTarget	1	917888
3671.776	n/a	NonTarget	1	917944
3672.0	n/a	NonTarget	1	918000
3672.224	n/a	NonTarget	1	918056
3672.452	n/a	NonTarget	1	918113
3672.676	n/a	NonTarget	1	918169
3672.904	n/a	Target	2	918226
3673.128	n/a	NonTarget	1	918282
3673.352	n/a	NonTarget	1	918338
3673.58	n/a	NonTarget	1	918395
3673.804	n/a	NonTarget	1	918451
3674.028	n/a	NonTarget	1	918507
3674.256	n/a	NonTarget	1	918564
3674.48	n/a	Target	2	918620
3674.704	n/a	NonTarget	1	918676
3674.928	n/a	NonTarget	1	918732
3675.156	n/a	NonTarget	1	918789
3675.38	n/a	NonTarget	1	918845
3675.604	n/a	Target	2	918901
3675.832	n/a	NonTarget	1	918958
3676.056	n/a	NonTarget	1	919014
3676.28	n/a	NonTarget	1	919070
3676.504	n/a	NonTarget	1	919126
3676.732	n/a	NonTarget	1	919183
3676.956	n/a	Target	2	919239
3677.18	n/a	NonTarget	1	919295
3677.408	n/a	NonTarget	1	919352
3677.632	n/a	NonTarget	1	919408
3677.856	n/a	NonTarget	1	919464
3678.08	n/a	NonTarget	1	919520
3678.308	n/a	NonTarget	1	919577
3678.532	n/a	NonTarget	1	919633
3678.756	n/a	NonTarget	1	919689
3678.984	n/a	Target	2	919746
3679.208	n/a	NonTarget	1	919802
3679.432	n/a	NonTarget	1	919858
3679.66	n/a	NonTarget	1	919915
3679.884	n/a	NonTarget	1	919971
3680.112	n/a	Target	2	920028
3680.336	n/a	NonTarget	1	920084
3680.56	n/a	NonTarget	1	920140
3680.784	n/a	NonTarget	1	920196
3681.012	n/a	NonTarget	1	920253
3681.24	n/a	Target	2	920310
3681.464	n/a	NonTarget	1	920366
3681.688	n/a	NonTarget	1	920422
3681.916	n/a	NonTarget	1	920479
3682.14	n/a	NonTarget	1	920535
3682.368	n/a	Target	2	920592
3682.592	n/a	NonTarget	1	920648
3682.82	n/a	NonTarget	1	920705
3683.044	n/a	NonTarget	1	920761
3683.268	n/a	NonTarget	1	920817
3683.496	n/a	Target	2	920874
3683.72	n/a	NonTarget	1	920930
3683.948	n/a	NonTarget	1	920987
3684.172	n/a	NonTarget	1	921043
3684.4	n/a	NonTarget	1	921100
3684.624	n/a	Target	2	921156
3684.848	n/a	NonTarget	1	921212
3685.076	n/a	NonTarget	1	921269
3685.3	n/a	NonTarget	1	921325
3685.528	n/a	NonTarget	1	921382
3685.752	n/a	Target	2	921438
3685.976	n/a	NonTarget	1	921494
3686.2	n/a	NonTarget	1	921550
3686.428	n/a	NonTarget	1	921607
3686.652	n/a	NonTarget	1	921663
3686.88	n/a	NonTarget	1	921720
3687.104	n/a	Target	2	921776
3687.328	n/a	NonTarget	1	921832
3687.556	n/a	NonTarget	1	921889
3687.78	n/a	NonTarget	1	921945
3688.008	n/a	NonTarget	1	922002
3688.232	n/a	NonTarget	1	922058
3688.456	n/a	NonTarget	1	922114
3688.684	n/a	Target	2	922171
3688.908	n/a	NonTarget	1	922227
3689.132	n/a	NonTarget	1	922283
3689.36	n/a	NonTarget	1	922340
3689.584	n/a	NonTarget	1	922396
3689.812	n/a	Target	2	922453
3690.036	n/a	NonTarget	1	922509
3690.264	n/a	NonTarget	1	922566
3690.488	n/a	NonTarget	1	922622
3690.712	n/a	NonTarget	1	922678
3690.94	n/a	NonTarget	1	922735
3691.164	n/a	Target	2	922791
3691.388	n/a	NonTarget	1	922847
3691.616	n/a	NonTarget	1	922904
3691.84	n/a	NonTarget	1	922960
3692.064	n/a	NonTarget	1	923016
3692.292	n/a	NonTarget	1	923073
3692.516	n/a	NonTarget	1	923129
3692.744	n/a	Target	2	923186
3692.968	n/a	NonTarget	1	923242
3693.192	n/a	NonTarget	1	923298
3693.42	n/a	NonTarget	1	923355
3693.644	n/a	NonTarget	1	923411
3693.868	n/a	NonTarget	1	923467
3694.096	n/a	Target	2	923524
3694.32	n/a	NonTarget	1	923580
3694.548	n/a	NonTarget	1	923637
3694.772	n/a	NonTarget	1	923693
3694.996	n/a	NonTarget	1	923749
3695.224	n/a	Target	2	923806
3695.448	n/a	NonTarget	1	923862
3695.676	n/a	NonTarget	1	923919
3695.9	n/a	NonTarget	1	923975
3696.128	n/a	NonTarget	1	924032
3696.352	n/a	NonTarget	1	924088
3696.576	n/a	NonTarget	1	924144
3696.804	n/a	Target	2	924201
3697.028	n/a	NonTarget	1	924257
3697.256	n/a	NonTarget	1	924314
3697.48	n/a	NonTarget	1	924370
3697.708	n/a	NonTarget	1	924427
3697.932	n/a	Target	2	924483
3698.156	n/a	NonTarget	1	924539
3698.384	n/a	NonTarget	1	924596
3698.608	n/a	NonTarget	1	924652
3698.836	n/a	NonTarget	1	924709
3699.06	n/a	Target	2	924765
3699.284	n/a	NonTarget	1	924821
3699.512	n/a	NonTarget	1	924878
3699.736	n/a	NonTarget	1	924934
3699.96	n/a	NonTarget	1	924990
3700.184	n/a	NonTarget	1	925046
3700.412	n/a	Target	2	925103
3700.636	n/a	NonTarget	1	925159
3700.864	n/a	NonTarget	1	925216
3701.088	n/a	NonTarget	1	925272
3701.312	n/a	NonTarget	1	925328
3710.288	n/a	NonTarget	1	927572
3710.512	n/a	NonTarget	1	927628
3710.736	n/a	NonTarget	1	927684
3710.964	n/a	Target	2	927741
3711.188	n/a	NonTarget	1	927797
3711.416	n/a	NonTarget	1	927854
3711.64	n/a	NonTarget	1	927910
3711.868	n/a	NonTarget	1	927967
3712.092	n/a	NonTarget	1	928023
3712.316	n/a	Target	2	928079
3712.544	n/a	NonTarget	1	928136
3712.768	n/a	NonTarget	1	928192
3712.996	n/a	NonTarget	1	928249
3713.22	n/a	NonTarget	1	928305
3713.448	n/a	Target	2	928362
3713.672	n/a	NonTarget	1	928418
3713.896	n/a	NonTarget	1	928474
3714.124	n/a	NonTarget	1	928531
3714.348	n/a	NonTarget	1	928587
3714.576	n/a	NonTarget	1	928644
3714.8	n/a	Target	2	928700
3715.028	n/a	NonTarget	1	928757
3715.252	n/a	NonTarget	1	928813
3715.476	n/a	NonTarget	1	928869
3715.704	n/a	NonTarget	1	928926
3715.928	n/a	NonTarget	1	928982
3716.156	n/a	NonTarget	1	929039
3716.38	n/a	NonTarget	1	929095
3716.604	n/a	NonTarget	1	929151
3716.828	n/a	Target	2	929207
3717.056	n/a	NonTarget	1	929264
3717.28	n/a	NonTarget	1	929320
3717.504	n/a	NonTarget	1	929376
3717.732	n/a	NonTarget	1	929433
3717.956	n/a	NonTarget	1	929489
3718.18	n/a	NonTarget	1	929545
3718.408	n/a	Target	2	929602
3718.632	n/a	NonTarget	1	929658
3718.86	n/a	NonTarget	1	929715
3719.084	n/a	NonTarget	1	929771
3719.312	n/a	NonTarget	1	929828
3719.536	n/a	NonTarget	1	929884
3719.76	n/a	NonTarget	1	929940
3719.988	n/a	NonTarget	1	929997
3720.212	n/a	NonTarget	1	930053
3720.44	n/a	Target	2	930110
3720.664	n/a	NonTarget	1	930166
3720.888	n/a	NonTarget	1	930222
3721.116	n/a	NonTarget	1	930279
3721.34	n/a	NonTarget	1	930335
3721.568	n/a	Target	2	930392
3721.792	n/a	NonTarget	1	930448
3722.02	n/a	NonTarget	1	930505
3722.244	n/a	NonTarget	1	930561
3722.468	n/a	NonTarget	1	930617
3722.696	n/a	Target	2	930674
3722.92	n/a	NonTarget	1	930730
3723.144	n/a	NonTarget	1	930786
3723.372	n/a	NonTarget	1	930843
3723.596	n/a	NonTarget	1	930899
3723.824	n/a	Target	2	930956
3724.048	n/a	NonTarget	1	931012
3724.272	n/a	NonTarget	1	931068
3724.496	n/a	NonTarget	1	931124
3724.724	n/a	NonTarget	1	931181
3724.948	n/a	Target	2	931237
3725.176	n/a	NonTarget	1	931294
3725.4	n/a	NonTarget	1	931350
3725.624	n/a	NonTarget	1	931406
3725.852	n/a	NonTarget	1	931463
3726.076	n/a	NonTarget	1	931519
3726.304	n/a	NonTarget	1	931576
3726.528	n/a	Target	2	931632
3726.756	n/a	NonTarget	1	931689
3726.98	n/a	NonTarget	1	931745
3727.208	n/a	NonTarget	1	931802
3727.432	n/a	NonTarget	1	931858
3727.656	n/a	NonTarget	1	931914
3727.884	n/a	NonTarget	1	931971
3728.108	n/a	Target	2	932027
3728.336	n/a	NonTarget	1	932084
3728.56	n/a	NonTarget	1	932140
3728.784	n/a	NonTarget	1	932196
3729.012	n/a	NonTarget	1	932253
3729.236	n/a	NonTarget	1	932309
3729.464	n/a	NonTarget	1	932366
3729.688	n/a	Target	2	932422
3729.912	n/a	NonTarget	1	932478
3730.14	n/a	NonTarget	1	932535
3730.364	n/a	NonTarget	1	932591
3730.588	n/a	NonTarget	1	932647
3730.816	n/a	Target	2	932704
3731.04	n/a	NonTarget	1	932760
3731.264	n/a	NonTarget	1	932816
3731.492	n/a	NonTarget	1	932873
3731.716	n/a	NonTarget	1	932929
3731.94	n/a	NonTarget	1	932985
3732.168	n/a	NonTarget	1	933042
3732.392	n/a	Target	2	933098
3732.62	n/a	NonTarget	1	933155
3732.844	n/a	NonTarget	1	933211
3733.068	n/a	NonTarget	1	933267
3733.296	n/a	NonTarget	1	933324
3733.524	n/a	NonTarget	1	933381
3733.748	n/a	NonTarget	1	933437
3733.972	n/a	Target	2	933493
3734.2	n/a	NonTarget	1	933550
3734.424	n/a	NonTarget	1	933606
3734.648	n/a	NonTarget	1	933662
3734.876	n/a	NonTarget	1	933719
3735.1	n/a	NonTarget	1	933775
3735.324	n/a	NonTarget	1	933831
3735.552	n/a	Target	2	933888
3735.776	n/a	NonTarget	1	933944
3736.004	n/a	NonTarget	1	934001
3736.228	n/a	NonTarget	1	934057
3736.452	n/a	NonTarget	1	934113
3736.68	n/a	Target	2	934170
3736.904	n/a	NonTarget	1	934226
3737.132	n/a	NonTarget	1	934283
3737.356	n/a	NonTarget	1	934339
3737.58	n/a	NonTarget	1	934395
3737.808	n/a	NonTarget	1	934452
3738.032	n/a	NonTarget	1	934508
3738.256	n/a	Target	2	934564
3738.484	n/a	NonTarget	1	934621
3738.708	n/a	NonTarget	1	934677
3738.932	n/a	NonTarget	1	934733
3739.16	n/a	NonTarget	1	934790
3739.384	n/a	Target	2	934846
3739.612	n/a	NonTarget	1	934903
3739.836	n/a	NonTarget	1	934959
3740.064	n/a	NonTarget	1	935016
3740.288	n/a	NonTarget	1	935072
3740.512	n/a	Target	2	935128
3755.28	n/a	NonTarget	1	938820
3755.508	n/a	NonTarget	1	938877
3755.732	n/a	NonTarget	1	938933
3755.96	n/a	NonTarget	1	938990
3756.184	n/a	Target	2	939046
3756.408	n/a	NonTarget	1	939102
3756.636	n/a	NonTarget	1	939159
3756.86	n/a	NonTarget	1	939215
3757.084	n/a	NonTarget	1	939271
3757.308	n/a	NonTarget	1	939327
3757.536	n/a	NonTarget	1	939384
3757.76	n/a	NonTarget	1	939440
3757.988	n/a	Target	2	939497
3758.212	n/a	NonTarget	1	939553
3758.44	n/a	NonTarget	1	939610
3758.664	n/a	NonTarget	1	939666
3758.888	n/a	NonTarget	1	939722
3759.112	n/a	NonTarget	1	939778
3759.34	n/a	NonTarget	1	939835
3759.564	n/a	Target	2	939891
3759.788	n/a	NonTarget	1	939947
3760.016	n/a	NonTarget	1	940004
3760.24	n/a	NonTarget	1	940060
3760.468	n/a	NonTarget	1	940117
3760.692	n/a	NonTarget	1	940173
3760.92	n/a	NonTarget	1	940230
3761.144	n/a	Target	2	940286
3761.372	n/a	NonTarget	1	940343
3761.596	n/a	NonTarget	1	940399
3761.82	n/a	NonTarget	1	940455
3762.048	n/a	NonTarget	1	940512
3762.276	n/a	NonTarget	1	940569
3762.5	n/a	NonTarget	1	940625
3762.728	n/a	NonTarget	1	940682
3762.952	n/a	NonTarget	1	940738
3763.176	n/a	NonTarget	1	940794
3763.4	n/a	Target	2	940850
3763.628	n/a	NonTarget	1	940907
3763.856	n/a	NonTarget	1	940964
3764.08	n/a	NonTarget	1	941020
3764.304	n/a	NonTarget	1	941076
3764.532	n/a	NonTarget	1	941133
3764.756	n/a	NonTarget	1	941189
3764.98	n/a	NonTarget	1	941245
3765.204	n/a	NonTarget	1	941301
3765.432	n/a	Target	2	941358
3765.656	n/a	NonTarget	1	941414
3765.884	n/a	NonTarget	1	941471
3766.108	n/a	NonTarget	1	941527
3766.332	n/a	NonTarget	1	941583
3766.56	n/a	Target	2	941640
3766.784	n/a	NonTarget	1	941696
3767.012	n/a	NonTarget	1	941753
3767.236	n/a	NonTarget	1	941809
3767.464	n/a	NonTarget	1	941866
3767.688	n/a	NonTarget	1	941922
3767.912	n/a	Target	2	941978
3768.14	n/a	NonTarget	1	942035
3768.364	n/a	NonTarget	1	942091
3768.592	n/a	NonTarget	1	942148
3768.816	n/a	NonTarget	1	942204
3769.044	n/a	Target	2	942261
3769.268	n/a	NonTarget	1	942317
3769.492	n/a	NonTarget	1	942373
3769.72	n/a	NonTarget	1	942430
3769.944	n/a	NonTarget	1	942486
3770.172	n/a	Target	2	942543
3770.396	n/a	NonTarget	1	942599
3770.62	n/a	NonTarget	1	942655
3770.848	n/a	NonTarget	1	942712
3771.072	n/a	NonTarget	1	942768
3771.296	n/a	NonTarget	1	942824
3771.524	n/a	Target	2	942881
3771.748	n/a	NonTarget	1	942937
3771.976	n/a	NonTarget	1	942994
3772.2	n/a	NonTarget	1	943050
3772.428	n/a	NonTarget	1	943107
3772.652	n/a	Target	2	943163
3772.876	n/a	NonTarget	1	943219
3773.104	n/a	NonTarget	1	943276
3773.328	n/a	NonTarget	1	943332
3773.556	n/a	NonTarget	1	943389
3773.78	n/a	NonTarget	1	943445
3774.004	n/a	NonTarget	1	943501
3774.232	n/a	Target	2	943558
3774.456	n/a	NonTarget	1	943614
3774.684	n/a	NonTarget	1	943671
3774.908	n/a	NonTarget	1	943727
3775.132	n/a	NonTarget	1	943783
3775.36	n/a	Target	2	943840
3775.584	n/a	NonTarget	1	943896
3775.812	n/a	NonTarget	1	943953
3776.036	n/a	NonTarget	1	944009
3776.26	n/a	NonTarget	1	944065
3776.488	n/a	Target	2	944122
3776.712	n/a	NonTarget	1	944178
3776.936	n/a	NonTarget	1	944234
3777.164	n/a	NonTarget	1	944291
3777.388	n/a	NonTarget	1	944347
3777.616	n/a	Target	2	944404
3777.84	n/a	NonTarget	1	944460
3778.064	n/a	NonTarget	1	944516
3778.292	n/a	NonTarget	1	944573
3778.516	n/a	NonTarget	1	944629
3778.74	n/a	Target	2	944685
3778.968	n/a	NonTarget	1	944742
3779.192	n/a	NonTarget	1	944798
3779.42	n/a	NonTarget	1	944855
3779.644	n/a	NonTarget	1	944911
3779.872	n/a	Target	2	944968
3780.096	n/a	NonTarget	1	945024
3780.32	n/a	NonTarget	1	945080
3780.548	n/a	NonTarget	1	945137
3780.772	n/a	NonTarget	1	945193
3781.0	n/a	NonTarget	1	945250
3781.224	n/a	NonTarget	1	945306
3781.448	n/a	Target	2	945362
3781.672	n/a	NonTarget	1	945418
3781.9	n/a	NonTarget	1	945475
3782.124	n/a	NonTarget	1	945531
3782.352	n/a	NonTarget	1	945588
3782.576	n/a	Target	2	945644
3782.8	n/a	NonTarget	1	945700
3783.028	n/a	NonTarget	1	945757
3783.252	n/a	NonTarget	1	945813
3783.476	n/a	NonTarget	1	945869
3783.704	n/a	Target	2	945926
3783.928	n/a	NonTarget	1	945982
3784.156	n/a	NonTarget	1	946039
3784.38	n/a	NonTarget	1	946095
3784.604	n/a	NonTarget	1	946151
3784.832	n/a	NonTarget	1	946208
3785.056	n/a	Target	2	946264
3785.284	n/a	NonTarget	1	946321
3785.508	n/a	NonTarget	1	946377
3794.276	n/a	NonTarget	1	948569
3794.5	n/a	Target	2	948625
3794.724	n/a	NonTarget	1	948681
3794.952	n/a	NonTarget	1	948738
3795.176	n/a	NonTarget	1	948794
3795.4	n/a	NonTarget	1	948850
3795.628	n/a	NonTarget	1	948907
3795.852	n/a	NonTarget	1	948963
3796.076	n/a	NonTarget	1	949019
3796.3	n/a	Target	2	949075
3796.528	n/a	NonTarget	1	949132
3796.752	n/a	NonTarget	1	949188
3796.976	n/a	NonTarget	1	949244
3797.2	n/a	NonTarget	1	949300
3797.428	n/a	NonTarget	1	949357
3797.652	n/a	NonTarget	1	949413
3797.876	n/a	NonTarget	1	949469
3798.104	n/a	Target	2	949526
3798.328	n/a	NonTarget	1	949582
3798.552	n/a	NonTarget	1	949638
3798.78	n/a	NonTarget	1	949695
3799.004	n/a	NonTarget	1	949751
3799.228	n/a	NonTarget	1	949807
3799.456	n/a	NonTarget	1	949864
3799.68	n/a	NonTarget	1	949920
3799.904	n/a	Target	2	949976
3800.132	n/a	NonTarget	1	950033
3800.356	n/a	NonTarget	1	950089
3800.584	n/a	NonTarget	1	950146
3800.808	n/a	NonTarget	1	950202
3801.032	n/a	NonTarget	1	950258
3801.26	n/a	NonTarget	1	950315
3801.484	n/a	NonTarget	1	950371
3801.712	n/a	NonTarget	1	950428
3801.936	n/a	Target	2	950484
3802.164	n/a	NonTarget	1	950541
3802.388	n/a	NonTarget	1	950597
3802.616	n/a	NonTarget	1	950654
3802.84	n/a	NonTarget	1	950710
3803.064	n/a	Target	2	950766
3803.292	n/a	NonTarget	1	950823
3803.516	n/a	NonTarget	1	950879
3803.74	n/a	NonTarget	1	950935
3803.964	n/a	NonTarget	1	950991
3804.192	n/a	NonTarget	1	951048
3804.416	n/a	Target	2	951104
3804.64	n/a	NonTarget	1	951160
3804.868	n/a	NonTarget	1	951217
3805.092	n/a	NonTarget	1	951273
3805.32	n/a	NonTarget	1	951330
3805.544	n/a	NonTarget	1	951386
3805.772	n/a	NonTarget	1	951443
3805.996	n/a	NonTarget	1	951499
3806.22	n/a	Target	2	951555
3806.448	n/a	NonTarget	1	951612
3806.672	n/a	NonTarget	1	951668
3806.9	n/a	NonTarget	1	951725
3807.124	n/a	NonTarget	1	951781
3807.348	n/a	NonTarget	1	951837
3807.572	n/a	Target	2	951893
3807.8	n/a	NonTarget	1	951950
3808.024	n/a	NonTarget	1	952006
3808.252	n/a	NonTarget	1	952063
3808.476	n/a	NonTarget	1	952119
3808.7	n/a	Target	2	952175
3808.928	n/a	NonTarget	1	952232
3809.152	n/a	NonTarget	1	952288
3809.38	n/a	NonTarget	1	952345
3809.604	n/a	NonTarget	1	952401
3809.828	n/a	Target	2	952457
3810.056	n/a	NonTarget	1	952514
3810.28	n/a	NonTarget	1	952570
3810.508	n/a	NonTarget	1	952627
3810.732	n/a	NonTarget	1	952683
3810.956	n/a	Target	2	952739
3811.184	n/a	NonTarget	1	952796
3811.408	n/a	NonTarget	1	952852
3811.636	n/a	NonTarget	1	952909
3811.86	n/a	NonTarget	1	952965
3812.084	n/a	Target	2	953021
3812.312	n/a	NonTarget	1	953078
3812.536	n/a	NonTarget	1	953134
3812.764	n/a	NonTarget	1	953191
3812.988	n/a	NonTarget	1	953247
3813.216	n/a	NonTarget	1	953304
3813.44	n/a	Target	2	953360
3813.664	n/a	NonTarget	1	953416
3813.892	n/a	NonTarget	1	953473
3814.116	n/a	NonTarget	1	953529
3814.344	n/a	NonTarget	1	953586
3814.568	n/a	NonTarget	1	953642
3814.792	n/a	Target	2	953698
3815.016	n/a	NonTarget	1	953754
3815.244	n/a	NonTarget	1	953811
3815.468	n/a	NonTarget	1	953867
3815.696	n/a	NonTarget	1	953924
3815.92	n/a	Target	2	953980
3816.144	n/a	NonTarget	1	954036
3816.372	n/a	NonTarget	1	954093
3816.596	n/a	NonTarget	1	954149
3816.82	n/a	NonTarget	1	954205
3817.048	n/a	NonTarget	1	954262
3817.272	n/a	Target	2	954318
3817.5	n/a	NonTarget	1	954375
3817.724	n/a	NonTarget	1	954431
3817.948	n/a	NonTarget	1	954487
3818.176	n/a	NonTarget	1	954544
3818.4	n/a	Target	2	954600
3818.628	n/a	NonTarget	1	954657
3818.852	n/a	NonTarget	1	954713
3819.08	n/a	NonTarget	1	954770
3819.304	n/a	NonTarget	1	954826
3819.528	n/a	NonTarget	1	954882
3819.752	n/a	Target	2	954938
3819.98	n/a	NonTarget	1	954995
3820.204	n/a	NonTarget	1	955051
3820.432	n/a	NonTarget	1	955108
3820.656	n/a	NonTarget	1	955164
3820.88	n/a	Target	2	955220
3821.108	n/a	NonTarget	1	955277
3821.332	n/a	NonTarget	1	955333
3821.556	n/a	NonTarget	1	955389
3821.784	n/a	NonTarget	1	955446
3822.008	n/a	Target	2	955502
3822.236	n/a	NonTarget	1	955559
3822.46	n/a	NonTarget	1	955615
3822.684	n/a	NonTarget	1	955671
3822.912	n/a	NonTarget	1	955728
3823.136	n/a	NonTarget	1	955784
3823.364	n/a	NonTarget	1	955841
3823.588	n/a	Target	2	955897
3823.816	n/a	NonTarget	1	955954
3824.04	n/a	NonTarget	1	956010
3824.264	n/a	NonTarget	1	956066
3824.492	n/a	NonTarget	1	956123
3946.852	n/a	NonTarget	1	986713
3947.08	n/a	NonTarget	1	986770
3947.304	n/a	NonTarget	1	986826
3947.532	n/a	NonTarget	1	986883
3947.756	n/a	NonTarget	1	986939
3947.98	n/a	Target	2	986995
3948.208	n/a	NonTarget	1	987052
3948.432	n/a	NonTarget	1	987108
3948.66	n/a	NonTarget	1	987165
3948.884	n/a	NonTarget	1	987221
3949.108	n/a	NonTarget	1	987277
3949.332	n/a	NonTarget	1	987333
3949.556	n/a	NonTarget	1	987389
3949.784	n/a	NonTarget	1	987446
3950.008	n/a	NonTarget	1	987502
3950.236	n/a	NonTarget	1	987559
3950.46	n/a	NonTarget	1	987615
3950.688	n/a	Target	2	987672
3950.912	n/a	NonTarget	1	987728
3951.136	n/a	NonTarget	1	987784
3951.364	n/a	NonTarget	1	987841
3951.588	n/a	NonTarget	1	987897
3951.816	n/a	NonTarget	1	987954
3952.04	n/a	NonTarget	1	988010
3952.264	n/a	NonTarget	1	988066
3952.492	n/a	Target	2	988123
3952.716	n/a	NonTarget	1	988179
3952.944	n/a	NonTarget	1	988236
3953.168	n/a	NonTarget	1	988292
3953.392	n/a	NonTarget	1	988348
3953.62	n/a	NonTarget	1	988405
3953.844	n/a	NonTarget	1	988461
3954.072	n/a	NonTarget	1	988518
3954.296	n/a	NonTarget	1	988574
3954.52	n/a	NonTarget	1	988630
3954.744	n/a	NonTarget	1	988686
3954.972	n/a	Target	2	988743
3955.2	n/a	NonTarget	1	988800
3955.424	n/a	NonTarget	1	988856
3955.648	n/a	NonTarget	1	988912
3955.872	n/a	NonTarget	1	988968
3956.096	n/a	NonTarget	1	989024
3956.324	n/a	NonTarget	1	989081
3956.548	n/a	NonTarget	1	989137
3956.772	n/a	NonTarget	1	989193
3957.0	n/a	NonTarget	1	989250
3957.224	n/a	NonTarget	1	989306
3957.452	n/a	NonTarget	1	989363
3957.676	n/a	NonTarget	1	989419
3957.9	n/a	NonTarget	1	989475
3958.128	n/a	NonTarget	1	989532
3958.352	n/a	NonTarget	1	989588
3958.58	n/a	NonTarget	1	989645
3958.804	n/a	NonTarget	1	989701
3959.032	n/a	Target	2	989758
3959.256	n/a	NonTarget	1	989814
3959.48	n/a	NonTarget	1	989870
3959.708	n/a	NonTarget	1	989927
3959.932	n/a	NonTarget	1	989983
3960.156	n/a	NonTarget	1	990039
3960.384	n/a	NonTarget	1	990096
3960.608	n/a	Target	2	990152
3960.832	n/a	NonTarget	1	990208
3961.06	n/a	NonTarget	1	990265
3961.284	n/a	NonTarget	1	990321
3961.512	n/a	NonTarget	1	990378
3961.736	n/a	Target	2	990434
3961.964	n/a	NonTarget	1	990491
3962.188	n/a	NonTarget	1	990547
3962.412	n/a	NonTarget	1	990603
3962.64	n/a	NonTarget	1	990660
3962.864	n/a	Target	2	990716
3963.092	n/a	NonTarget	1	990773
3963.316	n/a	NonTarget	1	990829
3963.54	n/a	NonTarget	1	990885
3963.768	n/a	NonTarget	1	990942
3963.992	n/a	Target	2	990998
3964.22	n/a	NonTarget	1	991055
3964.444	n/a	NonTarget	1	991111
3964.672	n/a	NonTarget	1	991168
3964.896	n/a	NonTarget	1	991224
3965.124	n/a	NonTarget	1	991281
3965.348	n/a	NonTarget	1	991337
3965.572	n/a	Target	2	991393
3965.8	n/a	NonTarget	1	991450
3966.024	n/a	NonTarget	1	991506
3966.248	n/a	NonTarget	1	991562
3966.476	n/a	NonTarget	1	991619
3966.7	n/a	NonTarget	1	991675
3966.924	n/a	Target	2	991731
3967.152	n/a	NonTarget	1	991788
3967.376	n/a	NonTarget	1	991844
3967.6	n/a	NonTarget	1	991900
3967.828	n/a	NonTarget	1	991957
3968.052	n/a	NonTarget	1	992013
3968.276	n/a	Target	2	992069
3968.504	n/a	NonTarget	1	992126
3968.728	n/a	NonTarget	1	992182
3968.956	n/a	NonTarget	1	992239
3969.18	n/a	NonTarget	1	992295
3969.408	n/a	NonTarget	1	992352
3969.632	n/a	NonTarget	1	992408
3969.856	n/a	NonTarget	1	992464
3970.084	n/a	NonTarget	1	992521
3970.308	n/a	Target	2	992577
3970.536	n/a	NonTarget	1	992634
3970.76	n/a	NonTarget	1	992690
3970.984	n/a	NonTarget	1	992746
3971.212	n/a	NonTarget	1	992803
3971.436	n/a	Target	2	992859
3971.66	n/a	NonTarget	1	992915
3971.888	n/a	NonTarget	1	992972
3972.112	n/a	NonTarget	1	993028
3972.34	n/a	NonTarget	1	993085
3972.564	n/a	NonTarget	1	993141
3972.788	n/a	NonTarget	1	993197
3973.012	n/a	NonTarget	1	993253
3973.24	n/a	NonTarget	1	993310
3973.464	n/a	Target	2	993366
3973.692	n/a	NonTarget	1	993423
3973.916	n/a	NonTarget	1	993479
3974.14	n/a	NonTarget	1	993535
3974.368	n/a	NonTarget	1	993592
3974.592	n/a	NonTarget	1	993648
3974.82	n/a	NonTarget	1	993705
3975.044	n/a	NonTarget	1	993761
3975.272	n/a	NonTarget	1	993818
3975.496	n/a	NonTarget	1	993874
3975.72	n/a	NonTarget	1	993930
3975.948	n/a	Target	2	993987
3976.172	n/a	NonTarget	1	994043
3976.4	n/a	NonTarget	1	994100
3976.624	n/a	NonTarget	1	994156
3976.848	n/a	NonTarget	1	994212
3977.076	n/a	NonTarget	1	994269
3985.824	n/a	NonTarget	1	996456
3986.048	n/a	NonTarget	1	996512
3986.276	n/a	NonTarget	1	996569
3986.5	n/a	Target	2	996625
3986.724	n/a	NonTarget	1	996681
3986.952	n/a	NonTarget	1	996738
3987.176	n/a	NonTarget	1	996794
3987.404	n/a	NonTarget	1	996851
3987.628	n/a	NonTarget	1	996907
3987.852	n/a	NonTarget	1	996963
3988.08	n/a	NonTarget	1	997020
3988.304	n/a	Target	2	997076
3988.528	n/a	NonTarget	1	997132
3988.752	n/a	NonTarget	1	997188
3988.98	n/a	NonTarget	1	997245
3989.204	n/a	NonTarget	1	997301
3989.428	n/a	NonTarget	1	997357
3989.656	n/a	NonTarget	1	997414
3989.88	n/a	NonTarget	1	997470
3990.104	n/a	NonTarget	1	997526
3990.332	n/a	Target	2	997583
3990.556	n/a	NonTarget	1	997639
3990.784	n/a	NonTarget	1	997696
3991.008	n/a	NonTarget	1	997752
3991.232	n/a	NonTarget	1	997808
3991.46	n/a	NonTarget	1	997865
3991.684	n/a	NonTarget	1	997921
3991.912	n/a	NonTarget	1	997978
3992.136	n/a	NonTarget	1	998034
3992.364	n/a	Target	2	998091
3992.588	n/a	NonTarget	1	998147
3992.816	n/a	NonTarget	1	998204
3993.04	n/a	NonTarget	1	998260
3993.264	n/a	NonTarget	1	998316
3993.492	n/a	NonTarget	1	998373
3993.716	n/a	NonTarget	1	998429
3993.94	n/a	NonTarget	1	998485
3994.164	n/a	Target	2	998541
3994.392	n/a	NonTarget	1	998598
3994.616	n/a	NonTarget	1	998654
3994.844	n/a	NonTarget	1	998711
3995.068	n/a	NonTarget	1	998767
3995.292	n/a	NonTarget	1	998823
3995.52	n/a	NonTarget	1	998880
3995.744	n/a	NonTarget	1	998936
3995.972	n/a	Target	2	998993
3996.196	n/a	NonTarget	1	999049
3996.424	n/a	NonTarget	1	999106
3996.648	n/a	NonTarget	1	999162
3996.876	n/a	NonTarget	1	999219
3997.1	n/a	NonTarget	1	999275
3997.324	n/a	Target	2	999331
3997.548	n/a	NonTarget	1	999387
3997.776	n/a	NonTarget	1	999444
3998.0	n/a	NonTarget	1	999500
3998.228	n/a	NonTarget	1	999557
3998.452	n/a	Target	2	999613
3998.676	n/a	NonTarget	1	999669
3998.904	n/a	NonTarget	1	999726
3999.128	n/a	NonTarget	1	999782
3999.352	n/a	NonTarget	1	999838
3999.58	n/a	NonTarget	1	999895
3999.804	n/a	Target	2	999951
4000.032	n/a	NonTarget	1	1000008
4000.256	n/a	NonTarget	1	1000064
4000.48	n/a	NonTarget	1	1000120
4000.704	n/a	NonTarget	1	1000176
4000.932	n/a	Target	2	1000233
4001.156	n/a	NonTarget	1	1000289
4001.384	n/a	NonTarget	1	1000346
4001.608	n/a	NonTarget	1	1000402
4001.832	n/a	NonTarget	1	1000458
4002.06	n/a	Target	2	1000515
4002.284	n/a	NonTarget	1	1000571
4002.508	n/a	NonTarget	1	1000627
4002.736	n/a	NonTarget	1	1000684
4002.96	n/a	NonTarget	1	1000740
4003.188	n/a	NonTarget	1	1000797
4003.412	n/a	NonTarget	1	1000853
4003.636	n/a	Target	2	1000909
4003.864	n/a	NonTarget	1	1000966
4004.088	n/a	NonTarget	1	1001022
4004.312	n/a	NonTarget	1	1001078
4004.54	n/a	NonTarget	1	1001135
4004.764	n/a	NonTarget	1	1001191
4004.988	n/a	NonTarget	1	1001247
4005.216	n/a	NonTarget	1	1001304
4005.44	n/a	NonTarget	1	1001360
4005.668	n/a	NonTarget	1	1001417
4005.892	n/a	NonTarget	1	1001473
4006.12	n/a	Target	2	1001530
4006.344	n/a	NonTarget	1	1001586
4006.568	n/a	NonTarget	1	1001642
4006.796	n/a	NonTarget	1	1001699
4007.02	n/a	NonTarget	1	1001755
4007.248	n/a	Target	2	1001812
4007.472	n/a	NonTarget	1	1001868
4007.696	n/a	NonTarget	1	1001924
4007.924	n/a	NonTarget	1	1001981
4008.148	n/a	NonTarget	1	1002037
4008.372	n/a	NonTarget	1	1002093
4008.6	n/a	NonTarget	1	1002150
4008.824	n/a	NonTarget	1	1002206
4009.052	n/a	NonTarget	1	1002263
4009.276	n/a	Target	2	1002319
4009.5	n/a	NonTarget	1	1002375
4009.728	n/a	NonTarget	1	1002432
4009.952	n/a	NonTarget	1	1002488
4010.176	n/a	NonTarget	1	1002544
4010.404	n/a	NonTarget	1	1002601
4010.628	n/a	NonTarget	1	1002657
4010.852	n/a	Target	2	1002713
4011.08	n/a	NonTarget	1	1002770
4011.304	n/a	NonTarget	1	1002826
4011.528	n/a	NonTarget	1	1002882
4011.756	n/a	NonTarget	1	1002939
4011.98	n/a	NonTarget	1	1002995
4012.208	n/a	NonTarget	1	1003052
4012.432	n/a	NonTarget	1	1003108
4012.656	n/a	Target	2	1003164
4012.884	n/a	NonTarget	1	1003221
4013.108	n/a	NonTarget	1	1003277
4013.332	n/a	NonTarget	1	1003333
4013.56	n/a	NonTarget	1	1003390
4013.784	n/a	NonTarget	1	1003446
4014.008	n/a	NonTarget	1	1003502
4014.236	n/a	Target	2	1003559
4014.46	n/a	NonTarget	1	1003615
4014.688	n/a	NonTarget	1	1003672
4014.912	n/a	NonTarget	1	1003728
4015.136	n/a	NonTarget	1	1003784
4015.364	n/a	NonTarget	1	1003841
4015.588	n/a	Target	2	1003897
4015.812	n/a	NonTarget	1	1003953
4016.04	n/a	NonTarget	1	1004010
4029.092	n/a	NonTarget	1	1007273
4029.32	n/a	NonTarget	1	1007330
4029.544	n/a	NonTarget	1	1007386
4029.768	n/a	Target	2	1007442
4029.996	n/a	NonTarget	1	1007499
4030.22	n/a	NonTarget	1	1007555
4030.448	n/a	NonTarget	1	1007612
4030.672	n/a	NonTarget	1	1007668
4030.896	n/a	NonTarget	1	1007724
4031.124	n/a	NonTarget	1	1007781
4031.348	n/a	Target	2	1007837
4031.576	n/a	NonTarget	1	1007894
4031.8	n/a	NonTarget	1	1007950
4032.028	n/a	NonTarget	1	1008007
4032.252	n/a	NonTarget	1	1008063
4032.476	n/a	NonTarget	1	1008119
4032.704	n/a	NonTarget	1	1008176
4032.928	n/a	NonTarget	1	1008232
4033.156	n/a	NonTarget	1	1008289
4033.38	n/a	NonTarget	1	1008345
4033.604	n/a	NonTarget	1	1008401
4033.832	n/a	Target	2	1008458
4034.056	n/a	NonTarget	1	1008514
4034.28	n/a	NonTarget	1	1008570
4034.508	n/a	NonTarget	1	1008627
4034.732	n/a	NonTarget	1	1008683
4034.96	n/a	NonTarget	1	1008740
4035.184	n/a	NonTarget	1	1008796
4035.412	n/a	NonTarget	1	1008853
4035.636	n/a	NonTarget	1	1008909
4035.864	n/a	NonTarget	1	1008966
4036.088	n/a	NonTarget	1	1009022
4036.312	n/a	Target	2	1009078
4036.54	n/a	NonTarget	1	1009135
4036.764	n/a	NonTarget	1	1009191
4036.988	n/a	NonTarget	1	1009247
4037.216	n/a	NonTarget	1	1009304
4037.44	n/a	NonTarget	1	1009360
4037.668	n/a	NonTarget	1	1009417
4037.892	n/a	NonTarget	1	1009473
4038.116	n/a	Target	2	1009529
4038.344	n/a	NonTarget	1	1009586
4038.568	n/a	NonTarget	1	1009642
4038.796	n/a	NonTarget	1	1009699
4039.02	n/a	NonTarget	1	1009755
4039.244	n/a	Target	2	1009811
4039.472	n/a	NonTarget	1	1009868
4039.696	n/a	NonTarget	1	1009924
4039.92	n/a	NonTarget	1	1009980
4040.148	n/a	NonTarget	1	1010037
4040.372	n/a	NonTarget	1	1010093
4040.6	n/a	NonTarget	1	1010150
4040.824	n/a	NonTarget	1	1010206
4041.052	n/a	NonTarget	1	1010263
4041.276	n/a	NonTarget	1	1010319
4041.5	n/a	Target	2	1010375
4041.728	n/a	NonTarget	1	1010432
4041.952	n/a	NonTarget	1	1010488
4042.176	n/a	NonTarget	1	1010544
4042.404	n/a	NonTarget	1	1010601
4042.628	n/a	NonTarget	1	1010657
4042.856	n/a	Target	2	1010714
4043.08	n/a	NonTarget	1	1010770
4043.304	n/a	NonTarget	1	1010826
4043.532	n/a	NonTarget	1	1010883
4043.756	n/a	NonTarget	1	1010939
4043.98	n/a	NonTarget	1	1010995
4044.208	n/a	NonTarget	1	1011052
4044.436	n/a	NonTarget	1	1011109
4044.66	n/a	NonTarget	1	1011165
4044.884	n/a	NonTarget	1	1011221
4045.112	n/a	Target	2	1011278
4045.336	n/a	NonTarget	1	1011334
4045.56	n/a	NonTarget	1	1011390
4045.788	n/a	NonTarget	1	1011447
4046.012	n/a	NonTarget	1	1011503
4046.24	n/a	Target	2	1011560
4046.464	n/a	NonTarget	1	1011616
4046.692	n/a	NonTarget	1	1011673
4046.916	n/a	NonTarget	1	1011729
4047.14	n/a	NonTarget	1	1011785
4047.368	n/a	NonTarget	1	1011842
4047.592	n/a	Target	2	1011898
4047.82	n/a	NonTarget	1	1011955
4048.044	n/a	NonTarget	1	1012011
4048.268	n/a	NonTarget	1	1012067
4048.496	n/a	NonTarget	1	1012124
4048.72	n/a	Target	2	1012180
4048.944	n/a	NonTarget	1	1012236
4049.172	n/a	NonTarget	1	1012293
4049.396	n/a	NonTarget	1	1012349
4049.62	n/a	NonTarget	1	1012405
4049.848	n/a	NonTarget	1	1012462
4050.072	n/a	NonTarget	1	1012518
4050.3	n/a	NonTarget	1	1012575
4050.524	n/a	NonTarget	1	1012631
4050.748	n/a	Target	2	1012687
4050.976	n/a	NonTarget	1	1012744
4051.2	n/a	NonTarget	1	1012800
4051.428	n/a	NonTarget	1	1012857
4051.652	n/a	NonTarget	1	1012913
4051.88	n/a	Target	2	1012970
4052.104	n/a	NonTarget	1	1013026
4052.328	n/a	NonTarget	1	1013082
4052.556	n/a	NonTarget	1	1013139
4052.78	n/a	NonTarget	1	1013195
4053.004	n/a	NonTarget	1	1013251
4053.232	n/a	Target	2	1013308
4053.456	n/a	NonTarget	1	1013364
4053.68	n/a	NonTarget	1	1013420
4053.908	n/a	NonTarget	1	1013477
4054.132	n/a	NonTarget	1	1013533
4054.36	n/a	NonTarget	1	1013590
4054.584	n/a	NonTarget	1	1013646
4054.808	n/a	Target	2	1013702
4055.036	n/a	NonTarget	1	1013759
4055.26	n/a	NonTarget	1	1013815
4055.484	n/a	NonTarget	1	1013871
4055.712	n/a	NonTarget	1	1013928
4055.936	n/a	NonTarget	1	1013984
4056.164	n/a	NonTarget	1	1014041
4056.388	n/a	NonTarget	1	1014097
4056.612	n/a	Target	2	1014153
4056.84	n/a	NonTarget	1	1014210
4057.064	n/a	NonTarget	1	1014266
4057.292	n/a	NonTarget	1	1014323
4057.516	n/a	NonTarget	1	1014379
4057.744	n/a	Target	2	1014436
4057.968	n/a	NonTarget	1	1014492
4058.192	n/a	NonTarget	1	1014548
4058.42	n/a	NonTarget	1	1014605
4058.644	n/a	NonTarget	1	1014661
4058.868	n/a	NonTarget	1	1014717
4059.096	n/a	Target	2	1014774
4068.092	n/a	NonTarget	1	1017023
4068.32	n/a	NonTarget	1	1017080
4068.544	n/a	NonTarget	1	1017136
4068.768	n/a	NonTarget	1	1017192
4068.996	n/a	NonTarget	1	1017249
4069.22	n/a	NonTarget	1	1017305
4069.448	n/a	NonTarget	1	1017362
4069.672	n/a	Target	2	1017418
4069.896	n/a	NonTarget	1	1017474
4070.124	n/a	NonTarget	1	1017531
4070.348	n/a	NonTarget	1	1017587
4070.576	n/a	NonTarget	1	1017644
4070.8	n/a	NonTarget	1	1017700
4071.028	n/a	NonTarget	1	1017757
4071.252	n/a	NonTarget	1	1017813
4071.476	n/a	Target	2	1017869
4071.704	n/a	NonTarget	1	1017926
4071.928	n/a	NonTarget	1	1017982
4072.156	n/a	NonTarget	1	1018039
4072.38	n/a	NonTarget	1	1018095
4072.604	n/a	NonTarget	1	1018151
4072.832	n/a	NonTarget	1	1018208
4073.056	n/a	NonTarget	1	1018264
4073.284	n/a	NonTarget	1	1018321
4073.508	n/a	NonTarget	1	1018377
4073.736	n/a	NonTarget	1	1018434
4073.96	n/a	Target	2	1018490
4074.184	n/a	NonTarget	1	1018546
4074.408	n/a	NonTarget	1	1018602
4074.636	n/a	NonTarget	1	1018659
4074.86	n/a	NonTarget	1	1018715
4075.088	n/a	NonTarget	1	1018772
4075.312	n/a	NonTarget	1	1018828
4075.536	n/a	NonTarget	1	1018884
4075.764	n/a	NonTarget	1	1018941
4075.988	n/a	NonTarget	1	1018997
4076.212	n/a	NonTarget	1	1019053
4076.436	n/a	NonTarget	1	1019109
4076.664	n/a	Target	2	1019166
4076.888	n/a	NonTarget	1	1019222
4077.116	n/a	NonTarget	1	1019279
4077.34	n/a	NonTarget	1	1019335
4077.564	n/a	NonTarget	1	1019391
4077.792	n/a	NonTarget	1	1019448
4078.016	n/a	NonTarget	1	1019504
4078.24	n/a	Target	2	1019560
4078.468	n/a	NonTarget	1	1019617
4078.692	n/a	NonTarget	1	1019673
4078.916	n/a	NonTarget	1	1019729
4079.144	n/a	NonTarget	1	1019786
4079.368	n/a	Target	2	1019842
4079.596	n/a	NonTarget	1	1019899
4079.82	n/a	NonTarget	1	1019955
4080.048	n/a	NonTarget	1	1020012
4080.272	n/a	NonTarget	1	1020068
4080.496	n/a	NonTarget	1	1020124
4080.724	n/a	Target	2	1020181
4080.948	n/a	NonTarget	1	1020237
4081.172	n/a	NonTarget	1	1020293
4081.4	n/a	NonTarget	1	1020350
4081.624	n/a	NonTarget	1	1020406
4081.852	n/a	NonTarget	1	1020463
4082.076	n/a	NonTarget	1	1020519
4082.3	n/a	Target	2	1020575
4082.528	n/a	NonTarget	1	1020632
4082.752	n/a	NonTarget	1	1020688
4082.98	n/a	NonTarget	1	1020745
4083.204	n/a	NonTarget	1	1020801
4083.428	n/a	Target	2	1020857
4083.652	n/a	NonTarget	1	1020913
4083.88	n/a	NonTarget	1	1020970
4084.104	n/a	NonTarget	1	1021026
4084.332	n/a	NonTarget	1	1021083
4084.556	n/a	Target	2	1021139
4084.784	n/a	NonTarget	1	1021196
4085.008	n/a	NonTarget	1	1021252
4085.232	n/a	NonTarget	1	1021308
4085.46	n/a	NonTarget	1	1021365
4085.684	n/a	NonTarget	1	1021421
4085.912	n/a	Target	2	1021478
4086.136	n/a	NonTarget	1	1021534
4086.364	n/a	NonTarget	1	1021591
4086.588	n/a	NonTarget	1	1021647
4086.812	n/a	NonTarget	1	1021703
4087.04	n/a	Target	2	1021760
4087.264	n/a	NonTarget	1	1021816
4087.492	n/a	NonTarget	1	1021873
4087.716	n/a	NonTarget	1	1021929
4087.94	n/a	NonTarget	1	1021985
4088.168	n/a	NonTarget	1	1022042
4088.392	n/a	Target	2	1022098
4088.616	n/a	NonTarget	1	1022154
4088.844	n/a	NonTarget	1	1022211
4089.068	n/a	NonTarget	1	1022267
4089.292	n/a	NonTarget	1	1022323
4089.52	n/a	NonTarget	1	1022380
4089.744	n/a	NonTarget	1	1022436
4089.968	n/a	NonTarget	1	1022492
4090.196	n/a	NonTarget	1	1022549
4090.42	n/a	Target	2	1022605
4090.648	n/a	NonTarget	1	1022662
4090.872	n/a	NonTarget	1	1022718
4091.096	n/a	NonTarget	1	1022774
4091.324	n/a	NonTarget	1	1022831
4091.548	n/a	NonTarget	1	1022887
4091.776	n/a	Target	2	1022944
4092.0	n/a	NonTarget	1	1023000
4092.228	n/a	NonTarget	1	1023057
4092.452	n/a	NonTarget	1	1023113
4092.676	n/a	NonTarget	1	1023169
4092.904	n/a	NonTarget	1	1023226
4093.128	n/a	Target	2	1023282
4093.352	n/a	NonTarget	1	1023338
4093.58	n/a	NonTarget	1	1023395
4093.804	n/a	NonTarget	1	1023451
4094.032	n/a	NonTarget	1	1023508
4094.256	n/a	NonTarget	1	1023564
4094.48	n/a	NonTarget	1	1023620
4094.708	n/a	Target	2	1023677
4094.932	n/a	NonTarget	1	1023733
4095.16	n/a	NonTarget	1	1023790
4095.384	n/a	NonTarget	1	1023846
4095.608	n/a	NonTarget	1	1023902
4095.832	n/a	NonTarget	1	1023958
4096.06	n/a	Target	2	1024015
4096.284	n/a	NonTarget	1	1024071
4096.512	n/a	NonTarget	1	1024128
4096.736	n/a	NonTarget	1	1024184
4096.96	n/a	NonTarget	1	1024240
4097.188	n/a	Target	2	1024297
4097.412	n/a	NonTarget	1	1024353
4097.64	n/a	NonTarget	1	1024410
4097.864	n/a	NonTarget	1	1024466
4098.092	n/a	NonTarget	1	1024523
4110.872	n/a	NonTarget	1	1027718
4111.096	n/a	NonTarget	1	1027774
4111.324	n/a	NonTarget	1	1027831
4111.548	n/a	NonTarget	1	1027887
4111.772	n/a	NonTarget	1	1027943
4111.996	n/a	NonTarget	1	1027999
4112.224	n/a	Target	2	1028056
4112.448	n/a	NonTarget	1	1028112
4112.676	n/a	NonTarget	1	1028169
4112.9	n/a	NonTarget	1	1028225
4113.124	n/a	NonTarget	1	1028281
4113.352	n/a	NonTarget	1	1028338
4113.576	n/a	NonTarget	1	1028394
4113.804	n/a	NonTarget	1	1028451
4114.028	n/a	NonTarget	1	1028507
4114.252	n/a	NonTarget	1	1028563
4114.48	n/a	Target	2	1028620
4114.704	n/a	NonTarget	1	1028676
4114.932	n/a	NonTarget	1	1028733
4115.156	n/a	NonTarget	1	1028789
4115.38	n/a	NonTarget	1	1028845
4115.608	n/a	NonTarget	1	1028902
4115.832	n/a	NonTarget	1	1028958
4116.06	n/a	NonTarget	1	1029015
4116.284	n/a	NonTarget	1	1029071
4116.508	n/a	Target	2	1029127
4116.736	n/a	NonTarget	1	1029184
4116.96	n/a	NonTarget	1	1029240
4117.188	n/a	NonTarget	1	1029297
4117.412	n/a	NonTarget	1	1029353
4117.636	n/a	NonTarget	1	1029409
4117.864	n/a	NonTarget	1	1029466
4118.088	n/a	NonTarget	1	1029522
4118.316	n/a	NonTarget	1	1029579
4118.54	n/a	NonTarget	1	1029635
4118.764	n/a	NonTarget	1	1029691
4118.992	n/a	Target	2	1029748
4119.216	n/a	NonTarget	1	1029804
4119.44	n/a	NonTarget	1	1029860
4119.668	n/a	NonTarget	1	1029917
4119.892	n/a	NonTarget	1	1029973
4120.116	n/a	NonTarget	1	1030029
4120.344	n/a	NonTarget	1	1030086
4120.568	n/a	NonTarget	1	1030142
4120.796	n/a	NonTarget	1	1030199
4121.02	n/a	NonTarget	1	1030255
4121.248	n/a	Target	2	1030312
4121.472	n/a	NonTarget	1	1030368
4121.696	n/a	NonTarget	1	1030424
4121.924	n/a	NonTarget	1	1030481
4122.148	n/a	NonTarget	1	1030537
4122.372	n/a	NonTarget	1	1030593
4122.6	n/a	Target	2	1030650
4122.824	n/a	NonTarget	1	1030706
4123.052	n/a	NonTarget	1	1030763
4123.276	n/a	NonTarget	1	1030819
4123.504	n/a	NonTarget	1	1030876
4123.728	n/a	NonTarget	1	1030932
4123.952	n/a	Target	2	1030988
4124.18	n/a	NonTarget	1	1031045
4124.408	n/a	NonTarget	1	1031102
4124.632	n/a	NonTarget	1	1031158
4124.856	n/a	NonTarget	1	1031214
4125.084	n/a	NonTarget	1	1031271
4125.308	n/a	Target	2	1031327
4125.532	n/a	NonTarget	1	1031383
4125.76	n/a	NonTarget	1	1031440
4125.984	n/a	NonTarget	1	1031496
4126.212	n/a	NonTarget	1	1031553
4126.436	n/a	Target	2	1031609
4126.66	n/a	NonTarget	1	1031665
4126.888	n/a	NonTarget	1	1031722
4127.112	n/a	NonTarget	1	1031778
4127.336	n/a	NonTarget	1	1031834
4127.564	n/a	NonTarget	1	1031891
4127.788	n/a	Target	2	1031947
4128.016	n/a	NonTarget	1	1032004
4128.24	n/a	NonTarget	1	1032060
4128.464	n/a	NonTarget	1	1032116
4128.692	n/a	NonTarget	1	1032173
4128.916	n/a	NonTarget	1	1032229
4129.14	n/a	NonTarget	1	1032285
4129.368	n/a	Target	2	1032342
4129.592	n/a	NonTarget	1	1032398
4129.816	n/a	NonTarget	1	1032454
4130.044	n/a	NonTarget	1	1032511
4130.268	n/a	NonTarget	1	1032567
4130.496	n/a	NonTarget	1	1032624
4130.72	n/a	NonTarget	1	1032680
4130.948	n/a	Target	2	1032737
4131.172	n/a	NonTarget	1	1032793
4131.396	n/a	NonTarget	1	1032849
4131.624	n/a	NonTarget	1	1032906
4131.848	n/a	NonTarget	1	1032962
4132.076	n/a	NonTarget	1	1033019
4132.3	n/a	Target	2	1033075
4132.528	n/a	NonTarget	1	1033132
4132.752	n/a	NonTarget	1	1033188
4132.976	n/a	NonTarget	1	1033244
4133.204	n/a	NonTarget	1	1033301
4133.428	n/a	Target	2	1033357
4133.652	n/a	NonTarget	1	1033413
4133.88	n/a	NonTarget	1	1033470
4134.104	n/a	NonTarget	1	1033526
4134.332	n/a	NonTarget	1	1033583
4134.556	n/a	Target	2	1033639
4134.78	n/a	NonTarget	1	1033695
4135.008	n/a	NonTarget	1	1033752
4135.232	n/a	NonTarget	1	1033808
4135.456	n/a	NonTarget	1	1033864
4135.684	n/a	NonTarget	1	1033921
4135.908	n/a	Target	2	1033977
4136.132	n/a	NonTarget	1	1034033
4136.36	n/a	NonTarget	1	1034090
4136.584	n/a	NonTarget	1	1034146
4136.812	n/a	NonTarget	1	1034203
4137.036	n/a	NonTarget	1	1034259
4137.26	n/a	Target	2	1034315
4137.488	n/a	NonTarget	1	1034372
4137.712	n/a	NonTarget	1	1034428
4137.94	n/a	NonTarget	1	1034485
4138.164	n/a	NonTarget	1	1034541
4138.392	n/a	Target	2	1034598
4138.616	n/a	NonTarget	1	1034654
4138.84	n/a	NonTarget	1	1034710
4139.068	n/a	NonTarget	1	1034767
4139.292	n/a	NonTarget	1	1034823
4139.516	n/a	NonTarget	1	1034879
4139.744	n/a	Target	2	1034936
4139.968	n/a	NonTarget	1	1034992
4140.196	n/a	NonTarget	1	1035049
4140.42	n/a	NonTarget	1	1035105
4140.644	n/a	NonTarget	1	1035161
4140.872	n/a	NonTarget	1	1035218
4141.096	n/a	Target	2	1035274
4149.844	n/a	NonTarget	1	1037461
4150.072	n/a	NonTarget	1	1037518
4150.296	n/a	NonTarget	1	1037574
4150.52	n/a	NonTarget	1	1037630
4150.748	n/a	NonTarget	1	1037687
4150.972	n/a	NonTarget	1	1037743
4151.2	n/a	NonTarget	1	1037800
4151.424	n/a	Target	2	1037856
4151.648	n/a	NonTarget	1	1037912
4151.876	n/a	NonTarget	1	1037969
4152.1	n/a	NonTarget	1	1038025
4152.324	n/a	NonTarget	1	1038081
4152.552	n/a	NonTarget	1	1038138
4152.776	n/a	NonTarget	1	1038194
4153.0	n/a	NonTarget	1	1038250
4153.224	n/a	NonTarget	1	1038306
4153.452	n/a	NonTarget	1	1038363
4153.676	n/a	NonTarget	1	1038419
4153.904	n/a	Target	2	1038476
4154.128	n/a	NonTarget	1	1038532
4154.352	n/a	NonTarget	1	1038588
4154.576	n/a	NonTarget	1	1038644
4154.804	n/a	NonTarget	1	1038701
4155.028	n/a	NonTarget	1	1038757
4155.252	n/a	Target	2	1038813
4155.48	n/a	NonTarget	1	1038870
4155.704	n/a	NonTarget	1	1038926
4155.928	n/a	NonTarget	1	1038982
4156.156	n/a	NonTarget	1	1039039
4156.38	n/a	Target	2	1039095
4156.604	n/a	NonTarget	1	1039151
4156.828	n/a	NonTarget	1	1039207
4157.056	n/a	NonTarget	1	1039264
4157.28	n/a	NonTarget	1	1039320
4157.508	n/a	NonTarget	1	1039377
4157.732	n/a	NonTarget	1	1039433
4157.956	n/a	NonTarget	1	1039489
4158.184	n/a	NonTarget	1	1039546
4158.408	n/a	Target	2	1039602
4158.632	n/a	NonTarget	1	1039658
4158.856	n/a	NonTarget	1	1039714
4159.084	n/a	NonTarget	1	1039771
4159.308	n/a	NonTarget	1	1039827
4159.532	n/a	NonTarget	1	1039883
4159.76	n/a	Target	2	1039940
4159.984	n/a	NonTarget	1	1039996
4160.212	n/a	NonTarget	1	1040053
4160.436	n/a	NonTarget	1	1040109
4160.66	n/a	NonTarget	1	1040165
4160.888	n/a	Target	2	1040222
4161.112	n/a	NonTarget	1	1040278
4161.34	n/a	NonTarget	1	1040335
4161.564	n/a	NonTarget	1	1040391
4161.792	n/a	NonTarget	1	1040448
4162.016	n/a	Target	2	1040504
4162.24	n/a	NonTarget	1	1040560
4162.468	n/a	NonTarget	1	1040617
4162.692	n/a	NonTarget	1	1040673
4162.92	n/a	NonTarget	1	1040730
4163.144	n/a	Target	2	1040786
4163.368	n/a	NonTarget	1	1040842
4163.596	n/a	NonTarget	1	1040899
4163.82	n/a	NonTarget	1	1040955
4164.044	n/a	NonTarget	1	1041011
4164.272	n/a	Target	2	1041068
4164.496	n/a	NonTarget	1	1041124
4164.724	n/a	NonTarget	1	1041181
4164.948	n/a	NonTarget	1	1041237
4165.172	n/a	NonTarget	1	1041293
4165.4	n/a	Target	2	1041350
4165.624	n/a	NonTarget	1	1041406
4165.848	n/a	NonTarget	1	1041462
4166.076	n/a	NonTarget	1	1041519
4166.3	n/a	NonTarget	1	1041575
4166.528	n/a	Target	2	1041632
4166.752	n/a	NonTarget	1	1041688
4166.976	n/a	NonTarget	1	1041744
4167.204	n/a	NonTarget	1	1041801
4167.428	n/a	NonTarget	1	1041857
4167.656	n/a	Target	2	1041914
4167.88	n/a	NonTarget	1	1041970
4168.108	n/a	NonTarget	1	1042027
4168.332	n/a	NonTarget	1	1042083
4168.556	n/a	NonTarget	1	1042139
4168.78	n/a	Target	2	1042195
4169.008	n/a	NonTarget	1	1042252
4169.232	n/a	NonTarget	1	1042308
4169.46	n/a	NonTarget	1	1042365
4169.684	n/a	NonTarget	1	1042421
4169.908	n/a	NonTarget	1	1042477
4170.136	n/a	Target	2	1042534
4170.36	n/a	NonTarget	1	1042590
4170.584	n/a	NonTarget	1	1042646
4170.812	n/a	NonTarget	1	1042703
4171.036	n/a	NonTarget	1	1042759
4171.26	n/a	Target	2	1042815
4171.488	n/a	NonTarget	1	1042872
4171.712	n/a	NonTarget	1	1042928
4171.94	n/a	NonTarget	1	1042985
4172.164	n/a	NonTarget	1	1043041
4172.388	n/a	Target	2	1043097
4172.616	n/a	NonTarget	1	1043154
4172.84	n/a	NonTarget	1	1043210
4173.068	n/a	NonTarget	1	1043267
4173.292	n/a	NonTarget	1	1043323
4173.52	n/a	NonTarget	1	1043380
4173.744	n/a	Target	2	1043436
4173.968	n/a	NonTarget	1	1043492
4174.196	n/a	NonTarget	1	1043549
4174.42	n/a	NonTarget	1	1043605
4174.648	n/a	NonTarget	1	1043662
4174.872	n/a	NonTarget	1	1043718
4175.1	n/a	Target	2	1043775
4175.324	n/a	NonTarget	1	1043831
4175.548	n/a	NonTarget	1	1043887
4175.776	n/a	NonTarget	1	1043944
4176.0	n/a	NonTarget	1	1044000
4176.224	n/a	NonTarget	1	1044056
4176.452	n/a	Target	2	1044113
4176.676	n/a	NonTarget	1	1044169
4176.904	n/a	NonTarget	1	1044226
4177.128	n/a	NonTarget	1	1044282
4177.352	n/a	NonTarget	1	1044338
4177.576	n/a	NonTarget	1	1044394
4177.804	n/a	Target	2	1044451
4178.028	n/a	NonTarget	1	1044507
4178.256	n/a	NonTarget	1	1044564
4178.48	n/a	NonTarget	1	1044620
4178.704	n/a	NonTarget	1	1044676
4178.932	n/a	Target	2	1044733
4179.156	n/a	NonTarget	1	1044789
4179.384	n/a	NonTarget	1	1044846
4179.608	n/a	NonTarget	1	1044902
4179.836	n/a	NonTarget	1	1044959
4180.06	n/a	NonTarget	1	1045015
4193.972	n/a	NonTarget	1	1048493
4194.196	n/a	NonTarget	1	1048549
4194.42	n/a	NonTarget	1	1048605
4194.648	n/a	NonTarget	1	1048662
4194.872	n/a	NonTarget	1	1048718
4195.1	n/a	NonTarget	1	1048775
4195.324	n/a	NonTarget	1	1048831
4195.548	n/a	Target	2	1048887
4195.776	n/a	NonTarget	1	1048944
4196.0	n/a	NonTarget	1	1049000
4196.228	n/a	NonTarget	1	1049057
4196.452	n/a	NonTarget	1	1049113
4196.676	n/a	NonTarget	1	1049169
4196.904	n/a	NonTarget	1	1049226
4197.128	n/a	NonTarget	1	1049282
4197.352	n/a	Target	2	1049338
4197.576	n/a	NonTarget	1	1049394
4197.804	n/a	NonTarget	1	1049451
4198.028	n/a	NonTarget	1	1049507
4198.256	n/a	NonTarget	1	1049564
4198.48	n/a	NonTarget	1	1049620
4198.704	n/a	NonTarget	1	1049676
4198.932	n/a	NonTarget	1	1049733
4199.156	n/a	NonTarget	1	1049789
4199.38	n/a	NonTarget	1	1049845
4199.604	n/a	NonTarget	1	1049901
4199.832	n/a	NonTarget	1	1049958
4200.056	n/a	Target	2	1050014
4200.28	n/a	NonTarget	1	1050070
4200.508	n/a	NonTarget	1	1050127
4200.732	n/a	NonTarget	1	1050183
4200.956	n/a	NonTarget	1	1050239
4201.18	n/a	NonTarget	1	1050295
4201.408	n/a	NonTarget	1	1050352
4201.632	n/a	NonTarget	1	1050408
4201.86	n/a	NonTarget	1	1050465
4202.084	n/a	NonTarget	1	1050521
4202.312	n/a	NonTarget	1	1050578
4202.536	n/a	Target	2	1050634
4202.76	n/a	NonTarget	1	1050690
4202.988	n/a	NonTarget	1	1050747
4203.212	n/a	NonTarget	1	1050803
4203.44	n/a	NonTarget	1	1050860
4203.664	n/a	NonTarget	1	1050916
4203.892	n/a	NonTarget	1	1050973
4204.116	n/a	Target	2	1051029
4204.34	n/a	NonTarget	1	1051085
4204.568	n/a	NonTarget	1	1051142
4204.792	n/a	NonTarget	1	1051198
4205.02	n/a	NonTarget	1	1051255
4205.244	n/a	Target	2	1051311
4205.468	n/a	NonTarget	1	1051367
4205.696	n/a	NonTarget	1	1051424
4205.92	n/a	NonTarget	1	1051480
4206.148	n/a	NonTarget	1	1051537
4206.372	n/a	Target	2	1051593
4206.6	n/a	NonTarget	1	1051650
4206.824	n/a	NonTarget	1	1051706
4207.048	n/a	NonTarget	1	1051762
4207.276	n/a	NonTarget	1	1051819
4207.5	n/a	NonTarget	1	1051875
4207.728	n/a	Target	2	1051932
4207.952	n/a	NonTarget	1	1051988
4208.18	n/a	NonTarget	1	1052045
4208.404	n/a	NonTarget	1	1052101
4208.632	n/a	NonTarget	1	1052158
4208.856	n/a	Target	2	1052214
4209.08	n/a	NonTarget	1	1052270
4209.308	n/a	NonTarget	1	1052327
4209.532	n/a	NonTarget	1	1052383
4209.756	n/a	NonTarget	1	1052439
4209.984	n/a	NonTarget	1	1052496
4210.208	n/a	Target	2	1052552
4210.436	n/a	NonTarget	1	1052609
4210.66	n/a	NonTarget	1	1052665
4210.884	n/a	NonTarget	1	1052721
4211.112	n/a	NonTarget	1	1052778
4211.336	n/a	Target	2	1052834
4211.56	n/a	NonTarget	1	1052890
4211.788	n/a	NonTarget	1	1052947
4212.012	n/a	NonTarget	1	1053003
4212.24	n/a	NonTarget	1	1053060
4212.464	n/a	NonTarget	1	1053116
4212.692	n/a	NonTarget	1	1053173
4212.916	n/a	Target	2	1053229
4213.14	n/a	NonTarget	1	1053285
4213.368	n/a	NonTarget	1	1053342
4213.592	n/a	NonTarget	1	1053398
4213.82	n/a	NonTarget	1	1053455
4214.044	n/a	Target	2	1053511
4214.268	n/a	NonTarget	1	1053567
4214.496	n/a	NonTarget	1	1053624
4214.72	n/a	NonTarget	1	1053680
4214.944	n/a	NonTarget	1	1053736
4215.168	n/a	Target	2	1053792
4215.396	n/a	NonTarget	1	1053849
4215.62	n/a	NonTarget	1	1053905
4215.844	n/a	NonTarget	1	1053961
4216.072	n/a	NonTarget	1	1054018
4216.296	n/a	Target	2	1054074
4216.524	n/a	NonTarget	1	1054131
4216.748	n/a	NonTarget	1	1054187
4216.972	n/a	NonTarget	1	1054243
4217.2	n/a	NonTarget	1	1054300
4217.424	n/a	Target	2	1054356
4217.648	n/a	NonTarget	1	1054412
4217.876	n/a	NonTarget	1	1054469
4218.1	n/a	NonTarget	1	1054525
4218.324	n/a	NonTarget	1	1054581
4218.552	n/a	Target	2	1054638
4218.78	n/a	NonTarget	1	1054695
4219.004	n/a	NonTarget	1	1054751
4219.228	n/a	NonTarget	1	1054807
4219.456	n/a	NonTarget	1	1054864
4219.68	n/a	Target	2	1054920
4219.904	n/a	NonTarget	1	1054976
4220.132	n/a	NonTarget	1	1055033
4220.356	n/a	NonTarget	1	1055089
4220.58	n/a	NonTarget	1	1055145
4220.808	n/a	Target	2	1055202
4221.032	n/a	NonTarget	1	1055258
4221.26	n/a	NonTarget	1	1055315
4221.484	n/a	NonTarget	1	1055371
4221.708	n/a	NonTarget	1	1055427
4221.936	n/a	Target	2	1055484
4222.16	n/a	NonTarget	1	1055540
4222.384	n/a	NonTarget	1	1055596
4222.612	n/a	NonTarget	1	1055653
4222.836	n/a	NonTarget	1	1055709
4223.06	n/a	NonTarget	1	1055765
4223.288	n/a	Target	2	1055822
4223.512	n/a	NonTarget	1	1055878
4223.74	n/a	NonTarget	1	1055935
4223.964	n/a	NonTarget	1	1055991
4224.192	n/a	NonTarget	1	1056048
4232.94	n/a	NonTarget	1	1058235
4233.164	n/a	NonTarget	1	1058291
4233.392	n/a	NonTarget	1	1058348
4233.616	n/a	NonTarget	1	1058404
4233.844	n/a	NonTarget	1	1058461
4234.068	n/a	NonTarget	1	1058517
4234.292	n/a	Target	2	1058573
4234.52	n/a	NonTarget	1	1058630
4234.744	n/a	NonTarget	1	1058686
4234.968	n/a	NonTarget	1	1058742
4235.196	n/a	NonTarget	1	1058799
4235.42	n/a	NonTarget	1	1058855
4235.648	n/a	NonTarget	1	1058912
4235.872	n/a	NonTarget	1	1058968
4236.096	n/a	NonTarget	1	1059024
4236.324	n/a	NonTarget	1	1059081
4236.548	n/a	NonTarget	1	1059137
4236.776	n/a	NonTarget	1	1059194
4237.0	n/a	Target	2	1059250
4237.228	n/a	NonTarget	1	1059307
4237.452	n/a	NonTarget	1	1059363
4237.676	n/a	NonTarget	1	1059419
4237.904	n/a	NonTarget	1	1059476
4238.128	n/a	NonTarget	1	1059532
4238.356	n/a	NonTarget	1	1059589
4238.58	n/a	NonTarget	1	1059645
4238.808	n/a	Target	2	1059702
4239.032	n/a	NonTarget	1	1059758
4239.256	n/a	NonTarget	1	1059814
4239.484	n/a	NonTarget	1	1059871
4239.708	n/a	NonTarget	1	1059927
4239.932	n/a	NonTarget	1	1059983
4240.16	n/a	NonTarget	1	1060040
4240.384	n/a	NonTarget	1	1060096
4240.608	n/a	Target	2	1060152
4240.836	n/a	NonTarget	1	1060209
4241.06	n/a	NonTarget	1	1060265
4241.288	n/a	NonTarget	1	1060322
4241.512	n/a	NonTarget	1	1060378
4241.736	n/a	Target	2	1060434
4241.964	n/a	NonTarget	1	1060491
4242.188	n/a	NonTarget	1	1060547
4242.412	n/a	NonTarget	1	1060603
4242.636	n/a	NonTarget	1	1060659
4242.864	n/a	NonTarget	1	1060716
4243.092	n/a	Target	2	1060773
4243.316	n/a	NonTarget	1	1060829
4243.54	n/a	NonTarget	1	1060885
4243.768	n/a	NonTarget	1	1060942
4243.992	n/a	NonTarget	1	1060998
4244.22	n/a	NonTarget	1	1061055
4244.444	n/a	Target	2	1061111
4244.672	n/a	NonTarget	1	1061168
4244.896	n/a	NonTarget	1	1061224
4245.12	n/a	NonTarget	1	1061280
4245.348	n/a	NonTarget	1	1061337
4245.572	n/a	NonTarget	1	1061393
4245.796	n/a	Target	2	1061449
4246.024	n/a	NonTarget	1	1061506
4246.248	n/a	NonTarget	1	1061562
4246.472	n/a	NonTarget	1	1061618
4246.7	n/a	NonTarget	1	1061675
4246.924	n/a	Target	2	1061731
4247.152	n/a	NonTarget	1	1061788
4247.376	n/a	NonTarget	1	1061844
4247.6	n/a	NonTarget	1	1061900
4247.828	n/a	NonTarget	1	1061957
4248.052	n/a	Target	2	1062013
4248.276	n/a	NonTarget	1	1062069
4248.504	n/a	NonTarget	1	1062126
4248.728	n/a	NonTarget	1	1062182
4248.956	n/a	NonTarget	1	1062239
4249.18	n/a	NonTarget	1	1062295
4249.404	n/a	NonTarget	1	1062351
4249.632	n/a	NonTarget	1	1062408
4249.856	n/a	Target	2	1062464
4250.084	n/a	NonTarget	1	1062521
4250.308	n/a	NonTarget	1	1062577
4250.536	n/a	NonTarget	1	1062634
4250.76	n/a	NonTarget	1	1062690
4250.984	n/a	Target	2	1062746
4251.212	n/a	NonTarget	1	1062803
4251.436	n/a	NonTarget	1	1062859
4251.66	n/a	NonTarget	1	1062915
4251.888	n/a	NonTarget	1	1062972
4252.112	n/a	NonTarget	1	1063028
4252.34	n/a	NonTarget	1	1063085
4252.564	n/a	NonTarget	1	1063141
4252.788	n/a	NonTarget	1	1063197
4253.012	n/a	Target	2	1063253
4253.24	n/a	NonTarget	1	1063310
4253.464	n/a	NonTarget	1	1063366
4253.692	n/a	NonTarget	1	1063423
4253.916	n/a	NonTarget	1	1063479
4254.14	n/a	Target	2	1063535
4254.368	n/a	NonTarget	1	1063592
4254.592	n/a	NonTarget	1	1063648
4254.82	n/a	NonTarget	1	1063705
4255.044	n/a	NonTarget	1	1063761
4255.272	n/a	Target	2	1063818
4255.496	n/a	NonTarget	1	1063874
4255.72	n/a	NonTarget	1	1063930
4255.948	n/a	NonTarget	1	1063987
4256.172	n/a	NonTarget	1	1064043
4256.4	n/a	Target	2	1064100
4256.624	n/a	NonTarget	1	1064156
4256.852	n/a	NonTarget	1	1064213
4257.076	n/a	NonTarget	1	1064269
4257.3	n/a	NonTarget	1	1064325
4257.528	n/a	Target	2	1064382
4257.752	n/a	NonTarget	1	1064438
4257.98	n/a	NonTarget	1	1064495
4258.204	n/a	NonTarget	1	1064551
4258.428	n/a	NonTarget	1	1064607
4258.656	n/a	NonTarget	1	1064664
4258.88	n/a	Target	2	1064720
4259.104	n/a	NonTarget	1	1064776
4259.332	n/a	NonTarget	1	1064833
4259.556	n/a	NonTarget	1	1064889
4259.78	n/a	NonTarget	1	1064945
4260.008	n/a	Target	2	1065002
4260.232	n/a	NonTarget	1	1065058
4260.456	n/a	NonTarget	1	1065114
4260.684	n/a	NonTarget	1	1065171
4260.908	n/a	NonTarget	1	1065227
4261.136	n/a	NonTarget	1	1065284
4261.36	n/a	NonTarget	1	1065340
4261.584	n/a	NonTarget	1	1065396
4261.812	n/a	NonTarget	1	1065453
4262.036	n/a	NonTarget	1	1065509
4262.264	n/a	Target	2	1065566
4262.488	n/a	NonTarget	1	1065622
4262.716	n/a	NonTarget	1	1065679
4262.94	n/a	NonTarget	1	1065735
4263.164	n/a	NonTarget	1	1065791
4276.636	n/a	NonTarget	1	1069159
4276.864	n/a	NonTarget	1	1069216
4277.088	n/a	Target	2	1069272
4277.312	n/a	NonTarget	1	1069328
4277.54	n/a	NonTarget	1	1069385
4277.764	n/a	NonTarget	1	1069441
4277.988	n/a	NonTarget	1	1069497
4278.212	n/a	NonTarget	1	1069553
4278.44	n/a	NonTarget	1	1069610
4278.664	n/a	Target	2	1069666
4278.888	n/a	NonTarget	1	1069722
4279.116	n/a	NonTarget	1	1069779
4279.34	n/a	NonTarget	1	1069835
4279.564	n/a	NonTarget	1	1069891
4279.792	n/a	NonTarget	1	1069948
4280.016	n/a	NonTarget	1	1070004
4280.24	n/a	NonTarget	1	1070060
4280.468	n/a	NonTarget	1	1070117
4280.692	n/a	Target	2	1070173
4280.916	n/a	NonTarget	1	1070229
4281.144	n/a	NonTarget	1	1070286
4281.368	n/a	NonTarget	1	1070342
4281.592	n/a	NonTarget	1	1070398
4281.816	n/a	NonTarget	1	1070454
4282.044	n/a	NonTarget	1	1070511
4282.268	n/a	NonTarget	1	1070567
4282.496	n/a	NonTarget	1	1070624
4282.72	n/a	NonTarget	1	1070680
4282.948	n/a	Target	2	1070737
4283.172	n/a	NonTarget	1	1070793
4283.4	n/a	NonTarget	1	1070850
4283.624	n/a	NonTarget	1	1070906
4283.848	n/a	NonTarget	1	1070962
4284.076	n/a	NonTarget	1	1071019
4284.3	n/a	NonTarget	1	1071075
4284.528	n/a	NonTarget	1	1071132
4284.752	n/a	NonTarget	1	1071188
4284.976	n/a	Target	2	1071244
4285.204	n/a	NonTarget	1	1071301
4285.428	n/a	NonTarget	1	1071357
4285.652	n/a	NonTarget	1	1071413
4285.88	n/a	NonTarget	1	1071470
4286.104	n/a	NonTarget	1	1071526
4286.332	n/a	NonTarget	1	1071583
4286.556	n/a	NonTarget	1	1071639
4286.78	n/a	Target	2	1071695
4287.008	n/a	NonTarget	1	1071752
4287.232	n/a	NonTarget	1	1071808
4287.46	n/a	NonTarget	1	1071865
4287.684	n/a	NonTarget	1	1071921
4287.908	n/a	Target	2	1071977
4288.136	n/a	NonTarget	1	1072034
4288.36	n/a	NonTarget	1	1072090
4288.584	n/a	NonTarget	1	1072146
4288.812	n/a	NonTarget	1	1072203
4289.036	n/a	NonTarget	1	1072259
4289.264	n/a	Target	2	1072316
4289.488	n/a	NonTarget	1	1072372
4289.712	n/a	NonTarget	1	1072428
4289.94	n/a	NonTarget	1	1072485
4290.164	n/a	NonTarget	1	1072541
4290.392	n/a	Target	2	1072598
4290.616	n/a	NonTarget	1	1072654
4290.84	n/a	NonTarget	1	1072710
4291.068	n/a	NonTarget	1	1072767
4291.292	n/a	NonTarget	1	1072823
4291.52	n/a	Target	2	1072880
4291.744	n/a	NonTarget	1	1072936
4291.968	n/a	NonTarget	1	1072992
4292.196	n/a	NonTarget	1	1073049
4292.42	n/a	NonTarget	1	1073105
4292.644	n/a	NonTarget	1	1073161
4292.872	n/a	Target	2	1073218
4293.096	n/a	NonTarget	1	1073274
4293.324	n/a	NonTarget	1	1073331
4293.548	n/a	NonTarget	1	1073387
4293.776	n/a	NonTarget	1	1073444
4294.0	n/a	NonTarget	1	1073500
4294.224	n/a	Target	2	1073556
4294.452	n/a	NonTarget	1	1073613
4294.676	n/a	NonTarget	1	1073669
4294.904	n/a	NonTarget	1	1073726
4295.128	n/a	NonTarget	1	1073782
4295.356	n/a	Target	2	1073839
4295.58	n/a	NonTarget	1	1073895
4295.804	n/a	NonTarget	1	1073951
4296.032	n/a	NonTarget	1	1074008
4296.256	n/a	NonTarget	1	1074064
4296.484	n/a	Target	2	1074121
4296.708	n/a	NonTarget	1	1074177
4296.936	n/a	NonTarget	1	1074234
4297.16	n/a	NonTarget	1	1074290
4297.384	n/a	NonTarget	1	1074346
4297.612	n/a	Target	2	1074403
4297.836	n/a	NonTarget	1	1074459
4298.064	n/a	NonTarget	1	1074516
4298.288	n/a	NonTarget	1	1074572
4298.512	n/a	NonTarget	1	1074628
4298.74	n/a	Target	2	1074685
4298.964	n/a	NonTarget	1	1074741
4299.188	n/a	NonTarget	1	1074797
4299.416	n/a	NonTarget	1	1074854
4299.64	n/a	NonTarget	1	1074910
4299.868	n/a	Target	2	1074967
4300.092	n/a	NonTarget	1	1075023
4300.316	n/a	NonTarget	1	1075079
4300.544	n/a	NonTarget	1	1075136
4300.768	n/a	NonTarget	1	1075192
4300.992	n/a	NonTarget	1	1075248
4301.22	n/a	NonTarget	1	1075305
4301.444	n/a	NonTarget	1	1075361
4301.668	n/a	Target	2	1075417
4301.896	n/a	NonTarget	1	1075474
4302.12	n/a	NonTarget	1	1075530
4302.348	n/a	NonTarget	1	1075587
4302.572	n/a	NonTarget	1	1075643
4302.796	n/a	Target	2	1075699
4303.024	n/a	NonTarget	1	1075756
4303.248	n/a	NonTarget	1	1075812
4303.476	n/a	NonTarget	1	1075869
4303.7	n/a	NonTarget	1	1075925
4303.924	n/a	NonTarget	1	1075981
4304.152	n/a	Target	2	1076038
4304.376	n/a	NonTarget	1	1076094
4304.604	n/a	NonTarget	1	1076151
4304.828	n/a	NonTarget	1	1076207
4305.052	n/a	NonTarget	1	1076263
4305.28	n/a	Target	2	1076320
4305.504	n/a	NonTarget	1	1076376
4305.728	n/a	NonTarget	1	1076432
4305.956	n/a	NonTarget	1	1076489
4306.18	n/a	NonTarget	1	1076545
4306.404	n/a	NonTarget	1	1076601
4306.632	n/a	Target	2	1076658
4306.856	n/a	NonTarget	1	1076714
4315.624	n/a	NonTarget	1	1078906
4315.852	n/a	NonTarget	1	1078963
4316.076	n/a	Target	2	1079019
4316.3	n/a	NonTarget	1	1079075
4316.524	n/a	NonTarget	1	1079131
4316.752	n/a	NonTarget	1	1079188
4316.976	n/a	NonTarget	1	1079244
4317.204	n/a	NonTarget	1	1079301
4317.432	n/a	NonTarget	1	1079358
4317.656	n/a	NonTarget	1	1079414
4317.88	n/a	Target	2	1079470
4318.108	n/a	NonTarget	1	1079527
4318.332	n/a	NonTarget	1	1079583
4318.56	n/a	NonTarget	1	1079640
4318.784	n/a	NonTarget	1	1079696
4319.008	n/a	NonTarget	1	1079752
4319.236	n/a	NonTarget	1	1079809
4319.46	n/a	NonTarget	1	1079865
4319.684	n/a	NonTarget	1	1079921
4319.912	n/a	Target	2	1079978
4320.136	n/a	NonTarget	1	1080034
4320.36	n/a	NonTarget	1	1080090
4320.588	n/a	NonTarget	1	1080147
4320.812	n/a	NonTarget	1	1080203
4321.036	n/a	NonTarget	1	1080259
4321.264	n/a	NonTarget	1	1080316
4321.488	n/a	NonTarget	1	1080372
4321.712	n/a	NonTarget	1	1080428
4321.94	n/a	Target	2	1080485
4322.164	n/a	NonTarget	1	1080541
4322.388	n/a	NonTarget	1	1080597
4322.616	n/a	NonTarget	1	1080654
4322.84	n/a	NonTarget	1	1080710
4323.064	n/a	NonTarget	1	1080766
4323.292	n/a	NonTarget	1	1080823
4323.516	n/a	NonTarget	1	1080879
4323.74	n/a	Target	2	1080935
4323.968	n/a	NonTarget	1	1080992
4324.192	n/a	NonTarget	1	1081048
4324.416	n/a	NonTarget	1	1081104
4324.644	n/a	NonTarget	1	1081161
4324.868	n/a	NonTarget	1	1081217
4325.092	n/a	NonTarget	1	1081273
4325.32	n/a	NonTarget	1	1081330
4325.544	n/a	Target	2	1081386
4325.768	n/a	NonTarget	1	1081442
4325.996	n/a	NonTarget	1	1081499
4326.22	n/a	NonTarget	1	1081555
4326.444	n/a	NonTarget	1	1081611
4326.672	n/a	Target	2	1081668
4326.896	n/a	NonTarget	1	1081724
4327.124	n/a	NonTarget	1	1081781
4327.348	n/a	NonTarget	1	1081837
4327.572	n/a	NonTarget	1	1081893
4327.8	n/a	NonTarget	1	1081950
4328.024	n/a	Target	2	1082006
4328.252	n/a	NonTarget	1	1082063
4328.476	n/a	NonTarget	1	1082119
4328.704	n/a	NonTarget	1	1082176
4328.928	n/a	NonTarget	1	1082232
4329.152	n/a	NonTarget	1	1082288
4329.38	n/a	Target	2	1082345
4329.604	n/a	NonTarget	1	1082401
4329.832	n/a	NonTarget	1	1082458
4330.056	n/a	NonTarget	1	1082514
4330.284	n/a	NonTarget	1	1082571
4330.508	n/a	Target	2	1082627
4330.732	n/a	NonTarget	1	1082683
4330.96	n/a	NonTarget	1	1082740
4331.184	n/a	NonTarget	1	1082796
4331.412	n/a	NonTarget	1	1082853
4331.636	n/a	NonTarget	1	1082909
4331.86	n/a	NonTarget	1	1082965
4332.084	n/a	NonTarget	1	1083021
4332.312	n/a	Target	2	1083078
4332.536	n/a	NonTarget	1	1083134
4332.764	n/a	NonTarget	1	1083191
4332.988	n/a	NonTarget	1	1083247
4333.216	n/a	NonTarget	1	1083304
4333.44	n/a	Target	2	1083360
4333.664	n/a	NonTarget	1	1083416
4333.892	n/a	NonTarget	1	1083473
4334.116	n/a	NonTarget	1	1083529
4334.344	n/a	NonTarget	1	1083586
4334.568	n/a	NonTarget	1	1083642
4334.792	n/a	Target	2	1083698
4335.02	n/a	NonTarget	1	1083755
4335.244	n/a	NonTarget	1	1083811
4335.472	n/a	NonTarget	1	1083868
4335.696	n/a	NonTarget	1	1083924
4335.924	n/a	Target	2	1083981
4336.148	n/a	NonTarget	1	1084037
4336.372	n/a	NonTarget	1	1084093
4336.6	n/a	NonTarget	1	1084150
4336.824	n/a	NonTarget	1	1084206
4337.048	n/a	NonTarget	1	1084262
4337.276	n/a	Target	2	1084319
4337.5	n/a	NonTarget	1	1084375
4337.728	n/a	NonTarget	1	1084432
4337.952	n/a	NonTarget	1	1084488
4338.176	n/a	NonTarget	1	1084544
4338.404	n/a	Target	2	1084601
4338.628	n/a	NonTarget	1	1084657
4338.856	n/a	NonTarget	1	1084714
4339.08	n/a	NonTarget	1	1084770
4339.304	n/a	NonTarget	1	1084826
4339.532	n/a	Target	2	1084883
4339.756	n/a	NonTarget	1	1084939
4339.98	n/a	NonTarget	1	1084995
4340.208	n/a	NonTarget	1	1085052
4340.432	n/a	NonTarget	1	1085108
4340.656	n/a	NonTarget	1	1085164
4340.884	n/a	Target	2	1085221
4341.108	n/a	NonTarget	1	1085277
4341.336	n/a	NonTarget	1	1085334
4341.56	n/a	NonTarget	1	1085390
4341.788	n/a	NonTarget	1	1085447
4342.012	n/a	Target	2	1085503
4342.236	n/a	NonTarget	1	1085559
4342.464	n/a	NonTarget	1	1085616
4342.688	n/a	NonTarget	1	1085672
4342.912	n/a	NonTarget	1	1085728
4343.14	n/a	Target	2	1085785
4343.364	n/a	NonTarget	1	1085841
4343.592	n/a	NonTarget	1	1085898
4343.816	n/a	NonTarget	1	1085954
4344.04	n/a	NonTarget	1	1086010
4344.268	n/a	NonTarget	1	1086067
4344.492	n/a	Target	2	1086123
4344.716	n/a	NonTarget	1	1086179
4344.944	n/a	NonTarget	1	1086236
4345.168	n/a	NonTarget	1	1086292
4345.392	n/a	NonTarget	1	1086348
4345.62	n/a	NonTarget	1	1086405
4345.844	n/a	Target	2	1086461
4360.8	n/a	NonTarget	1	1090200
4361.024	n/a	NonTarget	1	1090256
4361.248	n/a	NonTarget	1	1090312
4361.476	n/a	NonTarget	1	1090369
4361.7	n/a	NonTarget	1	1090425
4361.924	n/a	NonTarget	1	1090481
4362.152	n/a	Target	2	1090538
4362.376	n/a	NonTarget	1	1090594
4362.604	n/a	NonTarget	1	1090651
4362.828	n/a	NonTarget	1	1090707
4363.052	n/a	NonTarget	1	1090763
4363.28	n/a	NonTarget	1	1090820
4363.504	n/a	NonTarget	1	1090876
4363.728	n/a	NonTarget	1	1090932
4363.956	n/a	Target	2	1090989
4364.18	n/a	NonTarget	1	1091045
4364.404	n/a	NonTarget	1	1091101
4364.628	n/a	NonTarget	1	1091157
4364.856	n/a	NonTarget	1	1091214
4365.08	n/a	NonTarget	1	1091270
4365.308	n/a	NonTarget	1	1091327
4365.532	n/a	NonTarget	1	1091383
4365.756	n/a	NonTarget	1	1091439
4365.984	n/a	Target	2	1091496
4366.208	n/a	NonTarget	1	1091552
4366.432	n/a	NonTarget	1	1091608
4366.66	n/a	NonTarget	1	1091665
4366.884	n/a	NonTarget	1	1091721
4367.112	n/a	NonTarget	1	1091778
4367.336	n/a	Target	2	1091834
4367.56	n/a	NonTarget	1	1091890
4367.784	n/a	NonTarget	1	1091946
4368.012	n/a	NonTarget	1	1092003
4368.24	n/a	NonTarget	1	1092060
4368.464	n/a	Target	2	1092116
4368.688	n/a	NonTarget	1	1092172
4368.916	n/a	NonTarget	1	1092229
4369.14	n/a	NonTarget	1	1092285
4369.368	n/a	NonTarget	1	1092342
4369.592	n/a	NonTarget	1	1092398
4369.816	n/a	NonTarget	1	1092454
4370.044	n/a	Target	2	1092511
4370.268	n/a	NonTarget	1	1092567
4370.492	n/a	NonTarget	1	1092623
4370.72	n/a	NonTarget	1	1092680
4370.948	n/a	NonTarget	1	1092737
4371.172	n/a	NonTarget	1	1092793
4371.396	n/a	NonTarget	1	1092849
4371.624	n/a	NonTarget	1	1092906
4371.848	n/a	NonTarget	1	1092962
4372.072	n/a	NonTarget	1	1093018
4372.3	n/a	NonTarget	1	1093075
4372.524	n/a	Target	2	1093131
4372.752	n/a	NonTarget	1	1093188
4372.976	n/a	NonTarget	1	1093244
4373.2	n/a	NonTarget	1	1093300
4373.424	n/a	NonTarget	1	1093356
4373.652	n/a	NonTarget	1	1093413
4373.876	n/a	NonTarget	1	1093469
4374.104	n/a	Target	2	1093526
4374.328	n/a	NonTarget	1	1093582
4374.552	n/a	NonTarget	1	1093638
4374.78	n/a	NonTarget	1	1093695
4375.004	n/a	NonTarget	1	1093751
4375.232	n/a	NonTarget	1	1093808
4375.456	n/a	NonTarget	1	1093864
4375.684	n/a	NonTarget	1	1093921
4375.908	n/a	NonTarget	1	1093977
4376.136	n/a	NonTarget	1	1094034
4376.36	n/a	NonTarget	1	1094090
4376.584	n/a	NonTarget	1	1094146
4376.812	n/a	NonTarget	1	1094203
4377.036	n/a	NonTarget	1	1094259
4377.264	n/a	NonTarget	1	1094316
4377.488	n/a	Target	2	1094372
4377.712	n/a	NonTarget	1	1094428
4377.94	n/a	NonTarget	1	1094485
4378.164	n/a	NonTarget	1	1094541
4378.388	n/a	NonTarget	1	1094597
4378.616	n/a	NonTarget	1	1094654
4378.84	n/a	NonTarget	1	1094710
4379.068	n/a	NonTarget	1	1094767
4379.292	n/a	NonTarget	1	1094823
4379.516	n/a	NonTarget	1	1094879
4379.744	n/a	NonTarget	1	1094936
4379.968	n/a	NonTarget	1	1094992
4380.192	n/a	NonTarget	1	1095048
4380.42	n/a	NonTarget	1	1095105
4380.644	n/a	NonTarget	1	1095161
4380.868	n/a	NonTarget	1	1095217
4381.096	n/a	NonTarget	1	1095274
4381.32	n/a	NonTarget	1	1095330
4381.548	n/a	NonTarget	1	1095387
4381.772	n/a	NonTarget	1	1095443
4381.996	n/a	NonTarget	1	1095499
4382.224	n/a	NonTarget	1	1095556
4382.448	n/a	Target	2	1095612
4382.676	n/a	NonTarget	1	1095669
4382.9	n/a	NonTarget	1	1095725
4383.128	n/a	NonTarget	1	1095782
4383.352	n/a	NonTarget	1	1095838
4383.576	n/a	Target	2	1095894
4383.804	n/a	NonTarget	1	1095951
4384.028	n/a	NonTarget	1	1096007
4384.252	n/a	NonTarget	1	1096063
4384.48	n/a	NonTarget	1	1096120
4384.704	n/a	NonTarget	1	1096176
4384.928	n/a	NonTarget	1	1096232
4385.156	n/a	NonTarget	1	1096289
4385.38	n/a	Target	2	1096345
4385.604	n/a	NonTarget	1	1096401
4385.832	n/a	NonTarget	1	1096458
4386.056	n/a	NonTarget	1	1096514
4386.284	n/a	NonTarget	1	1096571
4386.508	n/a	Target	2	1096627
4386.732	n/a	NonTarget	1	1096683
4386.96	n/a	NonTarget	1	1096740
4387.184	n/a	NonTarget	1	1096796
4387.412	n/a	NonTarget	1	1096853
4387.636	n/a	NonTarget	1	1096909
4387.864	n/a	NonTarget	1	1096966
4388.088	n/a	Target	2	1097022
4388.312	n/a	NonTarget	1	1097078
4388.54	n/a	NonTarget	1	1097135
4388.764	n/a	NonTarget	1	1097191
4388.992	n/a	NonTarget	1	1097248
4389.216	n/a	NonTarget	1	1097304
4389.44	n/a	Target	2	1097360
4389.668	n/a	NonTarget	1	1097417
4389.892	n/a	NonTarget	1	1097473
4390.116	n/a	NonTarget	1	1097529
4390.344	n/a	NonTarget	1	1097586
4390.568	n/a	Target	2	1097642
4390.796	n/a	NonTarget	1	1097699
4391.02	n/a	NonTarget	1	1097755
4468.984	n/a	NonTarget	1	1117246
4469.212	n/a	NonTarget	1	1117303
4469.436	n/a	NonTarget	1	1117359
4469.66	n/a	NonTarget	1	1117415
4469.888	n/a	NonTarget	1	1117472
4470.112	n/a	NonTarget	1	1117528
4470.34	n/a	NonTarget	1	1117585
4470.564	n/a	NonTarget	1	1117641
4470.788	n/a	Target	2	1117697
4471.016	n/a	NonTarget	1	1117754
4471.24	n/a	NonTarget	1	1117810
4471.468	n/a	NonTarget	1	1117867
4471.692	n/a	NonTarget	1	1117923
4471.92	n/a	NonTarget	1	1117980
4472.144	n/a	Target	2	1118036
4472.368	n/a	NonTarget	1	1118092
4472.596	n/a	NonTarget	1	1118149
4472.82	n/a	NonTarget	1	1118205
4473.048	n/a	NonTarget	1	1118262
4473.272	n/a	NonTarget	1	1118318
4473.496	n/a	NonTarget	1	1118374
4473.724	n/a	NonTarget	1	1118431
4473.948	n/a	NonTarget	1	1118487
4474.176	n/a	Target	2	1118544
4474.4	n/a	NonTarget	1	1118600
4474.624	n/a	NonTarget	1	1118656
4474.852	n/a	NonTarget	1	1118713
4475.076	n/a	NonTarget	1	1118769
4475.304	n/a	NonTarget	1	1118826
4475.528	n/a	NonTarget	1	1118882
4475.752	n/a	NonTarget	1	1118938
4475.976	n/a	Target	2	1118994
4476.204	n/a	NonTarget	1	1119051
4476.428	n/a	NonTarget	1	1119107
4476.652	n/a	NonTarget	1	1119163
4476.88	n/a	NonTarget	1	1119220
4477.104	n/a	NonTarget	1	1119276
4477.328	n/a	NonTarget	1	1119332
4477.552	n/a	NonTarget	1	1119388
4477.78	n/a	NonTarget	1	1119445
4478.004	n/a	NonTarget	1	1119501
4478.228	n/a	NonTarget	1	1119557
4478.456	n/a	NonTarget	1	1119614
4478.684	n/a	Target	2	1119671
4478.908	n/a	NonTarget	1	1119727
4479.132	n/a	NonTarget	1	1119783
4479.36	n/a	NonTarget	1	1119840
4479.584	n/a	NonTarget	1	1119896
4479.808	n/a	NonTarget	1	1119952
4480.036	n/a	NonTarget	1	1120009
4480.26	n/a	NonTarget	1	1120065
4480.484	n/a	Target	2	1120121
4480.712	n/a	NonTarget	1	1120178
4480.936	n/a	NonTarget	1	1120234
4481.16	n/a	NonTarget	1	1120290
4481.388	n/a	NonTarget	1	1120347
4481.612	n/a	NonTarget	1	1120403
4481.84	n/a	NonTarget	1	1120460
4482.064	n/a	Target	2	1120516
4482.288	n/a	NonTarget	1	1120572
4482.516	n/a	NonTarget	1	1120629
4482.74	n/a	NonTarget	1	1120685
4482.968	n/a	NonTarget	1	1120742
4483.192	n/a	NonTarget	1	1120798
4483.42	n/a	Target	2	1120855
4483.644	n/a	NonTarget	1	1120911
4483.872	n/a	NonTarget	1	1120968
4484.096	n/a	NonTarget	1	1121024
4484.32	n/a	NonTarget	1	1121080
4484.548	n/a	Target	2	1121137
4484.772	n/a	NonTarget	1	1121193
4485.0	n/a	NonTarget	1	1121250
4485.224	n/a	NonTarget	1	1121306
4485.448	n/a	NonTarget	1	1121362
4485.672	n/a	Target	2	1121418
4485.9	n/a	NonTarget	1	1121475
4486.124	n/a	NonTarget	1	1121531
4486.352	n/a	NonTarget	1	1121588
4486.576	n/a	NonTarget	1	1121644
4486.8	n/a	NonTarget	1	1121700
4487.028	n/a	Target	2	1121757
4487.252	n/a	NonTarget	1	1121813
4487.476	n/a	NonTarget	1	1121869
4487.704	n/a	NonTarget	1	1121926
4487.928	n/a	NonTarget	1	1121982
4488.156	n/a	Target	2	1122039
4488.38	n/a	NonTarget	1	1122095
4488.604	n/a	NonTarget	1	1122151
4488.832	n/a	NonTarget	1	1122208
4489.056	n/a	NonTarget	1	1122264
4489.284	n/a	NonTarget	1	1122321
4489.508	n/a	Target	2	1122377
4489.736	n/a	NonTarget	1	1122434
4489.96	n/a	NonTarget	1	1122490
4490.184	n/a	NonTarget	1	1122546
4490.412	n/a	NonTarget	1	1122603
4490.636	n/a	NonTarget	1	1122659
4490.864	n/a	Target	2	1122716
4491.088	n/a	NonTarget	1	1122772
4491.312	n/a	NonTarget	1	1122828
4491.536	n/a	NonTarget	1	1122884
4491.764	n/a	NonTarget	1	1122941
4491.988	n/a	Target	2	1122997
4492.216	n/a	NonTarget	1	1123054
4492.44	n/a	NonTarget	1	1123110
4492.664	n/a	NonTarget	1	1123166
4492.892	n/a	NonTarget	1	1123223
4493.116	n/a	NonTarget	1	1123279
4493.344	n/a	Target	2	1123336
4493.568	n/a	NonTarget	1	1123392
4493.792	n/a	NonTarget	1	1123448
4494.02	n/a	NonTarget	1	1123505
4494.244	n/a	NonTarget	1	1123561
4494.472	n/a	Target	2	1123618
4494.696	n/a	NonTarget	1	1123674
4494.92	n/a	NonTarget	1	1123730
4495.148	n/a	NonTarget	1	1123787
4495.372	n/a	NonTarget	1	1123843
4495.6	n/a	NonTarget	1	1123900
4495.824	n/a	NonTarget	1	1123956
4496.048	n/a	NonTarget	1	1124012
4496.276	n/a	Target	2	1124069
4496.5	n/a	NonTarget	1	1124125
4496.724	n/a	NonTarget	1	1124181
4496.952	n/a	NonTarget	1	1124238
4497.176	n/a	NonTarget	1	1124294
4497.4	n/a	NonTarget	1	1124350
4497.628	n/a	Target	2	1124407
4497.852	n/a	NonTarget	1	1124463
4498.08	n/a	NonTarget	1	1124520
4498.304	n/a	NonTarget	1	1124576
4498.528	n/a	NonTarget	1	1124632
4498.756	n/a	NonTarget	1	1124689
4498.98	n/a	Target	2	1124745
4499.204	n/a	NonTarget	1	1124801
4513.356	n/a	NonTarget	1	1128339
4513.58	n/a	NonTarget	1	1128395
4513.808	n/a	NonTarget	1	1128452
4514.032	n/a	NonTarget	1	1128508
4514.26	n/a	NonTarget	1	1128565
4514.484	n/a	NonTarget	1	1128621
4514.708	n/a	NonTarget	1	1128677
4514.936	n/a	Target	2	1128734
4515.16	n/a	NonTarget	1	1128790
4515.384	n/a	NonTarget	1	1128846
4515.612	n/a	NonTarget	1	1128903
4515.836	n/a	NonTarget	1	1128959
4516.064	n/a	NonTarget	1	1129016
4516.288	n/a	NonTarget	1	1129072
4516.516	n/a	NonTarget	1	1129129
4516.74	n/a	NonTarget	1	1129185
4516.968	n/a	NonTarget	1	1129242
4517.192	n/a	Target	2	1129298
4517.42	n/a	NonTarget	1	1129355
4517.644	n/a	NonTarget	1	1129411
4517.868	n/a	NonTarget	1	1129467
4518.092	n/a	NonTarget	1	1129523
4518.32	n/a	NonTarget	1	1129580
4518.544	n/a	NonTarget	1	1129636
4518.772	n/a	Target	2	1129693
4518.996	n/a	NonTarget	1	1129749
4519.22	n/a	NonTarget	1	1129805
4519.448	n/a	NonTarget	1	1129862
4519.672	n/a	NonTarget	1	1129918
4519.896	n/a	NonTarget	1	1129974
4520.124	n/a	NonTarget	1	1130031
4520.348	n/a	NonTarget	1	1130087
4520.572	n/a	NonTarget	1	1130143
4520.796	n/a	Target	2	1130199
4521.024	n/a	NonTarget	1	1130256
4521.248	n/a	NonTarget	1	1130312
4521.476	n/a	NonTarget	1	1130369
4521.7	n/a	NonTarget	1	1130425
4521.928	n/a	NonTarget	1	1130482
4522.152	n/a	NonTarget	1	1130538
4522.376	n/a	NonTarget	1	1130594
4522.604	n/a	NonTarget	1	1130651
4522.828	n/a	NonTarget	1	1130707
4523.052	n/a	Target	2	1130763
4523.28	n/a	NonTarget	1	1130820
4523.504	n/a	NonTarget	1	1130876
4523.728	n/a	NonTarget	1	1130932
4523.956	n/a	NonTarget	1	1130989
4524.18	n/a	NonTarget	1	1131045
4524.408	n/a	NonTarget	1	1131102
4524.632	n/a	NonTarget	1	1131158
4524.86	n/a	NonTarget	1	1131215
4525.084	n/a	NonTarget	1	1131271
4525.308	n/a	Target	2	1131327
4525.536	n/a	NonTarget	1	1131384
4525.76	n/a	NonTarget	1	1131440
4525.988	n/a	NonTarget	1	1131497
4526.212	n/a	NonTarget	1	1131553
4526.436	n/a	NonTarget	1	1131609
4526.664	n/a	Target	2	1131666
4526.888	n/a	NonTarget	1	1131722
4527.112	n/a	NonTarget	1	1131778
4527.34	n/a	NonTarget	1	1131835
4527.564	n/a	NonTarget	1	1131891
4527.788	n/a	NonTarget	1	1131947
4528.016	n/a	NonTarget	1	1132004
4528.24	n/a	Target	2	1132060
4528.464	n/a	NonTarget	1	1132116
4528.692	n/a	NonTarget	1	1132173
4528.916	n/a	NonTarget	1	1132229
4529.144	n/a	NonTarget	1	1132286
4529.368	n/a	NonTarget	1	1132342
4529.596	n/a	Target	2	1132399
4529.82	n/a	NonTarget	1	1132455
4530.044	n/a	NonTarget	1	1132511
4530.272	n/a	NonTarget	1	1132568
4530.496	n/a	NonTarget	1	1132624
4530.724	n/a	Target	2	1132681
4530.948	n/a	NonTarget	1	1132737
4531.172	n/a	NonTarget	1	1132793
4531.4	n/a	NonTarget	1	1132850
4531.624	n/a	NonTarget	1	1132906
4531.848	n/a	NonTarget	1	1132962
4532.076	n/a	NonTarget	1	1133019
4532.3	n/a	NonTarget	1	1133075
4532.528	n/a	NonTarget	1	1133132
4532.752	n/a	Target	2	1133188
4532.976	n/a	NonTarget	1	1133244
4533.204	n/a	NonTarget	1	1133301
4533.428	n/a	NonTarget	1	1133357
4533.652	n/a	NonTarget	1	1133413
4533.88	n/a	NonTarget	1	1133470
4534.104	n/a	Target	2	1133526
4534.328	n/a	NonTarget	1	1133582
4534.556	n/a	NonTarget	1	1133639
4534.78	n/a	NonTarget	1	1133695
4535.008	n/a	NonTarget	1	1133752
4535.232	n/a	Target	2	1133808
4535.456	n/a	NonTarget	1	1133864
4535.684	n/a	NonTarget	1	1133921
4535.908	n/a	NonTarget	1	1133977
4536.136	n/a	NonTarget	1	1134034
4536.36	n/a	Target	2	1134090
4536.588	n/a	NonTarget	1	1134147
4536.812	n/a	NonTarget	1	1134203
4537.04	n/a	NonTarget	1	1134260
4537.264	n/a	NonTarget	1	1134316
4537.488	n/a	NonTarget	1	1134372
4537.716	n/a	Target	2	1134429
4537.94	n/a	NonTarget	1	1134485
4538.168	n/a	NonTarget	1	1134542
4538.392	n/a	NonTarget	1	1134598
4538.616	n/a	NonTarget	1	1134654
4538.844	n/a	Target	2	1134711
4539.068	n/a	NonTarget	1	1134767
4539.292	n/a	NonTarget	1	1134823
4539.52	n/a	NonTarget	1	1134880
4539.744	n/a	NonTarget	1	1134936
4539.968	n/a	NonTarget	1	1134992
4540.196	n/a	Target	2	1135049
4540.42	n/a	NonTarget	1	1135105
4540.644	n/a	NonTarget	1	1135161
4540.872	n/a	NonTarget	1	1135218
4541.096	n/a	NonTarget	1	1135274
4541.324	n/a	NonTarget	1	1135331
4541.548	n/a	Target	2	1135387
4541.772	n/a	NonTarget	1	1135443
4542.0	n/a	NonTarget	1	1135500
4542.224	n/a	NonTarget	1	1135556
4542.452	n/a	NonTarget	1	1135613
4542.676	n/a	Target	2	1135669
4542.904	n/a	NonTarget	1	1135726
4543.128	n/a	NonTarget	1	1135782
4543.352	n/a	NonTarget	1	1135838
4543.58	n/a	NonTarget	1	1135895
4552.348	n/a	NonTarget	1	1138087
4552.572	n/a	NonTarget	1	1138143
4552.796	n/a	NonTarget	1	1138199
4553.02	n/a	NonTarget	1	1138255
4553.248	n/a	NonTarget	1	1138312
4553.472	n/a	NonTarget	1	1138368
4553.7	n/a	NonTarget	1	1138425
4553.924	n/a	NonTarget	1	1138481
4554.152	n/a	Target	2	1138538
4554.376	n/a	NonTarget	1	1138594
4554.6	n/a	NonTarget	1	1138650
4554.824	n/a	NonTarget	1	1138706
4555.052	n/a	NonTarget	1	1138763
4555.276	n/a	NonTarget	1	1138819
4555.504	n/a	NonTarget	1	1138876
4555.728	n/a	Target	2	1138932
4555.952	n/a	NonTarget	1	1138988
4556.18	n/a	NonTarget	1	1139045
4556.404	n/a	NonTarget	1	1139101
4556.632	n/a	NonTarget	1	1139158
4556.856	n/a	NonTarget	1	1139214
4557.08	n/a	NonTarget	1	1139270
4557.308	n/a	NonTarget	1	1139327
4557.532	n/a	NonTarget	1	1139383
4557.76	n/a	NonTarget	1	1139440
4557.984	n/a	Target	2	1139496
4558.208	n/a	NonTarget	1	1139552
4558.436	n/a	NonTarget	1	1139609
4558.66	n/a	NonTarget	1	1139665
4558.884	n/a	NonTarget	1	1139721
4559.108	n/a	NonTarget	1	1139777
4559.336	n/a	NonTarget	1	1139834
4559.56	n/a	NonTarget	1	1139890
4559.788	n/a	NonTarget	1	1139947
4560.012	n/a	NonTarget	1	1140003
4560.236	n/a	NonTarget	1	1140059
4560.464	n/a	NonTarget	1	1140116
4560.688	n/a	NonTarget	1	1140172
4560.916	n/a	Target	2	1140229
4561.14	n/a	NonTarget	1	1140285
4561.364	n/a	NonTarget	1	1140341
4561.592	n/a	NonTarget	1	1140398
4561.816	n/a	NonTarget	1	1140454
4562.044	n/a	NonTarget	1	1140511
4562.268	n/a	NonTarget	1	1140567
4562.492	n/a	NonTarget	1	1140623
4562.72	n/a	Target	2	1140680
4562.944	n/a	NonTarget	1	1140736
4563.172	n/a	NonTarget	1	1140793
4563.396	n/a	NonTarget	1	1140849
4563.62	n/a	NonTarget	1	1140905
4563.848	n/a	Target	2	1140962
4564.072	n/a	NonTarget	1	1141018
4564.3	n/a	NonTarget	1	1141075
4564.524	n/a	NonTarget	1	1141131
4564.748	n/a	NonTarget	1	1141187
4564.976	n/a	Target	2	1141244
4565.2	n/a	NonTarget	1	1141300
4565.428	n/a	NonTarget	1	1141357
4565.652	n/a	NonTarget	1	1141413
4565.88	n/a	NonTarget	1	1141470
4566.104	n/a	NonTarget	1	1141526
4566.328	n/a	NonTarget	1	1141582
4566.556	n/a	NonTarget	1	1141639
4566.78	n/a	NonTarget	1	1141695
4567.004	n/a	NonTarget	1	1141751
4567.232	n/a	NonTarget	1	1141808
4567.456	n/a	Target	2	1141864
4567.684	n/a	NonTarget	1	1141921
4567.908	n/a	NonTarget	1	1141977
4568.132	n/a	NonTarget	1	1142033
4568.36	n/a	NonTarget	1	1142090
4568.584	n/a	Target	2	1142146
4568.812	n/a	NonTarget	1	1142203
4569.036	n/a	NonTarget	1	1142259
4569.26	n/a	NonTarget	1	1142315
4569.488	n/a	NonTarget	1	1142372
4569.716	n/a	Target	2	1142429
4569.94	n/a	NonTarget	1	1142485
4570.164	n/a	NonTarget	1	1142541
4570.392	n/a	NonTarget	1	1142598
4570.616	n/a	NonTarget	1	1142654
4570.84	n/a	NonTarget	1	1142710
4571.068	n/a	Target	2	1142767
4571.292	n/a	NonTarget	1	1142823
4571.52	n/a	NonTarget	1	1142880
4571.744	n/a	NonTarget	1	1142936
4571.968	n/a	NonTarget	1	1142992
4572.196	n/a	NonTarget	1	1143049
4572.42	n/a	NonTarget	1	1143105
4572.644	n/a	NonTarget	1	1143161
4572.872	n/a	NonTarget	1	1143218
4573.096	n/a	NonTarget	1	1143274
4573.324	n/a	Target	2	1143331
4573.548	n/a	NonTarget	1	1143387
4573.772	n/a	NonTarget	1	1143443
4573.996	n/a	NonTarget	1	1143499
4574.224	n/a	NonTarget	1	1143556
4574.448	n/a	NonTarget	1	1143612
4574.676	n/a	Target	2	1143669
4574.9	n/a	NonTarget	1	1143725
4575.124	n/a	NonTarget	1	1143781
4575.352	n/a	NonTarget	1	1143838
4575.576	n/a	NonTarget	1	1143894
4575.804	n/a	NonTarget	1	1143951
4576.028	n/a	NonTarget	1	1144007
4576.256	n/a	NonTarget	1	1144064
4576.48	n/a	NonTarget	1	1144120
4576.704	n/a	NonTarget	1	1144176
4576.932	n/a	NonTarget	1	1144233
4577.156	n/a	NonTarget	1	1144289
4577.38	n/a	NonTarget	1	1144345
4577.608	n/a	NonTarget	1	1144402
4577.832	n/a	NonTarget	1	1144458
4578.06	n/a	NonTarget	1	1144515
4578.284	n/a	NonTarget	1	1144571
4578.508	n/a	NonTarget	1	1144627
4578.732	n/a	NonTarget	1	1144683
4578.96	n/a	NonTarget	1	1144740
4579.184	n/a	NonTarget	1	1144796
4579.412	n/a	NonTarget	1	1144853
4579.636	n/a	NonTarget	1	1144909
4579.86	n/a	Target	2	1144965
4580.088	n/a	NonTarget	1	1145022
4580.312	n/a	NonTarget	1	1145078
4580.54	n/a	NonTarget	1	1145135
4580.764	n/a	NonTarget	1	1145191
4580.992	n/a	NonTarget	1	1145248
4581.216	n/a	NonTarget	1	1145304
4581.44	n/a	NonTarget	1	1145360
4581.668	n/a	NonTarget	1	1145417
4581.892	n/a	NonTarget	1	1145473
4582.12	n/a	NonTarget	1	1145530
4582.344	n/a	NonTarget	1	1145586
4582.568	n/a	NonTarget	1	1145642
4608.8	n/a	NonTarget	1	1152200
4609.024	n/a	NonTarget	1	1152256
4609.252	n/a	NonTarget	1	1152313
4609.476	n/a	NonTarget	1	1152369
4609.7	n/a	NonTarget	1	1152425
4609.928	n/a	Target	2	1152482
4610.152	n/a	NonTarget	1	1152538
4610.38	n/a	NonTarget	1	1152595
4610.604	n/a	NonTarget	1	1152651
4610.828	n/a	NonTarget	1	1152707
4611.056	n/a	NonTarget	1	1152764
4611.28	n/a	NonTarget	1	1152820
4611.504	n/a	NonTarget	1	1152876
4611.728	n/a	NonTarget	1	1152932
4611.956	n/a	NonTarget	1	1152989
4612.18	n/a	NonTarget	1	1153045
4612.404	n/a	NonTarget	1	1153101
4612.632	n/a	NonTarget	1	1153158
4612.856	n/a	Target	2	1153214
4613.084	n/a	NonTarget	1	1153271
4613.308	n/a	NonTarget	1	1153327
4613.532	n/a	NonTarget	1	1153383
4613.76	n/a	NonTarget	1	1153440
4613.984	n/a	NonTarget	1	1153496
4614.208	n/a	NonTarget	1	1153552
4614.432	n/a	Target	2	1153608
4614.66	n/a	NonTarget	1	1153665
4614.884	n/a	NonTarget	1	1153721
4615.108	n/a	NonTarget	1	1153777
4615.336	n/a	NonTarget	1	1153834
4615.56	n/a	NonTarget	1	1153890
4615.784	n/a	NonTarget	1	1153946
4616.008	n/a	NonTarget	1	1154002
4616.236	n/a	NonTarget	1	1154059
4616.46	n/a	NonTarget	1	1154115
4616.688	n/a	NonTarget	1	1154172
4616.912	n/a	Target	2	1154228
4617.136	n/a	NonTarget	1	1154284
4617.364	n/a	NonTarget	1	1154341
4617.588	n/a	NonTarget	1	1154397
4617.816	n/a	NonTarget	1	1154454
4618.04	n/a	NonTarget	1	1154510
4618.268	n/a	NonTarget	1	1154567
4618.492	n/a	NonTarget	1	1154623
4618.72	n/a	NonTarget	1	1154680
4618.944	n/a	NonTarget	1	1154736
4619.168	n/a	NonTarget	1	1154792
4619.392	n/a	Target	2	1154848
4619.62	n/a	NonTarget	1	1154905
4619.848	n/a	NonTarget	1	1154962
4620.072	n/a	NonTarget	1	1155018
4620.296	n/a	NonTarget	1	1155074
4620.524	n/a	Target	2	1155131
4620.748	n/a	NonTarget	1	1155187
4620.972	n/a	NonTarget	1	1155243
4621.2	n/a	NonTarget	1	1155300
4621.424	n/a	NonTarget	1	1155356
4621.652	n/a	NonTarget	1	1155413
4621.876	n/a	NonTarget	1	1155469
4622.104	n/a	NonTarget	1	1155526
4622.328	n/a	NonTarget	1	1155582
4622.552	n/a	Target	2	1155638
4622.78	n/a	NonTarget	1	1155695
4623.004	n/a	NonTarget	1	1155751
4623.232	n/a	NonTarget	1	1155808
4623.456	n/a	NonTarget	1	1155864
4623.68	n/a	NonTarget	1	1155920
4623.908	n/a	NonTarget	1	1155977
4624.132	n/a	Target	2	1156033
4624.356	n/a	NonTarget	1	1156089
4624.584	n/a	NonTarget	1	1156146
4624.808	n/a	NonTarget	1	1156202
4625.036	n/a	NonTarget	1	1156259
4625.26	n/a	NonTarget	1	1156315
4625.484	n/a	NonTarget	1	1156371
4625.712	n/a	NonTarget	1	1156428
4625.936	n/a	NonTarget	1	1156484
4626.16	n/a	NonTarget	1	1156540
4626.388	n/a	NonTarget	1	1156597
4626.612	n/a	NonTarget	1	1156653
4626.84	n/a	Target	2	1156710
4627.064	n/a	NonTarget	1	1156766
4627.292	n/a	NonTarget	1	1156823
4627.516	n/a	NonTarget	1	1156879
4627.74	n/a	NonTarget	1	1156935
4627.968	n/a	NonTarget	1	1156992
4628.192	n/a	NonTarget	1	1157048
4628.416	n/a	Target	2	1157104
4628.644	n/a	NonTarget	1	1157161
4628.868	n/a	NonTarget	1	1157217
4629.092	n/a	NonTarget	1	1157273
4629.32	n/a	NonTarget	1	1157330
4629.544	n/a	NonTarget	1	1157386
4629.772	n/a	NonTarget	1	1157443
4629.996	n/a	Target	2	1157499
4630.22	n/a	NonTarget	1	1157555
4630.448	n/a	NonTarget	1	1157612
4630.672	n/a	NonTarget	1	1157668
4630.896	n/a	NonTarget	1	1157724
4631.124	n/a	Target	2	1157781
4631.348	n/a	NonTarget	1	1157837
4631.572	n/a	NonTarget	1	1157893
4631.8	n/a	NonTarget	1	1157950
4632.024	n/a	NonTarget	1	1158006
4632.252	n/a	Target	2	1158063
4632.476	n/a	NonTarget	1	1158119
4632.7	n/a	NonTarget	1	1158175
4632.928	n/a	NonTarget	1	1158232
4633.152	n/a	NonTarget	1	1158288
4633.38	n/a	Target	2	1158345
4633.604	n/a	NonTarget	1	1158401
4633.832	n/a	NonTarget	1	1158458
4634.056	n/a	NonTarget	1	1158514
4634.28	n/a	NonTarget	1	1158570
4634.508	n/a	Target	2	1158627
4634.732	n/a	NonTarget	1	1158683
4634.96	n/a	NonTarget	1	1158740
4635.184	n/a	NonTarget	1	1158796
4635.412	n/a	NonTarget	1	1158853
4635.636	n/a	Target	2	1158909
4635.86	n/a	NonTarget	1	1158965
4636.088	n/a	NonTarget	1	1159022
4636.312	n/a	NonTarget	1	1159078
4636.536	n/a	NonTarget	1	1159134
4636.764	n/a	NonTarget	1	1159191
4636.988	n/a	Target	2	1159247
4637.216	n/a	NonTarget	1	1159304
4637.44	n/a	NonTarget	1	1159360
4637.664	n/a	NonTarget	1	1159416
4637.892	n/a	NonTarget	1	1159473
4638.116	n/a	NonTarget	1	1159529
4638.34	n/a	Target	2	1159585
4638.568	n/a	NonTarget	1	1159642
4638.792	n/a	NonTarget	1	1159698
4639.016	n/a	NonTarget	1	1159754
4647.788	n/a	NonTarget	1	1161947
4648.012	n/a	NonTarget	1	1162003
4648.236	n/a	NonTarget	1	1162059
4648.464	n/a	Target	2	1162116
4648.688	n/a	NonTarget	1	1162172
4648.912	n/a	NonTarget	1	1162228
4649.14	n/a	NonTarget	1	1162285
4649.364	n/a	NonTarget	1	1162341
4649.592	n/a	NonTarget	1	1162398
4649.816	n/a	Target	2	1162454
4650.04	n/a	NonTarget	1	1162510
4650.268	n/a	NonTarget	1	1162567
4650.492	n/a	NonTarget	1	1162623
4650.716	n/a	NonTarget	1	1162679
4650.944	n/a	NonTarget	1	1162736
4651.168	n/a	Target	2	1162792
4651.392	n/a	NonTarget	1	1162848
4651.62	n/a	NonTarget	1	1162905
4651.844	n/a	NonTarget	1	1162961
4652.068	n/a	NonTarget	1	1163017
4652.296	n/a	NonTarget	1	1163074
4652.52	n/a	NonTarget	1	1163130
4652.748	n/a	NonTarget	1	1163187
4652.972	n/a	NonTarget	1	1163243
4653.196	n/a	NonTarget	1	1163299
4653.424	n/a	NonTarget	1	1163356
4653.648	n/a	NonTarget	1	1163412
4653.876	n/a	NonTarget	1	1163469
4654.1	n/a	Target	2	1163525
4654.324	n/a	NonTarget	1	1163581
4654.552	n/a	NonTarget	1	1163638
4654.776	n/a	NonTarget	1	1163694
4655.004	n/a	NonTarget	1	1163751
4655.228	n/a	NonTarget	1	1163807
4655.456	n/a	Target	2	1163864
4655.68	n/a	NonTarget	1	1163920
4655.904	n/a	NonTarget	1	1163976
4656.128	n/a	NonTarget	1	1164032
4656.356	n/a	NonTarget	1	1164089
4656.58	n/a	NonTarget	1	1164145
4656.808	n/a	NonTarget	1	1164202
4657.032	n/a	NonTarget	1	1164258
4657.26	n/a	NonTarget	1	1164315
4657.484	n/a	Target	2	1164371
4657.712	n/a	NonTarget	1	1164428
4657.936	n/a	NonTarget	1	1164484
4658.16	n/a	NonTarget	1	1164540
4658.388	n/a	NonTarget	1	1164597
4658.612	n/a	NonTarget	1	1164653
4658.84	n/a	NonTarget	1	1164710
4659.064	n/a	Target	2	1164766
4659.288	n/a	NonTarget	1	1164822
4659.516	n/a	NonTarget	1	1164879
4659.74	n/a	NonTarget	1	1164935
4659.968	n/a	NonTarget	1	1164992
4660.192	n/a	NonTarget	1	1165048
4660.42	n/a	Target	2	1165105
4660.644	n/a	NonTarget	1	1165161
4660.868	n/a	NonTarget	1	1165217
4661.096	n/a	NonTarget	1	1165274
4661.32	n/a	NonTarget	1	1165330
4661.544	n/a	Target	2	1165386
4661.772	n/a	NonTarget	1	1165443
4662.0	n/a	NonTarget	1	1165500
4662.224	n/a	NonTarget	1	1165556
4662.448	n/a	NonTarget	1	1165612
4662.676	n/a	NonTarget	1	1165669
4662.9	n/a	NonTarget	1	1165725
4663.128	n/a	Target	2	1165782
4663.352	n/a	NonTarget	1	1165838
4663.576	n/a	NonTarget	1	1165894
4663.804	n/a	NonTarget	1	1165951
4664.028	n/a	NonTarget	1	1166007
4664.252	n/a	Target	2	1166063
4664.48	n/a	NonTarget	1	1166120
4664.704	n/a	NonTarget	1	1166176
4664.928	n/a	NonTarget	1	1166232
4665.156	n/a	NonTarget	1	1166289
4665.38	n/a	Target	2	1166345
4665.608	n/a	NonTarget	1	1166402
4665.832	n/a	NonTarget	1	1166458
4666.056	n/a	NonTarget	1	1166514
4666.284	n/a	NonTarget	1	1166571
4666.508	n/a	Target	2	1166627
4666.732	n/a	NonTarget	1	1166683
4666.96	n/a	NonTarget	1	1166740
4667.184	n/a	NonTarget	1	1166796
4667.412	n/a	NonTarget	1	1166853
4667.636	n/a	Target	2	1166909
4667.864	n/a	NonTarget	1	1166966
4668.088	n/a	NonTarget	1	1167022
4668.312	n/a	NonTarget	1	1167078
4668.54	n/a	NonTarget	1	1167135
4668.764	n/a	Target	2	1167191
4668.988	n/a	NonTarget	1	1167247
4669.216	n/a	NonTarget	1	1167304
4669.44	n/a	NonTarget	1	1167360
4669.664	n/a	NonTarget	1	1167416
4669.892	n/a	Target	2	1167473
4670.116	n/a	NonTarget	1	1167529
4670.344	n/a	NonTarget	1	1167586
4670.568	n/a	NonTarget	1	1167642
4670.792	n/a	NonTarget	1	1167698
4671.02	n/a	Target	2	1167755
4671.244	n/a	NonTarget	1	1167811
4671.468	n/a	NonTarget	1	1167867
4671.696	n/a	NonTarget	1	1167924
4671.92	n/a	NonTarget	1	1167980
4672.148	n/a	NonTarget	1	1168037
4672.372	n/a	Target	2	1168093
4672.596	n/a	NonTarget	1	1168149
4672.824	n/a	NonTarget	1	1168206
4673.048	n/a	NonTarget	1	1168262
4673.276	n/a	NonTarget	1	1168319
4673.5	n/a	NonTarget	1	1168375
4673.728	n/a	Target	2	1168432
4673.952	n/a	NonTarget	1	1168488
4674.176	n/a	NonTarget	1	1168544
4674.404	n/a	NonTarget	1	1168601
4674.628	n/a	NonTarget	1	1168657
4674.856	n/a	Target	2	1168714
4675.08	n/a	NonTarget	1	1168770
4675.308	n/a	NonTarget	1	1168827
4675.532	n/a	NonTarget	1	1168883
4675.756	n/a	NonTarget	1	1168939
4675.98	n/a	Target	2	1168995
4676.208	n/a	NonTarget	1	1169052
4676.432	n/a	NonTarget	1	1169108
4676.66	n/a	NonTarget	1	1169165
4676.884	n/a	NonTarget	1	1169221
4677.108	n/a	NonTarget	1	1169277
4677.336	n/a	Target	2	1169334
4677.56	n/a	NonTarget	1	1169390
4677.788	n/a	NonTarget	1	1169447
4690.164	n/a	NonTarget	1	1172541
4690.392	n/a	Target	2	1172598
4690.616	n/a	NonTarget	1	1172654
4690.84	n/a	NonTarget	1	1172710
4691.064	n/a	NonTarget	1	1172766
4691.292	n/a	NonTarget	1	1172823
4691.516	n/a	NonTarget	1	1172879
4691.744	n/a	NonTarget	1	1172936
4691.968	n/a	NonTarget	1	1172992
4692.192	n/a	NonTarget	1	1173048
4692.42	n/a	Target	2	1173105
4692.644	n/a	NonTarget	1	1173161
4692.872	n/a	NonTarget	1	1173218
4693.096	n/a	NonTarget	1	1173274
4693.32	n/a	NonTarget	1	1173330
4693.548	n/a	NonTarget	1	1173387
4693.772	n/a	NonTarget	1	1173443
4694.0	n/a	NonTarget	1	1173500
4694.224	n/a	NonTarget	1	1173556
4694.448	n/a	NonTarget	1	1173612
4694.676	n/a	NonTarget	1	1173669
4694.9	n/a	Target	2	1173725
4695.128	n/a	NonTarget	1	1173782
4695.352	n/a	NonTarget	1	1173838
4695.58	n/a	NonTarget	1	1173895
4695.804	n/a	NonTarget	1	1173951
4696.032	n/a	NonTarget	1	1174008
4696.256	n/a	NonTarget	1	1174064
4696.48	n/a	NonTarget	1	1174120
4696.708	n/a	NonTarget	1	1174177
4696.932	n/a	NonTarget	1	1174233
4697.156	n/a	NonTarget	1	1174289
4697.384	n/a	Target	2	1174346
4697.608	n/a	NonTarget	1	1174402
4697.836	n/a	NonTarget	1	1174459
4698.06	n/a	NonTarget	1	1174515
4698.288	n/a	NonTarget	1	1174572
4698.512	n/a	NonTarget	1	1174628
4698.736	n/a	NonTarget	1	1174684
4698.96	n/a	NonTarget	1	1174740
4699.188	n/a	NonTarget	1	1174797
4699.412	n/a	NonTarget	1	1174853
4699.636	n/a	NonTarget	1	1174909
4699.864	n/a	Target	2	1174966
4700.092	n/a	NonTarget	1	1175023
4700.316	n/a	NonTarget	1	1175079
4700.54	n/a	NonTarget	1	1175135
4700.768	n/a	NonTarget	1	1175192
4700.992	n/a	NonTarget	1	1175248
4701.216	n/a	NonTarget	1	1175304
4701.444	n/a	NonTarget	1	1175361
4701.668	n/a	NonTarget	1	1175417
4701.896	n/a	NonTarget	1	1175474
4702.12	n/a	NonTarget	1	1175530
4702.348	n/a	NonTarget	1	1175587
4702.572	n/a	NonTarget	1	1175643
4702.8	n/a	NonTarget	1	1175700
4703.024	n/a	NonTarget	1	1175756
4703.248	n/a	NonTarget	1	1175812
4703.476	n/a	NonTarget	1	1175869
4703.7	n/a	Target	2	1175925
4703.924	n/a	NonTarget	1	1175981
4704.152	n/a	NonTarget	1	1176038
4704.376	n/a	NonTarget	1	1176094
4704.6	n/a	NonTarget	1	1176150
4704.828	n/a	NonTarget	1	1176207
4705.052	n/a	Target	2	1176263
4705.28	n/a	NonTarget	1	1176320
4705.504	n/a	NonTarget	1	1176376
4705.728	n/a	NonTarget	1	1176432
4705.956	n/a	NonTarget	1	1176489
4706.18	n/a	NonTarget	1	1176545
4706.404	n/a	NonTarget	1	1176601
4706.632	n/a	NonTarget	1	1176658
4706.856	n/a	NonTarget	1	1176714
4707.084	n/a	NonTarget	1	1176771
4707.308	n/a	NonTarget	1	1176827
4707.536	n/a	NonTarget	1	1176884
4707.76	n/a	NonTarget	1	1176940
4707.984	n/a	NonTarget	1	1176996
4708.212	n/a	Target	2	1177053
4708.436	n/a	NonTarget	1	1177109
4708.66	n/a	NonTarget	1	1177165
4708.888	n/a	NonTarget	1	1177222
4709.112	n/a	NonTarget	1	1177278
4709.336	n/a	NonTarget	1	1177334
4709.564	n/a	NonTarget	1	1177391
4709.788	n/a	NonTarget	1	1177447
4710.016	n/a	NonTarget	1	1177504
4710.24	n/a	NonTarget	1	1177560
4710.464	n/a	Target	2	1177616
4710.692	n/a	NonTarget	1	1177673
4710.916	n/a	NonTarget	1	1177729
4711.144	n/a	NonTarget	1	1177786
4711.368	n/a	NonTarget	1	1177842
4711.596	n/a	NonTarget	1	1177899
4711.82	n/a	NonTarget	1	1177955
4712.044	n/a	NonTarget	1	1178011
4712.272	n/a	NonTarget	1	1178068
4712.496	n/a	NonTarget	1	1178124
4712.724	n/a	NonTarget	1	1178181
4712.948	n/a	NonTarget	1	1178237
4713.176	n/a	NonTarget	1	1178294
4713.4	n/a	NonTarget	1	1178350
4713.624	n/a	NonTarget	1	1178406
4713.852	n/a	NonTarget	1	1178463
4714.076	n/a	NonTarget	1	1178519
4714.304	n/a	NonTarget	1	1178576
4714.528	n/a	Target	2	1178632
4714.752	n/a	NonTarget	1	1178688
4714.98	n/a	NonTarget	1	1178745
4715.204	n/a	NonTarget	1	1178801
4715.428	n/a	NonTarget	1	1178857
4715.656	n/a	Target	2	1178914
4715.88	n/a	NonTarget	1	1178970
4716.104	n/a	NonTarget	1	1179026
4716.332	n/a	NonTarget	1	1179083
4716.556	n/a	NonTarget	1	1179139
4716.78	n/a	NonTarget	1	1179195
4717.008	n/a	NonTarget	1	1179252
4717.232	n/a	NonTarget	1	1179308
4717.46	n/a	NonTarget	1	1179365
4717.684	n/a	NonTarget	1	1179421
4717.908	n/a	NonTarget	1	1179477
4718.136	n/a	NonTarget	1	1179534
4718.36	n/a	NonTarget	1	1179590
4718.584	n/a	NonTarget	1	1179646
4718.812	n/a	Target	2	1179703
4719.036	n/a	NonTarget	1	1179759
4719.264	n/a	NonTarget	1	1179816
4719.488	n/a	NonTarget	1	1179872
4719.712	n/a	NonTarget	1	1179928
4719.94	n/a	Target	2	1179985
4720.164	n/a	NonTarget	1	1180041
4720.392	n/a	NonTarget	1	1180098
4777.176	n/a	NonTarget	1	1194294
4777.4	n/a	NonTarget	1	1194350
4777.628	n/a	Target	2	1194407
4777.852	n/a	NonTarget	1	1194463
4778.08	n/a	NonTarget	1	1194520
4778.304	n/a	NonTarget	1	1194576
4778.532	n/a	NonTarget	1	1194633
4778.756	n/a	NonTarget	1	1194689
4778.984	n/a	NonTarget	1	1194746
4779.208	n/a	NonTarget	1	1194802
4779.436	n/a	Target	2	1194859
4779.66	n/a	NonTarget	1	1194915
4779.888	n/a	NonTarget	1	1194972
4780.112	n/a	NonTarget	1	1195028
4780.34	n/a	NonTarget	1	1195085
4780.564	n/a	NonTarget	1	1195141
4780.788	n/a	NonTarget	1	1195197
4781.016	n/a	NonTarget	1	1195254
4781.24	n/a	NonTarget	1	1195310
4781.464	n/a	NonTarget	1	1195366
4781.692	n/a	NonTarget	1	1195423
4781.916	n/a	NonTarget	1	1195479
4782.14	n/a	Target	2	1195535
4782.368	n/a	NonTarget	1	1195592
4782.592	n/a	NonTarget	1	1195648
4782.816	n/a	NonTarget	1	1195704
4783.044	n/a	NonTarget	1	1195761
4783.268	n/a	NonTarget	1	1195817
4783.496	n/a	NonTarget	1	1195874
4783.72	n/a	NonTarget	1	1195930
4783.944	n/a	Target	2	1195986
4784.168	n/a	NonTarget	1	1196042
4784.396	n/a	NonTarget	1	1196099
4784.62	n/a	NonTarget	1	1196155
4784.844	n/a	NonTarget	1	1196211
4785.068	n/a	NonTarget	1	1196267
4785.296	n/a	NonTarget	1	1196324
4785.52	n/a	NonTarget	1	1196380
4785.744	n/a	NonTarget	1	1196436
4785.972	n/a	NonTarget	1	1196493
4786.196	n/a	NonTarget	1	1196549
4786.42	n/a	NonTarget	1	1196605
4786.648	n/a	Target	2	1196662
4786.872	n/a	NonTarget	1	1196718
4787.096	n/a	NonTarget	1	1196774
4787.324	n/a	NonTarget	1	1196831
4787.548	n/a	NonTarget	1	1196887
4787.776	n/a	NonTarget	1	1196944
4788.0	n/a	NonTarget	1	1197000
4788.224	n/a	NonTarget	1	1197056
4788.452	n/a	Target	2	1197113
4788.676	n/a	NonTarget	1	1197169
4788.904	n/a	NonTarget	1	1197226
4789.128	n/a	NonTarget	1	1197282
4789.352	n/a	NonTarget	1	1197338
4789.576	n/a	NonTarget	1	1197394
4789.804	n/a	NonTarget	1	1197451
4790.028	n/a	Target	2	1197507
4790.256	n/a	NonTarget	1	1197564
4790.48	n/a	NonTarget	1	1197620
4790.704	n/a	NonTarget	1	1197676
4790.932	n/a	NonTarget	1	1197733
4791.156	n/a	Target	2	1197789
4791.38	n/a	NonTarget	1	1197845
4791.608	n/a	NonTarget	1	1197902
4791.832	n/a	NonTarget	1	1197958
4792.06	n/a	NonTarget	1	1198015
4792.284	n/a	NonTarget	1	1198071
4792.508	n/a	Target	2	1198127
4792.736	n/a	NonTarget	1	1198184
4792.96	n/a	NonTarget	1	1198240
4793.188	n/a	NonTarget	1	1198297
4793.412	n/a	NonTarget	1	1198353
4793.64	n/a	NonTarget	1	1198410
4793.864	n/a	NonTarget	1	1198466
4794.088	n/a	Target	2	1198522
4794.312	n/a	NonTarget	1	1198578
4794.54	n/a	NonTarget	1	1198635
4794.764	n/a	NonTarget	1	1198691
4794.992	n/a	NonTarget	1	1198748
4795.216	n/a	NonTarget	1	1198804
4795.44	n/a	Target	2	1198860
4795.668	n/a	NonTarget	1	1198917
4795.892	n/a	NonTarget	1	1198973
4796.12	n/a	NonTarget	1	1199030
4796.344	n/a	NonTarget	1	1199086
4796.568	n/a	NonTarget	1	1199142
4796.796	n/a	NonTarget	1	1199199
4797.02	n/a	Target	2	1199255
4797.244	n/a	NonTarget	1	1199311
4797.472	n/a	NonTarget	1	1199368
4797.696	n/a	NonTarget	1	1199424
4797.924	n/a	NonTarget	1	1199481
4798.148	n/a	Target	2	1199537
4798.376	n/a	NonTarget	1	1199594
4798.6	n/a	NonTarget	1	1199650
4798.824	n/a	NonTarget	1	1199706
4799.052	n/a	NonTarget	1	1199763
4799.276	n/a	Target	2	1199819
4799.504	n/a	NonTarget	1	1199876
4799.728	n/a	NonTarget	1	1199932
4799.952	n/a	NonTarget	1	1199988
4800.18	n/a	NonTarget	1	1200045
4800.404	n/a	Target	2	1200101
4800.632	n/a	NonTarget	1	1200158
4800.856	n/a	NonTarget	1	1200214
4801.084	n/a	NonTarget	1	1200271
4801.308	n/a	NonTarget	1	1200327
4801.532	n/a	Target	2	1200383
4801.76	n/a	NonTarget	1	1200440
4801.984	n/a	NonTarget	1	1200496
4802.212	n/a	NonTarget	1	1200553
4802.436	n/a	NonTarget	1	1200609
4802.66	n/a	NonTarget	1	1200665
4802.884	n/a	NonTarget	1	1200721
4803.112	n/a	NonTarget	1	1200778
4803.34	n/a	Target	2	1200835
4803.56	n/a	NonTarget	1	1200890
4803.788	n/a	NonTarget	1	1200947
4804.012	n/a	NonTarget	1	1201003
4804.24	n/a	NonTarget	1	1201060
4804.464	n/a	Target	2	1201116
4804.688	n/a	NonTarget	1	1201172
4804.916	n/a	NonTarget	1	1201229
4805.14	n/a	NonTarget	1	1201285
4805.368	n/a	NonTarget	1	1201342
4805.592	n/a	Target	2	1201398
4805.82	n/a	NonTarget	1	1201455
4806.044	n/a	NonTarget	1	1201511
4806.268	n/a	NonTarget	1	1201567
4806.496	n/a	NonTarget	1	1201624
4806.72	n/a	Target	2	1201680
4806.948	n/a	NonTarget	1	1201737
4807.172	n/a	NonTarget	1	1201793
4807.396	n/a	NonTarget	1	1201849
4819.528	n/a	NonTarget	1	1204882
4819.752	n/a	NonTarget	1	1204938
4819.976	n/a	Target	2	1204994
4820.204	n/a	NonTarget	1	1205051
4820.428	n/a	NonTarget	1	1205107
4820.656	n/a	NonTarget	1	1205164
4820.88	n/a	NonTarget	1	1205220
4821.108	n/a	NonTarget	1	1205277
4821.332	n/a	NonTarget	1	1205333
4821.556	n/a	NonTarget	1	1205389
4821.784	n/a	NonTarget	1	1205446
4822.008	n/a	NonTarget	1	1205502
4822.232	n/a	NonTarget	1	1205558
4822.46	n/a	Target	2	1205615
4822.684	n/a	NonTarget	1	1205671
4822.912	n/a	NonTarget	1	1205728
4823.136	n/a	NonTarget	1	1205784
4823.36	n/a	NonTarget	1	1205840
4823.584	n/a	NonTarget	1	1205896
4823.808	n/a	NonTarget	1	1205952
4824.036	n/a	NonTarget	1	1206009
4824.26	n/a	NonTarget	1	1206065
4824.488	n/a	Target	2	1206122
4824.712	n/a	NonTarget	1	1206178
4824.936	n/a	NonTarget	1	1206234
4825.164	n/a	NonTarget	1	1206291
4825.388	n/a	NonTarget	1	1206347
4825.616	n/a	NonTarget	1	1206404
4825.84	n/a	NonTarget	1	1206460
4826.064	n/a	NonTarget	1	1206516
4826.292	n/a	NonTarget	1	1206573
4826.516	n/a	NonTarget	1	1206629
4826.744	n/a	NonTarget	1	1206686
4826.968	n/a	Target	2	1206742
4827.196	n/a	NonTarget	1	1206799
4827.42	n/a	NonTarget	1	1206855
4827.644	n/a	NonTarget	1	1206911
4827.872	n/a	NonTarget	1	1206968
4828.096	n/a	NonTarget	1	1207024
4828.324	n/a	NonTarget	1	1207081
4828.548	n/a	NonTarget	1	1207137
4828.776	n/a	NonTarget	1	1207194
4829.0	n/a	Target	2	1207250
4829.224	n/a	NonTarget	1	1207306
4829.452	n/a	NonTarget	1	1207363
4829.676	n/a	NonTarget	1	1207419
4829.9	n/a	NonTarget	1	1207475
4830.128	n/a	NonTarget	1	1207532
4830.352	n/a	NonTarget	1	1207588
4830.576	n/a	NonTarget	1	1207644
4830.804	n/a	NonTarget	1	1207701
4831.028	n/a	NonTarget	1	1207757
4831.256	n/a	Target	2	1207814
4831.48	n/a	NonTarget	1	1207870
4831.704	n/a	NonTarget	1	1207926
4831.932	n/a	NonTarget	1	1207983
4832.156	n/a	NonTarget	1	1208039
4832.38	n/a	Target	2	1208095
4832.608	n/a	NonTarget	1	1208152
4832.832	n/a	NonTarget	1	1208208
4833.06	n/a	NonTarget	1	1208265
4833.284	n/a	NonTarget	1	1208321
4833.508	n/a	Target	2	1208377
4833.732	n/a	NonTarget	1	1208433
4833.96	n/a	NonTarget	1	1208490
4834.184	n/a	NonTarget	1	1208546
4834.412	n/a	NonTarget	1	1208603
4834.636	n/a	NonTarget	1	1208659
4834.86	n/a	NonTarget	1	1208715
4835.088	n/a	NonTarget	1	1208772
4835.312	n/a	NonTarget	1	1208828
4835.54	n/a	NonTarget	1	1208885
4835.764	n/a	NonTarget	1	1208941
4835.992	n/a	NonTarget	1	1208998
4836.216	n/a	NonTarget	1	1209054
4836.44	n/a	NonTarget	1	1209110
4836.668	n/a	Target	2	1209167
4836.892	n/a	NonTarget	1	1209223
4837.116	n/a	NonTarget	1	1209279
4837.344	n/a	NonTarget	1	1209336
4837.568	n/a	NonTarget	1	1209392
4837.796	n/a	NonTarget	1	1209449
4838.02	n/a	Target	2	1209505
4838.244	n/a	NonTarget	1	1209561
4838.468	n/a	NonTarget	1	1209617
4838.696	n/a	NonTarget	1	1209674
4838.92	n/a	NonTarget	1	1209730
4839.148	n/a	NonTarget	1	1209787
4839.372	n/a	Target	2	1209843
4839.596	n/a	NonTarget	1	1209899
4839.824	n/a	NonTarget	1	1209956
4840.048	n/a	NonTarget	1	1210012
4840.276	n/a	NonTarget	1	1210069
4840.5	n/a	NonTarget	1	1210125
4840.728	n/a	NonTarget	1	1210182
4840.952	n/a	Target	2	1210238
4841.176	n/a	NonTarget	1	1210294
4841.404	n/a	NonTarget	1	1210351
4841.628	n/a	NonTarget	1	1210407
4841.856	n/a	NonTarget	1	1210464
4842.08	n/a	NonTarget	1	1210520
4842.304	n/a	Target	2	1210576
4842.532	n/a	NonTarget	1	1210633
4842.756	n/a	NonTarget	1	1210689
4842.984	n/a	NonTarget	1	1210746
4843.208	n/a	NonTarget	1	1210802
4843.432	n/a	Target	2	1210858
4843.66	n/a	NonTarget	1	1210915
4843.884	n/a	NonTarget	1	1210971
4844.112	n/a	NonTarget	1	1211028
4844.336	n/a	NonTarget	1	1211084
4844.56	n/a	NonTarget	1	1211140
4844.788	n/a	Target	2	1211197
4845.012	n/a	NonTarget	1	1211253
4845.24	n/a	NonTarget	1	1211310
4845.464	n/a	NonTarget	1	1211366
4845.688	n/a	NonTarget	1	1211422
4845.912	n/a	NonTarget	1	1211478
4846.14	n/a	Target	2	1211535
4846.364	n/a	NonTarget	1	1211591
4846.588	n/a	NonTarget	1	1211647
4846.816	n/a	NonTarget	1	1211704
4847.04	n/a	NonTarget	1	1211760
4847.268	n/a	NonTarget	1	1211817
4847.492	n/a	NonTarget	1	1211873
4847.716	n/a	Target	2	1211929
4847.944	n/a	NonTarget	1	1211986
4848.168	n/a	NonTarget	1	1212042
4848.396	n/a	NonTarget	1	1212099
4848.62	n/a	NonTarget	1	1212155
4848.844	n/a	NonTarget	1	1212211
4849.072	n/a	Target	2	1212268
4849.296	n/a	NonTarget	1	1212324
4849.52	n/a	NonTarget	1	1212380
4849.748	n/a	NonTarget	1	1212437
4858.5	n/a	NonTarget	1	1214625
4858.724	n/a	NonTarget	1	1214681
4858.952	n/a	NonTarget	1	1214738
4859.176	n/a	NonTarget	1	1214794
4859.4	n/a	NonTarget	1	1214850
4859.624	n/a	NonTarget	1	1214906
4859.852	n/a	NonTarget	1	1214963
4860.076	n/a	Target	2	1215019
4860.3	n/a	NonTarget	1	1215075
4860.528	n/a	NonTarget	1	1215132
4860.752	n/a	NonTarget	1	1215188
4860.976	n/a	NonTarget	1	1215244
4861.2	n/a	NonTarget	1	1215300
4861.428	n/a	NonTarget	1	1215357
4861.652	n/a	NonTarget	1	1215413
4861.876	n/a	Target	2	1215469
4862.104	n/a	NonTarget	1	1215526
4862.328	n/a	NonTarget	1	1215582
4862.552	n/a	NonTarget	1	1215638
4862.78	n/a	NonTarget	1	1215695
4863.004	n/a	NonTarget	1	1215751
4863.228	n/a	NonTarget	1	1215807
4863.452	n/a	NonTarget	1	1215863
4863.68	n/a	NonTarget	1	1215920
4863.904	n/a	Target	2	1215976
4864.128	n/a	NonTarget	1	1216032
4864.352	n/a	NonTarget	1	1216088
4864.58	n/a	NonTarget	1	1216145
4864.804	n/a	NonTarget	1	1216201
4865.028	n/a	NonTarget	1	1216257
4865.256	n/a	NonTarget	1	1216314
4865.48	n/a	Target	2	1216370
4865.704	n/a	NonTarget	1	1216426
4865.932	n/a	NonTarget	1	1216483
4866.156	n/a	NonTarget	1	1216539
4866.38	n/a	NonTarget	1	1216595
4866.608	n/a	NonTarget	1	1216652
4866.832	n/a	NonTarget	1	1216708
4867.056	n/a	NonTarget	1	1216764
4867.284	n/a	Target	2	1216821
4867.508	n/a	NonTarget	1	1216877
4867.736	n/a	NonTarget	1	1216934
4867.96	n/a	NonTarget	1	1216990
4868.184	n/a	NonTarget	1	1217046
4868.412	n/a	NonTarget	1	1217103
4868.64	n/a	NonTarget	1	1217160
4868.864	n/a	Target	2	1217216
4869.088	n/a	NonTarget	1	1217272
4869.316	n/a	NonTarget	1	1217329
4869.54	n/a	NonTarget	1	1217385
4869.768	n/a	NonTarget	1	1217442
4869.992	n/a	Target	2	1217498
4870.22	n/a	NonTarget	1	1217555
4870.444	n/a	NonTarget	1	1217611
4870.668	n/a	NonTarget	1	1217667
4870.896	n/a	NonTarget	1	1217724
4871.12	n/a	Target	2	1217780
4871.348	n/a	NonTarget	1	1217837
4871.572	n/a	NonTarget	1	1217893
4871.8	n/a	NonTarget	1	1217950
4872.024	n/a	NonTarget	1	1218006
4872.248	n/a	Target	2	1218062
4872.476	n/a	NonTarget	1	1218119
4872.7	n/a	NonTarget	1	1218175
4872.928	n/a	NonTarget	1	1218232
4873.152	n/a	NonTarget	1	1218288
4873.376	n/a	NonTarget	1	1218344
4873.604	n/a	Target	2	1218401
4873.828	n/a	NonTarget	1	1218457
4874.052	n/a	NonTarget	1	1218513
4874.28	n/a	NonTarget	1	1218570
4874.504	n/a	NonTarget	1	1218626
4874.728	n/a	Target	2	1218682
4874.956	n/a	NonTarget	1	1218739
4875.18	n/a	NonTarget	1	1218795
4875.408	n/a	NonTarget	1	1218852
4875.632	n/a	NonTarget	1	1218908
4875.856	n/a	Target	2	1218964
4876.084	n/a	NonTarget	1	1219021
4876.308	n/a	NonTarget	1	1219077
4876.532	n/a	NonTarget	1	1219133
4876.76	n/a	NonTarget	1	1219190
4876.984	n/a	Target	2	1219246
4877.212	n/a	NonTarget	1	1219303
4877.436	n/a	NonTarget	1	1219359
4877.664	n/a	NonTarget	1	1219416
4877.888	n/a	NonTarget	1	1219472
4878.112	n/a	Target	2	1219528
4878.34	n/a	NonTarget	1	1219585
4878.564	n/a	NonTarget	1	1219641
4878.788	n/a	NonTarget	1	1219697
4879.016	n/a	NonTarget	1	1219754
4879.24	n/a	Target	2	1219810
4879.468	n/a	NonTarget	1	1219867
4879.692	n/a	NonTarget	1	1219923
4879.916	n/a	NonTarget	1	1219979
4880.144	n/a	NonTarget	1	1220036
4880.368	n/a	Target	2	1220092
4880.592	n/a	NonTarget	1	1220148
4880.82	n/a	NonTarget	1	1220205
4881.044	n/a	NonTarget	1	1220261
4881.268	n/a	NonTarget	1	1220317
4881.496	n/a	Target	2	1220374
4881.72	n/a	NonTarget	1	1220430
4881.944	n/a	NonTarget	1	1220486
4882.168	n/a	NonTarget	1	1220542
4882.396	n/a	NonTarget	1	1220599
4882.624	n/a	Target	2	1220656
4882.848	n/a	NonTarget	1	1220712
4883.072	n/a	NonTarget	1	1220768
4883.3	n/a	NonTarget	1	1220825
4883.524	n/a	NonTarget	1	1220881
4883.748	n/a	Target	2	1220937
4883.976	n/a	NonTarget	1	1220994
4884.2	n/a	NonTarget	1	1221050
4884.428	n/a	NonTarget	1	1221107
4884.652	n/a	NonTarget	1	1221163
4884.88	n/a	NonTarget	1	1221220
4885.104	n/a	Target	2	1221276
4885.332	n/a	NonTarget	1	1221333
4885.556	n/a	NonTarget	1	1221389
4885.78	n/a	NonTarget	1	1221445
4886.008	n/a	NonTarget	1	1221502
4886.232	n/a	Target	2	1221558
4886.456	n/a	NonTarget	1	1221614
4886.684	n/a	NonTarget	1	1221671
4886.908	n/a	NonTarget	1	1221727
4887.132	n/a	NonTarget	1	1221783
4887.36	n/a	NonTarget	1	1221840
4887.584	n/a	Target	2	1221896
4887.808	n/a	NonTarget	1	1221952
4888.036	n/a	NonTarget	1	1222009
4888.26	n/a	NonTarget	1	1222065
4888.488	n/a	NonTarget	1	1222122
4888.712	n/a	Target	2	1222178
4900.46	n/a	Target	2	1225115
4900.688	n/a	NonTarget	1	1225172
4900.912	n/a	NonTarget	1	1225228
4901.14	n/a	NonTarget	1	1225285
4901.364	n/a	NonTarget	1	1225341
4901.592	n/a	NonTarget	1	1225398
4901.816	n/a	NonTarget	1	1225454
4902.044	n/a	NonTarget	1	1225511
4902.268	n/a	NonTarget	1	1225567
4902.496	n/a	NonTarget	1	1225624
4902.72	n/a	NonTarget	1	1225680
4902.948	n/a	NonTarget	1	1225737
4903.172	n/a	NonTarget	1	1225793
4903.4	n/a	Target	2	1225850
4903.624	n/a	NonTarget	1	1225906
4903.848	n/a	NonTarget	1	1225962
4904.072	n/a	NonTarget	1	1226018
4904.3	n/a	NonTarget	1	1226075
4904.524	n/a	NonTarget	1	1226131
4904.748	n/a	NonTarget	1	1226187
4904.976	n/a	NonTarget	1	1226244
4905.2	n/a	Target	2	1226300
4905.428	n/a	NonTarget	1	1226357
4905.652	n/a	NonTarget	1	1226413
4905.88	n/a	NonTarget	1	1226470
4906.104	n/a	NonTarget	1	1226526
4906.328	n/a	NonTarget	1	1226582
4906.556	n/a	NonTarget	1	1226639
4906.78	n/a	NonTarget	1	1226695
4907.008	n/a	NonTarget	1	1226752
4907.232	n/a	NonTarget	1	1226808
4907.46	n/a	NonTarget	1	1226865
4907.684	n/a	Target	2	1226921
4907.912	n/a	NonTarget	1	1226978
4908.136	n/a	NonTarget	1	1227034
4908.36	n/a	NonTarget	1	1227090
4908.588	n/a	NonTarget	1	1227147
4908.812	n/a	NonTarget	1	1227203
4909.036	n/a	NonTarget	1	1227259
4909.264	n/a	NonTarget	1	1227316
4909.488	n/a	NonTarget	1	1227372
4909.712	n/a	Target	2	1227428
4909.936	n/a	NonTarget	1	1227484
4910.164	n/a	NonTarget	1	1227541
4910.392	n/a	NonTarget	1	1227598
4910.616	n/a	NonTarget	1	1227654
4910.84	n/a	NonTarget	1	1227710
4911.068	n/a	NonTarget	1	1227767
4911.292	n/a	Target	2	1227823
4911.52	n/a	NonTarget	1	1227880
4911.744	n/a	NonTarget	1	1227936
4911.972	n/a	NonTarget	1	1227993
4912.196	n/a	NonTarget	1	1228049
4912.42	n/a	Target	2	1228105
4912.648	n/a	NonTarget	1	1228162
4912.872	n/a	NonTarget	1	1228218
4913.1	n/a	NonTarget	1	1228275
4913.324	n/a	NonTarget	1	1228331
4913.548	n/a	NonTarget	1	1228387
4913.776	n/a	Target	2	1228444
4914.0	n/a	NonTarget	1	1228500
4914.228	n/a	NonTarget	1	1228557
4914.452	n/a	NonTarget	1	1228613
4914.676	n/a	NonTarget	1	1228669
4914.904	n/a	Target	2	1228726
4915.128	n/a	NonTarget	1	1228782
4915.352	n/a	NonTarget	1	1228838
4915.58	n/a	NonTarget	1	1228895
4915.804	n/a	NonTarget	1	1228951
4916.032	n/a	Target	2	1229008
4916.256	n/a	NonTarget	1	1229064
4916.48	n/a	NonTarget	1	1229120
4916.708	n/a	NonTarget	1	1229177
4916.932	n/a	NonTarget	1	1229233
4917.156	n/a	NonTarget	1	1229289
4917.384	n/a	Target	2	1229346
4917.608	n/a	NonTarget	1	1229402
4917.836	n/a	NonTarget	1	1229459
4918.06	n/a	NonTarget	1	1229515
4918.284	n/a	NonTarget	1	1229571
4918.512	n/a	NonTarget	1	1229628
4918.736	n/a	Target	2	1229684
4918.964	n/a	NonTarget	1	1229741
4919.188	n/a	NonTarget	1	1229797
4919.416	n/a	NonTarget	1	1229854
4919.64	n/a	NonTarget	1	1229910
4919.864	n/a	Target	2	1229966
4920.092	n/a	NonTarget	1	1230023
4920.316	n/a	NonTarget	1	1230079
4920.544	n/a	NonTarget	1	1230136
4920.768	n/a	NonTarget	1	1230192
4920.992	n/a	Target	2	1230248
4921.216	n/a	NonTarget	1	1230304
4921.444	n/a	NonTarget	1	1230361
4921.668	n/a	NonTarget	1	1230417
4921.896	n/a	NonTarget	1	1230474
4922.12	n/a	NonTarget	1	1230530
4922.344	n/a	Target	2	1230586
4922.572	n/a	NonTarget	1	1230643
4922.796	n/a	NonTarget	1	1230699
4923.02	n/a	NonTarget	1	1230755
4923.248	n/a	NonTarget	1	1230812
4923.472	n/a	Target	2	1230868
4923.7	n/a	NonTarget	1	1230925
4923.924	n/a	NonTarget	1	1230981
4924.152	n/a	NonTarget	1	1231038
4924.376	n/a	NonTarget	1	1231094
4924.6	n/a	NonTarget	1	1231150
4924.828	n/a	NonTarget	1	1231207
4925.052	n/a	Target	2	1231263
4925.28	n/a	NonTarget	1	1231320
4925.504	n/a	NonTarget	1	1231376
4925.728	n/a	NonTarget	1	1231432
4925.952	n/a	NonTarget	1	1231488
4926.18	n/a	Target	2	1231545
4926.404	n/a	NonTarget	1	1231601
4926.632	n/a	NonTarget	1	1231658
4926.856	n/a	NonTarget	1	1231714
4927.08	n/a	NonTarget	1	1231770
4927.308	n/a	NonTarget	1	1231827
4927.532	n/a	Target	2	1231883
4927.756	n/a	NonTarget	1	1231939
4927.984	n/a	NonTarget	1	1231996
4928.208	n/a	NonTarget	1	1232052
4928.436	n/a	NonTarget	1	1232109
4928.66	n/a	NonTarget	1	1232165
4928.884	n/a	NonTarget	1	1232221
4929.112	n/a	NonTarget	1	1232278
4929.336	n/a	Target	2	1232334
4929.564	n/a	NonTarget	1	1232391
4929.788	n/a	NonTarget	1	1232447
4930.016	n/a	NonTarget	1	1232504
4930.24	n/a	NonTarget	1	1232560
4930.464	n/a	Target	2	1232616
4930.692	n/a	NonTarget	1	1232673
4939.472	n/a	NonTarget	1	1234868
4939.696	n/a	NonTarget	1	1234924
4939.924	n/a	Target	2	1234981
4940.148	n/a	NonTarget	1	1235037
4940.376	n/a	NonTarget	1	1235094
4940.6	n/a	NonTarget	1	1235150
4940.824	n/a	NonTarget	1	1235206
4941.052	n/a	NonTarget	1	1235263
4941.276	n/a	NonTarget	1	1235319
4941.5	n/a	NonTarget	1	1235375
4941.728	n/a	NonTarget	1	1235432
4941.952	n/a	NonTarget	1	1235488
4942.18	n/a	Target	2	1235545
4942.404	n/a	NonTarget	1	1235601
4942.628	n/a	NonTarget	1	1235657
4942.852	n/a	NonTarget	1	1235713
4943.08	n/a	NonTarget	1	1235770
4943.304	n/a	NonTarget	1	1235826
4943.532	n/a	NonTarget	1	1235883
4943.756	n/a	NonTarget	1	1235939
4943.984	n/a	NonTarget	1	1235996
4944.208	n/a	NonTarget	1	1236052
4944.432	n/a	Target	2	1236108
4944.66	n/a	NonTarget	1	1236165
4944.884	n/a	NonTarget	1	1236221
4945.112	n/a	NonTarget	1	1236278
4945.336	n/a	NonTarget	1	1236334
4945.56	n/a	NonTarget	1	1236390
4945.788	n/a	NonTarget	1	1236447
4946.012	n/a	NonTarget	1	1236503
4946.24	n/a	NonTarget	1	1236560
4946.464	n/a	NonTarget	1	1236616
4946.688	n/a	NonTarget	1	1236672
4946.912	n/a	Target	2	1236728
4947.14	n/a	NonTarget	1	1236785
4947.364	n/a	NonTarget	1	1236841
4947.592	n/a	NonTarget	1	1236898
4947.816	n/a	NonTarget	1	1236954
4948.04	n/a	NonTarget	1	1237010
4948.268	n/a	NonTarget	1	1237067
4948.492	n/a	Target	2	1237123
4948.72	n/a	NonTarget	1	1237180
4948.944	n/a	NonTarget	1	1237236
4949.168	n/a	NonTarget	1	1237292
4949.396	n/a	NonTarget	1	1237349
4949.62	n/a	Target	2	1237405
4949.844	n/a	NonTarget	1	1237461
4950.072	n/a	NonTarget	1	1237518
4950.296	n/a	NonTarget	1	1237574
4950.52	n/a	NonTarget	1	1237630
4950.748	n/a	Target	2	1237687
4950.972	n/a	NonTarget	1	1237743
4951.2	n/a	NonTarget	1	1237800
4951.424	n/a	NonTarget	1	1237856
4951.648	n/a	NonTarget	1	1237912
4951.872	n/a	Target	2	1237968
4952.1	n/a	NonTarget	1	1238025
4952.324	n/a	NonTarget	1	1238081
4952.552	n/a	NonTarget	1	1238138
4952.776	n/a	NonTarget	1	1238194
4953.004	n/a	Target	2	1238251
4953.228	n/a	NonTarget	1	1238307
4953.452	n/a	NonTarget	1	1238363
4953.68	n/a	NonTarget	1	1238420
4953.904	n/a	NonTarget	1	1238476
4954.132	n/a	Target	2	1238533
4954.356	n/a	NonTarget	1	1238589
4954.58	n/a	NonTarget	1	1238645
4954.808	n/a	NonTarget	1	1238702
4955.032	n/a	NonTarget	1	1238758
4955.256	n/a	NonTarget	1	1238814
4955.484	n/a	Target	2	1238871
4955.708	n/a	NonTarget	1	1238927
4955.932	n/a	NonTarget	1	1238983
4956.16	n/a	NonTarget	1	1239040
4956.384	n/a	NonTarget	1	1239096
4956.612	n/a	NonTarget	1	1239153
4956.836	n/a	NonTarget	1	1239209
4957.06	n/a	Target	2	1239265
4957.288	n/a	NonTarget	1	1239322
4957.512	n/a	NonTarget	1	1239378
4957.736	n/a	NonTarget	1	1239434
4957.964	n/a	NonTarget	1	1239491
4958.188	n/a	NonTarget	1	1239547
4958.416	n/a	Target	2	1239604
4958.64	n/a	NonTarget	1	1239660
4958.868	n/a	NonTarget	1	1239717
4959.092	n/a	NonTarget	1	1239773
4959.316	n/a	NonTarget	1	1239829
4959.544	n/a	Target	2	1239886
4959.768	n/a	NonTarget	1	1239942
4959.996	n/a	NonTarget	1	1239999
4960.22	n/a	NonTarget	1	1240055
4960.444	n/a	NonTarget	1	1240111
4960.672	n/a	NonTarget	1	1240168
4960.896	n/a	NonTarget	1	1240224
4961.124	n/a	NonTarget	1	1240281
4961.348	n/a	NonTarget	1	1240337
4961.576	n/a	NonTarget	1	1240394
4961.8	n/a	Target	2	1240450
4962.024	n/a	NonTarget	1	1240506
4962.248	n/a	NonTarget	1	1240562
4962.476	n/a	NonTarget	1	1240619
4962.7	n/a	NonTarget	1	1240675
4962.928	n/a	Target	2	1240732
4963.152	n/a	NonTarget	1	1240788
4963.376	n/a	NonTarget	1	1240844
4963.604	n/a	NonTarget	1	1240901
4963.828	n/a	NonTarget	1	1240957
4964.052	n/a	Target	2	1241013
4964.28	n/a	NonTarget	1	1241070
4964.504	n/a	NonTarget	1	1241126
4964.732	n/a	NonTarget	1	1241183
4964.956	n/a	NonTarget	1	1241239
4965.18	n/a	NonTarget	1	1241295
4965.408	n/a	NonTarget	1	1241352
4965.632	n/a	NonTarget	1	1241408
4965.86	n/a	NonTarget	1	1241465
4966.084	n/a	NonTarget	1	1241521
4966.308	n/a	NonTarget	1	1241577
4966.536	n/a	NonTarget	1	1241634
4966.76	n/a	NonTarget	1	1241690
4966.988	n/a	NonTarget	1	1241747
4967.212	n/a	NonTarget	1	1241803
4967.44	n/a	Target	2	1241860
4967.664	n/a	NonTarget	1	1241916
4967.888	n/a	NonTarget	1	1241972
4968.112	n/a	NonTarget	1	1242028
4968.34	n/a	NonTarget	1	1242085
4968.564	n/a	Target	2	1242141
4968.792	n/a	NonTarget	1	1242198
4969.016	n/a	NonTarget	1	1242254
4969.24	n/a	NonTarget	1	1242310
4969.468	n/a	NonTarget	1	1242367
4969.692	n/a	Target	2	1242423
4978.444	n/a	NonTarget	1	1244611
4978.668	n/a	NonTarget	1	1244667
4978.896	n/a	NonTarget	1	1244724
4979.12	n/a	Target	2	1244780
4979.344	n/a	NonTarget	1	1244836
4979.572	n/a	NonTarget	1	1244893
4979.796	n/a	NonTarget	1	1244949
4980.024	n/a	NonTarget	1	1245006
4980.248	n/a	NonTarget	1	1245062
4980.476	n/a	Target	2	1245119
4980.7	n/a	NonTarget	1	1245175
4980.924	n/a	NonTarget	1	1245231
4981.152	n/a	NonTarget	1	1245288
4981.376	n/a	NonTarget	1	1245344
4981.604	n/a	NonTarget	1	1245401
4981.828	n/a	NonTarget	1	1245457
4982.052	n/a	Target	2	1245513
4982.28	n/a	NonTarget	1	1245570
4982.504	n/a	NonTarget	1	1245626
4982.732	n/a	NonTarget	1	1245683
4982.956	n/a	NonTarget	1	1245739
4983.18	n/a	NonTarget	1	1245795
4983.408	n/a	NonTarget	1	1245852
4983.632	n/a	NonTarget	1	1245908
4983.856	n/a	NonTarget	1	1245964
4984.084	n/a	NonTarget	1	1246021
4984.308	n/a	Target	2	1246077
4984.532	n/a	NonTarget	1	1246133
4984.76	n/a	NonTarget	1	1246190
4984.984	n/a	NonTarget	1	1246246
4985.208	n/a	NonTarget	1	1246302
4985.432	n/a	NonTarget	1	1246358
4985.66	n/a	NonTarget	1	1246415
4985.884	n/a	NonTarget	1	1246471
4986.112	n/a	NonTarget	1	1246528
4986.336	n/a	NonTarget	1	1246584
4986.56	n/a	NonTarget	1	1246640
4986.788	n/a	Target	2	1246697
4987.012	n/a	NonTarget	1	1246753
4987.24	n/a	NonTarget	1	1246810
4987.464	n/a	NonTarget	1	1246866
4987.692	n/a	NonTarget	1	1246923
4987.916	n/a	NonTarget	1	1246979
4988.14	n/a	NonTarget	1	1247035
4988.368	n/a	NonTarget	1	1247092
4988.596	n/a	Target	2	1247149
4988.82	n/a	NonTarget	1	1247205
4989.044	n/a	NonTarget	1	1247261
4989.272	n/a	NonTarget	1	1247318
4989.496	n/a	NonTarget	1	1247374
4989.72	n/a	Target	2	1247430
4989.948	n/a	NonTarget	1	1247487
4990.172	n/a	NonTarget	1	1247543
4990.4	n/a	NonTarget	1	1247600
4990.624	n/a	NonTarget	1	1247656
4990.852	n/a	Target	2	1247713
4991.076	n/a	NonTarget	1	1247769
4991.3	n/a	NonTarget	1	1247825
4991.528	n/a	NonTarget	1	1247882
4991.752	n/a	NonTarget	1	1247938
4991.98	n/a	NonTarget	1	1247995
4992.204	n/a	NonTarget	1	1248051
4992.432	n/a	Target	2	1248108
4992.656	n/a	NonTarget	1	1248164
4992.884	n/a	NonTarget	1	1248221
4993.108	n/a	NonTarget	1	1248277
4993.332	n/a	NonTarget	1	1248333
4993.56	n/a	Target	2	1248390
4993.784	n/a	NonTarget	1	1248446
4994.008	n/a	NonTarget	1	1248502
4994.232	n/a	NonTarget	1	1248558
4994.46	n/a	NonTarget	1	1248615
4994.684	n/a	Target	2	1248671
4994.912	n/a	NonTarget	1	1248728
4995.136	n/a	NonTarget	1	1248784
4995.364	n/a	NonTarget	1	1248841
4995.588	n/a	NonTarget	1	1248897
4995.812	n/a	Target	2	1248953
4996.04	n/a	NonTarget	1	1249010
4996.264	n/a	NonTarget	1	1249066
4996.492	n/a	NonTarget	1	1249123
4996.716	n/a	NonTarget	1	1249179
4996.944	n/a	NonTarget	1	1249236
4997.168	n/a	Target	2	1249292
4997.392	n/a	NonTarget	1	1249348
4997.62	n/a	NonTarget	1	1249405
4997.844	n/a	NonTarget	1	1249461
4998.072	n/a	NonTarget	1	1249518
4998.296	n/a	Target	2	1249574
4998.52	n/a	NonTarget	1	1249630
4998.748	n/a	NonTarget	1	1249687
4998.972	n/a	NonTarget	1	1249743
4999.196	n/a	NonTarget	1	1249799
4999.424	n/a	Target	2	1249856
4999.648	n/a	NonTarget	1	1249912
4999.876	n/a	NonTarget	1	1249969
5000.1	n/a	NonTarget	1	1250025
5000.324	n/a	NonTarget	1	1250081
5000.552	n/a	NonTarget	1	1250138
5000.776	n/a	Target	2	1250194
5001.0	n/a	NonTarget	1	1250250
5001.228	n/a	NonTarget	1	1250307
5001.452	n/a	NonTarget	1	1250363
5001.676	n/a	NonTarget	1	1250419
5001.904	n/a	Target	2	1250476
5002.128	n/a	NonTarget	1	1250532
5002.356	n/a	NonTarget	1	1250589
5002.58	n/a	NonTarget	1	1250645
5002.804	n/a	NonTarget	1	1250701
5003.032	n/a	NonTarget	1	1250758
5003.256	n/a	NonTarget	1	1250814
5003.484	n/a	Target	2	1250871
5003.708	n/a	NonTarget	1	1250927
5003.932	n/a	NonTarget	1	1250983
5004.16	n/a	NonTarget	1	1251040
5004.384	n/a	NonTarget	1	1251096
5004.612	n/a	Target	2	1251153
5004.836	n/a	NonTarget	1	1251209
5005.06	n/a	NonTarget	1	1251265
5005.288	n/a	NonTarget	1	1251322
5005.512	n/a	NonTarget	1	1251378
5005.74	n/a	Target	2	1251435
5005.964	n/a	NonTarget	1	1251491
5006.188	n/a	NonTarget	1	1251547
5006.412	n/a	NonTarget	1	1251603
5006.64	n/a	NonTarget	1	1251660
5006.864	n/a	NonTarget	1	1251716
5007.092	n/a	NonTarget	1	1251773
5007.316	n/a	Target	2	1251829
5007.54	n/a	NonTarget	1	1251885
5007.768	n/a	NonTarget	1	1251942
5007.992	n/a	NonTarget	1	1251998
5008.22	n/a	NonTarget	1	1252055
5008.444	n/a	Target	2	1252111
5008.672	n/a	NonTarget	1	1252168
5017.44	n/a	Target	2	1254360
5017.668	n/a	NonTarget	1	1254417
5017.892	n/a	NonTarget	1	1254473
5018.12	n/a	NonTarget	1	1254530
5018.344	n/a	NonTarget	1	1254586
5018.568	n/a	NonTarget	1	1254642
5018.792	n/a	NonTarget	1	1254698
5019.02	n/a	NonTarget	1	1254755
5019.244	n/a	NonTarget	1	1254811
5019.468	n/a	NonTarget	1	1254867
5019.696	n/a	NonTarget	1	1254924
5019.92	n/a	NonTarget	1	1254980
5020.144	n/a	NonTarget	1	1255036
5020.372	n/a	Target	2	1255093
5020.596	n/a	NonTarget	1	1255149
5020.824	n/a	NonTarget	1	1255206
5021.048	n/a	NonTarget	1	1255262
5021.276	n/a	NonTarget	1	1255319
5021.5	n/a	NonTarget	1	1255375
5021.724	n/a	NonTarget	1	1255431
5021.952	n/a	NonTarget	1	1255488
5022.176	n/a	NonTarget	1	1255544
5022.404	n/a	Target	2	1255601
5022.628	n/a	NonTarget	1	1255657
5022.856	n/a	NonTarget	1	1255714
5023.08	n/a	NonTarget	1	1255770
5023.304	n/a	NonTarget	1	1255826
5023.532	n/a	NonTarget	1	1255883
5023.756	n/a	NonTarget	1	1255939
5023.984	n/a	NonTarget	1	1255996
5024.208	n/a	NonTarget	1	1256052
5024.432	n/a	NonTarget	1	1256108
5024.66	n/a	Target	2	1256165
5024.884	n/a	NonTarget	1	1256221
5025.112	n/a	NonTarget	1	1256278
5025.336	n/a	NonTarget	1	1256334
5025.564	n/a	NonTarget	1	1256391
5025.788	n/a	NonTarget	1	1256447
5026.016	n/a	NonTarget	1	1256504
5026.24	n/a	NonTarget	1	1256560
5026.464	n/a	NonTarget	1	1256616
5026.692	n/a	Target	2	1256673
5026.916	n/a	NonTarget	1	1256729
5027.144	n/a	NonTarget	1	1256786
5027.368	n/a	NonTarget	1	1256842
5027.592	n/a	NonTarget	1	1256898
5027.82	n/a	Target	2	1256955
5028.044	n/a	NonTarget	1	1257011
5028.268	n/a	NonTarget	1	1257067
5028.496	n/a	NonTarget	1	1257124
5028.72	n/a	NonTarget	1	1257180
5028.944	n/a	NonTarget	1	1257236
5029.172	n/a	Target	2	1257293
5029.396	n/a	NonTarget	1	1257349
5029.624	n/a	NonTarget	1	1257406
5029.848	n/a	NonTarget	1	1257462
5030.076	n/a	NonTarget	1	1257519
5030.3	n/a	Target	2	1257575
5030.524	n/a	NonTarget	1	1257631
5030.752	n/a	NonTarget	1	1257688
5030.976	n/a	NonTarget	1	1257744
5031.204	n/a	NonTarget	1	1257801
5031.428	n/a	NonTarget	1	1257857
5031.652	n/a	Target	2	1257913
5031.88	n/a	NonTarget	1	1257970
5032.104	n/a	NonTarget	1	1258026
5032.332	n/a	NonTarget	1	1258083
5032.556	n/a	NonTarget	1	1258139
5032.784	n/a	NonTarget	1	1258196
5033.008	n/a	Target	2	1258252
5033.232	n/a	NonTarget	1	1258308
5033.46	n/a	NonTarget	1	1258365
5033.684	n/a	NonTarget	1	1258421
5033.908	n/a	NonTarget	1	1258477
5034.136	n/a	NonTarget	1	1258534
5034.36	n/a	NonTarget	1	1258590
5034.588	n/a	NonTarget	1	1258647
5034.812	n/a	NonTarget	1	1258703
5035.036	n/a	NonTarget	1	1258759
5035.26	n/a	Target	2	1258815
5035.488	n/a	NonTarget	1	1258872
5035.712	n/a	NonTarget	1	1258928
5035.94	n/a	NonTarget	1	1258985
5036.164	n/a	NonTarget	1	1259041
5036.388	n/a	Target	2	1259097
5036.616	n/a	NonTarget	1	1259154
5036.84	n/a	NonTarget	1	1259210
5037.068	n/a	NonTarget	1	1259267
5037.292	n/a	NonTarget	1	1259323
5037.52	n/a	Target	2	1259380
5037.744	n/a	NonTarget	1	1259436
5037.972	n/a	NonTarget	1	1259493
5038.196	n/a	NonTarget	1	1259549
5038.42	n/a	NonTarget	1	1259605
5038.648	n/a	Target	2	1259662
5038.872	n/a	NonTarget	1	1259718
5039.1	n/a	NonTarget	1	1259775
5039.324	n/a	NonTarget	1	1259831
5039.552	n/a	NonTarget	1	1259888
5039.776	n/a	Target	2	1259944
5040.0	n/a	NonTarget	1	1260000
5040.228	n/a	NonTarget	1	1260057
5040.452	n/a	NonTarget	1	1260113
5040.676	n/a	NonTarget	1	1260169
5040.904	n/a	Target	2	1260226
5041.128	n/a	NonTarget	1	1260282
5041.352	n/a	NonTarget	1	1260338
5041.58	n/a	NonTarget	1	1260395
5041.804	n/a	NonTarget	1	1260451
5042.032	n/a	Target	2	1260508
5042.256	n/a	NonTarget	1	1260564
5042.484	n/a	NonTarget	1	1260621
5042.708	n/a	NonTarget	1	1260677
5042.932	n/a	NonTarget	1	1260733
5043.16	n/a	NonTarget	1	1260790
5043.384	n/a	Target	2	1260846
5043.612	n/a	NonTarget	1	1260903
5043.836	n/a	NonTarget	1	1260959
5044.064	n/a	NonTarget	1	1261016
5044.288	n/a	NonTarget	1	1261072
5044.512	n/a	NonTarget	1	1261128
5044.74	n/a	NonTarget	1	1261185
5044.964	n/a	NonTarget	1	1261241
5045.192	n/a	NonTarget	1	1261298
5045.416	n/a	NonTarget	1	1261354
5045.64	n/a	NonTarget	1	1261410
5045.868	n/a	Target	2	1261467
5046.092	n/a	NonTarget	1	1261523
5046.316	n/a	NonTarget	1	1261579
5046.544	n/a	NonTarget	1	1261636
5046.768	n/a	NonTarget	1	1261692
5046.992	n/a	Target	2	1261748
5047.22	n/a	NonTarget	1	1261805
5047.444	n/a	NonTarget	1	1261861
5047.672	n/a	NonTarget	1	1261918
5103.76	n/a	NonTarget	1	1275940
5103.988	n/a	NonTarget	1	1275997
5104.212	n/a	NonTarget	1	1276053
5104.44	n/a	Target	2	1276110
5104.664	n/a	NonTarget	1	1276166
5104.892	n/a	NonTarget	1	1276223
5105.116	n/a	NonTarget	1	1276279
5105.34	n/a	NonTarget	1	1276335
5105.564	n/a	NonTarget	1	1276391
5105.792	n/a	NonTarget	1	1276448
5106.016	n/a	NonTarget	1	1276504
5106.244	n/a	NonTarget	1	1276561
5106.468	n/a	NonTarget	1	1276617
5106.692	n/a	Target	2	1276673
5106.92	n/a	NonTarget	1	1276730
5107.144	n/a	NonTarget	1	1276786
5107.372	n/a	NonTarget	1	1276843
5107.596	n/a	NonTarget	1	1276899
5107.82	n/a	NonTarget	1	1276955
5108.048	n/a	NonTarget	1	1277012
5108.272	n/a	NonTarget	1	1277068
5108.496	n/a	NonTarget	1	1277124
5108.724	n/a	Target	2	1277181
5108.948	n/a	NonTarget	1	1277237
5109.176	n/a	NonTarget	1	1277294
5109.4	n/a	NonTarget	1	1277350
5109.624	n/a	NonTarget	1	1277406
5109.848	n/a	NonTarget	1	1277462
5110.076	n/a	NonTarget	1	1277519
5110.3	n/a	NonTarget	1	1277575
5110.528	n/a	NonTarget	1	1277632
5110.752	n/a	NonTarget	1	1277688
5110.98	n/a	Target	2	1277745
5111.204	n/a	NonTarget	1	1277801
5111.428	n/a	NonTarget	1	1277857
5111.656	n/a	NonTarget	1	1277914
5111.88	n/a	NonTarget	1	1277970
5112.108	n/a	NonTarget	1	1278027
5112.332	n/a	NonTarget	1	1278083
5112.556	n/a	Target	2	1278139
5112.784	n/a	NonTarget	1	1278196
5113.008	n/a	NonTarget	1	1278252
5113.232	n/a	NonTarget	1	1278308
5113.46	n/a	NonTarget	1	1278365
5113.684	n/a	NonTarget	1	1278421
5113.908	n/a	Target	2	1278477
5114.136	n/a	NonTarget	1	1278534
5114.36	n/a	NonTarget	1	1278590
5114.588	n/a	NonTarget	1	1278647
5114.812	n/a	NonTarget	1	1278703
5115.04	n/a	NonTarget	1	1278760
5115.264	n/a	NonTarget	1	1278816
5115.492	n/a	NonTarget	1	1278873
5115.716	n/a	NonTarget	1	1278929
5115.94	n/a	Target	2	1278985
5116.168	n/a	NonTarget	1	1279042
5116.392	n/a	NonTarget	1	1279098
5116.62	n/a	NonTarget	1	1279155
5116.844	n/a	NonTarget	1	1279211
5117.068	n/a	NonTarget	1	1279267
5117.296	n/a	NonTarget	1	1279324
5117.52	n/a	NonTarget	1	1279380
5117.744	n/a	Target	2	1279436
5117.972	n/a	NonTarget	1	1279493
5118.196	n/a	NonTarget	1	1279549
5118.42	n/a	NonTarget	1	1279605
5118.648	n/a	NonTarget	1	1279662
5118.872	n/a	NonTarget	1	1279718
5119.1	n/a	Target	2	1279775
5119.324	n/a	NonTarget	1	1279831
5119.548	n/a	NonTarget	1	1279887
5119.776	n/a	NonTarget	1	1279944
5120.0	n/a	NonTarget	1	1280000
5120.224	n/a	NonTarget	1	1280056
5120.452	n/a	Target	2	1280113
5120.676	n/a	NonTarget	1	1280169
5120.904	n/a	NonTarget	1	1280226
5121.128	n/a	NonTarget	1	1280282
5121.356	n/a	NonTarget	1	1280339
5121.58	n/a	NonTarget	1	1280395
5121.804	n/a	NonTarget	1	1280451
5122.032	n/a	NonTarget	1	1280508
5122.256	n/a	Target	2	1280564
5122.48	n/a	NonTarget	1	1280620
5122.708	n/a	NonTarget	1	1280677
5122.932	n/a	NonTarget	1	1280733
5123.16	n/a	NonTarget	1	1280790
5123.384	n/a	Target	2	1280846
5123.608	n/a	NonTarget	1	1280902
5123.836	n/a	NonTarget	1	1280959
5124.06	n/a	NonTarget	1	1281015
5124.284	n/a	NonTarget	1	1281071
5124.512	n/a	Target	2	1281128
5124.736	n/a	NonTarget	1	1281184
5124.96	n/a	NonTarget	1	1281240
5125.188	n/a	NonTarget	1	1281297
5125.412	n/a	NonTarget	1	1281353
5125.64	n/a	Target	2	1281410
5125.864	n/a	NonTarget	1	1281466
5126.088	n/a	NonTarget	1	1281522
5126.316	n/a	NonTarget	1	1281579
5126.54	n/a	NonTarget	1	1281635
5126.768	n/a	NonTarget	1	1281692
5126.992	n/a	NonTarget	1	1281748
5127.22	n/a	NonTarget	1	1281805
5127.444	n/a	Target	2	1281861
5127.668	n/a	NonTarget	1	1281917
5127.896	n/a	NonTarget	1	1281974
5128.12	n/a	NonTarget	1	1282030
5128.348	n/a	NonTarget	1	1282087
5128.572	n/a	NonTarget	1	1282143
5128.8	n/a	NonTarget	1	1282200
5129.024	n/a	Target	2	1282256
5129.248	n/a	NonTarget	1	1282312
5129.476	n/a	NonTarget	1	1282369
5129.7	n/a	NonTarget	1	1282425
5129.928	n/a	NonTarget	1	1282482
5130.152	n/a	NonTarget	1	1282538
5130.376	n/a	NonTarget	1	1282594
5130.6	n/a	Target	2	1282650
5130.828	n/a	NonTarget	1	1282707
5131.052	n/a	NonTarget	1	1282763
5131.28	n/a	NonTarget	1	1282820
5131.504	n/a	NonTarget	1	1282876
5131.728	n/a	NonTarget	1	1282932
5131.956	n/a	NonTarget	1	1282989
5132.18	n/a	NonTarget	1	1283045
5132.404	n/a	NonTarget	1	1283101
5132.632	n/a	NonTarget	1	1283158
5132.856	n/a	NonTarget	1	1283214
5133.084	n/a	NonTarget	1	1283271
5133.308	n/a	NonTarget	1	1283327
5133.536	n/a	Target	2	1283384
5133.76	n/a	NonTarget	1	1283440
5133.984	n/a	NonTarget	1	1283496
5195.192	n/a	NonTarget	1	1298798
5195.416	n/a	NonTarget	1	1298854
5195.644	n/a	Target	2	1298911
5195.868	n/a	NonTarget	1	1298967
5196.096	n/a	NonTarget	1	1299024
5196.32	n/a	NonTarget	1	1299080
5196.544	n/a	NonTarget	1	1299136
5196.772	n/a	NonTarget	1	1299193
5196.996	n/a	NonTarget	1	1299249
5197.224	n/a	NonTarget	1	1299306
5197.448	n/a	NonTarget	1	1299362
5197.672	n/a	NonTarget	1	1299418
5197.9	n/a	Target	2	1299475
5198.124	n/a	NonTarget	1	1299531
5198.348	n/a	NonTarget	1	1299587
5198.576	n/a	NonTarget	1	1299644
5198.8	n/a	NonTarget	1	1299700
5199.024	n/a	NonTarget	1	1299756
5199.248	n/a	NonTarget	1	1299812
5199.476	n/a	NonTarget	1	1299869
5199.704	n/a	Target	2	1299926
5199.928	n/a	NonTarget	1	1299982
5200.152	n/a	NonTarget	1	1300038
5200.376	n/a	NonTarget	1	1300094
5200.604	n/a	NonTarget	1	1300151
5200.828	n/a	NonTarget	1	1300207
5201.052	n/a	NonTarget	1	1300263
5201.28	n/a	NonTarget	1	1300320
5201.504	n/a	NonTarget	1	1300376
5201.732	n/a	Target	2	1300433
5201.956	n/a	NonTarget	1	1300489
5202.184	n/a	NonTarget	1	1300546
5202.408	n/a	NonTarget	1	1300602
5202.632	n/a	NonTarget	1	1300658
5202.86	n/a	NonTarget	1	1300715
5203.084	n/a	NonTarget	1	1300771
5203.312	n/a	NonTarget	1	1300828
5203.536	n/a	NonTarget	1	1300884
5203.76	n/a	Target	2	1300940
5203.984	n/a	NonTarget	1	1300996
5204.212	n/a	NonTarget	1	1301053
5204.436	n/a	NonTarget	1	1301109
5204.66	n/a	NonTarget	1	1301165
5204.888	n/a	NonTarget	1	1301222
5205.112	n/a	NonTarget	1	1301278
5205.336	n/a	Target	2	1301334
5205.564	n/a	NonTarget	1	1301391
5205.788	n/a	NonTarget	1	1301447
5206.016	n/a	NonTarget	1	1301504
5206.24	n/a	NonTarget	1	1301560
5206.464	n/a	Target	2	1301616
5206.692	n/a	NonTarget	1	1301673
5206.916	n/a	NonTarget	1	1301729
5207.144	n/a	NonTarget	1	1301786
5207.368	n/a	NonTarget	1	1301842
5207.596	n/a	Target	2	1301899
5207.82	n/a	NonTarget	1	1301955
5208.044	n/a	NonTarget	1	1302011
5208.272	n/a	NonTarget	1	1302068
5208.496	n/a	NonTarget	1	1302124
5208.724	n/a	Target	2	1302181
5208.948	n/a	NonTarget	1	1302237
5209.172	n/a	NonTarget	1	1302293
5209.4	n/a	NonTarget	1	1302350
5209.624	n/a	NonTarget	1	1302406
5209.848	n/a	Target	2	1302462
5210.076	n/a	NonTarget	1	1302519
5210.3	n/a	NonTarget	1	1302575
5210.524	n/a	NonTarget	1	1302631
5210.752	n/a	NonTarget	1	1302688
5210.976	n/a	Target	2	1302744
5211.2	n/a	NonTarget	1	1302800
5211.428	n/a	NonTarget	1	1302857
5211.652	n/a	NonTarget	1	1302913
5211.88	n/a	NonTarget	1	1302970
5212.104	n/a	NonTarget	1	1303026
5212.328	n/a	NonTarget	1	1303082
5212.556	n/a	NonTarget	1	1303139
5212.78	n/a	Target	2	1303195
5213.008	n/a	NonTarget	1	1303252
5213.232	n/a	NonTarget	1	1303308
5213.456	n/a	NonTarget	1	1303364
5213.684	n/a	NonTarget	1	1303421
5213.908	n/a	NonTarget	1	1303477
5214.136	n/a	Target	2	1303534
5214.36	n/a	NonTarget	1	1303590
5214.584	n/a	NonTarget	1	1303646
5214.812	n/a	NonTarget	1	1303703
5215.036	n/a	NonTarget	1	1303759
5215.264	n/a	Target	2	1303816
5215.488	n/a	NonTarget	1	1303872
5215.712	n/a	NonTarget	1	1303928
5215.94	n/a	NonTarget	1	1303985
5216.164	n/a	NonTarget	1	1304041
5216.388	n/a	Target	2	1304097
5216.616	n/a	NonTarget	1	1304154
5216.84	n/a	NonTarget	1	1304210
5217.064	n/a	NonTarget	1	1304266
5217.292	n/a	NonTarget	1	1304323
5217.516	n/a	NonTarget	1	1304379
5217.744	n/a	NonTarget	1	1304436
5217.968	n/a	Target	2	1304492
5218.192	n/a	NonTarget	1	1304548
5218.42	n/a	NonTarget	1	1304605
5218.644	n/a	NonTarget	1	1304661
5218.872	n/a	NonTarget	1	1304718
5219.096	n/a	NonTarget	1	1304774
5219.324	n/a	Target	2	1304831
5219.548	n/a	NonTarget	1	1304887
5219.772	n/a	NonTarget	1	1304943
5220.0	n/a	NonTarget	1	1305000
5220.224	n/a	NonTarget	1	1305056
5220.448	n/a	Target	2	1305112
5220.676	n/a	NonTarget	1	1305169
5220.9	n/a	NonTarget	1	1305225
5221.124	n/a	NonTarget	1	1305281
5221.352	n/a	NonTarget	1	1305338
5221.576	n/a	NonTarget	1	1305394
5221.8	n/a	Target	2	1305450
5222.028	n/a	NonTarget	1	1305507
5222.252	n/a	NonTarget	1	1305563
5222.48	n/a	NonTarget	1	1305620
5222.704	n/a	NonTarget	1	1305676
5222.928	n/a	Target	2	1305732
5223.156	n/a	NonTarget	1	1305789
5223.38	n/a	NonTarget	1	1305845
5223.608	n/a	NonTarget	1	1305902
5223.832	n/a	NonTarget	1	1305958
5224.06	n/a	Target	2	1306015
5224.284	n/a	NonTarget	1	1306071
5224.508	n/a	NonTarget	1	1306127
5224.736	n/a	NonTarget	1	1306184
5224.96	n/a	NonTarget	1	1306240
5225.188	n/a	Target	2	1306297
5225.412	n/a	NonTarget	1	1306353
5237.484	n/a	Target	2	1309371
5237.708	n/a	NonTarget	1	1309427
5237.936	n/a	NonTarget	1	1309484
5238.16	n/a	NonTarget	1	1309540
5238.388	n/a	NonTarget	1	1309597
5238.612	n/a	NonTarget	1	1309653
5238.836	n/a	NonTarget	1	1309709
5239.064	n/a	NonTarget	1	1309766
5239.288	n/a	NonTarget	1	1309822
5239.516	n/a	NonTarget	1	1309879
5239.74	n/a	Target	2	1309935
5239.964	n/a	NonTarget	1	1309991
5240.192	n/a	NonTarget	1	1310048
5240.416	n/a	NonTarget	1	1310104
5240.644	n/a	NonTarget	1	1310161
5240.868	n/a	NonTarget	1	1310217
5241.096	n/a	NonTarget	1	1310274
5241.32	n/a	NonTarget	1	1310330
5241.544	n/a	NonTarget	1	1310386
5241.772	n/a	NonTarget	1	1310443
5241.996	n/a	Target	2	1310499
5242.22	n/a	NonTarget	1	1310555
5242.444	n/a	NonTarget	1	1310611
5242.672	n/a	NonTarget	1	1310668
5242.896	n/a	NonTarget	1	1310724
5243.124	n/a	NonTarget	1	1310781
5243.348	n/a	NonTarget	1	1310837
5243.576	n/a	NonTarget	1	1310894
5243.8	n/a	NonTarget	1	1310950
5244.024	n/a	Target	2	1311006
5244.252	n/a	NonTarget	1	1311063
5244.476	n/a	NonTarget	1	1311119
5244.7	n/a	NonTarget	1	1311175
5244.928	n/a	NonTarget	1	1311232
5245.152	n/a	NonTarget	1	1311288
5245.376	n/a	NonTarget	1	1311344
5245.604	n/a	NonTarget	1	1311401
5245.828	n/a	Target	2	1311457
5246.052	n/a	NonTarget	1	1311513
5246.28	n/a	NonTarget	1	1311570
5246.504	n/a	NonTarget	1	1311626
5246.728	n/a	NonTarget	1	1311682
5246.956	n/a	NonTarget	1	1311739
5247.18	n/a	NonTarget	1	1311795
5247.404	n/a	NonTarget	1	1311851
5247.628	n/a	NonTarget	1	1311907
5247.856	n/a	Target	2	1311964
5248.08	n/a	NonTarget	1	1312020
5248.308	n/a	NonTarget	1	1312077
5248.532	n/a	NonTarget	1	1312133
5248.756	n/a	NonTarget	1	1312189
5248.984	n/a	Target	2	1312246
5249.208	n/a	NonTarget	1	1312302
5249.436	n/a	NonTarget	1	1312359
5249.66	n/a	NonTarget	1	1312415
5249.884	n/a	NonTarget	1	1312471
5250.108	n/a	Target	2	1312527
5250.336	n/a	NonTarget	1	1312584
5250.56	n/a	NonTarget	1	1312640
5250.788	n/a	NonTarget	1	1312697
5251.012	n/a	NonTarget	1	1312753
5251.236	n/a	NonTarget	1	1312809
5251.464	n/a	Target	2	1312866
5251.688	n/a	NonTarget	1	1312922
5251.916	n/a	NonTarget	1	1312979
5252.14	n/a	NonTarget	1	1313035
5252.364	n/a	NonTarget	1	1313091
5252.592	n/a	Target	2	1313148
5252.816	n/a	NonTarget	1	1313204
5253.04	n/a	NonTarget	1	1313260
5253.268	n/a	NonTarget	1	1313317
5253.492	n/a	NonTarget	1	1313373
5253.72	n/a	NonTarget	1	1313430
5253.944	n/a	Target	2	1313486
5254.172	n/a	NonTarget	1	1313543
5254.396	n/a	NonTarget	1	1313599
5254.62	n/a	NonTarget	1	1313655
5254.848	n/a	NonTarget	1	1313712
5255.072	n/a	NonTarget	1	1313768
5255.296	n/a	NonTarget	1	1313824
5255.524	n/a	NonTarget	1	1313881
5255.748	n/a	NonTarget	1	1313937
5255.972	n/a	Target	2	1313993
5256.2	n/a	NonTarget	1	1314050
5256.424	n/a	NonTarget	1	1314106
5256.648	n/a	NonTarget	1	1314162
5256.876	n/a	NonTarget	1	1314219
5257.1	n/a	Target	2	1314275
5257.328	n/a	NonTarget	1	1314332
5257.552	n/a	NonTarget	1	1314388
5257.776	n/a	NonTarget	1	1314444
5258.004	n/a	NonTarget	1	1314501
5258.228	n/a	NonTarget	1	1314557
5258.456	n/a	Target	2	1314614
5258.68	n/a	NonTarget	1	1314670
5258.908	n/a	NonTarget	1	1314727
5259.132	n/a	NonTarget	1	1314783
5259.356	n/a	NonTarget	1	1314839
5259.584	n/a	NonTarget	1	1314896
5259.808	n/a	NonTarget	1	1314952
5260.036	n/a	NonTarget	1	1315009
5260.26	n/a	Target	2	1315065
5260.484	n/a	NonTarget	1	1315121
5260.708	n/a	NonTarget	1	1315177
5260.936	n/a	NonTarget	1	1315234
5261.16	n/a	NonTarget	1	1315290
5261.388	n/a	NonTarget	1	1315347
5261.612	n/a	Target	2	1315403
5261.836	n/a	NonTarget	1	1315459
5262.064	n/a	NonTarget	1	1315516
5262.288	n/a	NonTarget	1	1315572
5262.516	n/a	NonTarget	1	1315629
5262.74	n/a	NonTarget	1	1315685
5262.964	n/a	NonTarget	1	1315741
5263.192	n/a	NonTarget	1	1315798
5263.416	n/a	Target	2	1315854
5263.64	n/a	NonTarget	1	1315910
5263.868	n/a	NonTarget	1	1315967
5264.092	n/a	NonTarget	1	1316023
5264.32	n/a	NonTarget	1	1316080
5264.544	n/a	NonTarget	1	1316136
5264.772	n/a	NonTarget	1	1316193
5264.996	n/a	Target	2	1316249
5265.22	n/a	NonTarget	1	1316305
5265.448	n/a	NonTarget	1	1316362
5265.672	n/a	NonTarget	1	1316418
5265.896	n/a	NonTarget	1	1316474
5266.124	n/a	NonTarget	1	1316531
5266.348	n/a	NonTarget	1	1316587
5266.572	n/a	Target	2	1316643
5266.8	n/a	NonTarget	1	1316700
5267.024	n/a	NonTarget	1	1316756
5267.252	n/a	NonTarget	1	1316813
5267.476	n/a	NonTarget	1	1316869
5267.7	n/a	NonTarget	1	1316925
5276.448	n/a	NonTarget	1	1319112
5276.672	n/a	NonTarget	1	1319168
5276.896	n/a	NonTarget	1	1319224
5277.12	n/a	NonTarget	1	1319280
5277.348	n/a	NonTarget	1	1319337
5277.572	n/a	NonTarget	1	1319393
5277.796	n/a	NonTarget	1	1319449
5278.024	n/a	NonTarget	1	1319506
5278.248	n/a	Target	2	1319562
5278.476	n/a	NonTarget	1	1319619
5278.7	n/a	NonTarget	1	1319675
5278.924	n/a	NonTarget	1	1319731
5279.152	n/a	NonTarget	1	1319788
5279.376	n/a	NonTarget	1	1319844
5279.6	n/a	NonTarget	1	1319900
5279.824	n/a	NonTarget	1	1319956
5280.052	n/a	Target	2	1320013
5280.276	n/a	NonTarget	1	1320069
5280.504	n/a	NonTarget	1	1320126
5280.728	n/a	NonTarget	1	1320182
5280.952	n/a	NonTarget	1	1320238
5281.18	n/a	NonTarget	1	1320295
5281.404	n/a	NonTarget	1	1320351
5281.628	n/a	NonTarget	1	1320407
5281.852	n/a	NonTarget	1	1320463
5282.08	n/a	NonTarget	1	1320520
5282.304	n/a	NonTarget	1	1320576
5282.528	n/a	Target	2	1320632
5282.756	n/a	NonTarget	1	1320689
5282.98	n/a	NonTarget	1	1320745
5283.204	n/a	NonTarget	1	1320801
5283.432	n/a	NonTarget	1	1320858
5283.656	n/a	NonTarget	1	1320914
5283.88	n/a	NonTarget	1	1320970
5284.108	n/a	NonTarget	1	1321027
5284.332	n/a	NonTarget	1	1321083
5284.56	n/a	Target	2	1321140
5284.784	n/a	NonTarget	1	1321196
5285.012	n/a	NonTarget	1	1321253
5285.236	n/a	NonTarget	1	1321309
5285.464	n/a	NonTarget	1	1321366
5285.688	n/a	NonTarget	1	1321422
5285.912	n/a	NonTarget	1	1321478
5286.14	n/a	NonTarget	1	1321535
5286.364	n/a	NonTarget	1	1321591
5286.588	n/a	NonTarget	1	1321647
5286.816	n/a	NonTarget	1	1321704
5287.04	n/a	NonTarget	1	1321760
5287.264	n/a	Target	2	1321816
5287.492	n/a	NonTarget	1	1321873
5287.716	n/a	NonTarget	1	1321929
5287.94	n/a	NonTarget	1	1321985
5288.168	n/a	NonTarget	1	1322042
5288.392	n/a	Target	2	1322098
5288.62	n/a	NonTarget	1	1322155
5288.844	n/a	NonTarget	1	1322211
5289.072	n/a	NonTarget	1	1322268
5289.296	n/a	NonTarget	1	1322324
5289.52	n/a	NonTarget	1	1322380
5289.748	n/a	Target	2	1322437
5289.972	n/a	NonTarget	1	1322493
5290.196	n/a	NonTarget	1	1322549
5290.424	n/a	NonTarget	1	1322606
5290.648	n/a	NonTarget	1	1322662
5290.876	n/a	Target	2	1322719
5291.1	n/a	NonTarget	1	1322775
5291.324	n/a	NonTarget	1	1322831
5291.552	n/a	NonTarget	1	1322888
5291.776	n/a	NonTarget	1	1322944
5292.0	n/a	NonTarget	1	1323000
5292.228	n/a	Target	2	1323057
5292.452	n/a	NonTarget	1	1323113
5292.676	n/a	NonTarget	1	1323169
5292.904	n/a	NonTarget	1	1323226
5293.128	n/a	NonTarget	1	1323282
5293.352	n/a	Target	2	1323338
5293.58	n/a	NonTarget	1	1323395
5293.804	n/a	NonTarget	1	1323451
5294.032	n/a	NonTarget	1	1323508
5294.256	n/a	NonTarget	1	1323564
5294.48	n/a	NonTarget	1	1323620
5294.708	n/a	Target	2	1323677
5294.932	n/a	NonTarget	1	1323733
5295.16	n/a	NonTarget	1	1323790
5295.384	n/a	NonTarget	1	1323846
5295.608	n/a	NonTarget	1	1323902
5295.836	n/a	Target	2	1323959
5296.06	n/a	NonTarget	1	1324015
5296.284	n/a	NonTarget	1	1324071
5296.512	n/a	NonTarget	1	1324128
5296.736	n/a	NonTarget	1	1324184
5296.964	n/a	NonTarget	1	1324241
5297.188	n/a	NonTarget	1	1324297
5297.412	n/a	NonTarget	1	1324353
5297.64	n/a	NonTarget	1	1324410
5297.864	n/a	NonTarget	1	1324466
5298.088	n/a	NonTarget	1	1324522
5298.316	n/a	NonTarget	1	1324579
5298.54	n/a	Target	2	1324635
5298.768	n/a	NonTarget	1	1324692
5298.992	n/a	NonTarget	1	1324748
5299.216	n/a	NonTarget	1	1324804
5299.444	n/a	NonTarget	1	1324861
5299.668	n/a	NonTarget	1	1324917
5299.896	n/a	NonTarget	1	1324974
5300.12	n/a	NonTarget	1	1325030
5300.344	n/a	Target	2	1325086
5300.572	n/a	NonTarget	1	1325143
5300.796	n/a	NonTarget	1	1325199
5301.024	n/a	NonTarget	1	1325256
5301.248	n/a	NonTarget	1	1325312
5301.476	n/a	NonTarget	1	1325369
5301.7	n/a	Target	2	1325425
5301.924	n/a	NonTarget	1	1325481
5302.152	n/a	NonTarget	1	1325538
5302.376	n/a	NonTarget	1	1325594
5302.604	n/a	NonTarget	1	1325651
5302.828	n/a	NonTarget	1	1325707
5303.052	n/a	NonTarget	1	1325763
5303.276	n/a	NonTarget	1	1325819
5303.504	n/a	NonTarget	1	1325876
5303.728	n/a	NonTarget	1	1325932
5303.956	n/a	NonTarget	1	1325989
5304.18	n/a	NonTarget	1	1326045
5304.408	n/a	Target	2	1326102
5304.632	n/a	NonTarget	1	1326158
5304.856	n/a	NonTarget	1	1326214
5305.08	n/a	NonTarget	1	1326270
5305.308	n/a	NonTarget	1	1326327
5305.532	n/a	NonTarget	1	1326383
5305.76	n/a	NonTarget	1	1326440
5305.984	n/a	NonTarget	1	1326496
5306.208	n/a	NonTarget	1	1326552
5306.436	n/a	NonTarget	1	1326609
5306.66	n/a	Target	2	1326665
5332.176	n/a	NonTarget	1	1333044
5332.4	n/a	NonTarget	1	1333100
5332.624	n/a	NonTarget	1	1333156
5332.852	n/a	NonTarget	1	1333213
5333.076	n/a	NonTarget	1	1333269
5333.3	n/a	NonTarget	1	1333325
5333.528	n/a	NonTarget	1	1333382
5333.752	n/a	NonTarget	1	1333438
5333.976	n/a	Target	2	1333494
5334.2	n/a	NonTarget	1	1333550
5334.428	n/a	NonTarget	1	1333607
5334.652	n/a	NonTarget	1	1333663
5334.876	n/a	NonTarget	1	1333719
5335.104	n/a	NonTarget	1	1333776
5335.328	n/a	NonTarget	1	1333832
5335.556	n/a	NonTarget	1	1333889
5335.78	n/a	NonTarget	1	1333945
5336.004	n/a	Target	2	1334001
5336.232	n/a	NonTarget	1	1334058
5336.456	n/a	NonTarget	1	1334114
5336.68	n/a	NonTarget	1	1334170
5336.908	n/a	NonTarget	1	1334227
5337.132	n/a	NonTarget	1	1334283
5337.36	n/a	NonTarget	1	1334340
5337.584	n/a	NonTarget	1	1334396
5337.812	n/a	NonTarget	1	1334453
5338.036	n/a	NonTarget	1	1334509
5338.26	n/a	NonTarget	1	1334565
5338.488	n/a	Target	2	1334622
5338.712	n/a	NonTarget	1	1334678
5338.94	n/a	NonTarget	1	1334735
5339.164	n/a	NonTarget	1	1334791
5339.388	n/a	NonTarget	1	1334847
5339.616	n/a	NonTarget	1	1334904
5339.84	n/a	NonTarget	1	1334960
5340.064	n/a	NonTarget	1	1335016
5340.288	n/a	Target	2	1335072
5340.516	n/a	NonTarget	1	1335129
5340.74	n/a	NonTarget	1	1335185
5340.964	n/a	NonTarget	1	1335241
5341.188	n/a	NonTarget	1	1335297
5341.416	n/a	NonTarget	1	1335354
5341.64	n/a	NonTarget	1	1335410
5341.864	n/a	NonTarget	1	1335466
5342.092	n/a	NonTarget	1	1335523
5342.316	n/a	NonTarget	1	1335579
5342.544	n/a	NonTarget	1	1335636
5342.768	n/a	NonTarget	1	1335692
5342.992	n/a	Target	2	1335748
5343.22	n/a	NonTarget	1	1335805
5343.444	n/a	NonTarget	1	1335861
5343.668	n/a	NonTarget	1	1335917
5343.896	n/a	NonTarget	1	1335974
5344.12	n/a	Target	2	1336030
5344.344	n/a	NonTarget	1	1336086
5344.572	n/a	NonTarget	1	1336143
5344.796	n/a	NonTarget	1	1336199
5345.024	n/a	NonTarget	1	1336256
5345.248	n/a	Target	2	1336312
5345.472	n/a	NonTarget	1	1336368
5345.7	n/a	NonTarget	1	1336425
5345.924	n/a	NonTarget	1	1336481
5346.152	n/a	NonTarget	1	1336538
5346.376	n/a	NonTarget	1	1336594
5346.604	n/a	Target	2	1336651
5346.828	n/a	NonTarget	1	1336707
5347.052	n/a	NonTarget	1	1336763
5347.28	n/a	NonTarget	1	1336820
5347.504	n/a	NonTarget	1	1336876
5347.732	n/a	Target	2	1336933
5347.956	n/a	NonTarget	1	1336989
5348.18	n/a	NonTarget	1	1337045
5348.404	n/a	NonTarget	1	1337101
5348.632	n/a	NonTarget	1	1337158
5348.856	n/a	NonTarget	1	1337214
5349.084	n/a	NonTarget	1	1337271
5349.308	n/a	NonTarget	1	1337327
5349.532	n/a	NonTarget	1	1337383
5349.76	n/a	NonTarget	1	1337440
5349.984	n/a	Target	2	1337496
5350.208	n/a	NonTarget	1	1337552
5350.436	n/a	NonTarget	1	1337609
5350.66	n/a	NonTarget	1	1337665
5350.888	n/a	NonTarget	1	1337722
5351.112	n/a	NonTarget	1	1337778
5351.336	n/a	NonTarget	1	1337834
5351.564	n/a	NonTarget	1	1337891
5351.788	n/a	NonTarget	1	1337947
5352.016	n/a	NonTarget	1	1338004
5352.24	n/a	NonTarget	1	1338060
5352.464	n/a	NonTarget	1	1338116
5352.692	n/a	NonTarget	1	1338173
5352.92	n/a	Target	2	1338230
5353.144	n/a	NonTarget	1	1338286
5353.368	n/a	NonTarget	1	1338342
5353.596	n/a	NonTarget	1	1338399
5353.82	n/a	NonTarget	1	1338455
5354.048	n/a	NonTarget	1	1338512
5354.272	n/a	Target	2	1338568
5354.496	n/a	NonTarget	1	1338624
5354.724	n/a	NonTarget	1	1338681
5354.948	n/a	NonTarget	1	1338737
5355.172	n/a	NonTarget	1	1338793
5355.4	n/a	NonTarget	1	1338850
5355.624	n/a	NonTarget	1	1338906
5355.848	n/a	NonTarget	1	1338962
5356.076	n/a	NonTarget	1	1339019
5356.3	n/a	NonTarget	1	1339075
5356.528	n/a	Target	2	1339132
5356.752	n/a	NonTarget	1	1339188
5356.976	n/a	NonTarget	1	1339244
5357.204	n/a	NonTarget	1	1339301
5357.428	n/a	NonTarget	1	1339357
5357.652	n/a	NonTarget	1	1339413
5357.88	n/a	NonTarget	1	1339470
5358.104	n/a	Target	2	1339526
5358.332	n/a	NonTarget	1	1339583
5358.556	n/a	NonTarget	1	1339639
5358.78	n/a	NonTarget	1	1339695
5359.008	n/a	NonTarget	1	1339752
5359.232	n/a	NonTarget	1	1339808
5359.46	n/a	NonTarget	1	1339865
5359.684	n/a	Target	2	1339921
5359.912	n/a	NonTarget	1	1339978
5360.136	n/a	NonTarget	1	1340034
5360.36	n/a	NonTarget	1	1340090
5360.588	n/a	NonTarget	1	1340147
5360.812	n/a	Target	2	1340203
5361.036	n/a	NonTarget	1	1340259
5361.264	n/a	NonTarget	1	1340316
5361.488	n/a	NonTarget	1	1340372
5361.712	n/a	NonTarget	1	1340428
5361.94	n/a	Target	2	1340485
5362.164	n/a	NonTarget	1	1340541
5371.156	n/a	NonTarget	1	1342789
5371.384	n/a	NonTarget	1	1342846
5371.608	n/a	NonTarget	1	1342902
5371.832	n/a	NonTarget	1	1342958
5372.06	n/a	NonTarget	1	1343015
5372.284	n/a	NonTarget	1	1343071
5372.508	n/a	Target	2	1343127
5372.732	n/a	NonTarget	1	1343183
5372.96	n/a	NonTarget	1	1343240
5373.184	n/a	NonTarget	1	1343296
5373.408	n/a	NonTarget	1	1343352
5373.636	n/a	NonTarget	1	1343409
5373.86	n/a	NonTarget	1	1343465
5374.088	n/a	NonTarget	1	1343522
5374.312	n/a	NonTarget	1	1343578
5374.536	n/a	NonTarget	1	1343634
5374.764	n/a	NonTarget	1	1343691
5374.988	n/a	NonTarget	1	1343747
5375.216	n/a	Target	2	1343804
5375.44	n/a	NonTarget	1	1343860
5375.664	n/a	NonTarget	1	1343916
5375.892	n/a	NonTarget	1	1343973
5376.116	n/a	NonTarget	1	1344029
5376.344	n/a	NonTarget	1	1344086
5376.568	n/a	Target	2	1344142
5376.792	n/a	NonTarget	1	1344198
5377.02	n/a	NonTarget	1	1344255
5377.244	n/a	NonTarget	1	1344311
5377.472	n/a	NonTarget	1	1344368
5377.696	n/a	NonTarget	1	1344424
5377.924	n/a	NonTarget	1	1344481
5378.148	n/a	NonTarget	1	1344537
5378.372	n/a	NonTarget	1	1344593
5378.6	n/a	Target	2	1344650
5378.824	n/a	NonTarget	1	1344706
5379.052	n/a	NonTarget	1	1344763
5379.276	n/a	NonTarget	1	1344819
5379.504	n/a	NonTarget	1	1344876
5379.728	n/a	NonTarget	1	1344932
5379.952	n/a	Target	2	1344988
5380.18	n/a	NonTarget	1	1345045
5380.404	n/a	NonTarget	1	1345101
5380.632	n/a	NonTarget	1	1345158
5380.856	n/a	NonTarget	1	1345214
5381.08	n/a	NonTarget	1	1345270
5381.308	n/a	NonTarget	1	1345327
5381.532	n/a	Target	2	1345383
5381.756	n/a	NonTarget	1	1345439
5381.984	n/a	NonTarget	1	1345496
5382.208	n/a	NonTarget	1	1345552
5382.436	n/a	NonTarget	1	1345609
5382.66	n/a	Target	2	1345665
5382.884	n/a	NonTarget	1	1345721
5383.112	n/a	NonTarget	1	1345778
5383.336	n/a	NonTarget	1	1345834
5383.56	n/a	NonTarget	1	1345890
5383.788	n/a	Target	2	1345947
5384.012	n/a	NonTarget	1	1346003
5384.24	n/a	NonTarget	1	1346060
5384.464	n/a	NonTarget	1	1346116
5384.692	n/a	NonTarget	1	1346173
5384.916	n/a	NonTarget	1	1346229
5385.14	n/a	NonTarget	1	1346285
5385.368	n/a	Target	2	1346342
5385.592	n/a	NonTarget	1	1346398
5385.816	n/a	NonTarget	1	1346454
5386.044	n/a	NonTarget	1	1346511
5386.268	n/a	NonTarget	1	1346567
5386.496	n/a	Target	2	1346624
5386.72	n/a	NonTarget	1	1346680
5386.948	n/a	NonTarget	1	1346737
5387.172	n/a	NonTarget	1	1346793
5387.396	n/a	NonTarget	1	1346849
5387.624	n/a	Target	2	1346906
5387.848	n/a	NonTarget	1	1346962
5388.072	n/a	NonTarget	1	1347018
5388.3	n/a	NonTarget	1	1347075
5388.524	n/a	NonTarget	1	1347131
5388.752	n/a	Target	2	1347188
5388.976	n/a	NonTarget	1	1347244
5389.2	n/a	NonTarget	1	1347300
5389.428	n/a	NonTarget	1	1347357
5389.652	n/a	NonTarget	1	1347413
5389.88	n/a	Target	2	1347470
5390.104	n/a	NonTarget	1	1347526
5390.328	n/a	NonTarget	1	1347582
5390.556	n/a	NonTarget	1	1347639
5390.78	n/a	NonTarget	1	1347695
5391.004	n/a	Target	2	1347751
5391.232	n/a	NonTarget	1	1347808
5391.456	n/a	NonTarget	1	1347864
5391.68	n/a	NonTarget	1	1347920
5391.908	n/a	NonTarget	1	1347977
5392.132	n/a	Target	2	1348033
5392.36	n/a	NonTarget	1	1348090
5392.584	n/a	NonTarget	1	1348146
5392.812	n/a	NonTarget	1	1348203
5393.036	n/a	NonTarget	1	1348259
5393.26	n/a	NonTarget	1	1348315
5393.488	n/a	Target	2	1348372
5393.712	n/a	NonTarget	1	1348428
5393.936	n/a	NonTarget	1	1348484
5394.164	n/a	NonTarget	1	1348541
5394.388	n/a	NonTarget	1	1348597
5394.616	n/a	Target	2	1348654
5394.84	n/a	NonTarget	1	1348710
5395.064	n/a	NonTarget	1	1348766
5395.292	n/a	NonTarget	1	1348823
5395.516	n/a	NonTarget	1	1348879
5395.74	n/a	Target	2	1348935
5395.968	n/a	NonTarget	1	1348992
5396.192	n/a	NonTarget	1	1349048
5396.42	n/a	NonTarget	1	1349105
5396.644	n/a	NonTarget	1	1349161
5396.868	n/a	NonTarget	1	1349217
5397.096	n/a	Target	2	1349274
5397.32	n/a	NonTarget	1	1349330
5397.548	n/a	NonTarget	1	1349387
5397.772	n/a	NonTarget	1	1349443
5397.996	n/a	NonTarget	1	1349499
5398.224	n/a	Target	2	1349556
5398.448	n/a	NonTarget	1	1349612
5398.676	n/a	NonTarget	1	1349669
5398.9	n/a	NonTarget	1	1349725
5399.128	n/a	NonTarget	1	1349782
5399.352	n/a	NonTarget	1	1349838
5399.576	n/a	Target	2	1349894
5399.804	n/a	NonTarget	1	1349951
5400.028	n/a	NonTarget	1	1350007
5400.256	n/a	NonTarget	1	1350064
5400.48	n/a	NonTarget	1	1350120
5400.704	n/a	Target	2	1350176
5400.932	n/a	NonTarget	1	1350233
5401.156	n/a	NonTarget	1	1350289
5401.38	n/a	NonTarget	1	1350345
5416.256	n/a	NonTarget	1	1354064
5416.48	n/a	NonTarget	1	1354120
5416.704	n/a	NonTarget	1	1354176
5416.932	n/a	NonTarget	1	1354233
5417.156	n/a	Target	2	1354289
5417.38	n/a	NonTarget	1	1354345
5417.608	n/a	NonTarget	1	1354402
5417.832	n/a	NonTarget	1	1354458
5418.06	n/a	NonTarget	1	1354515
5418.284	n/a	NonTarget	1	1354571
5418.508	n/a	NonTarget	1	1354627
5418.732	n/a	NonTarget	1	1354683
5418.96	n/a	Target	2	1354740
5419.184	n/a	NonTarget	1	1354796
5419.408	n/a	NonTarget	1	1354852
5419.636	n/a	NonTarget	1	1354909
5419.86	n/a	NonTarget	1	1354965
5420.088	n/a	NonTarget	1	1355022
5420.312	n/a	NonTarget	1	1355078
5420.536	n/a	NonTarget	1	1355134
5420.764	n/a	Target	2	1355191
5420.988	n/a	NonTarget	1	1355247
5421.216	n/a	NonTarget	1	1355304
5421.44	n/a	NonTarget	1	1355360
5421.664	n/a	NonTarget	1	1355416
5421.892	n/a	NonTarget	1	1355473
5422.116	n/a	NonTarget	1	1355529
5422.344	n/a	NonTarget	1	1355586
5422.568	n/a	NonTarget	1	1355642
5422.796	n/a	NonTarget	1	1355699
5423.02	n/a	NonTarget	1	1355755
5423.244	n/a	NonTarget	1	1355811
5423.472	n/a	NonTarget	1	1355868
5423.696	n/a	Target	2	1355924
5423.924	n/a	NonTarget	1	1355981
5424.148	n/a	NonTarget	1	1356037
5424.376	n/a	NonTarget	1	1356094
5424.6	n/a	NonTarget	1	1356150
5424.824	n/a	NonTarget	1	1356206
5425.052	n/a	NonTarget	1	1356263
5425.276	n/a	NonTarget	1	1356319
5425.504	n/a	Target	2	1356376
5425.728	n/a	NonTarget	1	1356432
5425.952	n/a	NonTarget	1	1356488
5426.18	n/a	NonTarget	1	1356545
5426.404	n/a	NonTarget	1	1356601
5426.632	n/a	NonTarget	1	1356658
5426.856	n/a	Target	2	1356714
5427.08	n/a	NonTarget	1	1356770
5427.308	n/a	NonTarget	1	1356827
5427.532	n/a	NonTarget	1	1356883
5427.76	n/a	NonTarget	1	1356940
5427.984	n/a	NonTarget	1	1356996
5428.208	n/a	NonTarget	1	1357052
5428.432	n/a	NonTarget	1	1357108
5428.66	n/a	NonTarget	1	1357165
5428.884	n/a	NonTarget	1	1357221
5429.112	n/a	Target	2	1357278
5429.336	n/a	NonTarget	1	1357334
5429.56	n/a	NonTarget	1	1357390
5429.788	n/a	NonTarget	1	1357447
5430.012	n/a	NonTarget	1	1357503
5430.236	n/a	NonTarget	1	1357559
5430.464	n/a	NonTarget	1	1357616
5430.688	n/a	NonTarget	1	1357672
5430.916	n/a	NonTarget	1	1357729
5431.14	n/a	NonTarget	1	1357785
5431.364	n/a	Target	2	1357841
5431.592	n/a	NonTarget	1	1357898
5431.816	n/a	NonTarget	1	1357954
5432.04	n/a	NonTarget	1	1358010
5432.268	n/a	NonTarget	1	1358067
5432.492	n/a	NonTarget	1	1358123
5432.716	n/a	NonTarget	1	1358179
5432.944	n/a	Target	2	1358236
5433.172	n/a	NonTarget	1	1358293
5433.396	n/a	NonTarget	1	1358349
5433.62	n/a	NonTarget	1	1358405
5433.848	n/a	NonTarget	1	1358462
5434.072	n/a	NonTarget	1	1358518
5434.296	n/a	NonTarget	1	1358574
5434.524	n/a	Target	2	1358631
5434.748	n/a	NonTarget	1	1358687
5434.976	n/a	NonTarget	1	1358744
5435.2	n/a	NonTarget	1	1358800
5435.424	n/a	NonTarget	1	1358856
5435.652	n/a	Target	2	1358913
5435.876	n/a	NonTarget	1	1358969
5436.1	n/a	NonTarget	1	1359025
5436.328	n/a	NonTarget	1	1359082
5436.552	n/a	NonTarget	1	1359138
5436.78	n/a	NonTarget	1	1359195
5437.004	n/a	NonTarget	1	1359251
5437.228	n/a	NonTarget	1	1359307
5437.456	n/a	NonTarget	1	1359364
5437.68	n/a	NonTarget	1	1359420
5437.904	n/a	NonTarget	1	1359476
5438.132	n/a	NonTarget	1	1359533
5438.356	n/a	NonTarget	1	1359589
5438.584	n/a	Target	2	1359646
5438.808	n/a	NonTarget	1	1359702
5439.032	n/a	NonTarget	1	1359758
5439.26	n/a	NonTarget	1	1359815
5439.484	n/a	NonTarget	1	1359871
5439.712	n/a	Target	2	1359928
5439.936	n/a	NonTarget	1	1359984
5440.16	n/a	NonTarget	1	1360040
5440.388	n/a	NonTarget	1	1360097
5440.612	n/a	NonTarget	1	1360153
5440.84	n/a	NonTarget	1	1360210
5441.064	n/a	Target	2	1360266
5441.288	n/a	NonTarget	1	1360322
5441.516	n/a	NonTarget	1	1360379
5441.74	n/a	NonTarget	1	1360435
5441.964	n/a	NonTarget	1	1360491
5442.192	n/a	NonTarget	1	1360548
5442.416	n/a	NonTarget	1	1360604
5442.64	n/a	NonTarget	1	1360660
5442.868	n/a	NonTarget	1	1360717
5443.092	n/a	Target	2	1360773
5443.316	n/a	NonTarget	1	1360829
5443.544	n/a	NonTarget	1	1360886
5443.768	n/a	NonTarget	1	1360942
5443.996	n/a	NonTarget	1	1360999
5444.22	n/a	NonTarget	1	1361055
5444.448	n/a	NonTarget	1	1361112
5444.672	n/a	NonTarget	1	1361168
5444.9	n/a	NonTarget	1	1361225
5445.124	n/a	Target	2	1361281
5445.348	n/a	NonTarget	1	1361337
5445.572	n/a	NonTarget	1	1361393
5445.8	n/a	NonTarget	1	1361450
5446.024	n/a	NonTarget	1	1361506
5446.252	n/a	NonTarget	1	1361563
5455.224	n/a	NonTarget	1	1363806
5455.452	n/a	Target	2	1363863
5455.676	n/a	NonTarget	1	1363919
5455.904	n/a	NonTarget	1	1363976
5456.128	n/a	NonTarget	1	1364032
5456.352	n/a	NonTarget	1	1364088
5456.58	n/a	NonTarget	1	1364145
5456.804	n/a	NonTarget	1	1364201
5457.028	n/a	NonTarget	1	1364257
5457.256	n/a	NonTarget	1	1364314
5457.48	n/a	NonTarget	1	1364370
5457.708	n/a	NonTarget	1	1364427
5457.932	n/a	NonTarget	1	1364483
5458.156	n/a	Target	2	1364539
5458.384	n/a	NonTarget	1	1364596
5458.608	n/a	NonTarget	1	1364652
5458.832	n/a	NonTarget	1	1364708
5459.06	n/a	NonTarget	1	1364765
5459.284	n/a	NonTarget	1	1364821
5459.512	n/a	NonTarget	1	1364878
5459.736	n/a	NonTarget	1	1364934
5459.964	n/a	Target	2	1364991
5460.188	n/a	NonTarget	1	1365047
5460.412	n/a	NonTarget	1	1365103
5460.636	n/a	NonTarget	1	1365159
5460.86	n/a	NonTarget	1	1365215
5461.088	n/a	NonTarget	1	1365272
5461.312	n/a	NonTarget	1	1365328
5461.54	n/a	NonTarget	1	1365385
5461.764	n/a	Target	2	1365441
5461.988	n/a	NonTarget	1	1365497
5462.216	n/a	NonTarget	1	1365554
5462.44	n/a	NonTarget	1	1365610
5462.668	n/a	NonTarget	1	1365667
5462.892	n/a	NonTarget	1	1365723
5463.116	n/a	NonTarget	1	1365779
5463.344	n/a	NonTarget	1	1365836
5463.572	n/a	NonTarget	1	1365893
5463.796	n/a	Target	2	1365949
5464.02	n/a	NonTarget	1	1366005
5464.244	n/a	NonTarget	1	1366061
5464.472	n/a	NonTarget	1	1366118
5464.696	n/a	NonTarget	1	1366174
5464.92	n/a	NonTarget	1	1366230
5465.148	n/a	Target	2	1366287
5465.372	n/a	NonTarget	1	1366343
5465.596	n/a	NonTarget	1	1366399
5465.824	n/a	NonTarget	1	1366456
5466.048	n/a	NonTarget	1	1366512
5466.272	n/a	NonTarget	1	1366568
5466.5	n/a	Target	2	1366625
5466.724	n/a	NonTarget	1	1366681
5466.948	n/a	NonTarget	1	1366737
5467.176	n/a	NonTarget	1	1366794
5467.4	n/a	NonTarget	1	1366850
5467.628	n/a	Target	2	1366907
5467.852	n/a	NonTarget	1	1366963
5468.076	n/a	NonTarget	1	1367019
5468.304	n/a	NonTarget	1	1367076
5468.528	n/a	NonTarget	1	1367132
5468.756	n/a	NonTarget	1	1367189
5468.98	n/a	Target	2	1367245
5469.208	n/a	NonTarget	1	1367302
5469.432	n/a	NonTarget	1	1367358
5469.656	n/a	NonTarget	1	1367414
5469.884	n/a	NonTarget	1	1367471
5470.108	n/a	NonTarget	1	1367527
5470.336	n/a	Target	2	1367584
5470.56	n/a	NonTarget	1	1367640
5470.788	n/a	NonTarget	1	1367697
5471.012	n/a	NonTarget	1	1367753
5471.236	n/a	NonTarget	1	1367809
5471.464	n/a	Target	2	1367866
5471.688	n/a	NonTarget	1	1367922
5471.916	n/a	NonTarget	1	1367979
5472.14	n/a	NonTarget	1	1368035
5472.364	n/a	NonTarget	1	1368091
5472.592	n/a	NonTarget	1	1368148
5472.816	n/a	Target	2	1368204
5473.04	n/a	NonTarget	1	1368260
5473.264	n/a	NonTarget	1	1368316
5473.492	n/a	NonTarget	1	1368373
5473.716	n/a	NonTarget	1	1368429
5473.944	n/a	Target	2	1368486
5474.168	n/a	NonTarget	1	1368542
5474.392	n/a	NonTarget	1	1368598
5474.62	n/a	NonTarget	1	1368655
5474.844	n/a	NonTarget	1	1368711
5475.072	n/a	Target	2	1368768
5475.296	n/a	NonTarget	1	1368824
5475.524	n/a	NonTarget	1	1368881
5475.748	n/a	NonTarget	1	1368937
5475.972	n/a	NonTarget	1	1368993
5476.2	n/a	Target	2	1369050
5476.424	n/a	NonTarget	1	1369106
5476.652	n/a	NonTarget	1	1369163
5476.876	n/a	NonTarget	1	1369219
5477.1	n/a	NonTarget	1	1369275
5477.328	n/a	Target	2	1369332
5477.552	n/a	NonTarget	1	1369388
5477.776	n/a	NonTarget	1	1369444
5478.004	n/a	NonTarget	1	1369501
5478.228	n/a	NonTarget	1	1369557
5478.452	n/a	NonTarget	1	1369613
5478.676	n/a	NonTarget	1	1369669
5478.904	n/a	Target	2	1369726
5479.128	n/a	NonTarget	1	1369782
5479.352	n/a	NonTarget	1	1369838
5479.58	n/a	NonTarget	1	1369895
5479.804	n/a	NonTarget	1	1369951
5480.032	n/a	Target	2	1370008
5480.256	n/a	NonTarget	1	1370064
5480.48	n/a	NonTarget	1	1370120
5480.708	n/a	NonTarget	1	1370177
5480.932	n/a	NonTarget	1	1370233
5481.16	n/a	Target	2	1370290
5481.384	n/a	NonTarget	1	1370346
5481.612	n/a	NonTarget	1	1370403
5481.836	n/a	NonTarget	1	1370459
5482.06	n/a	NonTarget	1	1370515
5482.288	n/a	Target	2	1370572
5482.512	n/a	NonTarget	1	1370628
5482.736	n/a	NonTarget	1	1370684
5482.964	n/a	NonTarget	1	1370741
5483.188	n/a	NonTarget	1	1370797
5483.412	n/a	Target	2	1370853
5483.64	n/a	NonTarget	1	1370910
5483.864	n/a	NonTarget	1	1370966
5484.092	n/a	NonTarget	1	1371023
5484.316	n/a	NonTarget	1	1371079
5484.54	n/a	NonTarget	1	1371135
5484.768	n/a	Target	2	1371192
5484.992	n/a	NonTarget	1	1371248
5485.216	n/a	NonTarget	1	1371304
5485.444	n/a	NonTarget	1	1371361
5498.456	n/a	NonTarget	1	1374614
5498.68	n/a	NonTarget	1	1374670
5498.904	n/a	NonTarget	1	1374726
5499.128	n/a	Target	2	1374782
5499.352	n/a	NonTarget	1	1374838
5499.58	n/a	NonTarget	1	1374895
5499.804	n/a	NonTarget	1	1374951
5500.028	n/a	NonTarget	1	1375007
5500.256	n/a	NonTarget	1	1375064
5500.48	n/a	NonTarget	1	1375120
5500.704	n/a	NonTarget	1	1375176
5500.932	n/a	Target	2	1375233
5501.156	n/a	NonTarget	1	1375289
5501.38	n/a	NonTarget	1	1375345
5501.604	n/a	NonTarget	1	1375401
5501.832	n/a	NonTarget	1	1375458
5502.056	n/a	NonTarget	1	1375514
5502.284	n/a	NonTarget	1	1375571
5502.508	n/a	NonTarget	1	1375627
5502.732	n/a	NonTarget	1	1375683
5502.96	n/a	Target	2	1375740
5503.184	n/a	NonTarget	1	1375796
5503.408	n/a	NonTarget	1	1375852
5503.636	n/a	NonTarget	1	1375909
5503.86	n/a	NonTarget	1	1375965
5504.088	n/a	NonTarget	1	1376022
5504.312	n/a	NonTarget	1	1376078
5504.54	n/a	NonTarget	1	1376135
5504.764	n/a	NonTarget	1	1376191
5504.988	n/a	Target	2	1376247
5505.216	n/a	NonTarget	1	1376304
5505.44	n/a	NonTarget	1	1376360
5505.668	n/a	NonTarget	1	1376417
5505.892	n/a	NonTarget	1	1376473
5506.116	n/a	NonTarget	1	1376529
5506.34	n/a	NonTarget	1	1376585
5506.568	n/a	NonTarget	1	1376642
5506.796	n/a	Target	2	1376699
5507.02	n/a	NonTarget	1	1376755
5507.244	n/a	NonTarget	1	1376811
5507.472	n/a	NonTarget	1	1376868
5507.696	n/a	NonTarget	1	1376924
5507.924	n/a	NonTarget	1	1376981
5508.148	n/a	NonTarget	1	1377037
5508.376	n/a	NonTarget	1	1377094
5508.6	n/a	NonTarget	1	1377150
5508.824	n/a	Target	2	1377206
5509.052	n/a	NonTarget	1	1377263
5509.276	n/a	NonTarget	1	1377319
5509.504	n/a	NonTarget	1	1377376
5509.728	n/a	NonTarget	1	1377432
5509.952	n/a	NonTarget	1	1377488
5510.18	n/a	Target	2	1377545
5510.404	n/a	NonTarget	1	1377601
5510.628	n/a	NonTarget	1	1377657
5510.856	n/a	NonTarget	1	1377714
5511.08	n/a	NonTarget	1	1377770
5511.304	n/a	NonTarget	1	1377826
5511.532	n/a	Target	2	1377883
5511.756	n/a	NonTarget	1	1377939
5511.984	n/a	NonTarget	1	1377996
5512.208	n/a	NonTarget	1	1378052
5512.432	n/a	NonTarget	1	1378108
5512.66	n/a	Target	2	1378165
5512.884	n/a	NonTarget	1	1378221
5513.108	n/a	NonTarget	1	1378277
5513.336	n/a	NonTarget	1	1378334
5513.56	n/a	NonTarget	1	1378390
5513.788	n/a	Target	2	1378447
5514.012	n/a	NonTarget	1	1378503
5514.236	n/a	NonTarget	1	1378559
5514.464	n/a	NonTarget	1	1378616
5514.688	n/a	NonTarget	1	1378672
5514.916	n/a	NonTarget	1	1378729
5515.14	n/a	NonTarget	1	1378785
5515.368	n/a	NonTarget	1	1378842
5515.592	n/a	Target	2	1378898
5515.816	n/a	NonTarget	1	1378954
5516.044	n/a	NonTarget	1	1379011
5516.268	n/a	NonTarget	1	1379067
5516.496	n/a	NonTarget	1	1379124
5516.72	n/a	Target	2	1379180
5516.948	n/a	NonTarget	1	1379237
5517.172	n/a	NonTarget	1	1379293
5517.396	n/a	NonTarget	1	1379349
5517.62	n/a	NonTarget	1	1379405
5517.848	n/a	NonTarget	1	1379462
5518.072	n/a	NonTarget	1	1379518
5518.3	n/a	Target	2	1379575
5518.524	n/a	NonTarget	1	1379631
5518.748	n/a	NonTarget	1	1379687
5518.976	n/a	NonTarget	1	1379744
5519.2	n/a	NonTarget	1	1379800
5519.424	n/a	NonTarget	1	1379856
5519.652	n/a	NonTarget	1	1379913
5519.876	n/a	NonTarget	1	1379969
5520.104	n/a	NonTarget	1	1380026
5520.328	n/a	NonTarget	1	1380082
5520.552	n/a	NonTarget	1	1380138
5520.78	n/a	Target	2	1380195
5521.004	n/a	NonTarget	1	1380251
5521.232	n/a	NonTarget	1	1380308
5521.456	n/a	NonTarget	1	1380364
5521.684	n/a	NonTarget	1	1380421
5521.908	n/a	NonTarget	1	1380477
5522.132	n/a	NonTarget	1	1380533
5522.36	n/a	Target	2	1380590
5522.584	n/a	NonTarget	1	1380646
5522.812	n/a	NonTarget	1	1380703
5523.036	n/a	NonTarget	1	1380759
5523.26	n/a	NonTarget	1	1380815
5523.484	n/a	NonTarget	1	1380871
5523.712	n/a	NonTarget	1	1380928
5523.936	n/a	Target	2	1380984
5524.164	n/a	NonTarget	1	1381041
5524.388	n/a	NonTarget	1	1381097
5524.612	n/a	NonTarget	1	1381153
5524.84	n/a	NonTarget	1	1381210
5525.064	n/a	NonTarget	1	1381266
5525.292	n/a	NonTarget	1	1381323
5525.516	n/a	NonTarget	1	1381379
5525.74	n/a	NonTarget	1	1381435
5525.968	n/a	NonTarget	1	1381492
5526.192	n/a	NonTarget	1	1381548
5526.42	n/a	NonTarget	1	1381605
5526.644	n/a	NonTarget	1	1381661
5526.868	n/a	NonTarget	1	1381717
5527.096	n/a	NonTarget	1	1381774
5527.32	n/a	NonTarget	1	1381830
5527.548	n/a	NonTarget	1	1381887
5527.772	n/a	NonTarget	1	1381943
5527.996	n/a	NonTarget	1	1381999
5528.224	n/a	NonTarget	1	1382056
5528.448	n/a	NonTarget	1	1382112
5537.424	n/a	NonTarget	1	1384356
5537.648	n/a	Target	2	1384412
5537.876	n/a	NonTarget	1	1384469
5538.1	n/a	NonTarget	1	1384525
5538.324	n/a	NonTarget	1	1384581
5538.552	n/a	NonTarget	1	1384638
5538.776	n/a	NonTarget	1	1384694
5539.0	n/a	NonTarget	1	1384750
5539.224	n/a	NonTarget	1	1384806
5539.452	n/a	NonTarget	1	1384863
5539.68	n/a	Target	2	1384920
5539.904	n/a	NonTarget	1	1384976
5540.128	n/a	NonTarget	1	1385032
5540.356	n/a	NonTarget	1	1385089
5540.58	n/a	NonTarget	1	1385145
5540.808	n/a	NonTarget	1	1385202
5541.032	n/a	NonTarget	1	1385258
5541.26	n/a	NonTarget	1	1385315
5541.484	n/a	NonTarget	1	1385371
5541.708	n/a	NonTarget	1	1385427
5541.936	n/a	Target	2	1385484
5542.16	n/a	NonTarget	1	1385540
5542.388	n/a	NonTarget	1	1385597
5542.612	n/a	NonTarget	1	1385653
5542.836	n/a	NonTarget	1	1385709
5543.06	n/a	NonTarget	1	1385765
5543.288	n/a	NonTarget	1	1385822
5543.512	n/a	NonTarget	1	1385878
5543.736	n/a	NonTarget	1	1385934
5543.964	n/a	Target	2	1385991
5544.188	n/a	NonTarget	1	1386047
5544.412	n/a	NonTarget	1	1386103
5544.636	n/a	NonTarget	1	1386159
5544.864	n/a	NonTarget	1	1386216
5545.088	n/a	NonTarget	1	1386272
5545.316	n/a	NonTarget	1	1386329
5545.54	n/a	NonTarget	1	1386385
5545.764	n/a	Target	2	1386441
5545.992	n/a	NonTarget	1	1386498
5546.216	n/a	NonTarget	1	1386554
5546.444	n/a	NonTarget	1	1386611
5546.668	n/a	NonTarget	1	1386667
5546.896	n/a	NonTarget	1	1386724
5547.12	n/a	NonTarget	1	1386780
5547.344	n/a	NonTarget	1	1386836
5547.572	n/a	NonTarget	1	1386893
5547.796	n/a	NonTarget	1	1386949
5548.02	n/a	NonTarget	1	1387005
5548.248	n/a	NonTarget	1	1387062
5548.472	n/a	NonTarget	1	1387118
5548.7	n/a	NonTarget	1	1387175
5548.924	n/a	NonTarget	1	1387231
5549.148	n/a	NonTarget	1	1387287
5549.376	n/a	NonTarget	1	1387344
5549.6	n/a	NonTarget	1	1387400
5549.824	n/a	NonTarget	1	1387456
5550.052	n/a	NonTarget	1	1387513
5550.276	n/a	Target	2	1387569
5550.504	n/a	NonTarget	1	1387626
5550.728	n/a	NonTarget	1	1387682
5550.956	n/a	NonTarget	1	1387739
5551.18	n/a	NonTarget	1	1387795
5551.404	n/a	NonTarget	1	1387851
5551.632	n/a	NonTarget	1	1387908
5551.856	n/a	NonTarget	1	1387964
5552.084	n/a	NonTarget	1	1388021
5552.308	n/a	NonTarget	1	1388077
5552.532	n/a	NonTarget	1	1388133
5552.756	n/a	NonTarget	1	1388189
5552.984	n/a	Target	2	1388246
5553.208	n/a	NonTarget	1	1388302
5553.436	n/a	NonTarget	1	1388359
5553.66	n/a	NonTarget	1	1388415
5553.884	n/a	NonTarget	1	1388471
5554.112	n/a	NonTarget	1	1388528
5554.336	n/a	NonTarget	1	1388584
5554.56	n/a	Target	2	1388640
5554.788	n/a	NonTarget	1	1388697
5555.012	n/a	NonTarget	1	1388753
5555.24	n/a	NonTarget	1	1388810
5555.464	n/a	NonTarget	1	1388866
5555.688	n/a	Target	2	1388922
5555.916	n/a	NonTarget	1	1388979
5556.14	n/a	NonTarget	1	1389035
5556.368	n/a	NonTarget	1	1389092
5556.592	n/a	NonTarget	1	1389148
5556.816	n/a	NonTarget	1	1389204
5557.04	n/a	NonTarget	1	1389260
5557.268	n/a	NonTarget	1	1389317
5557.492	n/a	NonTarget	1	1389373
5557.72	n/a	NonTarget	1	1389430
5557.944	n/a	NonTarget	1	1389486
5558.168	n/a	NonTarget	1	1389542
5558.396	n/a	NonTarget	1	1389599
5558.62	n/a	NonTarget	1	1389655
5558.848	n/a	NonTarget	1	1389712
5559.072	n/a	NonTarget	1	1389768
5559.3	n/a	Target	2	1389825
5559.524	n/a	NonTarget	1	1389881
5559.748	n/a	NonTarget	1	1389937
5559.976	n/a	NonTarget	1	1389994
5560.2	n/a	NonTarget	1	1390050
5560.424	n/a	NonTarget	1	1390106
5560.652	n/a	NonTarget	1	1390163
5560.876	n/a	Target	2	1390219
5561.104	n/a	NonTarget	1	1390276
5561.328	n/a	NonTarget	1	1390332
5561.552	n/a	NonTarget	1	1390388
5561.78	n/a	NonTarget	1	1390445
5562.004	n/a	NonTarget	1	1390501
5562.228	n/a	Target	2	1390557
5562.456	n/a	NonTarget	1	1390614
5562.68	n/a	NonTarget	1	1390670
5562.908	n/a	NonTarget	1	1390727
5563.132	n/a	NonTarget	1	1390783
5563.356	n/a	NonTarget	1	1390839
5563.584	n/a	NonTarget	1	1390896
5563.808	n/a	Target	2	1390952
5564.036	n/a	NonTarget	1	1391009
5564.26	n/a	NonTarget	1	1391065
5564.484	n/a	NonTarget	1	1391121
5564.712	n/a	NonTarget	1	1391178
5564.936	n/a	Target	2	1391234
5565.164	n/a	NonTarget	1	1391291
5565.388	n/a	NonTarget	1	1391347
5565.612	n/a	NonTarget	1	1391403
5565.84	n/a	NonTarget	1	1391460
5566.064	n/a	NonTarget	1	1391516
5566.288	n/a	NonTarget	1	1391572
5566.516	n/a	NonTarget	1	1391629
5566.74	n/a	Target	2	1391685
5566.968	n/a	NonTarget	1	1391742
5567.192	n/a	NonTarget	1	1391798
5567.416	n/a	NonTarget	1	1391854
5567.64	n/a	NonTarget	1	1391910
5607.592	n/a	NonTarget	1	1401898
5607.816	n/a	NonTarget	1	1401954
5608.044	n/a	NonTarget	1	1402011
5608.268	n/a	NonTarget	1	1402067
5608.496	n/a	Target	2	1402124
5608.72	n/a	NonTarget	1	1402180
5608.948	n/a	NonTarget	1	1402237
5609.172	n/a	NonTarget	1	1402293
5609.396	n/a	NonTarget	1	1402349
5609.624	n/a	Target	2	1402406
5609.848	n/a	NonTarget	1	1402462
5610.072	n/a	NonTarget	1	1402518
5610.296	n/a	NonTarget	1	1402574
5610.524	n/a	NonTarget	1	1402631
5610.748	n/a	NonTarget	1	1402687
5610.972	n/a	NonTarget	1	1402743
5611.2	n/a	NonTarget	1	1402800
5611.424	n/a	Target	2	1402856
5611.648	n/a	NonTarget	1	1402912
5611.876	n/a	NonTarget	1	1402969
5612.1	n/a	NonTarget	1	1403025
5612.328	n/a	NonTarget	1	1403082
5612.552	n/a	NonTarget	1	1403138
5612.776	n/a	NonTarget	1	1403194
5613.004	n/a	NonTarget	1	1403251
5613.228	n/a	NonTarget	1	1403307
5613.456	n/a	NonTarget	1	1403364
5613.68	n/a	Target	2	1403420
5613.904	n/a	NonTarget	1	1403476
5614.132	n/a	NonTarget	1	1403533
5614.356	n/a	NonTarget	1	1403589
5614.584	n/a	NonTarget	1	1403646
5614.808	n/a	NonTarget	1	1403702
5615.036	n/a	NonTarget	1	1403759
5615.26	n/a	NonTarget	1	1403815
5615.484	n/a	NonTarget	1	1403871
5615.708	n/a	NonTarget	1	1403927
5615.936	n/a	Target	2	1403984
5616.16	n/a	NonTarget	1	1404040
5616.384	n/a	NonTarget	1	1404096
5616.608	n/a	NonTarget	1	1404152
5616.836	n/a	NonTarget	1	1404209
5617.06	n/a	NonTarget	1	1404265
5617.284	n/a	NonTarget	1	1404321
5617.512	n/a	NonTarget	1	1404378
5617.736	n/a	NonTarget	1	1404434
5617.96	n/a	Target	2	1404490
5618.188	n/a	NonTarget	1	1404547
5618.412	n/a	NonTarget	1	1404603
5618.636	n/a	NonTarget	1	1404659
5618.864	n/a	NonTarget	1	1404716
5619.088	n/a	NonTarget	1	1404772
5619.316	n/a	NonTarget	1	1404829
5619.54	n/a	NonTarget	1	1404885
5619.764	n/a	NonTarget	1	1404941
5619.988	n/a	NonTarget	1	1404997
5620.216	n/a	NonTarget	1	1405054
5620.44	n/a	NonTarget	1	1405110
5620.668	n/a	NonTarget	1	1405167
5620.892	n/a	NonTarget	1	1405223
5621.116	n/a	NonTarget	1	1405279
5621.344	n/a	NonTarget	1	1405336
5621.568	n/a	Target	2	1405392
5621.796	n/a	NonTarget	1	1405449
5622.02	n/a	NonTarget	1	1405505
5622.248	n/a	NonTarget	1	1405562
5622.472	n/a	NonTarget	1	1405618
5622.7	n/a	NonTarget	1	1405675
5622.924	n/a	NonTarget	1	1405731
5623.148	n/a	Target	2	1405787
5623.376	n/a	NonTarget	1	1405844
5623.6	n/a	NonTarget	1	1405900
5623.828	n/a	NonTarget	1	1405957
5624.052	n/a	NonTarget	1	1406013
5624.276	n/a	NonTarget	1	1406069
5624.504	n/a	NonTarget	1	1406126
5624.728	n/a	NonTarget	1	1406182
5624.952	n/a	Target	2	1406238
5625.18	n/a	NonTarget	1	1406295
5625.404	n/a	NonTarget	1	1406351
5625.632	n/a	NonTarget	1	1406408
5625.856	n/a	NonTarget	1	1406464
5626.08	n/a	NonTarget	1	1406520
5626.308	n/a	NonTarget	1	1406577
5626.532	n/a	NonTarget	1	1406633
5626.756	n/a	NonTarget	1	1406689
5626.984	n/a	NonTarget	1	1406746
5627.208	n/a	Target	2	1406802
5627.436	n/a	NonTarget	1	1406859
5627.66	n/a	NonTarget	1	1406915
5627.884	n/a	NonTarget	1	1406971
5628.112	n/a	NonTarget	1	1407028
5628.336	n/a	Target	2	1407084
5628.56	n/a	NonTarget	1	1407140
5628.788	n/a	NonTarget	1	1407197
5629.012	n/a	NonTarget	1	1407253
5629.24	n/a	NonTarget	1	1407310
5629.464	n/a	Target	2	1407366
5629.692	n/a	NonTarget	1	1407423
5629.916	n/a	NonTarget	1	1407479
5630.14	n/a	NonTarget	1	1407535
5630.368	n/a	NonTarget	1	1407592
5630.592	n/a	NonTarget	1	1407648
5630.816	n/a	NonTarget	1	1407704
5631.044	n/a	NonTarget	1	1407761
5631.268	n/a	NonTarget	1	1407817
5631.496	n/a	NonTarget	1	1407874
5631.72	n/a	NonTarget	1	1407930
5631.944	n/a	NonTarget	1	1407986
5632.168	n/a	NonTarget	1	1408042
5632.396	n/a	NonTarget	1	1408099
5632.624	n/a	NonTarget	1	1408156
5632.848	n/a	NonTarget	1	1408212
5633.072	n/a	NonTarget	1	1408268
5633.296	n/a	Target	2	1408324
5633.524	n/a	NonTarget	1	1408381
5633.748	n/a	NonTarget	1	1408437
5633.976	n/a	NonTarget	1	1408494
5634.2	n/a	NonTarget	1	1408550
5634.424	n/a	NonTarget	1	1408606
5634.652	n/a	NonTarget	1	1408663
5634.876	n/a	NonTarget	1	1408719
5635.104	n/a	NonTarget	1	1408776
5635.328	n/a	NonTarget	1	1408832
5635.556	n/a	NonTarget	1	1408889
5635.78	n/a	NonTarget	1	1408945
5636.008	n/a	NonTarget	1	1409002
5636.232	n/a	NonTarget	1	1409058
5636.456	n/a	NonTarget	1	1409114
5636.684	n/a	NonTarget	1	1409171
5636.908	n/a	NonTarget	1	1409227
5637.136	n/a	Target	2	1409284
5637.36	n/a	NonTarget	1	1409340
5637.584	n/a	NonTarget	1	1409396
5637.812	n/a	NonTarget	1	1409453
5646.56	n/a	NonTarget	1	1411640
5646.784	n/a	NonTarget	1	1411696
5647.008	n/a	Target	2	1411752
5647.236	n/a	NonTarget	1	1411809
5647.46	n/a	NonTarget	1	1411865
5647.684	n/a	NonTarget	1	1411921
5647.912	n/a	NonTarget	1	1411978
5648.136	n/a	NonTarget	1	1412034
5648.36	n/a	NonTarget	1	1412090
5648.588	n/a	NonTarget	1	1412147
5648.812	n/a	Target	2	1412203
5649.04	n/a	NonTarget	1	1412260
5649.264	n/a	NonTarget	1	1412316
5649.492	n/a	NonTarget	1	1412373
5649.716	n/a	NonTarget	1	1412429
5649.94	n/a	NonTarget	1	1412485
5650.168	n/a	NonTarget	1	1412542
5650.392	n/a	NonTarget	1	1412598
5650.62	n/a	NonTarget	1	1412655
5650.844	n/a	Target	2	1412711
5651.068	n/a	NonTarget	1	1412767
5651.296	n/a	NonTarget	1	1412824
5651.52	n/a	NonTarget	1	1412880
5651.744	n/a	NonTarget	1	1412936
5651.972	n/a	NonTarget	1	1412993
5652.196	n/a	NonTarget	1	1413049
5652.424	n/a	NonTarget	1	1413106
5652.648	n/a	Target	2	1413162
5652.876	n/a	NonTarget	1	1413219
5653.1	n/a	NonTarget	1	1413275
5653.324	n/a	NonTarget	1	1413331
5653.552	n/a	NonTarget	1	1413388
5653.776	n/a	NonTarget	1	1413444
5654.0	n/a	NonTarget	1	1413500
5654.224	n/a	NonTarget	1	1413556
5654.452	n/a	Target	2	1413613
5654.676	n/a	NonTarget	1	1413669
5654.9	n/a	NonTarget	1	1413725
5655.128	n/a	NonTarget	1	1413782
5655.352	n/a	NonTarget	1	1413838
5655.576	n/a	NonTarget	1	1413894
5655.804	n/a	NonTarget	1	1413951
5656.028	n/a	NonTarget	1	1414007
5656.252	n/a	NonTarget	1	1414063
5656.48	n/a	NonTarget	1	1414120
5656.704	n/a	NonTarget	1	1414176
5656.928	n/a	NonTarget	1	1414232
5657.156	n/a	Target	2	1414289
5657.38	n/a	NonTarget	1	1414345
5657.608	n/a	NonTarget	1	1414402
5657.832	n/a	NonTarget	1	1414458
5658.06	n/a	NonTarget	1	1414515
5658.284	n/a	NonTarget	1	1414571
5658.508	n/a	NonTarget	1	1414627
5658.736	n/a	NonTarget	1	1414684
5658.96	n/a	NonTarget	1	1414740
5659.188	n/a	NonTarget	1	1414797
5659.412	n/a	NonTarget	1	1414853
5659.636	n/a	NonTarget	1	1414909
5659.864	n/a	NonTarget	1	1414966
5660.088	n/a	NonTarget	1	1415022
5660.316	n/a	NonTarget	1	1415079
5660.54	n/a	NonTarget	1	1415135
5660.768	n/a	NonTarget	1	1415192
5660.992	n/a	NonTarget	1	1415248
5661.216	n/a	NonTarget	1	1415304
5661.444	n/a	NonTarget	1	1415361
5661.668	n/a	NonTarget	1	1415417
5661.892	n/a	NonTarget	1	1415473
5662.12	n/a	NonTarget	1	1415530
5662.344	n/a	NonTarget	1	1415586
5662.568	n/a	NonTarget	1	1415642
5662.796	n/a	NonTarget	1	1415699
5663.02	n/a	NonTarget	1	1415755
5663.248	n/a	NonTarget	1	1415812
5663.472	n/a	NonTarget	1	1415868
5663.696	n/a	NonTarget	1	1415924
5663.924	n/a	NonTarget	1	1415981
5664.148	n/a	NonTarget	1	1416037
5664.372	n/a	NonTarget	1	1416093
5664.6	n/a	NonTarget	1	1416150
5664.824	n/a	NonTarget	1	1416206
5665.052	n/a	NonTarget	1	1416263
5665.276	n/a	NonTarget	1	1416319
5665.504	n/a	NonTarget	1	1416376
5665.728	n/a	NonTarget	1	1416432
5665.952	n/a	Target	2	1416488
5666.18	n/a	NonTarget	1	1416545
5666.404	n/a	NonTarget	1	1416601
5666.632	n/a	NonTarget	1	1416658
5666.856	n/a	NonTarget	1	1416714
5667.08	n/a	NonTarget	1	1416770
5667.304	n/a	NonTarget	1	1416826
5667.532	n/a	Target	2	1416883
5667.756	n/a	NonTarget	1	1416939
5667.984	n/a	NonTarget	1	1416996
5668.208	n/a	NonTarget	1	1417052
5668.432	n/a	NonTarget	1	1417108
5668.66	n/a	NonTarget	1	1417165
5668.884	n/a	NonTarget	1	1417221
5669.108	n/a	NonTarget	1	1417277
5669.336	n/a	NonTarget	1	1417334
5669.56	n/a	NonTarget	1	1417390
5669.788	n/a	NonTarget	1	1417447
5670.012	n/a	NonTarget	1	1417503
5670.236	n/a	NonTarget	1	1417559
5670.464	n/a	NonTarget	1	1417616
5670.688	n/a	Target	2	1417672
5670.916	n/a	NonTarget	1	1417729
5671.14	n/a	NonTarget	1	1417785
5671.368	n/a	NonTarget	1	1417842
5671.592	n/a	NonTarget	1	1417898
5671.816	n/a	NonTarget	1	1417954
5672.044	n/a	NonTarget	1	1418011
5672.268	n/a	NonTarget	1	1418067
5672.496	n/a	NonTarget	1	1418124
5672.72	n/a	NonTarget	1	1418180
5672.948	n/a	NonTarget	1	1418237
5673.172	n/a	NonTarget	1	1418293
5673.396	n/a	NonTarget	1	1418349
5673.624	n/a	NonTarget	1	1418406
5673.848	n/a	NonTarget	1	1418462
5674.072	n/a	NonTarget	1	1418518
5674.3	n/a	NonTarget	1	1418575
5674.524	n/a	NonTarget	1	1418631
5674.748	n/a	NonTarget	1	1418687
5674.976	n/a	NonTarget	1	1418744
5675.2	n/a	NonTarget	1	1418800
5675.428	n/a	NonTarget	1	1418857
5675.652	n/a	NonTarget	1	1418913
5675.876	n/a	NonTarget	1	1418969
5676.104	n/a	NonTarget	1	1419026
5676.328	n/a	NonTarget	1	1419082
5676.552	n/a	NonTarget	1	1419138
5713.688	n/a	Target	2	1428422
5713.916	n/a	NonTarget	1	1428479
5714.14	n/a	NonTarget	1	1428535
5714.368	n/a	NonTarget	1	1428592
5714.592	n/a	NonTarget	1	1428648
5714.82	n/a	NonTarget	1	1428705
5715.044	n/a	NonTarget	1	1428761
5715.268	n/a	NonTarget	1	1428817
5715.496	n/a	NonTarget	1	1428874
5715.72	n/a	Target	2	1428930
5715.944	n/a	NonTarget	1	1428986
5716.168	n/a	NonTarget	1	1429042
5716.396	n/a	NonTarget	1	1429099
5716.62	n/a	NonTarget	1	1429155
5716.848	n/a	NonTarget	1	1429212
5717.072	n/a	NonTarget	1	1429268
5717.296	n/a	NonTarget	1	1429324
5717.524	n/a	NonTarget	1	1429381
5717.748	n/a	Target	2	1429437
5717.976	n/a	NonTarget	1	1429494
5718.2	n/a	NonTarget	1	1429550
5718.424	n/a	NonTarget	1	1429606
5718.652	n/a	NonTarget	1	1429663
5718.876	n/a	NonTarget	1	1429719
5719.1	n/a	NonTarget	1	1429775
5719.328	n/a	Target	2	1429832
5719.552	n/a	NonTarget	1	1429888
5719.78	n/a	NonTarget	1	1429945
5720.004	n/a	NonTarget	1	1430001
5720.232	n/a	NonTarget	1	1430058
5720.456	n/a	NonTarget	1	1430114
5720.684	n/a	NonTarget	1	1430171
5720.908	n/a	NonTarget	1	1430227
5721.136	n/a	NonTarget	1	1430284
5721.36	n/a	NonTarget	1	1430340
5721.588	n/a	NonTarget	1	1430397
5721.812	n/a	Target	2	1430453
5722.04	n/a	NonTarget	1	1430510
5722.264	n/a	NonTarget	1	1430566
5722.488	n/a	NonTarget	1	1430622
5722.716	n/a	NonTarget	1	1430679
5722.94	n/a	NonTarget	1	1430735
5723.168	n/a	NonTarget	1	1430792
5723.392	n/a	NonTarget	1	1430848
5723.616	n/a	NonTarget	1	1430904
5723.844	n/a	NonTarget	1	1430961
5724.068	n/a	NonTarget	1	1431017
5724.296	n/a	NonTarget	1	1431074
5724.52	n/a	NonTarget	1	1431130
5724.748	n/a	NonTarget	1	1431187
5724.972	n/a	NonTarget	1	1431243
5725.196	n/a	NonTarget	1	1431299
5725.424	n/a	NonTarget	1	1431356
5725.648	n/a	NonTarget	1	1431412
5725.876	n/a	NonTarget	1	1431469
5726.1	n/a	NonTarget	1	1431525
5726.324	n/a	NonTarget	1	1431581
5726.552	n/a	NonTarget	1	1431638
5726.776	n/a	NonTarget	1	1431694
5727.0	n/a	NonTarget	1	1431750
5727.224	n/a	NonTarget	1	1431806
5727.452	n/a	NonTarget	1	1431863
5727.676	n/a	Target	2	1431919
5727.904	n/a	NonTarget	1	1431976
5728.128	n/a	NonTarget	1	1432032
5728.352	n/a	NonTarget	1	1432088
5728.58	n/a	NonTarget	1	1432145
5728.804	n/a	NonTarget	1	1432201
5729.032	n/a	NonTarget	1	1432258
5729.256	n/a	NonTarget	1	1432314
5729.484	n/a	NonTarget	1	1432371
5729.708	n/a	NonTarget	1	1432427
5729.932	n/a	NonTarget	1	1432483
5730.16	n/a	NonTarget	1	1432540
5730.388	n/a	NonTarget	1	1432597
5730.612	n/a	NonTarget	1	1432653
5730.836	n/a	NonTarget	1	1432709
5731.064	n/a	NonTarget	1	1432766
5731.288	n/a	NonTarget	1	1432822
5731.512	n/a	NonTarget	1	1432878
5731.74	n/a	NonTarget	1	1432935
5731.964	n/a	NonTarget	1	1432991
5732.192	n/a	NonTarget	1	1433048
5732.416	n/a	Target	2	1433104
5732.644	n/a	NonTarget	1	1433161
5732.868	n/a	NonTarget	1	1433217
5733.092	n/a	NonTarget	1	1433273
5733.316	n/a	NonTarget	1	1433329
5733.544	n/a	NonTarget	1	1433386
5733.768	n/a	Target	2	1433442
5733.996	n/a	NonTarget	1	1433499
5734.22	n/a	NonTarget	1	1433555
5734.444	n/a	NonTarget	1	1433611
5734.672	n/a	NonTarget	1	1433668
5734.896	n/a	Target	2	1433724
5735.124	n/a	NonTarget	1	1433781
5735.348	n/a	NonTarget	1	1433837
5735.576	n/a	NonTarget	1	1433894
5735.8	n/a	NonTarget	1	1433950
5736.028	n/a	Target	2	1434007
5736.252	n/a	NonTarget	1	1434063
5736.476	n/a	NonTarget	1	1434119
5736.704	n/a	NonTarget	1	1434176
5736.928	n/a	NonTarget	1	1434232
5737.156	n/a	Target	2	1434289
5737.38	n/a	NonTarget	1	1434345
5737.608	n/a	NonTarget	1	1434402
5737.832	n/a	NonTarget	1	1434458
5738.056	n/a	NonTarget	1	1434514
5738.284	n/a	NonTarget	1	1434571
5738.508	n/a	NonTarget	1	1434627
5738.736	n/a	Target	2	1434684
5738.96	n/a	NonTarget	1	1434740
5739.184	n/a	NonTarget	1	1434796
5739.412	n/a	NonTarget	1	1434853
5739.636	n/a	NonTarget	1	1434909
5739.864	n/a	NonTarget	1	1434966
5740.088	n/a	NonTarget	1	1435022
5740.312	n/a	NonTarget	1	1435078
5740.536	n/a	NonTarget	1	1435134
5740.764	n/a	NonTarget	1	1435191
5740.988	n/a	NonTarget	1	1435247
5741.216	n/a	NonTarget	1	1435304
5741.44	n/a	NonTarget	1	1435360
5741.664	n/a	NonTarget	1	1435416
5741.892	n/a	NonTarget	1	1435473
5742.116	n/a	NonTarget	1	1435529
5742.344	n/a	NonTarget	1	1435586
5742.568	n/a	NonTarget	1	1435642
5742.796	n/a	NonTarget	1	1435699
5743.02	n/a	NonTarget	1	1435755
5743.244	n/a	NonTarget	1	1435811
5743.472	n/a	Target	2	1435868
5743.696	n/a	NonTarget	1	1435924
5743.924	n/a	NonTarget	1	1435981
5752.668	n/a	NonTarget	1	1438167
5752.896	n/a	Target	2	1438224
5753.12	n/a	NonTarget	1	1438280
5753.348	n/a	NonTarget	1	1438337
5753.572	n/a	NonTarget	1	1438393
5753.8	n/a	NonTarget	1	1438450
5754.024	n/a	NonTarget	1	1438506
5754.248	n/a	NonTarget	1	1438562
5754.476	n/a	NonTarget	1	1438619
5754.7	n/a	NonTarget	1	1438675
5754.924	n/a	NonTarget	1	1438731
5755.152	n/a	Target	2	1438788
5755.376	n/a	NonTarget	1	1438844
5755.6	n/a	NonTarget	1	1438900
5755.828	n/a	NonTarget	1	1438957
5756.052	n/a	NonTarget	1	1439013
5756.276	n/a	NonTarget	1	1439069
5756.5	n/a	NonTarget	1	1439125
5756.728	n/a	NonTarget	1	1439182
5756.952	n/a	NonTarget	1	1439238
5757.18	n/a	NonTarget	1	1439295
5757.404	n/a	NonTarget	1	1439351
5757.628	n/a	NonTarget	1	1439407
5757.852	n/a	Target	2	1439463
5758.08	n/a	NonTarget	1	1439520
5758.304	n/a	NonTarget	1	1439576
5758.528	n/a	NonTarget	1	1439632
5758.756	n/a	NonTarget	1	1439689
5758.98	n/a	NonTarget	1	1439745
5759.204	n/a	NonTarget	1	1439801
5759.428	n/a	Target	2	1439857
5759.656	n/a	NonTarget	1	1439914
5759.88	n/a	NonTarget	1	1439970
5760.104	n/a	NonTarget	1	1440026
5760.332	n/a	NonTarget	1	1440083
5760.556	n/a	NonTarget	1	1440139
5760.78	n/a	NonTarget	1	1440195
5761.008	n/a	NonTarget	1	1440252
5761.232	n/a	NonTarget	1	1440308
5761.46	n/a	NonTarget	1	1440365
5761.684	n/a	NonTarget	1	1440421
5761.912	n/a	NonTarget	1	1440478
5762.136	n/a	NonTarget	1	1440534
5762.36	n/a	Target	2	1440590
5762.588	n/a	NonTarget	1	1440647
5762.812	n/a	NonTarget	1	1440703
5763.036	n/a	NonTarget	1	1440759
5763.264	n/a	NonTarget	1	1440816
5763.488	n/a	Target	2	1440872
5763.712	n/a	NonTarget	1	1440928
5763.94	n/a	NonTarget	1	1440985
5764.164	n/a	NonTarget	1	1441041
5764.388	n/a	NonTarget	1	1441097
5764.616	n/a	Target	2	1441154
5764.84	n/a	NonTarget	1	1441210
5765.064	n/a	NonTarget	1	1441266
5765.292	n/a	NonTarget	1	1441323
5765.516	n/a	NonTarget	1	1441379
5765.744	n/a	NonTarget	1	1441436
5765.968	n/a	Target	2	1441492
5766.196	n/a	NonTarget	1	1441549
5766.42	n/a	NonTarget	1	1441605
5766.644	n/a	NonTarget	1	1441661
5766.872	n/a	NonTarget	1	1441718
5767.096	n/a	Target	2	1441774
5767.324	n/a	NonTarget	1	1441831
5767.548	n/a	NonTarget	1	1441887
5767.772	n/a	NonTarget	1	1441943
5768.0	n/a	NonTarget	1	1442000
5768.224	n/a	NonTarget	1	1442056
5768.448	n/a	Target	2	1442112
5768.676	n/a	NonTarget	1	1442169
5768.9	n/a	NonTarget	1	1442225
5769.124	n/a	NonTarget	1	1442281
5769.352	n/a	NonTarget	1	1442338
5769.576	n/a	NonTarget	1	1442394
5769.8	n/a	Target	2	1442450
5770.028	n/a	NonTarget	1	1442507
5770.252	n/a	NonTarget	1	1442563
5770.48	n/a	NonTarget	1	1442620
5770.704	n/a	NonTarget	1	1442676
5770.928	n/a	NonTarget	1	1442732
5771.156	n/a	Target	2	1442789
5771.38	n/a	NonTarget	1	1442845
5771.608	n/a	NonTarget	1	1442902
5771.832	n/a	NonTarget	1	1442958
5772.06	n/a	NonTarget	1	1443015
5772.284	n/a	Target	2	1443071
5772.508	n/a	NonTarget	1	1443127
5772.736	n/a	NonTarget	1	1443184
5772.96	n/a	NonTarget	1	1443240
5773.184	n/a	NonTarget	1	1443296
5773.412	n/a	Target	2	1443353
5773.636	n/a	NonTarget	1	1443409
5773.86	n/a	NonTarget	1	1443465
5774.088	n/a	NonTarget	1	1443522
5774.312	n/a	NonTarget	1	1443578
5774.536	n/a	NonTarget	1	1443634
5774.764	n/a	NonTarget	1	1443691
5774.988	n/a	NonTarget	1	1443747
5775.212	n/a	Target	2	1443803
5775.44	n/a	NonTarget	1	1443860
5775.664	n/a	NonTarget	1	1443916
5775.888	n/a	NonTarget	1	1443972
5776.116	n/a	NonTarget	1	1444029
5776.34	n/a	NonTarget	1	1444085
5776.568	n/a	Target	2	1444142
5776.792	n/a	NonTarget	1	1444198
5777.016	n/a	NonTarget	1	1444254
5777.244	n/a	NonTarget	1	1444311
5777.468	n/a	NonTarget	1	1444367
5777.696	n/a	NonTarget	1	1444424
5777.92	n/a	Target	2	1444480
5778.144	n/a	NonTarget	1	1444536
5778.372	n/a	NonTarget	1	1444593
5778.596	n/a	NonTarget	1	1444649
5778.82	n/a	NonTarget	1	1444705
5779.048	n/a	Target	2	1444762
5779.272	n/a	NonTarget	1	1444818
5779.5	n/a	NonTarget	1	1444875
5779.724	n/a	NonTarget	1	1444931
5779.948	n/a	NonTarget	1	1444987
5780.176	n/a	Target	2	1445044
5780.4	n/a	NonTarget	1	1445100
5780.628	n/a	NonTarget	1	1445157
5780.852	n/a	NonTarget	1	1445213
5781.076	n/a	NonTarget	1	1445269
5781.304	n/a	Target	2	1445326
5781.528	n/a	NonTarget	1	1445382
5781.752	n/a	NonTarget	1	1445438
5781.98	n/a	NonTarget	1	1445495
5782.204	n/a	NonTarget	1	1445551
5782.432	n/a	Target	2	1445608
5782.656	n/a	NonTarget	1	1445664
5782.884	n/a	NonTarget	1	1445721
5799.996	n/a	NonTarget	1	1449999
5800.22	n/a	NonTarget	1	1450055
5800.448	n/a	NonTarget	1	1450112
5800.672	n/a	Target	2	1450168
5800.9	n/a	NonTarget	1	1450225
5801.124	n/a	NonTarget	1	1450281
5801.348	n/a	NonTarget	1	1450337
5801.576	n/a	NonTarget	1	1450394
5801.804	n/a	NonTarget	1	1450451
5802.028	n/a	NonTarget	1	1450507
5802.252	n/a	Target	2	1450563
5802.476	n/a	NonTarget	1	1450619
5802.704	n/a	NonTarget	1	1450676
5802.928	n/a	NonTarget	1	1450732
5803.156	n/a	NonTarget	1	1450789
5803.38	n/a	NonTarget	1	1450845
5803.604	n/a	NonTarget	1	1450901
5803.832	n/a	NonTarget	1	1450958
5804.056	n/a	NonTarget	1	1451014
5804.28	n/a	NonTarget	1	1451070
5804.504	n/a	NonTarget	1	1451126
5804.732	n/a	Target	2	1451183
5804.956	n/a	NonTarget	1	1451239
5805.18	n/a	NonTarget	1	1451295
5805.408	n/a	NonTarget	1	1451352
5805.632	n/a	NonTarget	1	1451408
5805.86	n/a	NonTarget	1	1451465
5806.084	n/a	NonTarget	1	1451521
5806.308	n/a	NonTarget	1	1451577
5806.536	n/a	NonTarget	1	1451634
5806.76	n/a	Target	2	1451690
5806.984	n/a	NonTarget	1	1451746
5807.208	n/a	NonTarget	1	1451802
5807.432	n/a	NonTarget	1	1451858
5807.66	n/a	NonTarget	1	1451915
5807.884	n/a	NonTarget	1	1451971
5808.112	n/a	NonTarget	1	1452028
5808.336	n/a	NonTarget	1	1452084
5808.56	n/a	NonTarget	1	1452140
5808.788	n/a	NonTarget	1	1452197
5809.012	n/a	NonTarget	1	1452253
5809.24	n/a	NonTarget	1	1452310
5809.464	n/a	NonTarget	1	1452366
5809.688	n/a	Target	2	1452422
5809.912	n/a	NonTarget	1	1452478
5810.14	n/a	NonTarget	1	1452535
5810.364	n/a	NonTarget	1	1452591
5810.592	n/a	NonTarget	1	1452648
5810.816	n/a	Target	2	1452704
5811.044	n/a	NonTarget	1	1452761
5811.268	n/a	NonTarget	1	1452817
5811.492	n/a	NonTarget	1	1452873
5811.72	n/a	NonTarget	1	1452930
5811.944	n/a	NonTarget	1	1452986
5812.168	n/a	Target	2	1453042
5812.396	n/a	NonTarget	1	1453099
5812.62	n/a	NonTarget	1	1453155
5812.848	n/a	NonTarget	1	1453212
5813.072	n/a	NonTarget	1	1453268
5813.296	n/a	Target	2	1453324
5813.524	n/a	NonTarget	1	1453381
5813.748	n/a	NonTarget	1	1453437
5813.972	n/a	NonTarget	1	1453493
5814.2	n/a	NonTarget	1	1453550
5814.424	n/a	NonTarget	1	1453606
5814.652	n/a	Target	2	1453663
5814.876	n/a	NonTarget	1	1453719
5815.1	n/a	NonTarget	1	1453775
5815.328	n/a	NonTarget	1	1453832
5815.552	n/a	NonTarget	1	1453888
5815.78	n/a	NonTarget	1	1453945
5816.004	n/a	Target	2	1454001
5816.232	n/a	NonTarget	1	1454058
5816.456	n/a	NonTarget	1	1454114
5816.68	n/a	NonTarget	1	1454170
5816.908	n/a	NonTarget	1	1454227
5817.132	n/a	Target	2	1454283
5817.36	n/a	NonTarget	1	1454340
5817.584	n/a	NonTarget	1	1454396
5817.812	n/a	NonTarget	1	1454453
5818.036	n/a	NonTarget	1	1454509
5818.26	n/a	NonTarget	1	1454565
5818.484	n/a	NonTarget	1	1454621
5818.712	n/a	NonTarget	1	1454678
5818.936	n/a	Target	2	1454734
5819.164	n/a	NonTarget	1	1454791
5819.388	n/a	NonTarget	1	1454847
5819.612	n/a	NonTarget	1	1454903
5819.84	n/a	NonTarget	1	1454960
5820.064	n/a	Target	2	1455016
5820.288	n/a	NonTarget	1	1455072
5820.516	n/a	NonTarget	1	1455129
5820.74	n/a	NonTarget	1	1455185
5820.968	n/a	NonTarget	1	1455242
5821.192	n/a	Target	2	1455298
5821.416	n/a	NonTarget	1	1455354
5821.644	n/a	NonTarget	1	1455411
5821.868	n/a	NonTarget	1	1455467
5822.096	n/a	NonTarget	1	1455524
5822.32	n/a	Target	2	1455580
5822.548	n/a	NonTarget	1	1455637
5822.772	n/a	NonTarget	1	1455693
5822.996	n/a	NonTarget	1	1455749
5823.224	n/a	NonTarget	1	1455806
5823.448	n/a	Target	2	1455862
5823.676	n/a	NonTarget	1	1455919
5823.9	n/a	NonTarget	1	1455975
5824.128	n/a	NonTarget	1	1456032
5824.352	n/a	NonTarget	1	1456088
5824.576	n/a	Target	2	1456144
5824.804	n/a	NonTarget	1	1456201
5825.028	n/a	NonTarget	1	1456257
5825.256	n/a	NonTarget	1	1456314
5825.48	n/a	NonTarget	1	1456370
5825.704	n/a	Target	2	1456426
5825.932	n/a	NonTarget	1	1456483
5826.156	n/a	NonTarget	1	1456539
5826.38	n/a	NonTarget	1	1456595
5826.608	n/a	NonTarget	1	1456652
5826.832	n/a	Target	2	1456708
5827.06	n/a	NonTarget	1	1456765
5827.284	n/a	NonTarget	1	1456821
5827.508	n/a	NonTarget	1	1456877
5827.736	n/a	NonTarget	1	1456934
5827.96	n/a	NonTarget	1	1456990
5828.188	n/a	NonTarget	1	1457047
5828.412	n/a	Target	2	1457103
5828.636	n/a	NonTarget	1	1457159
5828.864	n/a	NonTarget	1	1457216
5829.088	n/a	NonTarget	1	1457272
5829.316	n/a	NonTarget	1	1457329
5829.54	n/a	Target	2	1457385
5829.768	n/a	NonTarget	1	1457442
5829.992	n/a	NonTarget	1	1457498
5830.216	n/a	NonTarget	1	1457554
5838.988	n/a	NonTarget	1	1459747
5839.212	n/a	NonTarget	1	1459803
5839.436	n/a	NonTarget	1	1459859
5839.664	n/a	NonTarget	1	1459916
5839.888	n/a	NonTarget	1	1459972
5840.112	n/a	NonTarget	1	1460028
5840.34	n/a	NonTarget	1	1460085
5840.564	n/a	Target	2	1460141
5840.792	n/a	NonTarget	1	1460198
5841.016	n/a	NonTarget	1	1460254
5841.244	n/a	NonTarget	1	1460311
5841.468	n/a	NonTarget	1	1460367
5841.692	n/a	NonTarget	1	1460423
5841.92	n/a	NonTarget	1	1460480
5842.144	n/a	Target	2	1460536
5842.368	n/a	NonTarget	1	1460592
5842.592	n/a	NonTarget	1	1460648
5842.82	n/a	NonTarget	1	1460705
5843.044	n/a	NonTarget	1	1460761
5843.268	n/a	NonTarget	1	1460817
5843.496	n/a	NonTarget	1	1460874
5843.72	n/a	NonTarget	1	1460930
5843.944	n/a	NonTarget	1	1460986
5844.172	n/a	Target	2	1461043
5844.396	n/a	NonTarget	1	1461099
5844.62	n/a	NonTarget	1	1461155
5844.844	n/a	NonTarget	1	1461211
5845.072	n/a	NonTarget	1	1461268
5845.296	n/a	NonTarget	1	1461324
5845.524	n/a	NonTarget	1	1461381
5845.748	n/a	NonTarget	1	1461437
5845.972	n/a	Target	2	1461493
5846.2	n/a	NonTarget	1	1461550
5846.424	n/a	NonTarget	1	1461606
5846.652	n/a	NonTarget	1	1461663
5846.876	n/a	NonTarget	1	1461719
5847.104	n/a	NonTarget	1	1461776
5847.328	n/a	NonTarget	1	1461832
5847.556	n/a	NonTarget	1	1461889
5847.78	n/a	NonTarget	1	1461945
5848.004	n/a	NonTarget	1	1462001
5848.232	n/a	NonTarget	1	1462058
5848.456	n/a	Target	2	1462114
5848.68	n/a	NonTarget	1	1462170
5848.908	n/a	NonTarget	1	1462227
5849.132	n/a	NonTarget	1	1462283
5849.36	n/a	NonTarget	1	1462340
5849.584	n/a	NonTarget	1	1462396
5849.812	n/a	Target	2	1462453
5850.036	n/a	NonTarget	1	1462509
5850.26	n/a	NonTarget	1	1462565
5850.488	n/a	NonTarget	1	1462622
5850.712	n/a	NonTarget	1	1462678
5850.94	n/a	NonTarget	1	1462735
5851.164	n/a	Target	2	1462791
5851.388	n/a	NonTarget	1	1462847
5851.616	n/a	NonTarget	1	1462904
5851.84	n/a	NonTarget	1	1462960
5852.064	n/a	NonTarget	1	1463016
5852.292	n/a	NonTarget	1	1463073
5852.516	n/a	NonTarget	1	1463129
5852.744	n/a	Target	2	1463186
5852.968	n/a	NonTarget	1	1463242
5853.192	n/a	NonTarget	1	1463298
5853.416	n/a	NonTarget	1	1463354
5853.644	n/a	NonTarget	1	1463411
5853.868	n/a	NonTarget	1	1463467
5854.096	n/a	Target	2	1463524
5854.32	n/a	NonTarget	1	1463580
5854.544	n/a	NonTarget	1	1463636
5854.772	n/a	NonTarget	1	1463693
5854.996	n/a	NonTarget	1	1463749
5855.224	n/a	NonTarget	1	1463806
5855.448	n/a	NonTarget	1	1463862
5855.676	n/a	NonTarget	1	1463919
5855.9	n/a	NonTarget	1	1463975
5856.124	n/a	NonTarget	1	1464031
5856.352	n/a	Target	2	1464088
5856.576	n/a	NonTarget	1	1464144
5856.804	n/a	NonTarget	1	1464201
5857.028	n/a	NonTarget	1	1464257
5857.252	n/a	NonTarget	1	1464313
5857.48	n/a	NonTarget	1	1464370
5857.704	n/a	NonTarget	1	1464426
5857.932	n/a	NonTarget	1	1464483
5858.156	n/a	NonTarget	1	1464539
5858.38	n/a	NonTarget	1	1464595
5858.608	n/a	NonTarget	1	1464652
5858.832	n/a	NonTarget	1	1464708
5859.06	n/a	NonTarget	1	1464765
5859.284	n/a	NonTarget	1	1464821
5859.508	n/a	NonTarget	1	1464877
5859.736	n/a	NonTarget	1	1464934
5859.96	n/a	NonTarget	1	1464990
5860.188	n/a	NonTarget	1	1465047
5860.412	n/a	NonTarget	1	1465103
5860.636	n/a	NonTarget	1	1465159
5860.86	n/a	Target	2	1465215
5861.088	n/a	NonTarget	1	1465272
5861.312	n/a	NonTarget	1	1465328
5861.54	n/a	NonTarget	1	1465385
5861.764	n/a	NonTarget	1	1465441
5861.988	n/a	NonTarget	1	1465497
5862.216	n/a	NonTarget	1	1465554
5862.444	n/a	NonTarget	1	1465611
5862.668	n/a	NonTarget	1	1465667
5862.892	n/a	NonTarget	1	1465723
5863.12	n/a	NonTarget	1	1465780
5863.344	n/a	NonTarget	1	1465836
5863.568	n/a	NonTarget	1	1465892
5863.796	n/a	NonTarget	1	1465949
5864.02	n/a	NonTarget	1	1466005
5864.248	n/a	NonTarget	1	1466062
5864.472	n/a	Target	2	1466118
5864.696	n/a	NonTarget	1	1466174
5864.924	n/a	NonTarget	1	1466231
5865.148	n/a	NonTarget	1	1466287
5865.372	n/a	NonTarget	1	1466343
5865.6	n/a	NonTarget	1	1466400
5865.824	n/a	Target	2	1466456
5866.052	n/a	NonTarget	1	1466513
5866.276	n/a	NonTarget	1	1466569
5866.5	n/a	NonTarget	1	1466625
5866.724	n/a	NonTarget	1	1466681
5866.952	n/a	NonTarget	1	1466738
5867.176	n/a	NonTarget	1	1466794
5867.404	n/a	NonTarget	1	1466851
5867.628	n/a	Target	2	1466907
5867.856	n/a	NonTarget	1	1466964
5868.08	n/a	NonTarget	1	1467020
5868.304	n/a	NonTarget	1	1467076
5868.532	n/a	NonTarget	1	1467133
5868.756	n/a	NonTarget	1	1467189
5868.984	n/a	NonTarget	1	1467246
5885.376	n/a	NonTarget	1	1471344
5885.604	n/a	Target	2	1471401
5885.828	n/a	NonTarget	1	1471457
5886.052	n/a	NonTarget	1	1471513
5886.28	n/a	NonTarget	1	1471570
5886.504	n/a	NonTarget	1	1471626
5886.732	n/a	NonTarget	1	1471683
5886.956	n/a	NonTarget	1	1471739
5887.18	n/a	NonTarget	1	1471795
5887.408	n/a	NonTarget	1	1471852
5887.632	n/a	Target	2	1471908
5887.856	n/a	NonTarget	1	1471964
5888.084	n/a	NonTarget	1	1472021
5888.308	n/a	NonTarget	1	1472077
5888.532	n/a	NonTarget	1	1472133
5888.756	n/a	NonTarget	1	1472189
5888.984	n/a	NonTarget	1	1472246
5889.208	n/a	NonTarget	1	1472302
5889.436	n/a	NonTarget	1	1472359
5889.66	n/a	NonTarget	1	1472415
5889.888	n/a	NonTarget	1	1472472
5890.112	n/a	NonTarget	1	1472528
5890.34	n/a	Target	2	1472585
5890.564	n/a	NonTarget	1	1472641
5890.788	n/a	NonTarget	1	1472697
5891.016	n/a	NonTarget	1	1472754
5891.24	n/a	NonTarget	1	1472810
5891.464	n/a	NonTarget	1	1472866
5891.692	n/a	NonTarget	1	1472923
5891.916	n/a	NonTarget	1	1472979
5892.14	n/a	Target	2	1473035
5892.364	n/a	NonTarget	1	1473091
5892.592	n/a	NonTarget	1	1473148
5892.816	n/a	NonTarget	1	1473204
5893.04	n/a	NonTarget	1	1473260
5893.268	n/a	NonTarget	1	1473317
5893.492	n/a	NonTarget	1	1473373
5893.72	n/a	NonTarget	1	1473430
5893.944	n/a	NonTarget	1	1473486
5894.168	n/a	NonTarget	1	1473542
5894.396	n/a	NonTarget	1	1473599
5894.62	n/a	Target	2	1473655
5894.848	n/a	NonTarget	1	1473712
5895.072	n/a	NonTarget	1	1473768
5895.296	n/a	NonTarget	1	1473824
5895.524	n/a	NonTarget	1	1473881
5895.748	n/a	NonTarget	1	1473937
5895.976	n/a	Target	2	1473994
5896.2	n/a	NonTarget	1	1474050
5896.424	n/a	NonTarget	1	1474106
5896.652	n/a	NonTarget	1	1474163
5896.876	n/a	NonTarget	1	1474219
5897.104	n/a	Target	2	1474276
5897.328	n/a	NonTarget	1	1474332
5897.552	n/a	NonTarget	1	1474388
5897.776	n/a	NonTarget	1	1474444
5898.004	n/a	NonTarget	1	1474501
5898.228	n/a	NonTarget	1	1474557
5898.456	n/a	NonTarget	1	1474614
5898.68	n/a	NonTarget	1	1474670
5898.904	n/a	NonTarget	1	1474726
5899.132	n/a	NonTarget	1	1474783
5899.356	n/a	Target	2	1474839
5899.58	n/a	NonTarget	1	1474895
5899.808	n/a	NonTarget	1	1474952
5900.032	n/a	NonTarget	1	1475008
5900.26	n/a	NonTarget	1	1475065
5900.484	n/a	NonTarget	1	1475121
5900.708	n/a	NonTarget	1	1475177
5900.936	n/a	NonTarget	1	1475234
5901.16	n/a	NonTarget	1	1475290
5901.388	n/a	NonTarget	1	1475347
5901.612	n/a	NonTarget	1	1475403
5901.84	n/a	NonTarget	1	1475460
5902.064	n/a	Target	2	1475516
5902.288	n/a	NonTarget	1	1475572
5902.516	n/a	NonTarget	1	1475629
5902.74	n/a	NonTarget	1	1475685
5902.964	n/a	NonTarget	1	1475741
5903.192	n/a	Target	2	1475798
5903.416	n/a	NonTarget	1	1475854
5903.64	n/a	NonTarget	1	1475910
5903.868	n/a	NonTarget	1	1475967
5904.092	n/a	NonTarget	1	1476023
5904.316	n/a	NonTarget	1	1476079
5904.544	n/a	Target	2	1476136
5904.768	n/a	NonTarget	1	1476192
5904.996	n/a	NonTarget	1	1476249
5905.22	n/a	NonTarget	1	1476305
5905.444	n/a	NonTarget	1	1476361
5905.672	n/a	NonTarget	1	1476418
5905.896	n/a	NonTarget	1	1476474
5906.124	n/a	NonTarget	1	1476531
5906.348	n/a	Target	2	1476587
5906.576	n/a	NonTarget	1	1476644
5906.8	n/a	NonTarget	1	1476700
5907.024	n/a	NonTarget	1	1476756
5907.252	n/a	NonTarget	1	1476813
5907.476	n/a	Target	2	1476869
5907.704	n/a	NonTarget	1	1476926
5907.928	n/a	NonTarget	1	1476982
5908.152	n/a	NonTarget	1	1477038
5908.38	n/a	NonTarget	1	1477095
5908.604	n/a	NonTarget	1	1477151
5908.832	n/a	Target	2	1477208
5909.056	n/a	NonTarget	1	1477264
5909.284	n/a	NonTarget	1	1477321
5909.508	n/a	NonTarget	1	1477377
5909.732	n/a	NonTarget	1	1477433
5909.96	n/a	NonTarget	1	1477490
5910.184	n/a	Target	2	1477546
5910.408	n/a	NonTarget	1	1477602
5910.636	n/a	NonTarget	1	1477659
5910.86	n/a	NonTarget	1	1477715
5911.084	n/a	NonTarget	1	1477771
5911.312	n/a	Target	2	1477828
5911.536	n/a	NonTarget	1	1477884
5911.76	n/a	NonTarget	1	1477940
5911.988	n/a	NonTarget	1	1477997
5912.212	n/a	NonTarget	1	1478053
5912.44	n/a	Target	2	1478110
5912.664	n/a	NonTarget	1	1478166
5912.888	n/a	NonTarget	1	1478222
5913.116	n/a	NonTarget	1	1478279
5913.34	n/a	NonTarget	1	1478335
5913.568	n/a	NonTarget	1	1478392
5913.792	n/a	Target	2	1478448
5914.02	n/a	NonTarget	1	1478505
5914.244	n/a	NonTarget	1	1478561
5914.468	n/a	NonTarget	1	1478617
5914.696	n/a	NonTarget	1	1478674
5914.92	n/a	NonTarget	1	1478730
5915.148	n/a	Target	2	1478787
5915.372	n/a	NonTarget	1	1478843
5915.596	n/a	NonTarget	1	1478899
