onset	duration	trial_type	value	sample
6.94	n/a	NonTarget	1	1735
7.168	n/a	NonTarget	1	1792
7.392	n/a	NonTarget	1	1848
7.616	n/a	NonTarget	1	1904
7.84	n/a	NonTarget	1	1960
8.068	n/a	Target	2	2017
8.296	n/a	NonTarget	1	2074
8.52	n/a	NonTarget	1	2130
8.744	n/a	NonTarget	1	2186
8.972	n/a	NonTarget	1	2243
9.196	n/a	NonTarget	1	2299
9.42	n/a	NonTarget	1	2355
9.648	n/a	NonTarget	1	2412
9.872	n/a	NonTarget	1	2468
10.096	n/a	NonTarget	1	2524
10.324	n/a	NonTarget	1	2581
10.548	n/a	NonTarget	1	2637
10.776	n/a	Target	2	2694
11.0	n/a	NonTarget	1	2750
11.224	n/a	NonTarget	1	2806
11.452	n/a	NonTarget	1	2863
11.676	n/a	NonTarget	1	2919
11.904	n/a	Target	2	2976
12.128	n/a	NonTarget	1	3032
12.352	n/a	NonTarget	1	3088
12.58	n/a	NonTarget	1	3145
12.804	n/a	NonTarget	1	3201
13.032	n/a	NonTarget	1	3258
13.256	n/a	Target	2	3314
13.48	n/a	NonTarget	1	3370
13.708	n/a	NonTarget	1	3427
13.932	n/a	NonTarget	1	3483
14.16	n/a	NonTarget	1	3540
14.384	n/a	NonTarget	1	3596
14.608	n/a	NonTarget	1	3652
14.836	n/a	NonTarget	1	3709
15.06	n/a	NonTarget	1	3765
15.284	n/a	Target	2	3821
15.508	n/a	NonTarget	1	3877
15.736	n/a	NonTarget	1	3934
15.96	n/a	NonTarget	1	3990
16.184	n/a	NonTarget	1	4046
16.412	n/a	NonTarget	1	4103
16.636	n/a	NonTarget	1	4159
16.864	n/a	NonTarget	1	4216
17.088	n/a	NonTarget	1	4272
17.312	n/a	NonTarget	1	4328
17.54	n/a	NonTarget	1	4385
17.764	n/a	NonTarget	1	4441
17.988	n/a	NonTarget	1	4497
18.216	n/a	NonTarget	1	4554
18.44	n/a	Target	2	4610
18.664	n/a	NonTarget	1	4666
18.888	n/a	NonTarget	1	4722
19.116	n/a	NonTarget	1	4779
19.34	n/a	NonTarget	1	4835
19.568	n/a	NonTarget	1	4892
19.792	n/a	NonTarget	1	4948
20.016	n/a	NonTarget	1	5004
20.244	n/a	Target	2	5061
20.468	n/a	NonTarget	1	5117
20.696	n/a	NonTarget	1	5174
20.92	n/a	NonTarget	1	5230
21.144	n/a	NonTarget	1	5286
21.372	n/a	NonTarget	1	5343
21.596	n/a	NonTarget	1	5399
21.82	n/a	NonTarget	1	5455
22.048	n/a	NonTarget	1	5512
22.272	n/a	Target	2	5568
22.496	n/a	NonTarget	1	5624
22.72	n/a	NonTarget	1	5680
22.948	n/a	NonTarget	1	5737
23.172	n/a	NonTarget	1	5793
23.396	n/a	NonTarget	1	5849
23.624	n/a	NonTarget	1	5906
23.848	n/a	NonTarget	1	5962
24.072	n/a	NonTarget	1	6018
24.3	n/a	NonTarget	1	6075
24.524	n/a	NonTarget	1	6131
24.748	n/a	NonTarget	1	6187
24.976	n/a	Target	2	6244
25.2	n/a	NonTarget	1	6300
25.424	n/a	NonTarget	1	6356
25.652	n/a	NonTarget	1	6413
25.876	n/a	NonTarget	1	6469
26.1	n/a	NonTarget	1	6525
26.332	n/a	NonTarget	1	6583
26.552	n/a	NonTarget	1	6638
26.78	n/a	NonTarget	1	6695
27.004	n/a	Target	2	6751
27.228	n/a	NonTarget	1	6807
27.456	n/a	NonTarget	1	6864
27.68	n/a	NonTarget	1	6920
27.904	n/a	NonTarget	1	6976
28.132	n/a	NonTarget	1	7033
28.356	n/a	NonTarget	1	7089
28.58	n/a	Target	2	7145
28.804	n/a	NonTarget	1	7201
29.032	n/a	NonTarget	1	7258
29.256	n/a	NonTarget	1	7314
29.484	n/a	NonTarget	1	7371
29.708	n/a	NonTarget	1	7427
29.932	n/a	NonTarget	1	7483
30.16	n/a	NonTarget	1	7540
30.384	n/a	NonTarget	1	7596
30.612	n/a	NonTarget	1	7653
30.836	n/a	NonTarget	1	7709
31.06	n/a	Target	2	7765
31.288	n/a	NonTarget	1	7822
31.512	n/a	NonTarget	1	7878
31.74	n/a	NonTarget	1	7935
31.964	n/a	NonTarget	1	7991
32.192	n/a	NonTarget	1	8048
32.416	n/a	NonTarget	1	8104
32.64	n/a	NonTarget	1	8160
32.868	n/a	Target	2	8217
33.092	n/a	NonTarget	1	8273
33.32	n/a	NonTarget	1	8330
33.544	n/a	NonTarget	1	8386
33.768	n/a	NonTarget	1	8442
33.996	n/a	NonTarget	1	8499
34.22	n/a	NonTarget	1	8555
34.448	n/a	NonTarget	1	8612
34.672	n/a	NonTarget	1	8668
34.896	n/a	Target	2	8724
35.124	n/a	NonTarget	1	8781
35.348	n/a	NonTarget	1	8837
35.572	n/a	NonTarget	1	8893
35.796	n/a	NonTarget	1	8949
36.024	n/a	NonTarget	1	9006
36.248	n/a	NonTarget	1	9062
36.476	n/a	NonTarget	1	9119
36.7	n/a	Target	2	9175
36.924	n/a	NonTarget	1	9231
45.94	n/a	NonTarget	1	11485
46.168	n/a	NonTarget	1	11542
46.392	n/a	NonTarget	1	11598
46.62	n/a	NonTarget	1	11655
46.844	n/a	NonTarget	1	11711
47.068	n/a	Target	2	11767
47.296	n/a	NonTarget	1	11824
47.52	n/a	NonTarget	1	11880
47.748	n/a	NonTarget	1	11937
47.972	n/a	NonTarget	1	11993
48.196	n/a	NonTarget	1	12049
48.424	n/a	NonTarget	1	12106
48.648	n/a	NonTarget	1	12162
48.876	n/a	NonTarget	1	12219
49.1	n/a	NonTarget	1	12275
49.324	n/a	NonTarget	1	12331
49.552	n/a	Target	2	12388
49.776	n/a	NonTarget	1	12444
50.0	n/a	NonTarget	1	12500
50.228	n/a	NonTarget	1	12557
50.456	n/a	NonTarget	1	12614
50.68	n/a	NonTarget	1	12670
50.904	n/a	NonTarget	1	12726
51.128	n/a	NonTarget	1	12782
51.356	n/a	Target	2	12839
51.58	n/a	NonTarget	1	12895
51.808	n/a	NonTarget	1	12952
52.032	n/a	NonTarget	1	13008
52.256	n/a	NonTarget	1	13064
52.484	n/a	NonTarget	1	13121
52.708	n/a	NonTarget	1	13177
52.932	n/a	NonTarget	1	13233
53.16	n/a	NonTarget	1	13290
53.384	n/a	Target	2	13346
53.608	n/a	NonTarget	1	13402
53.832	n/a	NonTarget	1	13458
54.06	n/a	NonTarget	1	13515
54.284	n/a	NonTarget	1	13571
54.512	n/a	NonTarget	1	13628
54.736	n/a	NonTarget	1	13684
54.96	n/a	NonTarget	1	13740
55.188	n/a	Target	2	13797
55.416	n/a	NonTarget	1	13854
55.64	n/a	NonTarget	1	13910
55.868	n/a	NonTarget	1	13967
56.092	n/a	Target	2	14023
56.32	n/a	NonTarget	1	14080
56.544	n/a	NonTarget	1	14136
56.768	n/a	NonTarget	1	14192
56.996	n/a	NonTarget	1	14249
57.22	n/a	NonTarget	1	14305
57.444	n/a	NonTarget	1	14361
57.668	n/a	NonTarget	1	14417
57.896	n/a	NonTarget	1	14474
58.12	n/a	NonTarget	1	14530
58.344	n/a	NonTarget	1	14586
58.572	n/a	NonTarget	1	14643
58.796	n/a	NonTarget	1	14699
59.024	n/a	NonTarget	1	14756
59.248	n/a	NonTarget	1	14812
59.472	n/a	NonTarget	1	14868
59.7	n/a	Target	2	14925
59.924	n/a	NonTarget	1	14981
60.148	n/a	NonTarget	1	15037
60.376	n/a	NonTarget	1	15094
60.6	n/a	NonTarget	1	15150
60.828	n/a	NonTarget	1	15207
61.052	n/a	NonTarget	1	15263
61.28	n/a	Target	2	15320
61.504	n/a	NonTarget	1	15376
61.728	n/a	NonTarget	1	15432
61.956	n/a	NonTarget	1	15489
62.18	n/a	NonTarget	1	15545
62.404	n/a	NonTarget	1	15601
62.632	n/a	Target	2	15658
62.856	n/a	NonTarget	1	15714
63.084	n/a	NonTarget	1	15771
63.308	n/a	NonTarget	1	15827
63.532	n/a	NonTarget	1	15883
63.756	n/a	NonTarget	1	15939
63.984	n/a	NonTarget	1	15996
64.208	n/a	NonTarget	1	16052
64.432	n/a	NonTarget	1	16108
64.66	n/a	NonTarget	1	16165
64.884	n/a	NonTarget	1	16221
65.108	n/a	NonTarget	1	16277
65.336	n/a	NonTarget	1	16334
65.56	n/a	Target	2	16390
65.788	n/a	NonTarget	1	16447
66.012	n/a	NonTarget	1	16503
66.236	n/a	NonTarget	1	16559
66.464	n/a	NonTarget	1	16616
66.688	n/a	Target	2	16672
66.916	n/a	NonTarget	1	16729
67.14	n/a	NonTarget	1	16785
67.364	n/a	NonTarget	1	16841
67.592	n/a	NonTarget	1	16898
67.816	n/a	NonTarget	1	16954
68.044	n/a	NonTarget	1	17011
68.268	n/a	NonTarget	1	17067
68.496	n/a	Target	2	17124
68.72	n/a	NonTarget	1	17180
68.948	n/a	NonTarget	1	17237
69.172	n/a	NonTarget	1	17293
69.396	n/a	NonTarget	1	17349
69.624	n/a	NonTarget	1	17406
69.848	n/a	NonTarget	1	17462
70.072	n/a	NonTarget	1	17518
70.3	n/a	NonTarget	1	17575
70.524	n/a	NonTarget	1	17631
70.748	n/a	NonTarget	1	17687
70.976	n/a	NonTarget	1	17744
71.2	n/a	NonTarget	1	17800
71.424	n/a	Target	2	17856
71.652	n/a	NonTarget	1	17913
71.876	n/a	NonTarget	1	17969
72.1	n/a	NonTarget	1	18025
72.328	n/a	NonTarget	1	18082
72.552	n/a	NonTarget	1	18138
72.78	n/a	NonTarget	1	18195
73.004	n/a	NonTarget	1	18251
73.232	n/a	NonTarget	1	18308
73.456	n/a	NonTarget	1	18364
73.68	n/a	NonTarget	1	18420
73.908	n/a	Target	2	18477
74.132	n/a	NonTarget	1	18533
74.356	n/a	NonTarget	1	18589
74.58	n/a	NonTarget	1	18645
74.808	n/a	NonTarget	1	18702
75.032	n/a	NonTarget	1	18758
75.256	n/a	NonTarget	1	18814
75.484	n/a	NonTarget	1	18871
75.708	n/a	NonTarget	1	18927
75.932	n/a	Target	2	18983
76.16	n/a	NonTarget	1	19040
87.792	n/a	Target	2	21948
88.016	n/a	NonTarget	1	22004
88.244	n/a	NonTarget	1	22061
88.468	n/a	NonTarget	1	22117
88.696	n/a	NonTarget	1	22174
88.92	n/a	NonTarget	1	22230
89.144	n/a	NonTarget	1	22286
89.372	n/a	NonTarget	1	22343
89.596	n/a	NonTarget	1	22399
89.824	n/a	NonTarget	1	22456
90.048	n/a	NonTarget	1	22512
90.272	n/a	NonTarget	1	22568
90.496	n/a	NonTarget	1	22624
90.72	n/a	Target	2	22680
90.948	n/a	NonTarget	1	22737
91.172	n/a	NonTarget	1	22793
91.4	n/a	NonTarget	1	22850
91.624	n/a	NonTarget	1	22906
91.848	n/a	NonTarget	1	22962
92.076	n/a	NonTarget	1	23019
92.3	n/a	NonTarget	1	23075
92.524	n/a	Target	2	23131
92.748	n/a	NonTarget	1	23187
92.972	n/a	NonTarget	1	23243
93.2	n/a	NonTarget	1	23300
93.424	n/a	NonTarget	1	23356
93.652	n/a	NonTarget	1	23413
93.876	n/a	NonTarget	1	23469
94.1	n/a	NonTarget	1	23525
94.328	n/a	NonTarget	1	23582
94.552	n/a	NonTarget	1	23638
94.78	n/a	NonTarget	1	23695
95.004	n/a	NonTarget	1	23751
95.228	n/a	Target	2	23807
95.452	n/a	NonTarget	1	23863
95.68	n/a	NonTarget	1	23920
95.904	n/a	NonTarget	1	23976
96.132	n/a	NonTarget	1	24033
96.356	n/a	NonTarget	1	24089
96.58	n/a	NonTarget	1	24145
96.804	n/a	NonTarget	1	24201
97.032	n/a	NonTarget	1	24258
97.256	n/a	NonTarget	1	24314
97.484	n/a	NonTarget	1	24371
97.708	n/a	Target	2	24427
97.936	n/a	NonTarget	1	24484
98.16	n/a	NonTarget	1	24540
98.384	n/a	NonTarget	1	24596
98.612	n/a	NonTarget	1	24653
98.836	n/a	Target	2	24709
99.064	n/a	NonTarget	1	24766
99.288	n/a	NonTarget	1	24822
99.512	n/a	NonTarget	1	24878
99.74	n/a	NonTarget	1	24935
99.964	n/a	NonTarget	1	24991
100.192	n/a	NonTarget	1	25048
100.416	n/a	NonTarget	1	25104
100.64	n/a	NonTarget	1	25160
100.868	n/a	NonTarget	1	25217
101.092	n/a	NonTarget	1	25273
101.32	n/a	NonTarget	1	25330
101.548	n/a	Target	2	25387
101.768	n/a	NonTarget	1	25442
101.996	n/a	NonTarget	1	25499
102.22	n/a	NonTarget	1	25555
102.444	n/a	NonTarget	1	25611
102.672	n/a	NonTarget	1	25668
102.896	n/a	NonTarget	1	25724
103.12	n/a	NonTarget	1	25780
103.348	n/a	Target	2	25837
103.572	n/a	NonTarget	1	25893
103.796	n/a	NonTarget	1	25949
104.024	n/a	NonTarget	1	26006
104.248	n/a	NonTarget	1	26062
104.472	n/a	NonTarget	1	26118
104.7	n/a	NonTarget	1	26175
104.924	n/a	NonTarget	1	26231
105.152	n/a	NonTarget	1	26288
105.376	n/a	Target	2	26344
105.6	n/a	NonTarget	1	26400
105.828	n/a	NonTarget	1	26457
106.052	n/a	NonTarget	1	26513
106.276	n/a	NonTarget	1	26569
106.504	n/a	NonTarget	1	26626
106.728	n/a	NonTarget	1	26682
106.952	n/a	NonTarget	1	26738
107.176	n/a	NonTarget	1	26794
107.404	n/a	NonTarget	1	26851
107.628	n/a	NonTarget	1	26907
107.856	n/a	Target	2	26964
108.084	n/a	NonTarget	1	27021
108.308	n/a	NonTarget	1	27077
108.536	n/a	NonTarget	1	27134
108.76	n/a	Target	2	27190
108.988	n/a	NonTarget	1	27247
109.212	n/a	NonTarget	1	27303
109.436	n/a	NonTarget	1	27359
109.664	n/a	NonTarget	1	27416
109.888	n/a	NonTarget	1	27472
110.116	n/a	NonTarget	1	27529
110.34	n/a	NonTarget	1	27585
110.564	n/a	NonTarget	1	27641
110.788	n/a	NonTarget	1	27697
111.016	n/a	NonTarget	1	27754
111.24	n/a	NonTarget	1	27810
111.464	n/a	NonTarget	1	27866
111.692	n/a	NonTarget	1	27923
111.916	n/a	Target	2	27979
112.144	n/a	NonTarget	1	28036
112.368	n/a	NonTarget	1	28092
112.592	n/a	NonTarget	1	28148
112.82	n/a	NonTarget	1	28205
113.044	n/a	NonTarget	1	28261
113.272	n/a	NonTarget	1	28318
113.496	n/a	NonTarget	1	28374
113.72	n/a	NonTarget	1	28430
113.948	n/a	Target	2	28487
114.172	n/a	NonTarget	1	28543
114.4	n/a	NonTarget	1	28600
114.624	n/a	NonTarget	1	28656
114.852	n/a	Target	2	28713
115.076	n/a	NonTarget	1	28769
115.304	n/a	NonTarget	1	28826
115.528	n/a	NonTarget	1	28882
115.756	n/a	NonTarget	1	28939
115.98	n/a	NonTarget	1	28995
116.204	n/a	NonTarget	1	29051
116.432	n/a	NonTarget	1	29108
116.656	n/a	Target	2	29164
116.88	n/a	NonTarget	1	29220
117.108	n/a	NonTarget	1	29277
117.332	n/a	NonTarget	1	29333
117.556	n/a	NonTarget	1	29389
117.78	n/a	NonTarget	1	29445
118.008	n/a	NonTarget	1	29502
126.784	n/a	NonTarget	1	31696
127.008	n/a	NonTarget	1	31752
127.232	n/a	NonTarget	1	31808
127.46	n/a	NonTarget	1	31865
127.684	n/a	NonTarget	1	31921
127.908	n/a	NonTarget	1	31977
128.132	n/a	NonTarget	1	32033
128.36	n/a	Target	2	32090
128.584	n/a	NonTarget	1	32146
128.808	n/a	NonTarget	1	32202
129.036	n/a	NonTarget	1	32259
129.26	n/a	NonTarget	1	32315
129.484	n/a	NonTarget	1	32371
129.712	n/a	Target	2	32428
129.936	n/a	NonTarget	1	32484
130.164	n/a	NonTarget	1	32541
130.388	n/a	NonTarget	1	32597
130.616	n/a	NonTarget	1	32654
130.84	n/a	NonTarget	1	32710
131.064	n/a	NonTarget	1	32766
131.288	n/a	NonTarget	1	32822
131.516	n/a	NonTarget	1	32879
131.74	n/a	NonTarget	1	32935
131.964	n/a	Target	2	32991
132.192	n/a	NonTarget	1	33048
132.416	n/a	NonTarget	1	33104
132.64	n/a	NonTarget	1	33160
132.868	n/a	NonTarget	1	33217
133.092	n/a	NonTarget	1	33273
133.32	n/a	NonTarget	1	33330
133.544	n/a	NonTarget	1	33386
133.768	n/a	NonTarget	1	33442
133.996	n/a	NonTarget	1	33499
134.22	n/a	NonTarget	1	33555
134.444	n/a	Target	2	33611
134.672	n/a	NonTarget	1	33668
134.896	n/a	NonTarget	1	33724
135.12	n/a	NonTarget	1	33780
135.344	n/a	NonTarget	1	33836
135.572	n/a	NonTarget	1	33893
135.796	n/a	NonTarget	1	33949
136.024	n/a	NonTarget	1	34006
136.248	n/a	Target	2	34062
136.476	n/a	NonTarget	1	34119
136.7	n/a	NonTarget	1	34175
136.924	n/a	NonTarget	1	34231
137.152	n/a	NonTarget	1	34288
137.376	n/a	NonTarget	1	34344
137.6	n/a	Target	2	34400
137.824	n/a	NonTarget	1	34456
138.052	n/a	NonTarget	1	34513
138.276	n/a	NonTarget	1	34569
138.5	n/a	NonTarget	1	34625
138.728	n/a	NonTarget	1	34682
138.952	n/a	NonTarget	1	34738
139.176	n/a	NonTarget	1	34794
139.404	n/a	NonTarget	1	34851
139.628	n/a	Target	2	34907
139.852	n/a	NonTarget	1	34963
140.076	n/a	NonTarget	1	35019
140.304	n/a	NonTarget	1	35076
140.528	n/a	NonTarget	1	35132
140.756	n/a	NonTarget	1	35189
140.98	n/a	NonTarget	1	35245
141.204	n/a	NonTarget	1	35301
141.428	n/a	NonTarget	1	35357
141.656	n/a	Target	2	35414
141.884	n/a	NonTarget	1	35471
142.108	n/a	NonTarget	1	35527
142.332	n/a	NonTarget	1	35583
142.56	n/a	NonTarget	1	35640
142.784	n/a	NonTarget	1	35696
143.012	n/a	NonTarget	1	35753
143.236	n/a	Target	2	35809
143.46	n/a	NonTarget	1	35865
143.688	n/a	NonTarget	1	35922
143.912	n/a	NonTarget	1	35978
144.136	n/a	NonTarget	1	36034
144.364	n/a	NonTarget	1	36091
144.588	n/a	NonTarget	1	36147
144.816	n/a	NonTarget	1	36204
145.04	n/a	NonTarget	1	36260
145.264	n/a	NonTarget	1	36316
145.488	n/a	Target	2	36372
145.716	n/a	NonTarget	1	36429
145.94	n/a	NonTarget	1	36485
146.164	n/a	NonTarget	1	36541
146.388	n/a	NonTarget	1	36597
146.616	n/a	NonTarget	1	36654
146.844	n/a	NonTarget	1	36711
147.068	n/a	NonTarget	1	36767
147.292	n/a	NonTarget	1	36823
147.52	n/a	NonTarget	1	36880
147.744	n/a	NonTarget	1	36936
147.972	n/a	NonTarget	1	36993
148.196	n/a	NonTarget	1	37049
148.42	n/a	NonTarget	1	37105
148.648	n/a	Target	2	37162
148.872	n/a	NonTarget	1	37218
149.096	n/a	NonTarget	1	37274
149.324	n/a	NonTarget	1	37331
149.548	n/a	NonTarget	1	37387
149.776	n/a	NonTarget	1	37444
150.0	n/a	NonTarget	1	37500
150.224	n/a	NonTarget	1	37556
150.452	n/a	NonTarget	1	37613
150.676	n/a	Target	2	37669
150.9	n/a	NonTarget	1	37725
151.124	n/a	NonTarget	1	37781
151.352	n/a	NonTarget	1	37838
151.576	n/a	NonTarget	1	37894
151.8	n/a	NonTarget	1	37950
152.028	n/a	NonTarget	1	38007
152.252	n/a	NonTarget	1	38063
152.48	n/a	NonTarget	1	38120
152.704	n/a	Target	2	38176
152.928	n/a	NonTarget	1	38232
153.156	n/a	NonTarget	1	38289
153.38	n/a	NonTarget	1	38345
153.608	n/a	NonTarget	1	38402
153.832	n/a	NonTarget	1	38458
154.056	n/a	NonTarget	1	38514
154.284	n/a	NonTarget	1	38571
154.508	n/a	Target	2	38627
154.732	n/a	NonTarget	1	38683
154.956	n/a	NonTarget	1	38739
155.18	n/a	NonTarget	1	38795
155.408	n/a	NonTarget	1	38852
155.632	n/a	NonTarget	1	38908
155.86	n/a	NonTarget	1	38965
156.084	n/a	NonTarget	1	39021
156.308	n/a	NonTarget	1	39077
156.536	n/a	Target	2	39134
156.76	n/a	NonTarget	1	39190
169.38	n/a	NonTarget	1	42345
169.604	n/a	NonTarget	1	42401
169.832	n/a	NonTarget	1	42458
170.056	n/a	NonTarget	1	42514
170.284	n/a	NonTarget	1	42571
170.508	n/a	NonTarget	1	42627
170.736	n/a	NonTarget	1	42684
170.96	n/a	NonTarget	1	42740
171.188	n/a	Target	2	42797
171.412	n/a	NonTarget	1	42853
171.636	n/a	NonTarget	1	42909
171.86	n/a	Target	2	42965
172.084	n/a	NonTarget	1	43021
172.312	n/a	NonTarget	1	43078
172.536	n/a	NonTarget	1	43134
172.76	n/a	NonTarget	1	43190
172.988	n/a	NonTarget	1	43247
173.212	n/a	NonTarget	1	43303
173.436	n/a	NonTarget	1	43359
173.66	n/a	Target	2	43415
173.888	n/a	NonTarget	1	43472
174.112	n/a	NonTarget	1	43528
174.336	n/a	NonTarget	1	43584
174.564	n/a	NonTarget	1	43641
174.788	n/a	NonTarget	1	43697
175.016	n/a	NonTarget	1	43754
175.24	n/a	NonTarget	1	43810
175.464	n/a	NonTarget	1	43866
175.692	n/a	NonTarget	1	43923
175.916	n/a	NonTarget	1	43979
176.144	n/a	NonTarget	1	44036
176.368	n/a	NonTarget	1	44092
176.592	n/a	Target	2	44148
176.816	n/a	NonTarget	1	44204
177.04	n/a	NonTarget	1	44260
177.268	n/a	NonTarget	1	44317
177.492	n/a	Target	2	44373
177.716	n/a	NonTarget	1	44429
177.944	n/a	NonTarget	1	44486
178.168	n/a	NonTarget	1	44542
178.396	n/a	NonTarget	1	44599
178.62	n/a	NonTarget	1	44655
178.844	n/a	NonTarget	1	44711
179.068	n/a	NonTarget	1	44767
179.296	n/a	NonTarget	1	44824
179.52	n/a	NonTarget	1	44880
179.744	n/a	Target	2	44936
179.972	n/a	NonTarget	1	44993
180.196	n/a	NonTarget	1	45049
180.42	n/a	NonTarget	1	45105
180.648	n/a	NonTarget	1	45162
180.872	n/a	NonTarget	1	45218
181.1	n/a	NonTarget	1	45275
181.324	n/a	NonTarget	1	45331
181.548	n/a	Target	2	45387
181.78	n/a	NonTarget	1	45445
182.004	n/a	NonTarget	1	45501
182.228	n/a	NonTarget	1	45557
182.456	n/a	NonTarget	1	45614
182.68	n/a	NonTarget	1	45670
182.904	n/a	NonTarget	1	45726
183.128	n/a	NonTarget	1	45782
183.356	n/a	NonTarget	1	45839
183.58	n/a	NonTarget	1	45895
183.804	n/a	NonTarget	1	45951
184.032	n/a	NonTarget	1	46008
184.256	n/a	NonTarget	1	46064
184.48	n/a	NonTarget	1	46120
184.708	n/a	Target	2	46177
184.932	n/a	NonTarget	1	46233
185.156	n/a	NonTarget	1	46289
185.38	n/a	NonTarget	1	46345
185.608	n/a	NonTarget	1	46402
185.832	n/a	NonTarget	1	46458
186.06	n/a	Target	2	46515
186.284	n/a	NonTarget	1	46571
186.508	n/a	NonTarget	1	46627
186.736	n/a	NonTarget	1	46684
186.96	n/a	NonTarget	1	46740
187.188	n/a	NonTarget	1	46797
187.412	n/a	NonTarget	1	46853
187.636	n/a	Target	2	46909
187.864	n/a	NonTarget	1	46966
188.088	n/a	NonTarget	1	47022
188.316	n/a	NonTarget	1	47079
188.54	n/a	NonTarget	1	47135
188.764	n/a	NonTarget	1	47191
188.992	n/a	NonTarget	1	47248
189.216	n/a	NonTarget	1	47304
189.44	n/a	NonTarget	1	47360
189.668	n/a	NonTarget	1	47417
189.892	n/a	NonTarget	1	47473
190.12	n/a	NonTarget	1	47530
190.344	n/a	NonTarget	1	47586
190.572	n/a	Target	2	47643
190.796	n/a	NonTarget	1	47699
191.02	n/a	NonTarget	1	47755
191.244	n/a	NonTarget	1	47811
191.472	n/a	NonTarget	1	47868
191.696	n/a	NonTarget	1	47924
191.924	n/a	Target	2	47981
192.148	n/a	NonTarget	1	48037
192.372	n/a	NonTarget	1	48093
192.6	n/a	NonTarget	1	48150
192.824	n/a	NonTarget	1	48206
193.052	n/a	NonTarget	1	48263
193.28	n/a	NonTarget	1	48320
193.504	n/a	NonTarget	1	48376
193.728	n/a	NonTarget	1	48432
193.952	n/a	NonTarget	1	48488
194.18	n/a	NonTarget	1	48545
194.404	n/a	NonTarget	1	48601
194.628	n/a	Target	2	48657
194.856	n/a	NonTarget	1	48714
195.08	n/a	NonTarget	1	48770
195.304	n/a	NonTarget	1	48826
195.532	n/a	NonTarget	1	48883
195.756	n/a	Target	2	48939
195.98	n/a	NonTarget	1	48995
196.204	n/a	NonTarget	1	49051
196.432	n/a	NonTarget	1	49108
196.656	n/a	NonTarget	1	49164
196.884	n/a	NonTarget	1	49221
197.108	n/a	NonTarget	1	49277
197.332	n/a	NonTarget	1	49333
197.56	n/a	NonTarget	1	49390
197.784	n/a	NonTarget	1	49446
198.012	n/a	NonTarget	1	49503
198.236	n/a	NonTarget	1	49559
198.46	n/a	Target	2	49615
198.688	n/a	NonTarget	1	49672
198.912	n/a	NonTarget	1	49728
199.14	n/a	NonTarget	1	49785
199.364	n/a	NonTarget	1	49841
208.364	n/a	NonTarget	1	52091
208.588	n/a	NonTarget	1	52147
208.812	n/a	Target	2	52203
209.04	n/a	NonTarget	1	52260
209.264	n/a	NonTarget	1	52316
209.488	n/a	NonTarget	1	52372
209.712	n/a	NonTarget	1	52428
209.94	n/a	NonTarget	1	52485
210.164	n/a	NonTarget	1	52541
210.392	n/a	NonTarget	1	52598
210.616	n/a	NonTarget	1	52654
210.84	n/a	NonTarget	1	52710
211.068	n/a	NonTarget	1	52767
211.292	n/a	Target	2	52823
211.52	n/a	NonTarget	1	52880
211.744	n/a	NonTarget	1	52936
211.968	n/a	NonTarget	1	52992
212.196	n/a	NonTarget	1	53049
212.42	n/a	NonTarget	1	53105
212.648	n/a	Target	2	53162
212.872	n/a	NonTarget	1	53218
213.1	n/a	NonTarget	1	53275
213.324	n/a	NonTarget	1	53331
213.548	n/a	NonTarget	1	53387
213.776	n/a	NonTarget	1	53444
214.0	n/a	NonTarget	1	53500
214.228	n/a	NonTarget	1	53557
214.452	n/a	NonTarget	1	53613
214.676	n/a	NonTarget	1	53669
214.904	n/a	NonTarget	1	53726
215.128	n/a	NonTarget	1	53782
215.356	n/a	NonTarget	1	53839
215.58	n/a	NonTarget	1	53895
215.804	n/a	NonTarget	1	53951
216.028	n/a	Target	2	54007
216.252	n/a	NonTarget	1	54063
216.48	n/a	NonTarget	1	54120
216.704	n/a	NonTarget	1	54176
216.932	n/a	NonTarget	1	54233
217.156	n/a	NonTarget	1	54289
217.38	n/a	Target	2	54345
217.604	n/a	NonTarget	1	54401
217.832	n/a	NonTarget	1	54458
218.056	n/a	NonTarget	1	54514
218.28	n/a	NonTarget	1	54570
218.508	n/a	NonTarget	1	54627
218.732	n/a	NonTarget	1	54683
218.956	n/a	Target	2	54739
219.184	n/a	NonTarget	1	54796
219.408	n/a	NonTarget	1	54852
219.636	n/a	NonTarget	1	54909
219.86	n/a	NonTarget	1	54965
220.084	n/a	NonTarget	1	55021
220.312	n/a	NonTarget	1	55078
220.536	n/a	NonTarget	1	55134
220.76	n/a	Target	2	55190
220.988	n/a	NonTarget	1	55247
221.212	n/a	NonTarget	1	55303
221.44	n/a	NonTarget	1	55360
221.664	n/a	NonTarget	1	55416
221.892	n/a	NonTarget	1	55473
222.116	n/a	NonTarget	1	55529
222.34	n/a	NonTarget	1	55585
222.564	n/a	Target	2	55641
222.792	n/a	NonTarget	1	55698
223.016	n/a	NonTarget	1	55754
223.24	n/a	NonTarget	1	55810
223.464	n/a	NonTarget	1	55866
223.692	n/a	NonTarget	1	55923
223.916	n/a	NonTarget	1	55979
224.144	n/a	NonTarget	1	56036
224.368	n/a	NonTarget	1	56092
224.592	n/a	Target	2	56148
224.82	n/a	NonTarget	1	56205
225.044	n/a	NonTarget	1	56261
225.272	n/a	NonTarget	1	56318
225.496	n/a	NonTarget	1	56374
225.724	n/a	NonTarget	1	56431
225.948	n/a	NonTarget	1	56487
226.172	n/a	NonTarget	1	56543
226.4	n/a	NonTarget	1	56600
226.624	n/a	NonTarget	1	56656
226.848	n/a	Target	2	56712
227.076	n/a	NonTarget	1	56769
227.3	n/a	NonTarget	1	56825
227.524	n/a	NonTarget	1	56881
227.752	n/a	NonTarget	1	56938
227.976	n/a	NonTarget	1	56994
228.2	n/a	NonTarget	1	57050
228.424	n/a	NonTarget	1	57106
228.652	n/a	NonTarget	1	57163
228.876	n/a	Target	2	57219
229.1	n/a	NonTarget	1	57275
229.328	n/a	NonTarget	1	57332
229.552	n/a	NonTarget	1	57388
229.776	n/a	NonTarget	1	57444
230.004	n/a	NonTarget	1	57501
230.228	n/a	NonTarget	1	57557
230.456	n/a	NonTarget	1	57614
230.68	n/a	NonTarget	1	57670
230.904	n/a	NonTarget	1	57726
231.132	n/a	NonTarget	1	57783
231.356	n/a	NonTarget	1	57839
231.58	n/a	NonTarget	1	57895
231.808	n/a	NonTarget	1	57952
232.032	n/a	Target	2	58008
232.256	n/a	NonTarget	1	58064
232.484	n/a	NonTarget	1	58121
232.708	n/a	NonTarget	1	58177
232.932	n/a	NonTarget	1	58233
233.156	n/a	NonTarget	1	58289
233.384	n/a	NonTarget	1	58346
233.608	n/a	Target	2	58402
233.832	n/a	NonTarget	1	58458
234.06	n/a	NonTarget	1	58515
234.284	n/a	NonTarget	1	58571
234.512	n/a	NonTarget	1	58628
234.736	n/a	Target	2	58684
234.964	n/a	NonTarget	1	58741
235.188	n/a	NonTarget	1	58797
235.412	n/a	NonTarget	1	58853
235.64	n/a	NonTarget	1	58910
235.864	n/a	NonTarget	1	58966
236.092	n/a	NonTarget	1	59023
236.316	n/a	NonTarget	1	59079
236.54	n/a	NonTarget	1	59135
236.768	n/a	Target	2	59192
236.992	n/a	NonTarget	1	59248
237.22	n/a	NonTarget	1	59305
237.444	n/a	NonTarget	1	59361
237.668	n/a	NonTarget	1	59417
237.896	n/a	NonTarget	1	59474
238.12	n/a	NonTarget	1	59530
238.348	n/a	NonTarget	1	59587
238.572	n/a	NonTarget	1	59643
249.916	n/a	NonTarget	1	62479
250.14	n/a	NonTarget	1	62535
250.364	n/a	Target	2	62591
250.592	n/a	NonTarget	1	62648
250.816	n/a	NonTarget	1	62704
251.04	n/a	NonTarget	1	62760
251.268	n/a	NonTarget	1	62817
251.492	n/a	NonTarget	1	62873
251.72	n/a	NonTarget	1	62930
251.944	n/a	NonTarget	1	62986
252.168	n/a	NonTarget	1	63042
252.396	n/a	NonTarget	1	63099
252.62	n/a	Target	2	63155
252.848	n/a	NonTarget	1	63212
253.072	n/a	NonTarget	1	63268
253.296	n/a	NonTarget	1	63324
253.524	n/a	NonTarget	1	63381
253.748	n/a	NonTarget	1	63437
253.976	n/a	NonTarget	1	63494
254.2	n/a	Target	2	63550
254.424	n/a	NonTarget	1	63606
254.652	n/a	NonTarget	1	63663
254.876	n/a	NonTarget	1	63719
255.104	n/a	NonTarget	1	63776
255.328	n/a	NonTarget	1	63832
255.552	n/a	NonTarget	1	63888
255.776	n/a	NonTarget	1	63944
256.004	n/a	NonTarget	1	64001
256.228	n/a	NonTarget	1	64057
256.456	n/a	NonTarget	1	64114
256.68	n/a	NonTarget	1	64170
256.908	n/a	Target	2	64227
257.132	n/a	NonTarget	1	64283
257.356	n/a	NonTarget	1	64339
257.58	n/a	NonTarget	1	64395
257.808	n/a	NonTarget	1	64452
258.032	n/a	NonTarget	1	64508
258.256	n/a	NonTarget	1	64564
258.484	n/a	NonTarget	1	64621
258.708	n/a	Target	2	64677
258.936	n/a	NonTarget	1	64734
259.16	n/a	NonTarget	1	64790
259.384	n/a	NonTarget	1	64846
259.612	n/a	NonTarget	1	64903
259.836	n/a	NonTarget	1	64959
260.06	n/a	Target	2	65015
260.288	n/a	NonTarget	1	65072
260.512	n/a	NonTarget	1	65128
260.736	n/a	NonTarget	1	65184
260.964	n/a	NonTarget	1	65241
261.188	n/a	NonTarget	1	65297
261.412	n/a	NonTarget	1	65353
261.64	n/a	NonTarget	1	65410
261.864	n/a	NonTarget	1	65466
262.088	n/a	NonTarget	1	65522
262.316	n/a	NonTarget	1	65579
262.54	n/a	NonTarget	1	65635
262.768	n/a	NonTarget	1	65692
262.992	n/a	NonTarget	1	65748
263.216	n/a	NonTarget	1	65804
263.444	n/a	NonTarget	1	65861
263.668	n/a	Target	2	65917
263.896	n/a	NonTarget	1	65974
264.12	n/a	Target	2	66030
264.348	n/a	NonTarget	1	66087
264.572	n/a	NonTarget	1	66143
264.796	n/a	NonTarget	1	66199
265.02	n/a	NonTarget	1	66255
265.248	n/a	NonTarget	1	66312
265.472	n/a	NonTarget	1	66368
265.696	n/a	NonTarget	1	66424
265.924	n/a	NonTarget	1	66481
266.148	n/a	NonTarget	1	66537
266.372	n/a	NonTarget	1	66593
266.6	n/a	NonTarget	1	66650
266.824	n/a	NonTarget	1	66706
267.052	n/a	NonTarget	1	66763
267.276	n/a	Target	2	66819
267.5	n/a	NonTarget	1	66875
267.728	n/a	NonTarget	1	66932
267.952	n/a	NonTarget	1	66988
268.18	n/a	NonTarget	1	67045
268.404	n/a	NonTarget	1	67101
268.628	n/a	NonTarget	1	67157
268.856	n/a	NonTarget	1	67214
269.08	n/a	Target	2	67270
269.308	n/a	NonTarget	1	67327
269.532	n/a	NonTarget	1	67383
269.756	n/a	NonTarget	1	67439
269.984	n/a	NonTarget	1	67496
270.208	n/a	NonTarget	1	67552
270.436	n/a	NonTarget	1	67609
270.66	n/a	Target	2	67665
270.884	n/a	NonTarget	1	67721
271.108	n/a	NonTarget	1	67777
271.336	n/a	NonTarget	1	67834
271.56	n/a	NonTarget	1	67890
271.784	n/a	NonTarget	1	67946
272.012	n/a	NonTarget	1	68003
272.236	n/a	NonTarget	1	68059
272.46	n/a	Target	2	68115
272.688	n/a	NonTarget	1	68172
272.912	n/a	NonTarget	1	68228
273.14	n/a	NonTarget	1	68285
273.364	n/a	NonTarget	1	68341
273.588	n/a	NonTarget	1	68397
273.816	n/a	NonTarget	1	68454
274.04	n/a	NonTarget	1	68510
274.264	n/a	NonTarget	1	68566
274.492	n/a	Target	2	68623
274.716	n/a	NonTarget	1	68679
274.94	n/a	NonTarget	1	68735
275.168	n/a	NonTarget	1	68792
275.392	n/a	NonTarget	1	68848
275.616	n/a	NonTarget	1	68904
275.844	n/a	NonTarget	1	68961
276.068	n/a	NonTarget	1	69017
276.292	n/a	Target	2	69073
276.52	n/a	NonTarget	1	69130
276.744	n/a	NonTarget	1	69186
276.972	n/a	NonTarget	1	69243
277.196	n/a	NonTarget	1	69299
277.42	n/a	NonTarget	1	69355
277.648	n/a	NonTarget	1	69412
277.872	n/a	NonTarget	1	69468
278.1	n/a	NonTarget	1	69525
278.324	n/a	NonTarget	1	69581
278.548	n/a	NonTarget	1	69637
278.772	n/a	NonTarget	1	69693
279.0	n/a	NonTarget	1	69750
279.224	n/a	NonTarget	1	69806
279.448	n/a	Target	2	69862
279.672	n/a	NonTarget	1	69918
279.9	n/a	NonTarget	1	69975
280.124	n/a	NonTarget	1	70031
288.932	n/a	NonTarget	1	72233
289.156	n/a	NonTarget	1	72289
289.38	n/a	Target	2	72345
289.608	n/a	NonTarget	1	72402
289.832	n/a	NonTarget	1	72458
290.056	n/a	NonTarget	1	72514
290.284	n/a	NonTarget	1	72571
290.508	n/a	NonTarget	1	72627
290.736	n/a	NonTarget	1	72684
290.96	n/a	NonTarget	1	72740
291.184	n/a	NonTarget	1	72796
291.408	n/a	NonTarget	1	72852
291.632	n/a	NonTarget	1	72908
291.86	n/a	NonTarget	1	72965
292.084	n/a	NonTarget	1	73021
292.312	n/a	NonTarget	1	73078
292.536	n/a	NonTarget	1	73134
292.76	n/a	Target	2	73190
292.988	n/a	NonTarget	1	73247
293.212	n/a	NonTarget	1	73303
293.44	n/a	NonTarget	1	73360
293.664	n/a	NonTarget	1	73416
293.888	n/a	NonTarget	1	73472
294.116	n/a	NonTarget	1	73529
294.34	n/a	NonTarget	1	73585
294.568	n/a	Target	2	73642
294.792	n/a	NonTarget	1	73698
295.02	n/a	NonTarget	1	73755
295.244	n/a	NonTarget	1	73811
295.468	n/a	NonTarget	1	73867
295.692	n/a	NonTarget	1	73923
295.92	n/a	NonTarget	1	73980
296.144	n/a	NonTarget	1	74036
296.368	n/a	NonTarget	1	74092
296.596	n/a	NonTarget	1	74149
296.82	n/a	Target	2	74205
297.048	n/a	NonTarget	1	74262
297.272	n/a	NonTarget	1	74318
297.496	n/a	NonTarget	1	74374
297.724	n/a	NonTarget	1	74431
297.948	n/a	NonTarget	1	74487
298.172	n/a	Target	2	74543
298.4	n/a	NonTarget	1	74600
298.624	n/a	NonTarget	1	74656
298.852	n/a	NonTarget	1	74713
299.076	n/a	NonTarget	1	74769
299.3	n/a	NonTarget	1	74825
299.524	n/a	NonTarget	1	74881
299.752	n/a	NonTarget	1	74938
299.976	n/a	NonTarget	1	74994
300.204	n/a	NonTarget	1	75051
300.428	n/a	NonTarget	1	75107
300.652	n/a	NonTarget	1	75163
300.88	n/a	Target	2	75220
301.104	n/a	NonTarget	1	75276
301.332	n/a	NonTarget	1	75333
301.556	n/a	NonTarget	1	75389
301.78	n/a	Target	2	75445
302.008	n/a	NonTarget	1	75502
302.232	n/a	NonTarget	1	75558
302.456	n/a	NonTarget	1	75614
302.684	n/a	NonTarget	1	75671
302.908	n/a	NonTarget	1	75727
303.132	n/a	NonTarget	1	75783
303.36	n/a	NonTarget	1	75840
303.584	n/a	Target	2	75896
303.808	n/a	NonTarget	1	75952
304.036	n/a	NonTarget	1	76009
304.26	n/a	NonTarget	1	76065
304.484	n/a	NonTarget	1	76121
304.708	n/a	NonTarget	1	76177
304.936	n/a	NonTarget	1	76234
305.164	n/a	NonTarget	1	76291
305.388	n/a	NonTarget	1	76347
305.612	n/a	NonTarget	1	76403
305.836	n/a	NonTarget	1	76459
306.064	n/a	Target	2	76516
306.292	n/a	NonTarget	1	76573
306.516	n/a	NonTarget	1	76629
306.74	n/a	NonTarget	1	76685
306.964	n/a	NonTarget	1	76741
307.192	n/a	Target	2	76798
307.416	n/a	NonTarget	1	76854
307.64	n/a	NonTarget	1	76910
307.868	n/a	NonTarget	1	76967
308.092	n/a	NonTarget	1	77023
308.32	n/a	NonTarget	1	77080
308.544	n/a	NonTarget	1	77136
308.772	n/a	NonTarget	1	77193
308.996	n/a	NonTarget	1	77249
309.224	n/a	NonTarget	1	77306
309.448	n/a	NonTarget	1	77362
309.672	n/a	Target	2	77418
309.9	n/a	NonTarget	1	77475
310.124	n/a	NonTarget	1	77531
310.352	n/a	NonTarget	1	77588
310.576	n/a	NonTarget	1	77644
310.8	n/a	NonTarget	1	77700
311.028	n/a	NonTarget	1	77757
311.252	n/a	NonTarget	1	77813
311.48	n/a	NonTarget	1	77870
311.704	n/a	NonTarget	1	77926
311.928	n/a	NonTarget	1	77982
312.156	n/a	NonTarget	1	78039
312.38	n/a	NonTarget	1	78095
312.608	n/a	NonTarget	1	78152
312.832	n/a	Target	2	78208
313.06	n/a	NonTarget	1	78265
313.284	n/a	NonTarget	1	78321
313.508	n/a	NonTarget	1	78377
313.732	n/a	NonTarget	1	78433
313.96	n/a	NonTarget	1	78490
314.184	n/a	NonTarget	1	78546
314.408	n/a	Target	2	78602
314.636	n/a	NonTarget	1	78659
314.86	n/a	NonTarget	1	78715
315.084	n/a	NonTarget	1	78771
315.312	n/a	NonTarget	1	78828
315.536	n/a	NonTarget	1	78884
315.76	n/a	NonTarget	1	78940
315.984	n/a	Target	2	78996
316.212	n/a	NonTarget	1	79053
316.436	n/a	NonTarget	1	79109
316.664	n/a	NonTarget	1	79166
316.888	n/a	NonTarget	1	79222
317.112	n/a	NonTarget	1	79278
317.34	n/a	NonTarget	1	79335
317.564	n/a	NonTarget	1	79391
317.792	n/a	NonTarget	1	79448
318.016	n/a	NonTarget	1	79504
318.244	n/a	Target	2	79561
318.468	n/a	NonTarget	1	79617
318.692	n/a	NonTarget	1	79673
318.92	n/a	NonTarget	1	79730
319.144	n/a	NonTarget	1	79786
334.104	n/a	NonTarget	1	83526
334.328	n/a	NonTarget	1	83582
334.556	n/a	Target	2	83639
334.78	n/a	NonTarget	1	83695
335.004	n/a	NonTarget	1	83751
335.232	n/a	NonTarget	1	83808
335.456	n/a	NonTarget	1	83864
335.684	n/a	NonTarget	1	83921
335.908	n/a	NonTarget	1	83977
336.132	n/a	NonTarget	1	84033
336.356	n/a	Target	2	84089
336.584	n/a	NonTarget	1	84146
336.808	n/a	NonTarget	1	84202
337.032	n/a	NonTarget	1	84258
337.26	n/a	NonTarget	1	84315
337.484	n/a	NonTarget	1	84371
337.708	n/a	NonTarget	1	84427
337.936	n/a	NonTarget	1	84484
338.16	n/a	NonTarget	1	84540
338.388	n/a	NonTarget	1	84597
338.612	n/a	NonTarget	1	84653
338.836	n/a	NonTarget	1	84709
339.06	n/a	NonTarget	1	84765
339.288	n/a	Target	2	84822
339.512	n/a	NonTarget	1	84878
339.736	n/a	NonTarget	1	84934
339.964	n/a	NonTarget	1	84991
340.188	n/a	NonTarget	1	85047
340.412	n/a	NonTarget	1	85103
340.64	n/a	Target	2	85160
340.864	n/a	NonTarget	1	85216
341.088	n/a	NonTarget	1	85272
341.316	n/a	NonTarget	1	85329
341.54	n/a	NonTarget	1	85385
341.764	n/a	NonTarget	1	85441
341.992	n/a	NonTarget	1	85498
342.216	n/a	NonTarget	1	85554
342.444	n/a	Target	2	85611
342.668	n/a	NonTarget	1	85667
342.896	n/a	NonTarget	1	85724
343.12	n/a	NonTarget	1	85780
343.344	n/a	NonTarget	1	85836
343.572	n/a	NonTarget	1	85893
343.796	n/a	NonTarget	1	85949
344.02	n/a	NonTarget	1	86005
344.248	n/a	NonTarget	1	86062
344.472	n/a	NonTarget	1	86118
344.7	n/a	NonTarget	1	86175
344.924	n/a	NonTarget	1	86231
345.148	n/a	NonTarget	1	86287
345.376	n/a	Target	2	86344
345.6	n/a	NonTarget	1	86400
345.828	n/a	NonTarget	1	86457
346.052	n/a	NonTarget	1	86513
346.28	n/a	NonTarget	1	86570
346.504	n/a	NonTarget	1	86626
346.732	n/a	Target	2	86683
346.956	n/a	NonTarget	1	86739
347.184	n/a	NonTarget	1	86796
347.408	n/a	NonTarget	1	86852
347.636	n/a	NonTarget	1	86909
347.86	n/a	NonTarget	1	86965
348.084	n/a	NonTarget	1	87021
348.312	n/a	NonTarget	1	87078
348.536	n/a	Target	2	87134
348.764	n/a	NonTarget	1	87191
348.988	n/a	NonTarget	1	87247
349.212	n/a	NonTarget	1	87303
349.436	n/a	NonTarget	1	87359
349.66	n/a	NonTarget	1	87415
349.888	n/a	NonTarget	1	87472
350.112	n/a	NonTarget	1	87528
350.34	n/a	NonTarget	1	87585
350.564	n/a	NonTarget	1	87641
350.792	n/a	NonTarget	1	87698
351.016	n/a	NonTarget	1	87754
351.24	n/a	NonTarget	1	87810
351.468	n/a	NonTarget	1	87867
351.692	n/a	NonTarget	1	87923
351.916	n/a	NonTarget	1	87979
352.144	n/a	Target	2	88036
352.368	n/a	NonTarget	1	88092
352.596	n/a	NonTarget	1	88149
352.82	n/a	NonTarget	1	88205
353.048	n/a	NonTarget	1	88262
353.272	n/a	NonTarget	1	88318
353.496	n/a	NonTarget	1	88374
353.724	n/a	NonTarget	1	88431
353.948	n/a	Target	2	88487
354.176	n/a	NonTarget	1	88544
354.4	n/a	NonTarget	1	88600
354.628	n/a	NonTarget	1	88657
354.852	n/a	NonTarget	1	88713
355.076	n/a	Target	2	88769
355.304	n/a	NonTarget	1	88826
355.528	n/a	NonTarget	1	88882
355.752	n/a	NonTarget	1	88938
355.976	n/a	NonTarget	1	88994
356.204	n/a	NonTarget	1	89051
356.428	n/a	NonTarget	1	89107
356.652	n/a	NonTarget	1	89163
356.88	n/a	NonTarget	1	89220
357.104	n/a	NonTarget	1	89276
357.328	n/a	Target	2	89332
357.556	n/a	NonTarget	1	89389
357.78	n/a	NonTarget	1	89445
358.008	n/a	NonTarget	1	89502
358.232	n/a	NonTarget	1	89558
358.456	n/a	NonTarget	1	89614
358.68	n/a	Target	2	89670
358.908	n/a	NonTarget	1	89727
359.132	n/a	NonTarget	1	89783
359.36	n/a	NonTarget	1	89840
359.584	n/a	NonTarget	1	89896
359.808	n/a	NonTarget	1	89952
360.036	n/a	NonTarget	1	90009
360.26	n/a	NonTarget	1	90065
360.488	n/a	NonTarget	1	90122
360.712	n/a	Target	2	90178
360.94	n/a	NonTarget	1	90235
361.164	n/a	NonTarget	1	90291
361.388	n/a	NonTarget	1	90347
361.616	n/a	NonTarget	1	90404
361.84	n/a	NonTarget	1	90460
362.064	n/a	NonTarget	1	90516
362.292	n/a	NonTarget	1	90573
362.516	n/a	NonTarget	1	90629
362.74	n/a	NonTarget	1	90685
362.968	n/a	NonTarget	1	90742
363.192	n/a	NonTarget	1	90798
363.416	n/a	NonTarget	1	90854
363.644	n/a	Target	2	90911
363.868	n/a	NonTarget	1	90967
364.096	n/a	NonTarget	1	91024
373.112	n/a	NonTarget	1	93278
373.34	n/a	NonTarget	1	93335
373.564	n/a	NonTarget	1	93391
373.788	n/a	Target	2	93447
374.016	n/a	NonTarget	1	93504
374.24	n/a	NonTarget	1	93560
374.464	n/a	NonTarget	1	93616
374.688	n/a	NonTarget	1	93672
374.912	n/a	NonTarget	1	93728
375.14	n/a	NonTarget	1	93785
375.364	n/a	NonTarget	1	93841
375.592	n/a	Target	2	93898
375.816	n/a	NonTarget	1	93954
376.04	n/a	NonTarget	1	94010
376.268	n/a	NonTarget	1	94067
376.492	n/a	NonTarget	1	94123
376.72	n/a	NonTarget	1	94180
376.944	n/a	NonTarget	1	94236
377.168	n/a	NonTarget	1	94292
377.396	n/a	NonTarget	1	94349
377.62	n/a	NonTarget	1	94405
377.848	n/a	NonTarget	1	94462
378.072	n/a	NonTarget	1	94518
378.3	n/a	Target	2	94575
378.524	n/a	NonTarget	1	94631
378.748	n/a	NonTarget	1	94687
378.972	n/a	NonTarget	1	94743
379.2	n/a	NonTarget	1	94800
379.424	n/a	NonTarget	1	94856
379.648	n/a	NonTarget	1	94912
379.872	n/a	Target	2	94968
380.1	n/a	NonTarget	1	95025
380.324	n/a	NonTarget	1	95081
380.548	n/a	NonTarget	1	95137
380.776	n/a	NonTarget	1	95194
381.0	n/a	NonTarget	1	95250
381.224	n/a	NonTarget	1	95306
381.448	n/a	NonTarget	1	95362
381.676	n/a	NonTarget	1	95419
381.9	n/a	NonTarget	1	95475
382.124	n/a	NonTarget	1	95531
382.356	n/a	Target	2	95589
382.58	n/a	NonTarget	1	95645
382.804	n/a	NonTarget	1	95701
383.032	n/a	NonTarget	1	95758
383.256	n/a	NonTarget	1	95814
383.48	n/a	NonTarget	1	95870
383.704	n/a	NonTarget	1	95926
383.932	n/a	NonTarget	1	95983
384.156	n/a	Target	2	96039
384.38	n/a	NonTarget	1	96095
384.608	n/a	NonTarget	1	96152
384.832	n/a	NonTarget	1	96208
385.056	n/a	NonTarget	1	96264
385.284	n/a	Target	2	96321
385.508	n/a	NonTarget	1	96377
385.732	n/a	NonTarget	1	96433
385.956	n/a	NonTarget	1	96489
386.184	n/a	NonTarget	1	96546
386.408	n/a	NonTarget	1	96602
386.636	n/a	NonTarget	1	96659
386.86	n/a	NonTarget	1	96715
387.084	n/a	NonTarget	1	96771
387.312	n/a	NonTarget	1	96828
387.536	n/a	NonTarget	1	96884
387.76	n/a	NonTarget	1	96940
387.988	n/a	NonTarget	1	96997
388.212	n/a	NonTarget	1	97053
388.436	n/a	NonTarget	1	97109
388.66	n/a	NonTarget	1	97165
388.888	n/a	Target	2	97222
389.112	n/a	NonTarget	1	97278
389.336	n/a	NonTarget	1	97334
389.564	n/a	NonTarget	1	97391
389.788	n/a	NonTarget	1	97447
390.016	n/a	NonTarget	1	97504
390.24	n/a	NonTarget	1	97560
390.464	n/a	NonTarget	1	97616
390.692	n/a	NonTarget	1	97673
390.916	n/a	NonTarget	1	97729
391.14	n/a	Target	2	97785
391.364	n/a	NonTarget	1	97841
391.592	n/a	NonTarget	1	97898
391.816	n/a	NonTarget	1	97954
392.04	n/a	NonTarget	1	98010
392.268	n/a	NonTarget	1	98067
392.492	n/a	NonTarget	1	98123
392.72	n/a	NonTarget	1	98180
392.944	n/a	NonTarget	1	98236
393.168	n/a	Target	2	98292
393.396	n/a	NonTarget	1	98349
393.62	n/a	NonTarget	1	98405
393.848	n/a	NonTarget	1	98462
394.072	n/a	NonTarget	1	98518
394.3	n/a	Target	2	98575
394.524	n/a	NonTarget	1	98631
394.748	n/a	NonTarget	1	98687
394.976	n/a	NonTarget	1	98744
395.2	n/a	NonTarget	1	98800
395.424	n/a	NonTarget	1	98856
395.648	n/a	NonTarget	1	98912
395.876	n/a	NonTarget	1	98969
396.1	n/a	NonTarget	1	99025
396.324	n/a	NonTarget	1	99081
396.552	n/a	NonTarget	1	99138
396.776	n/a	NonTarget	1	99194
397.0	n/a	NonTarget	1	99250
397.228	n/a	Target	2	99307
397.452	n/a	NonTarget	1	99363
397.68	n/a	NonTarget	1	99420
397.904	n/a	NonTarget	1	99476
398.128	n/a	Target	2	99532
398.356	n/a	NonTarget	1	99589
398.58	n/a	NonTarget	1	99645
398.804	n/a	NonTarget	1	99701
399.032	n/a	NonTarget	1	99758
399.256	n/a	NonTarget	1	99814
399.484	n/a	NonTarget	1	99871
399.708	n/a	NonTarget	1	99927
399.936	n/a	NonTarget	1	99984
400.16	n/a	Target	2	100040
400.388	n/a	NonTarget	1	100097
400.612	n/a	NonTarget	1	100153
400.836	n/a	NonTarget	1	100209
401.064	n/a	NonTarget	1	100266
401.288	n/a	NonTarget	1	100322
401.512	n/a	Target	2	100378
401.74	n/a	NonTarget	1	100435
401.964	n/a	NonTarget	1	100491
402.188	n/a	NonTarget	1	100547
402.416	n/a	NonTarget	1	100604
402.64	n/a	NonTarget	1	100660
402.864	n/a	NonTarget	1	100716
403.092	n/a	NonTarget	1	100773
403.316	n/a	NonTarget	1	100829
437.78	n/a	NonTarget	1	109445
438.008	n/a	NonTarget	1	109502
438.232	n/a	NonTarget	1	109558
438.456	n/a	NonTarget	1	109614
438.68	n/a	NonTarget	1	109670
438.908	n/a	NonTarget	1	109727
439.132	n/a	NonTarget	1	109783
439.356	n/a	NonTarget	1	109839
439.584	n/a	Target	2	109896
439.808	n/a	NonTarget	1	109952
440.036	n/a	NonTarget	1	110009
440.26	n/a	NonTarget	1	110065
440.484	n/a	NonTarget	1	110121
440.712	n/a	NonTarget	1	110178
440.936	n/a	NonTarget	1	110234
441.16	n/a	NonTarget	1	110290
441.388	n/a	Target	2	110347
441.612	n/a	NonTarget	1	110403
441.84	n/a	NonTarget	1	110460
442.064	n/a	NonTarget	1	110516
442.288	n/a	NonTarget	1	110572
442.516	n/a	NonTarget	1	110629
442.74	n/a	NonTarget	1	110685
442.964	n/a	NonTarget	1	110741
443.192	n/a	NonTarget	1	110798
443.416	n/a	Target	2	110854
443.64	n/a	NonTarget	1	110910
443.868	n/a	NonTarget	1	110967
444.092	n/a	NonTarget	1	111023
444.316	n/a	NonTarget	1	111079
444.544	n/a	Target	2	111136
444.768	n/a	NonTarget	1	111192
444.992	n/a	NonTarget	1	111248
445.22	n/a	NonTarget	1	111305
445.444	n/a	NonTarget	1	111361
445.668	n/a	NonTarget	1	111417
445.892	n/a	NonTarget	1	111473
446.116	n/a	NonTarget	1	111529
446.344	n/a	Target	2	111586
446.572	n/a	NonTarget	1	111643
446.796	n/a	NonTarget	1	111699
447.02	n/a	NonTarget	1	111755
447.244	n/a	NonTarget	1	111811
447.472	n/a	NonTarget	1	111868
447.696	n/a	NonTarget	1	111924
447.924	n/a	NonTarget	1	111981
448.148	n/a	Target	2	112037
448.372	n/a	NonTarget	1	112093
448.6	n/a	NonTarget	1	112150
448.824	n/a	NonTarget	1	112206
449.052	n/a	NonTarget	1	112263
449.276	n/a	NonTarget	1	112319
449.5	n/a	NonTarget	1	112375
449.724	n/a	NonTarget	1	112431
449.948	n/a	NonTarget	1	112487
450.176	n/a	Target	2	112544
450.4	n/a	NonTarget	1	112600
450.628	n/a	NonTarget	1	112657
450.852	n/a	NonTarget	1	112713
451.076	n/a	NonTarget	1	112769
451.304	n/a	NonTarget	1	112826
451.528	n/a	NonTarget	1	112882
451.752	n/a	NonTarget	1	112938
451.976	n/a	NonTarget	1	112994
452.2	n/a	Target	2	113050
452.428	n/a	NonTarget	1	113107
452.652	n/a	NonTarget	1	113163
452.88	n/a	NonTarget	1	113220
453.104	n/a	NonTarget	1	113276
453.328	n/a	NonTarget	1	113332
453.556	n/a	NonTarget	1	113389
453.78	n/a	NonTarget	1	113445
454.008	n/a	NonTarget	1	113502
454.232	n/a	Target	2	113558
454.456	n/a	NonTarget	1	113614
454.684	n/a	NonTarget	1	113671
454.908	n/a	NonTarget	1	113727
455.136	n/a	NonTarget	1	113784
455.36	n/a	NonTarget	1	113840
455.584	n/a	NonTarget	1	113896
455.808	n/a	NonTarget	1	113952
456.032	n/a	Target	2	114008
456.26	n/a	NonTarget	1	114065
456.484	n/a	NonTarget	1	114121
456.712	n/a	NonTarget	1	114178
456.936	n/a	NonTarget	1	114234
457.16	n/a	NonTarget	1	114290
457.384	n/a	NonTarget	1	114346
457.612	n/a	NonTarget	1	114403
457.84	n/a	NonTarget	1	114460
458.064	n/a	NonTarget	1	114516
458.288	n/a	NonTarget	1	114572
458.512	n/a	NonTarget	1	114628
458.74	n/a	NonTarget	1	114685
458.964	n/a	NonTarget	1	114741
459.192	n/a	Target	2	114798
459.416	n/a	NonTarget	1	114854
459.64	n/a	NonTarget	1	114910
459.864	n/a	NonTarget	1	114966
460.092	n/a	Target	2	115023
460.316	n/a	NonTarget	1	115079
460.54	n/a	NonTarget	1	115135
460.768	n/a	NonTarget	1	115192
460.992	n/a	NonTarget	1	115248
461.216	n/a	NonTarget	1	115304
461.444	n/a	NonTarget	1	115361
461.668	n/a	NonTarget	1	115417
461.892	n/a	NonTarget	1	115473
462.116	n/a	NonTarget	1	115529
462.344	n/a	NonTarget	1	115586
462.568	n/a	NonTarget	1	115642
462.792	n/a	NonTarget	1	115698
463.02	n/a	NonTarget	1	115755
463.244	n/a	NonTarget	1	115811
463.468	n/a	NonTarget	1	115867
463.696	n/a	Target	2	115924
463.92	n/a	NonTarget	1	115980
464.148	n/a	NonTarget	1	116037
464.372	n/a	NonTarget	1	116093
464.596	n/a	NonTarget	1	116149
464.82	n/a	NonTarget	1	116205
465.048	n/a	NonTarget	1	116262
465.272	n/a	NonTarget	1	116318
465.496	n/a	NonTarget	1	116374
465.724	n/a	Target	2	116431
465.948	n/a	NonTarget	1	116487
466.176	n/a	NonTarget	1	116544
466.404	n/a	NonTarget	1	116601
466.628	n/a	NonTarget	1	116657
466.852	n/a	NonTarget	1	116713
467.076	n/a	Target	2	116769
467.304	n/a	NonTarget	1	116826
467.528	n/a	NonTarget	1	116882
467.752	n/a	NonTarget	1	116938
467.98	n/a	NonTarget	1	116995
476.776	n/a	NonTarget	1	119194
477.004	n/a	NonTarget	1	119251
477.228	n/a	NonTarget	1	119307
477.452	n/a	NonTarget	1	119363
477.676	n/a	NonTarget	1	119419
477.9	n/a	NonTarget	1	119475
478.128	n/a	NonTarget	1	119532
478.352	n/a	NonTarget	1	119588
478.576	n/a	Target	2	119644
478.804	n/a	NonTarget	1	119701
479.028	n/a	NonTarget	1	119757
479.256	n/a	NonTarget	1	119814
479.48	n/a	NonTarget	1	119870
479.704	n/a	NonTarget	1	119926
479.932	n/a	NonTarget	1	119983
480.156	n/a	NonTarget	1	120039
480.38	n/a	NonTarget	1	120095
480.608	n/a	Target	2	120152
480.832	n/a	NonTarget	1	120208
481.06	n/a	NonTarget	1	120265
481.284	n/a	NonTarget	1	120321
481.508	n/a	NonTarget	1	120377
481.736	n/a	Target	2	120434
481.96	n/a	NonTarget	1	120490
482.188	n/a	NonTarget	1	120547
482.412	n/a	NonTarget	1	120603
482.64	n/a	NonTarget	1	120660
482.864	n/a	NonTarget	1	120716
483.088	n/a	NonTarget	1	120772
483.316	n/a	NonTarget	1	120829
483.54	n/a	NonTarget	1	120885
483.764	n/a	NonTarget	1	120941
483.988	n/a	NonTarget	1	120997
484.216	n/a	NonTarget	1	121054
484.44	n/a	NonTarget	1	121110
484.664	n/a	Target	2	121166
484.892	n/a	NonTarget	1	121223
485.116	n/a	NonTarget	1	121279
485.34	n/a	NonTarget	1	121335
485.568	n/a	NonTarget	1	121392
485.792	n/a	NonTarget	1	121448
486.016	n/a	NonTarget	1	121504
486.24	n/a	NonTarget	1	121560
486.468	n/a	Target	2	121617
486.692	n/a	NonTarget	1	121673
486.92	n/a	NonTarget	1	121730
487.144	n/a	NonTarget	1	121786
487.368	n/a	NonTarget	1	121842
487.596	n/a	Target	2	121899
487.82	n/a	NonTarget	1	121955
488.048	n/a	NonTarget	1	122012
488.272	n/a	NonTarget	1	122068
488.496	n/a	NonTarget	1	122124
488.724	n/a	NonTarget	1	122181
488.948	n/a	Target	2	122237
489.172	n/a	NonTarget	1	122293
489.4	n/a	NonTarget	1	122350
489.624	n/a	NonTarget	1	122406
489.848	n/a	NonTarget	1	122462
490.072	n/a	NonTarget	1	122518
490.3	n/a	NonTarget	1	122575
490.524	n/a	NonTarget	1	122631
490.748	n/a	NonTarget	1	122687
490.976	n/a	NonTarget	1	122744
491.2	n/a	Target	2	122800
491.428	n/a	NonTarget	1	122857
491.652	n/a	NonTarget	1	122913
491.876	n/a	NonTarget	1	122969
492.104	n/a	NonTarget	1	123026
492.328	n/a	NonTarget	1	123082
492.552	n/a	NonTarget	1	123138
492.776	n/a	NonTarget	1	123194
493.004	n/a	NonTarget	1	123251
493.228	n/a	NonTarget	1	123307
493.452	n/a	NonTarget	1	123363
493.68	n/a	NonTarget	1	123420
493.904	n/a	NonTarget	1	123476
494.128	n/a	Target	2	123532
494.352	n/a	NonTarget	1	123588
494.58	n/a	NonTarget	1	123645
494.804	n/a	NonTarget	1	123701
495.028	n/a	NonTarget	1	123757
495.256	n/a	NonTarget	1	123814
495.48	n/a	NonTarget	1	123870
495.704	n/a	NonTarget	1	123926
495.932	n/a	NonTarget	1	123983
496.156	n/a	NonTarget	1	124039
496.384	n/a	NonTarget	1	124096
496.608	n/a	NonTarget	1	124152
496.832	n/a	Target	2	124208
497.056	n/a	NonTarget	1	124264
497.284	n/a	NonTarget	1	124321
497.508	n/a	NonTarget	1	124377
497.736	n/a	NonTarget	1	124434
497.96	n/a	Target	2	124490
498.184	n/a	NonTarget	1	124546
498.412	n/a	NonTarget	1	124603
498.636	n/a	NonTarget	1	124659
498.864	n/a	NonTarget	1	124716
499.088	n/a	NonTarget	1	124772
499.316	n/a	Target	2	124829
499.54	n/a	NonTarget	1	124885
499.764	n/a	NonTarget	1	124941
499.992	n/a	NonTarget	1	124998
500.216	n/a	NonTarget	1	125054
500.44	n/a	NonTarget	1	125110
500.668	n/a	NonTarget	1	125167
500.892	n/a	NonTarget	1	125223
501.12	n/a	Target	2	125280
501.344	n/a	NonTarget	1	125336
501.568	n/a	NonTarget	1	125392
501.796	n/a	NonTarget	1	125449
502.02	n/a	NonTarget	1	125505
502.244	n/a	NonTarget	1	125561
502.472	n/a	NonTarget	1	125618
502.7	n/a	NonTarget	1	125675
502.92	n/a	NonTarget	1	125730
503.148	n/a	NonTarget	1	125787
503.372	n/a	NonTarget	1	125843
503.596	n/a	NonTarget	1	125899
503.824	n/a	NonTarget	1	125956
504.048	n/a	Target	2	126012
504.272	n/a	NonTarget	1	126068
504.496	n/a	NonTarget	1	126124
504.724	n/a	NonTarget	1	126181
504.948	n/a	NonTarget	1	126237
505.176	n/a	NonTarget	1	126294
505.4	n/a	NonTarget	1	126350
505.624	n/a	NonTarget	1	126406
505.848	n/a	NonTarget	1	126462
506.072	n/a	NonTarget	1	126518
506.3	n/a	NonTarget	1	126575
506.524	n/a	NonTarget	1	126631
506.752	n/a	Target	2	126688
519.484	n/a	NonTarget	1	129871
519.708	n/a	NonTarget	1	129927
519.936	n/a	Target	2	129984
520.16	n/a	NonTarget	1	130040
520.384	n/a	NonTarget	1	130096
520.608	n/a	NonTarget	1	130152
520.836	n/a	NonTarget	1	130209
521.06	n/a	NonTarget	1	130265
521.284	n/a	NonTarget	1	130321
521.512	n/a	NonTarget	1	130378
521.736	n/a	NonTarget	1	130434
521.964	n/a	NonTarget	1	130491
522.188	n/a	NonTarget	1	130547
522.412	n/a	Target	2	130603
522.64	n/a	NonTarget	1	130660
522.864	n/a	NonTarget	1	130716
523.092	n/a	NonTarget	1	130773
523.316	n/a	NonTarget	1	130829
523.544	n/a	Target	2	130886
523.768	n/a	NonTarget	1	130942
523.992	n/a	NonTarget	1	130998
524.22	n/a	NonTarget	1	131055
524.444	n/a	NonTarget	1	131111
524.672	n/a	NonTarget	1	131168
524.896	n/a	NonTarget	1	131224
525.12	n/a	NonTarget	1	131280
525.348	n/a	NonTarget	1	131337
525.572	n/a	NonTarget	1	131393
525.8	n/a	NonTarget	1	131450
526.024	n/a	NonTarget	1	131506
526.252	n/a	NonTarget	1	131563
526.476	n/a	Target	2	131619
526.7	n/a	NonTarget	1	131675
526.924	n/a	NonTarget	1	131731
527.152	n/a	NonTarget	1	131788
527.376	n/a	NonTarget	1	131844
527.6	n/a	NonTarget	1	131900
527.828	n/a	Target	2	131957
528.052	n/a	NonTarget	1	132013
528.276	n/a	NonTarget	1	132069
528.504	n/a	NonTarget	1	132126
528.728	n/a	NonTarget	1	132182
528.956	n/a	NonTarget	1	132239
529.18	n/a	NonTarget	1	132295
529.408	n/a	NonTarget	1	132352
529.632	n/a	NonTarget	1	132408
529.856	n/a	NonTarget	1	132464
530.084	n/a	NonTarget	1	132521
530.308	n/a	NonTarget	1	132577
530.532	n/a	NonTarget	1	132633
530.76	n/a	NonTarget	1	132690
530.984	n/a	Target	2	132746
531.212	n/a	NonTarget	1	132803
531.436	n/a	NonTarget	1	132859
531.66	n/a	NonTarget	1	132915
531.888	n/a	NonTarget	1	132972
532.112	n/a	NonTarget	1	133028
532.34	n/a	NonTarget	1	133085
532.564	n/a	NonTarget	1	133141
532.788	n/a	NonTarget	1	133197
533.012	n/a	NonTarget	1	133253
533.236	n/a	Target	2	133309
533.464	n/a	NonTarget	1	133366
533.688	n/a	NonTarget	1	133422
533.916	n/a	NonTarget	1	133479
534.14	n/a	Target	2	133535
534.364	n/a	NonTarget	1	133591
534.592	n/a	NonTarget	1	133648
534.816	n/a	NonTarget	1	133704
535.044	n/a	NonTarget	1	133761
535.268	n/a	NonTarget	1	133817
535.492	n/a	NonTarget	1	133873
535.72	n/a	NonTarget	1	133930
535.944	n/a	NonTarget	1	133986
536.168	n/a	Target	2	134042
536.392	n/a	NonTarget	1	134098
536.62	n/a	NonTarget	1	134155
536.844	n/a	NonTarget	1	134211
537.068	n/a	NonTarget	1	134267
537.296	n/a	NonTarget	1	134324
537.52	n/a	NonTarget	1	134380
537.744	n/a	NonTarget	1	134436
537.972	n/a	NonTarget	1	134493
538.196	n/a	NonTarget	1	134549
538.42	n/a	Target	2	134605
538.648	n/a	NonTarget	1	134662
538.872	n/a	NonTarget	1	134718
539.096	n/a	NonTarget	1	134774
539.32	n/a	NonTarget	1	134830
539.548	n/a	NonTarget	1	134887
539.772	n/a	NonTarget	1	134943
540.0	n/a	NonTarget	1	135000
540.224	n/a	NonTarget	1	135056
540.448	n/a	NonTarget	1	135112
540.676	n/a	Target	2	135169
540.9	n/a	NonTarget	1	135225
541.128	n/a	NonTarget	1	135282
541.352	n/a	NonTarget	1	135338
541.576	n/a	NonTarget	1	135394
541.804	n/a	NonTarget	1	135451
542.028	n/a	Target	2	135507
542.256	n/a	NonTarget	1	135564
542.48	n/a	NonTarget	1	135620
542.708	n/a	NonTarget	1	135677
542.932	n/a	NonTarget	1	135733
543.156	n/a	NonTarget	1	135789
543.384	n/a	NonTarget	1	135846
543.608	n/a	NonTarget	1	135902
543.832	n/a	NonTarget	1	135958
544.06	n/a	NonTarget	1	136015
544.284	n/a	NonTarget	1	136071
544.508	n/a	NonTarget	1	136127
544.736	n/a	Target	2	136184
544.96	n/a	NonTarget	1	136240
545.184	n/a	NonTarget	1	136296
545.408	n/a	NonTarget	1	136352
545.636	n/a	NonTarget	1	136409
545.86	n/a	NonTarget	1	136465
546.088	n/a	NonTarget	1	136522
546.312	n/a	NonTarget	1	136578
546.536	n/a	NonTarget	1	136634
546.764	n/a	NonTarget	1	136691
546.988	n/a	NonTarget	1	136747
547.216	n/a	Target	2	136804
547.44	n/a	NonTarget	1	136860
547.668	n/a	NonTarget	1	136917
547.892	n/a	Target	2	136973
548.116	n/a	NonTarget	1	137029
548.344	n/a	NonTarget	1	137086
548.568	n/a	NonTarget	1	137142
548.796	n/a	NonTarget	1	137199
549.02	n/a	NonTarget	1	137255
549.244	n/a	NonTarget	1	137311
549.472	n/a	NonTarget	1	137368
549.696	n/a	NonTarget	1	137424
558.492	n/a	NonTarget	1	139623
558.716	n/a	NonTarget	1	139679
558.94	n/a	NonTarget	1	139735
559.168	n/a	NonTarget	1	139792
559.392	n/a	Target	2	139848
559.616	n/a	NonTarget	1	139904
559.844	n/a	NonTarget	1	139961
560.068	n/a	NonTarget	1	140017
560.296	n/a	NonTarget	1	140074
560.52	n/a	NonTarget	1	140130
560.748	n/a	Target	2	140187
560.972	n/a	NonTarget	1	140243
561.196	n/a	NonTarget	1	140299
561.424	n/a	NonTarget	1	140356
561.648	n/a	NonTarget	1	140412
561.872	n/a	NonTarget	1	140468
562.1	n/a	NonTarget	1	140525
562.324	n/a	NonTarget	1	140581
562.552	n/a	NonTarget	1	140638
562.776	n/a	NonTarget	1	140694
563.0	n/a	NonTarget	1	140750
563.228	n/a	NonTarget	1	140807
563.452	n/a	NonTarget	1	140863
563.676	n/a	NonTarget	1	140919
563.904	n/a	NonTarget	1	140976
564.128	n/a	Target	2	141032
564.356	n/a	NonTarget	1	141089
564.58	n/a	NonTarget	1	141145
564.804	n/a	Target	2	141201
565.032	n/a	NonTarget	1	141258
565.256	n/a	NonTarget	1	141314
565.484	n/a	NonTarget	1	141371
565.708	n/a	NonTarget	1	141427
565.936	n/a	NonTarget	1	141484
566.16	n/a	NonTarget	1	141540
566.384	n/a	NonTarget	1	141596
566.612	n/a	Target	2	141653
566.836	n/a	NonTarget	1	141709
567.064	n/a	NonTarget	1	141766
567.288	n/a	NonTarget	1	141822
567.512	n/a	NonTarget	1	141878
567.736	n/a	NonTarget	1	141934
567.964	n/a	NonTarget	1	141991
568.188	n/a	NonTarget	1	142047
568.416	n/a	NonTarget	1	142104
568.64	n/a	NonTarget	1	142160
568.864	n/a	Target	2	142216
569.088	n/a	NonTarget	1	142272
569.312	n/a	NonTarget	1	142328
569.54	n/a	NonTarget	1	142385
569.764	n/a	NonTarget	1	142441
569.988	n/a	NonTarget	1	142497
570.216	n/a	NonTarget	1	142554
570.44	n/a	NonTarget	1	142610
570.668	n/a	NonTarget	1	142667
570.896	n/a	NonTarget	1	142724
571.116	n/a	NonTarget	1	142779
571.344	n/a	NonTarget	1	142836
571.568	n/a	NonTarget	1	142892
571.792	n/a	NonTarget	1	142948
572.016	n/a	Target	2	143004
572.244	n/a	NonTarget	1	143061
572.468	n/a	NonTarget	1	143117
572.692	n/a	NonTarget	1	143173
572.92	n/a	NonTarget	1	143230
573.144	n/a	NonTarget	1	143286
573.368	n/a	NonTarget	1	143342
573.596	n/a	NonTarget	1	143399
573.82	n/a	NonTarget	1	143455
574.044	n/a	Target	2	143511
574.268	n/a	NonTarget	1	143567
574.496	n/a	NonTarget	1	143624
574.72	n/a	NonTarget	1	143680
574.948	n/a	NonTarget	1	143737
575.172	n/a	NonTarget	1	143793
575.396	n/a	NonTarget	1	143849
575.624	n/a	NonTarget	1	143906
575.848	n/a	NonTarget	1	143962
576.076	n/a	NonTarget	1	144019
576.3	n/a	Target	2	144075
576.524	n/a	NonTarget	1	144131
576.752	n/a	NonTarget	1	144188
576.976	n/a	NonTarget	1	144244
577.204	n/a	NonTarget	1	144301
577.428	n/a	NonTarget	1	144357
577.652	n/a	NonTarget	1	144413
577.88	n/a	NonTarget	1	144470
578.104	n/a	NonTarget	1	144526
578.332	n/a	Target	2	144583
578.556	n/a	NonTarget	1	144639
578.78	n/a	NonTarget	1	144695
579.008	n/a	NonTarget	1	144752
579.232	n/a	NonTarget	1	144808
579.456	n/a	Target	2	144864
579.684	n/a	NonTarget	1	144921
579.908	n/a	NonTarget	1	144977
580.132	n/a	NonTarget	1	145033
580.356	n/a	NonTarget	1	145089
580.584	n/a	NonTarget	1	145146
580.808	n/a	NonTarget	1	145202
581.036	n/a	NonTarget	1	145259
581.26	n/a	NonTarget	1	145315
581.484	n/a	NonTarget	1	145371
581.712	n/a	NonTarget	1	145428
581.936	n/a	NonTarget	1	145484
582.164	n/a	NonTarget	1	145541
582.388	n/a	Target	2	145597
582.612	n/a	NonTarget	1	145653
582.84	n/a	NonTarget	1	145710
583.064	n/a	NonTarget	1	145766
583.292	n/a	NonTarget	1	145823
583.516	n/a	NonTarget	1	145879
583.74	n/a	NonTarget	1	145935
583.968	n/a	NonTarget	1	145992
584.192	n/a	NonTarget	1	146048
584.42	n/a	Target	2	146105
584.644	n/a	NonTarget	1	146161
584.868	n/a	NonTarget	1	146217
585.096	n/a	NonTarget	1	146274
585.32	n/a	NonTarget	1	146330
585.544	n/a	NonTarget	1	146386
585.772	n/a	NonTarget	1	146443
585.996	n/a	NonTarget	1	146499
586.22	n/a	NonTarget	1	146555
586.444	n/a	NonTarget	1	146611
586.672	n/a	Target	2	146668
586.896	n/a	NonTarget	1	146724
587.12	n/a	NonTarget	1	146780
587.348	n/a	NonTarget	1	146837
587.572	n/a	NonTarget	1	146893
587.796	n/a	NonTarget	1	146949
588.024	n/a	NonTarget	1	147006
588.248	n/a	NonTarget	1	147062
588.476	n/a	NonTarget	1	147119
588.7	n/a	Target	2	147175
600.78	n/a	NonTarget	1	150195
601.008	n/a	NonTarget	1	150252
601.232	n/a	NonTarget	1	150308
601.46	n/a	NonTarget	1	150365
601.684	n/a	Target	2	150421
601.908	n/a	NonTarget	1	150477
602.132	n/a	NonTarget	1	150533
602.36	n/a	NonTarget	1	150590
602.584	n/a	NonTarget	1	150646
602.808	n/a	NonTarget	1	150702
603.036	n/a	NonTarget	1	150759
603.26	n/a	NonTarget	1	150815
603.484	n/a	NonTarget	1	150871
603.712	n/a	NonTarget	1	150928
603.936	n/a	NonTarget	1	150984
604.16	n/a	Target	2	151040
604.384	n/a	NonTarget	1	151096
604.612	n/a	NonTarget	1	151153
604.836	n/a	NonTarget	1	151209
605.064	n/a	NonTarget	1	151266
605.288	n/a	NonTarget	1	151322
605.512	n/a	NonTarget	1	151378
605.736	n/a	NonTarget	1	151434
605.964	n/a	Target	2	151491
606.192	n/a	NonTarget	1	151548
606.416	n/a	NonTarget	1	151604
606.64	n/a	NonTarget	1	151660
606.864	n/a	NonTarget	1	151716
607.092	n/a	NonTarget	1	151773
607.316	n/a	Target	2	151829
607.544	n/a	NonTarget	1	151886
607.768	n/a	NonTarget	1	151942
607.992	n/a	NonTarget	1	151998
608.216	n/a	NonTarget	1	152054
608.44	n/a	NonTarget	1	152110
608.668	n/a	NonTarget	1	152167
608.892	n/a	NonTarget	1	152223
609.12	n/a	NonTarget	1	152280
609.344	n/a	NonTarget	1	152336
609.568	n/a	NonTarget	1	152392
609.796	n/a	NonTarget	1	152449
610.02	n/a	Target	2	152505
610.248	n/a	NonTarget	1	152562
610.472	n/a	NonTarget	1	152618
610.696	n/a	NonTarget	1	152674
610.924	n/a	NonTarget	1	152731
611.148	n/a	Target	2	152787
611.376	n/a	NonTarget	1	152844
611.6	n/a	NonTarget	1	152900
611.824	n/a	NonTarget	1	152956
612.048	n/a	NonTarget	1	153012
612.272	n/a	NonTarget	1	153068
612.5	n/a	NonTarget	1	153125
612.724	n/a	NonTarget	1	153181
612.952	n/a	Target	2	153238
613.176	n/a	NonTarget	1	153294
613.4	n/a	NonTarget	1	153350
613.628	n/a	NonTarget	1	153407
613.852	n/a	NonTarget	1	153463
614.08	n/a	NonTarget	1	153520
614.304	n/a	NonTarget	1	153576
614.528	n/a	NonTarget	1	153632
614.756	n/a	NonTarget	1	153689
614.98	n/a	NonTarget	1	153745
615.208	n/a	Target	2	153802
615.432	n/a	NonTarget	1	153858
615.656	n/a	NonTarget	1	153914
615.88	n/a	NonTarget	1	153970
616.108	n/a	NonTarget	1	154027
616.336	n/a	NonTarget	1	154084
616.56	n/a	NonTarget	1	154140
616.788	n/a	NonTarget	1	154197
617.012	n/a	NonTarget	1	154253
617.236	n/a	NonTarget	1	154309
617.464	n/a	NonTarget	1	154366
617.688	n/a	Target	2	154422
617.912	n/a	NonTarget	1	154478
618.136	n/a	NonTarget	1	154534
618.36	n/a	NonTarget	1	154590
618.588	n/a	NonTarget	1	154647
618.812	n/a	NonTarget	1	154703
619.04	n/a	NonTarget	1	154760
619.264	n/a	NonTarget	1	154816
619.488	n/a	NonTarget	1	154872
619.712	n/a	NonTarget	1	154928
619.94	n/a	Target	2	154985
620.164	n/a	NonTarget	1	155041
620.388	n/a	NonTarget	1	155097
620.612	n/a	NonTarget	1	155153
620.84	n/a	NonTarget	1	155210
621.064	n/a	NonTarget	1	155266
621.292	n/a	NonTarget	1	155323
621.516	n/a	NonTarget	1	155379
621.74	n/a	NonTarget	1	155435
621.968	n/a	Target	2	155492
622.192	n/a	NonTarget	1	155548
622.42	n/a	NonTarget	1	155605
622.644	n/a	NonTarget	1	155661
622.872	n/a	NonTarget	1	155718
623.096	n/a	Target	2	155774
623.32	n/a	NonTarget	1	155830
623.548	n/a	NonTarget	1	155887
623.772	n/a	NonTarget	1	155943
623.996	n/a	NonTarget	1	155999
624.224	n/a	NonTarget	1	156056
624.448	n/a	NonTarget	1	156112
624.672	n/a	NonTarget	1	156168
624.9	n/a	NonTarget	1	156225
625.124	n/a	NonTarget	1	156281
625.348	n/a	Target	2	156337
625.572	n/a	NonTarget	1	156393
625.8	n/a	NonTarget	1	156450
626.024	n/a	NonTarget	1	156506
626.248	n/a	NonTarget	1	156562
626.476	n/a	NonTarget	1	156619
626.7	n/a	NonTarget	1	156675
626.924	n/a	NonTarget	1	156731
627.152	n/a	NonTarget	1	156788
627.376	n/a	NonTarget	1	156844
627.604	n/a	NonTarget	1	156901
627.828	n/a	NonTarget	1	156957
628.052	n/a	NonTarget	1	157013
628.28	n/a	NonTarget	1	157070
628.504	n/a	NonTarget	1	157126
628.728	n/a	Target	2	157182
628.956	n/a	NonTarget	1	157239
629.184	n/a	NonTarget	1	157296
629.408	n/a	NonTarget	1	157352
629.632	n/a	NonTarget	1	157408
629.856	n/a	NonTarget	1	157464
630.084	n/a	NonTarget	1	157521
630.308	n/a	Target	2	157577
630.532	n/a	NonTarget	1	157633
630.76	n/a	NonTarget	1	157690
630.984	n/a	NonTarget	1	157746
639.78	n/a	NonTarget	1	159945
640.008	n/a	NonTarget	1	160002
640.232	n/a	Target	2	160058
640.46	n/a	NonTarget	1	160115
640.684	n/a	NonTarget	1	160171
640.908	n/a	NonTarget	1	160227
641.136	n/a	NonTarget	1	160284
641.36	n/a	NonTarget	1	160340
641.584	n/a	NonTarget	1	160396
641.812	n/a	NonTarget	1	160453
642.036	n/a	NonTarget	1	160509
642.264	n/a	NonTarget	1	160566
642.488	n/a	Target	2	160622
642.712	n/a	NonTarget	1	160678
642.94	n/a	NonTarget	1	160735
643.164	n/a	NonTarget	1	160791
643.392	n/a	NonTarget	1	160848
643.616	n/a	NonTarget	1	160904
643.844	n/a	NonTarget	1	160961
644.068	n/a	NonTarget	1	161017
644.292	n/a	NonTarget	1	161073
644.52	n/a	NonTarget	1	161130
644.744	n/a	NonTarget	1	161186
644.968	n/a	Target	2	161242
645.196	n/a	NonTarget	1	161299
645.42	n/a	NonTarget	1	161355
645.644	n/a	NonTarget	1	161411
645.872	n/a	NonTarget	1	161468
646.096	n/a	NonTarget	1	161524
646.32	n/a	NonTarget	1	161580
646.548	n/a	NonTarget	1	161637
646.772	n/a	Target	2	161693
647.0	n/a	NonTarget	1	161750
647.224	n/a	NonTarget	1	161806
647.448	n/a	NonTarget	1	161862
647.676	n/a	NonTarget	1	161919
647.9	n/a	NonTarget	1	161975
648.124	n/a	NonTarget	1	162031
648.352	n/a	NonTarget	1	162088
648.576	n/a	Target	2	162144
648.8	n/a	NonTarget	1	162200
649.028	n/a	NonTarget	1	162257
649.252	n/a	NonTarget	1	162313
649.48	n/a	NonTarget	1	162370
649.704	n/a	NonTarget	1	162426
649.932	n/a	NonTarget	1	162483
650.156	n/a	NonTarget	1	162539
650.38	n/a	NonTarget	1	162595
650.608	n/a	Target	2	162652
650.832	n/a	NonTarget	1	162708
651.056	n/a	NonTarget	1	162764
651.284	n/a	NonTarget	1	162821
651.508	n/a	NonTarget	1	162877
651.736	n/a	NonTarget	1	162934
651.96	n/a	NonTarget	1	162990
652.184	n/a	NonTarget	1	163046
652.412	n/a	Target	2	163103
652.636	n/a	NonTarget	1	163159
652.864	n/a	NonTarget	1	163216
653.088	n/a	NonTarget	1	163272
653.312	n/a	NonTarget	1	163328
653.54	n/a	NonTarget	1	163385
653.764	n/a	NonTarget	1	163441
653.988	n/a	NonTarget	1	163497
654.216	n/a	Target	2	163554
654.44	n/a	NonTarget	1	163610
654.668	n/a	NonTarget	1	163667
654.892	n/a	NonTarget	1	163723
655.116	n/a	NonTarget	1	163779
655.344	n/a	NonTarget	1	163836
655.568	n/a	NonTarget	1	163892
655.792	n/a	NonTarget	1	163948
656.016	n/a	NonTarget	1	164004
656.244	n/a	Target	2	164061
656.468	n/a	NonTarget	1	164117
656.692	n/a	NonTarget	1	164173
656.92	n/a	NonTarget	1	164230
657.144	n/a	NonTarget	1	164286
657.372	n/a	NonTarget	1	164343
657.596	n/a	NonTarget	1	164399
657.82	n/a	NonTarget	1	164455
658.048	n/a	NonTarget	1	164512
658.272	n/a	NonTarget	1	164568
658.496	n/a	NonTarget	1	164624
658.72	n/a	NonTarget	1	164680
658.948	n/a	NonTarget	1	164737
659.172	n/a	NonTarget	1	164793
659.396	n/a	NonTarget	1	164849
659.624	n/a	Target	2	164906
659.848	n/a	NonTarget	1	164962
660.072	n/a	NonTarget	1	165018
660.3	n/a	NonTarget	1	165075
660.524	n/a	Target	2	165131
660.748	n/a	NonTarget	1	165187
660.976	n/a	NonTarget	1	165244
661.2	n/a	NonTarget	1	165300
661.424	n/a	NonTarget	1	165356
661.648	n/a	NonTarget	1	165412
661.876	n/a	NonTarget	1	165469
662.1	n/a	NonTarget	1	165525
662.324	n/a	NonTarget	1	165581
662.552	n/a	NonTarget	1	165638
662.776	n/a	NonTarget	1	165694
663.0	n/a	NonTarget	1	165750
663.228	n/a	Target	2	165807
663.452	n/a	NonTarget	1	165863
663.68	n/a	NonTarget	1	165920
663.904	n/a	NonTarget	1	165976
664.132	n/a	NonTarget	1	166033
664.356	n/a	Target	2	166089
664.584	n/a	NonTarget	1	166146
664.808	n/a	NonTarget	1	166202
665.036	n/a	NonTarget	1	166259
665.26	n/a	NonTarget	1	166315
665.484	n/a	NonTarget	1	166371
665.712	n/a	NonTarget	1	166428
665.936	n/a	NonTarget	1	166484
666.164	n/a	NonTarget	1	166541
666.388	n/a	NonTarget	1	166597
666.612	n/a	NonTarget	1	166653
666.84	n/a	Target	2	166710
667.064	n/a	NonTarget	1	166766
667.288	n/a	NonTarget	1	166822
667.516	n/a	NonTarget	1	166879
667.74	n/a	NonTarget	1	166935
667.964	n/a	NonTarget	1	166991
668.192	n/a	Target	2	167048
668.416	n/a	NonTarget	1	167104
668.64	n/a	NonTarget	1	167160
668.868	n/a	NonTarget	1	167217
669.092	n/a	NonTarget	1	167273
669.32	n/a	NonTarget	1	167330
669.544	n/a	NonTarget	1	167386
669.768	n/a	NonTarget	1	167442
669.996	n/a	NonTarget	1	167499
693.348	n/a	NonTarget	1	173337
693.572	n/a	NonTarget	1	173393
693.796	n/a	NonTarget	1	173449
694.024	n/a	Target	2	173506
694.252	n/a	NonTarget	1	173563
694.476	n/a	NonTarget	1	173619
694.704	n/a	NonTarget	1	173676
694.928	n/a	NonTarget	1	173732
695.152	n/a	NonTarget	1	173788
695.376	n/a	NonTarget	1	173844
695.604	n/a	NonTarget	1	173901
695.832	n/a	NonTarget	1	173958
696.056	n/a	NonTarget	1	174014
696.28	n/a	NonTarget	1	174070
696.504	n/a	NonTarget	1	174126
696.732	n/a	NonTarget	1	174183
696.956	n/a	NonTarget	1	174239
697.18	n/a	Target	2	174295
697.408	n/a	NonTarget	1	174352
697.632	n/a	NonTarget	1	174408
697.856	n/a	NonTarget	1	174464
698.084	n/a	NonTarget	1	174521
698.308	n/a	NonTarget	1	174577
698.536	n/a	NonTarget	1	174634
698.76	n/a	NonTarget	1	174690
698.984	n/a	NonTarget	1	174746
699.212	n/a	Target	2	174803
699.436	n/a	NonTarget	1	174859
699.664	n/a	NonTarget	1	174916
699.888	n/a	NonTarget	1	174972
700.112	n/a	NonTarget	1	175028
700.336	n/a	NonTarget	1	175084
700.564	n/a	NonTarget	1	175141
700.788	n/a	NonTarget	1	175197
701.012	n/a	Target	2	175253
701.24	n/a	NonTarget	1	175310
701.464	n/a	NonTarget	1	175366
701.688	n/a	NonTarget	1	175422
701.912	n/a	NonTarget	1	175478
702.14	n/a	NonTarget	1	175535
702.364	n/a	Target	2	175591
702.588	n/a	NonTarget	1	175647
702.816	n/a	NonTarget	1	175704
703.04	n/a	NonTarget	1	175760
703.264	n/a	NonTarget	1	175816
703.492	n/a	NonTarget	1	175873
703.716	n/a	Target	2	175929
703.94	n/a	NonTarget	1	175985
704.164	n/a	NonTarget	1	176041
704.392	n/a	NonTarget	1	176098
704.616	n/a	NonTarget	1	176154
704.84	n/a	NonTarget	1	176210
705.068	n/a	NonTarget	1	176267
705.292	n/a	NonTarget	1	176323
705.516	n/a	NonTarget	1	176379
705.744	n/a	NonTarget	1	176436
705.968	n/a	Target	2	176492
706.192	n/a	NonTarget	1	176548
706.42	n/a	NonTarget	1	176605
706.644	n/a	NonTarget	1	176661
706.872	n/a	NonTarget	1	176718
707.096	n/a	NonTarget	1	176774
707.32	n/a	NonTarget	1	176830
707.548	n/a	NonTarget	1	176887
707.772	n/a	Target	2	176943
708.0	n/a	NonTarget	1	177000
708.224	n/a	NonTarget	1	177056
708.448	n/a	NonTarget	1	177112
708.672	n/a	NonTarget	1	177168
708.896	n/a	NonTarget	1	177224
709.124	n/a	NonTarget	1	177281
709.348	n/a	NonTarget	1	177337
709.576	n/a	NonTarget	1	177394
709.804	n/a	NonTarget	1	177451
710.028	n/a	NonTarget	1	177507
710.252	n/a	NonTarget	1	177563
710.476	n/a	Target	2	177619
710.704	n/a	NonTarget	1	177676
710.928	n/a	NonTarget	1	177732
711.152	n/a	NonTarget	1	177788
711.38	n/a	NonTarget	1	177845
711.604	n/a	NonTarget	1	177901
711.832	n/a	NonTarget	1	177958
712.056	n/a	NonTarget	1	178014
712.28	n/a	NonTarget	1	178070
712.508	n/a	NonTarget	1	178127
712.732	n/a	NonTarget	1	178183
712.96	n/a	NonTarget	1	178240
713.184	n/a	NonTarget	1	178296
713.408	n/a	Target	2	178352
713.632	n/a	NonTarget	1	178408
713.856	n/a	NonTarget	1	178464
714.084	n/a	NonTarget	1	178521
714.308	n/a	NonTarget	1	178577
714.536	n/a	NonTarget	1	178634
714.76	n/a	NonTarget	1	178690
714.984	n/a	NonTarget	1	178746
715.212	n/a	Target	2	178803
715.436	n/a	NonTarget	1	178859
715.664	n/a	NonTarget	1	178916
715.888	n/a	NonTarget	1	178972
716.116	n/a	NonTarget	1	179029
716.34	n/a	NonTarget	1	179085
716.564	n/a	NonTarget	1	179141
716.792	n/a	NonTarget	1	179198
717.016	n/a	Target	2	179254
717.244	n/a	NonTarget	1	179311
717.468	n/a	NonTarget	1	179367
717.692	n/a	NonTarget	1	179423
717.92	n/a	NonTarget	1	179480
718.144	n/a	NonTarget	1	179536
718.372	n/a	NonTarget	1	179593
718.596	n/a	NonTarget	1	179649
718.82	n/a	NonTarget	1	179705
719.044	n/a	NonTarget	1	179761
719.272	n/a	Target	2	179818
719.496	n/a	NonTarget	1	179874
719.724	n/a	NonTarget	1	179931
719.948	n/a	NonTarget	1	179987
720.172	n/a	NonTarget	1	180043
720.396	n/a	NonTarget	1	180099
720.624	n/a	Target	2	180156
720.848	n/a	NonTarget	1	180212
721.072	n/a	NonTarget	1	180268
721.3	n/a	NonTarget	1	180325
721.524	n/a	NonTarget	1	180381
721.748	n/a	NonTarget	1	180437
721.976	n/a	NonTarget	1	180494
722.2	n/a	Target	2	180550
722.428	n/a	NonTarget	1	180607
722.652	n/a	NonTarget	1	180663
722.876	n/a	NonTarget	1	180719
723.104	n/a	NonTarget	1	180776
723.328	n/a	NonTarget	1	180832
723.552	n/a	NonTarget	1	180888
732.328	n/a	NonTarget	1	183082
732.556	n/a	NonTarget	1	183139
732.78	n/a	NonTarget	1	183195
733.008	n/a	NonTarget	1	183252
733.232	n/a	NonTarget	1	183308
733.456	n/a	NonTarget	1	183364
733.68	n/a	NonTarget	1	183420
733.908	n/a	NonTarget	1	183477
734.132	n/a	Target	2	183533
734.356	n/a	NonTarget	1	183589
734.584	n/a	NonTarget	1	183646
734.808	n/a	NonTarget	1	183702
735.032	n/a	NonTarget	1	183758
735.256	n/a	NonTarget	1	183814
735.484	n/a	NonTarget	1	183871
735.712	n/a	Target	2	183928
735.936	n/a	NonTarget	1	183984
736.16	n/a	NonTarget	1	184040
736.388	n/a	NonTarget	1	184097
736.612	n/a	NonTarget	1	184153
736.836	n/a	NonTarget	1	184209
737.064	n/a	Target	2	184266
737.288	n/a	NonTarget	1	184322
737.516	n/a	NonTarget	1	184379
737.74	n/a	NonTarget	1	184435
737.964	n/a	NonTarget	1	184491
738.192	n/a	NonTarget	1	184548
738.416	n/a	NonTarget	1	184604
738.64	n/a	NonTarget	1	184660
738.868	n/a	Target	2	184717
739.092	n/a	NonTarget	1	184773
739.316	n/a	NonTarget	1	184829
739.54	n/a	NonTarget	1	184885
739.768	n/a	NonTarget	1	184942
739.992	n/a	NonTarget	1	184998
740.216	n/a	NonTarget	1	185054
740.444	n/a	NonTarget	1	185111
740.668	n/a	NonTarget	1	185167
740.896	n/a	Target	2	185224
741.12	n/a	NonTarget	1	185280
741.348	n/a	NonTarget	1	185337
741.572	n/a	NonTarget	1	185393
741.796	n/a	NonTarget	1	185449
742.024	n/a	NonTarget	1	185506
742.248	n/a	NonTarget	1	185562
742.476	n/a	NonTarget	1	185619
742.7	n/a	NonTarget	1	185675
742.924	n/a	NonTarget	1	185731
743.152	n/a	NonTarget	1	185788
743.376	n/a	NonTarget	1	185844
743.604	n/a	NonTarget	1	185901
743.828	n/a	NonTarget	1	185957
744.056	n/a	NonTarget	1	186014
744.28	n/a	Target	2	186070
744.504	n/a	NonTarget	1	186126
744.732	n/a	NonTarget	1	186183
744.956	n/a	NonTarget	1	186239
745.18	n/a	NonTarget	1	186295
745.408	n/a	NonTarget	1	186352
745.632	n/a	NonTarget	1	186408
745.856	n/a	NonTarget	1	186464
746.084	n/a	Target	2	186521
746.308	n/a	NonTarget	1	186577
746.532	n/a	NonTarget	1	186633
746.756	n/a	NonTarget	1	186689
746.98	n/a	Target	2	186745
747.208	n/a	NonTarget	1	186802
747.436	n/a	NonTarget	1	186859
747.66	n/a	NonTarget	1	186915
747.888	n/a	NonTarget	1	186972
748.112	n/a	NonTarget	1	187028
748.336	n/a	NonTarget	1	187084
748.56	n/a	NonTarget	1	187140
748.788	n/a	NonTarget	1	187197
749.012	n/a	NonTarget	1	187253
749.24	n/a	NonTarget	1	187310
749.464	n/a	NonTarget	1	187366
749.688	n/a	NonTarget	1	187422
749.916	n/a	NonTarget	1	187479
750.14	n/a	NonTarget	1	187535
750.364	n/a	Target	2	187591
750.592	n/a	NonTarget	1	187648
750.816	n/a	NonTarget	1	187704
751.044	n/a	NonTarget	1	187761
751.268	n/a	NonTarget	1	187817
751.496	n/a	NonTarget	1	187874
751.72	n/a	Target	2	187930
751.944	n/a	NonTarget	1	187986
752.172	n/a	NonTarget	1	188043
752.396	n/a	NonTarget	1	188099
752.62	n/a	NonTarget	1	188155
752.844	n/a	NonTarget	1	188211
753.072	n/a	Target	2	188268
753.296	n/a	NonTarget	1	188324
753.52	n/a	NonTarget	1	188380
753.748	n/a	NonTarget	1	188437
753.972	n/a	NonTarget	1	188493
754.196	n/a	NonTarget	1	188549
754.424	n/a	NonTarget	1	188606
754.648	n/a	NonTarget	1	188662
754.876	n/a	Target	2	188719
755.1	n/a	NonTarget	1	188775
755.324	n/a	NonTarget	1	188831
755.552	n/a	NonTarget	1	188888
755.776	n/a	NonTarget	1	188944
756.004	n/a	NonTarget	1	189001
756.228	n/a	NonTarget	1	189057
756.456	n/a	NonTarget	1	189114
756.68	n/a	NonTarget	1	189170
756.904	n/a	NonTarget	1	189226
757.128	n/a	NonTarget	1	189282
757.356	n/a	NonTarget	1	189339
757.58	n/a	NonTarget	1	189395
757.804	n/a	NonTarget	1	189451
758.032	n/a	NonTarget	1	189508
758.256	n/a	NonTarget	1	189564
758.48	n/a	Target	2	189620
758.708	n/a	NonTarget	1	189677
758.932	n/a	NonTarget	1	189733
759.16	n/a	NonTarget	1	189790
759.384	n/a	NonTarget	1	189846
759.608	n/a	NonTarget	1	189902
759.836	n/a	NonTarget	1	189959
760.06	n/a	NonTarget	1	190015
760.288	n/a	NonTarget	1	190072
760.512	n/a	Target	2	190128
760.74	n/a	NonTarget	1	190185
760.964	n/a	NonTarget	1	190241
761.188	n/a	NonTarget	1	190297
761.416	n/a	NonTarget	1	190354
761.64	n/a	NonTarget	1	190410
761.868	n/a	NonTarget	1	190467
762.092	n/a	NonTarget	1	190523
762.32	n/a	Target	2	190580
762.544	n/a	NonTarget	1	190636
783.784	n/a	NonTarget	1	195946
784.012	n/a	NonTarget	1	196003
784.236	n/a	NonTarget	1	196059
784.464	n/a	Target	2	196116
784.688	n/a	NonTarget	1	196172
784.912	n/a	NonTarget	1	196228
785.14	n/a	NonTarget	1	196285
785.364	n/a	NonTarget	1	196341
785.592	n/a	NonTarget	1	196398
785.816	n/a	Target	2	196454
786.04	n/a	NonTarget	1	196510
786.268	n/a	NonTarget	1	196567
786.492	n/a	NonTarget	1	196623
786.72	n/a	NonTarget	1	196680
786.944	n/a	NonTarget	1	196736
787.168	n/a	NonTarget	1	196792
787.396	n/a	NonTarget	1	196849
787.62	n/a	NonTarget	1	196905
787.844	n/a	Target	2	196961
788.072	n/a	NonTarget	1	197018
788.296	n/a	NonTarget	1	197074
788.52	n/a	NonTarget	1	197130
788.748	n/a	NonTarget	1	197187
788.972	n/a	NonTarget	1	197243
789.2	n/a	NonTarget	1	197300
789.424	n/a	NonTarget	1	197356
789.648	n/a	NonTarget	1	197412
789.876	n/a	NonTarget	1	197469
790.1	n/a	NonTarget	1	197525
790.324	n/a	NonTarget	1	197581
790.552	n/a	NonTarget	1	197638
790.776	n/a	NonTarget	1	197694
791.0	n/a	NonTarget	1	197750
791.224	n/a	NonTarget	1	197806
791.452	n/a	NonTarget	1	197863
791.68	n/a	Target	2	197920
791.904	n/a	NonTarget	1	197976
792.128	n/a	NonTarget	1	198032
792.352	n/a	NonTarget	1	198088
792.58	n/a	NonTarget	1	198145
792.804	n/a	Target	2	198201
793.028	n/a	NonTarget	1	198257
793.256	n/a	NonTarget	1	198314
793.48	n/a	NonTarget	1	198370
793.704	n/a	NonTarget	1	198426
793.928	n/a	NonTarget	1	198482
794.156	n/a	NonTarget	1	198539
794.38	n/a	NonTarget	1	198595
794.608	n/a	NonTarget	1	198652
794.832	n/a	Target	2	198708
795.056	n/a	NonTarget	1	198764
795.284	n/a	NonTarget	1	198821
795.508	n/a	NonTarget	1	198877
795.736	n/a	NonTarget	1	198934
795.96	n/a	NonTarget	1	198990
796.184	n/a	NonTarget	1	199046
796.408	n/a	NonTarget	1	199102
796.632	n/a	NonTarget	1	199158
796.86	n/a	NonTarget	1	199215
797.084	n/a	NonTarget	1	199271
797.308	n/a	Target	2	199327
797.536	n/a	NonTarget	1	199384
797.76	n/a	NonTarget	1	199440
797.988	n/a	NonTarget	1	199497
798.212	n/a	NonTarget	1	199553
798.436	n/a	NonTarget	1	199609
798.664	n/a	Target	2	199666
798.888	n/a	NonTarget	1	199722
799.116	n/a	NonTarget	1	199779
799.34	n/a	NonTarget	1	199835
799.564	n/a	NonTarget	1	199891
799.792	n/a	NonTarget	1	199948
800.016	n/a	NonTarget	1	200004
800.24	n/a	NonTarget	1	200060
800.464	n/a	NonTarget	1	200116
800.692	n/a	NonTarget	1	200173
800.916	n/a	NonTarget	1	200229
801.14	n/a	Target	2	200285
801.368	n/a	NonTarget	1	200342
801.592	n/a	NonTarget	1	200398
801.82	n/a	NonTarget	1	200455
802.044	n/a	NonTarget	1	200511
802.268	n/a	Target	2	200567
802.496	n/a	NonTarget	1	200624
802.72	n/a	NonTarget	1	200680
802.944	n/a	NonTarget	1	200736
803.168	n/a	NonTarget	1	200792
803.396	n/a	NonTarget	1	200849
803.62	n/a	NonTarget	1	200905
803.844	n/a	NonTarget	1	200961
804.072	n/a	Target	2	201018
804.296	n/a	NonTarget	1	201074
804.52	n/a	NonTarget	1	201130
804.748	n/a	NonTarget	1	201187
804.972	n/a	NonTarget	1	201243
805.196	n/a	NonTarget	1	201299
805.424	n/a	NonTarget	1	201356
805.648	n/a	NonTarget	1	201412
805.876	n/a	NonTarget	1	201469
806.1	n/a	NonTarget	1	201525
806.324	n/a	NonTarget	1	201581
806.552	n/a	NonTarget	1	201638
806.776	n/a	NonTarget	1	201694
807.004	n/a	NonTarget	1	201751
807.228	n/a	NonTarget	1	201807
807.452	n/a	NonTarget	1	201863
807.68	n/a	Target	2	201920
807.904	n/a	NonTarget	1	201976
808.128	n/a	NonTarget	1	202032
808.352	n/a	NonTarget	1	202088
808.58	n/a	NonTarget	1	202145
808.804	n/a	NonTarget	1	202201
809.032	n/a	NonTarget	1	202258
809.256	n/a	NonTarget	1	202314
809.48	n/a	NonTarget	1	202370
809.708	n/a	NonTarget	1	202427
809.932	n/a	Target	2	202483
810.16	n/a	NonTarget	1	202540
810.384	n/a	NonTarget	1	202596
810.612	n/a	Target	2	202653
810.836	n/a	NonTarget	1	202709
811.06	n/a	NonTarget	1	202765
811.288	n/a	NonTarget	1	202822
811.512	n/a	NonTarget	1	202878
811.736	n/a	NonTarget	1	202934
811.964	n/a	NonTarget	1	202991
812.188	n/a	NonTarget	1	203047
812.412	n/a	NonTarget	1	203103
812.64	n/a	Target	2	203160
812.864	n/a	NonTarget	1	203216
813.088	n/a	NonTarget	1	203272
813.316	n/a	NonTarget	1	203329
813.54	n/a	NonTarget	1	203385
813.768	n/a	NonTarget	1	203442
822.772	n/a	NonTarget	1	205693
822.996	n/a	NonTarget	1	205749
823.224	n/a	NonTarget	1	205806
823.448	n/a	NonTarget	1	205862
823.676	n/a	NonTarget	1	205919
823.9	n/a	Target	2	205975
824.124	n/a	NonTarget	1	206031
824.352	n/a	NonTarget	1	206088
824.576	n/a	NonTarget	1	206144
824.804	n/a	NonTarget	1	206201
825.028	n/a	Target	2	206257
825.252	n/a	NonTarget	1	206313
825.476	n/a	NonTarget	1	206369
825.704	n/a	NonTarget	1	206426
825.928	n/a	NonTarget	1	206482
826.156	n/a	NonTarget	1	206539
826.38	n/a	NonTarget	1	206595
826.604	n/a	NonTarget	1	206651
826.828	n/a	NonTarget	1	206707
827.056	n/a	NonTarget	1	206764
827.28	n/a	NonTarget	1	206820
827.508	n/a	NonTarget	1	206877
827.732	n/a	NonTarget	1	206933
827.956	n/a	NonTarget	1	206989
828.18	n/a	NonTarget	1	207045
828.408	n/a	NonTarget	1	207102
828.636	n/a	Target	2	207159
828.864	n/a	NonTarget	1	207216
829.088	n/a	NonTarget	1	207272
829.312	n/a	NonTarget	1	207328
829.54	n/a	NonTarget	1	207385
829.764	n/a	NonTarget	1	207441
829.992	n/a	NonTarget	1	207498
830.216	n/a	Target	2	207554
830.44	n/a	NonTarget	1	207610
830.664	n/a	NonTarget	1	207666
830.888	n/a	NonTarget	1	207722
831.116	n/a	NonTarget	1	207779
831.34	n/a	NonTarget	1	207835
831.568	n/a	NonTarget	1	207892
831.792	n/a	NonTarget	1	207948
832.016	n/a	NonTarget	1	208004
832.244	n/a	NonTarget	1	208061
832.468	n/a	NonTarget	1	208117
832.696	n/a	Target	2	208174
832.92	n/a	NonTarget	1	208230
833.144	n/a	NonTarget	1	208286
833.372	n/a	NonTarget	1	208343
833.596	n/a	NonTarget	1	208399
833.82	n/a	Target	2	208455
834.044	n/a	NonTarget	1	208511
834.268	n/a	NonTarget	1	208567
834.496	n/a	NonTarget	1	208624
834.72	n/a	NonTarget	1	208680
834.948	n/a	NonTarget	1	208737
835.172	n/a	Target	2	208793
835.396	n/a	NonTarget	1	208849
835.624	n/a	NonTarget	1	208906
835.848	n/a	NonTarget	1	208962
836.076	n/a	NonTarget	1	209019
836.3	n/a	NonTarget	1	209075
836.524	n/a	NonTarget	1	209131
836.752	n/a	NonTarget	1	209188
836.976	n/a	Target	2	209244
837.204	n/a	NonTarget	1	209301
837.428	n/a	NonTarget	1	209357
837.652	n/a	NonTarget	1	209413
837.876	n/a	NonTarget	1	209469
838.104	n/a	NonTarget	1	209526
838.328	n/a	NonTarget	1	209582
838.552	n/a	NonTarget	1	209638
838.78	n/a	NonTarget	1	209695
839.004	n/a	NonTarget	1	209751
839.232	n/a	NonTarget	1	209808
839.456	n/a	NonTarget	1	209864
839.68	n/a	NonTarget	1	209920
839.908	n/a	NonTarget	1	209977
840.132	n/a	Target	2	210033
840.36	n/a	NonTarget	1	210090
840.584	n/a	NonTarget	1	210146
840.808	n/a	NonTarget	1	210202
841.036	n/a	NonTarget	1	210259
841.26	n/a	Target	2	210315
841.488	n/a	NonTarget	1	210372
841.712	n/a	NonTarget	1	210428
841.936	n/a	NonTarget	1	210484
842.164	n/a	NonTarget	1	210541
842.388	n/a	NonTarget	1	210597
842.616	n/a	NonTarget	1	210654
842.84	n/a	NonTarget	1	210710
843.064	n/a	NonTarget	1	210766
843.292	n/a	NonTarget	1	210823
843.516	n/a	NonTarget	1	210879
843.74	n/a	NonTarget	1	210935
843.968	n/a	NonTarget	1	210992
844.192	n/a	NonTarget	1	211048
844.416	n/a	NonTarget	1	211104
844.644	n/a	NonTarget	1	211161
844.868	n/a	Target	2	211217
845.092	n/a	NonTarget	1	211273
845.32	n/a	NonTarget	1	211330
845.544	n/a	NonTarget	1	211386
845.768	n/a	Target	2	211442
845.996	n/a	NonTarget	1	211499
846.22	n/a	NonTarget	1	211555
846.444	n/a	NonTarget	1	211611
846.672	n/a	NonTarget	1	211668
846.896	n/a	NonTarget	1	211724
847.12	n/a	Target	2	211780
847.344	n/a	NonTarget	1	211836
847.572	n/a	NonTarget	1	211893
847.8	n/a	NonTarget	1	211950
848.024	n/a	NonTarget	1	212006
848.248	n/a	NonTarget	1	212062
848.472	n/a	NonTarget	1	212118
848.7	n/a	NonTarget	1	212175
848.924	n/a	NonTarget	1	212231
849.152	n/a	NonTarget	1	212288
849.376	n/a	NonTarget	1	212344
849.6	n/a	NonTarget	1	212400
849.824	n/a	NonTarget	1	212456
850.048	n/a	Target	2	212512
850.276	n/a	NonTarget	1	212569
850.5	n/a	NonTarget	1	212625
850.728	n/a	NonTarget	1	212682
850.952	n/a	NonTarget	1	212738
851.176	n/a	NonTarget	1	212794
851.404	n/a	NonTarget	1	212851
851.628	n/a	NonTarget	1	212907
851.856	n/a	NonTarget	1	212964
852.08	n/a	NonTarget	1	213020
852.304	n/a	NonTarget	1	213076
852.532	n/a	Target	2	213133
852.756	n/a	NonTarget	1	213189
852.98	n/a	NonTarget	1	213245
866.828	n/a	NonTarget	1	216707
867.052	n/a	NonTarget	1	216763
867.28	n/a	NonTarget	1	216820
867.504	n/a	NonTarget	1	216876
867.728	n/a	NonTarget	1	216932
867.956	n/a	NonTarget	1	216989
868.18	n/a	NonTarget	1	217045
868.408	n/a	NonTarget	1	217102
868.632	n/a	Target	2	217158
868.856	n/a	NonTarget	1	217214
869.08	n/a	NonTarget	1	217270
869.304	n/a	NonTarget	1	217326
869.532	n/a	NonTarget	1	217383
869.76	n/a	NonTarget	1	217440
869.984	n/a	NonTarget	1	217496
870.208	n/a	NonTarget	1	217552
870.432	n/a	Target	2	217608
870.66	n/a	NonTarget	1	217665
870.884	n/a	NonTarget	1	217721
871.112	n/a	NonTarget	1	217778
871.336	n/a	Target	2	217834
871.56	n/a	NonTarget	1	217890
871.788	n/a	NonTarget	1	217947
872.012	n/a	NonTarget	1	218003
872.24	n/a	NonTarget	1	218060
872.464	n/a	NonTarget	1	218116
872.692	n/a	NonTarget	1	218173
872.916	n/a	NonTarget	1	218229
873.14	n/a	NonTarget	1	218285
873.368	n/a	Target	2	218342
873.592	n/a	NonTarget	1	218398
873.816	n/a	NonTarget	1	218454
874.04	n/a	NonTarget	1	218510
874.264	n/a	NonTarget	1	218566
874.492	n/a	NonTarget	1	218623
874.716	n/a	NonTarget	1	218679
874.944	n/a	Target	2	218736
875.168	n/a	NonTarget	1	218792
875.392	n/a	NonTarget	1	218848
875.62	n/a	NonTarget	1	218905
875.844	n/a	NonTarget	1	218961
876.072	n/a	NonTarget	1	219018
876.296	n/a	NonTarget	1	219074
876.52	n/a	NonTarget	1	219130
876.748	n/a	NonTarget	1	219187
876.972	n/a	NonTarget	1	219243
877.2	n/a	NonTarget	1	219300
877.424	n/a	NonTarget	1	219356
877.648	n/a	Target	2	219412
877.876	n/a	NonTarget	1	219469
878.1	n/a	NonTarget	1	219525
878.324	n/a	NonTarget	1	219581
878.552	n/a	NonTarget	1	219638
878.78	n/a	NonTarget	1	219695
879.004	n/a	NonTarget	1	219751
879.232	n/a	Target	2	219808
879.456	n/a	NonTarget	1	219864
879.68	n/a	NonTarget	1	219920
879.904	n/a	NonTarget	1	219976
880.132	n/a	NonTarget	1	220033
880.356	n/a	NonTarget	1	220089
880.584	n/a	NonTarget	1	220146
880.808	n/a	NonTarget	1	220202
881.032	n/a	NonTarget	1	220258
881.26	n/a	NonTarget	1	220315
881.484	n/a	NonTarget	1	220371
881.712	n/a	NonTarget	1	220428
881.936	n/a	Target	2	220484
882.16	n/a	NonTarget	1	220540
882.388	n/a	NonTarget	1	220597
882.612	n/a	NonTarget	1	220653
882.84	n/a	NonTarget	1	220710
883.064	n/a	NonTarget	1	220766
883.292	n/a	NonTarget	1	220823
883.516	n/a	NonTarget	1	220879
883.74	n/a	NonTarget	1	220935
883.968	n/a	NonTarget	1	220992
884.192	n/a	NonTarget	1	221048
884.42	n/a	NonTarget	1	221105
884.644	n/a	Target	2	221161
884.868	n/a	NonTarget	1	221217
885.096	n/a	NonTarget	1	221274
885.32	n/a	NonTarget	1	221330
885.544	n/a	NonTarget	1	221386
885.768	n/a	NonTarget	1	221442
885.996	n/a	NonTarget	1	221499
886.22	n/a	NonTarget	1	221555
886.448	n/a	Target	2	221612
886.672	n/a	NonTarget	1	221668
886.896	n/a	NonTarget	1	221724
887.12	n/a	NonTarget	1	221780
887.344	n/a	NonTarget	1	221836
887.572	n/a	NonTarget	1	221893
887.796	n/a	Target	2	221949
888.024	n/a	NonTarget	1	222006
888.248	n/a	NonTarget	1	222062
888.472	n/a	NonTarget	1	222118
888.7	n/a	NonTarget	1	222175
888.924	n/a	NonTarget	1	222231
889.152	n/a	NonTarget	1	222288
889.376	n/a	NonTarget	1	222344
889.6	n/a	NonTarget	1	222400
889.828	n/a	NonTarget	1	222457
890.052	n/a	NonTarget	1	222513
890.28	n/a	NonTarget	1	222570
890.504	n/a	Target	2	222626
890.728	n/a	NonTarget	1	222682
890.952	n/a	NonTarget	1	222738
891.176	n/a	NonTarget	1	222794
891.404	n/a	NonTarget	1	222851
891.628	n/a	NonTarget	1	222907
891.856	n/a	NonTarget	1	222964
892.08	n/a	NonTarget	1	223020
892.304	n/a	NonTarget	1	223076
892.532	n/a	Target	2	223133
892.756	n/a	NonTarget	1	223189
892.984	n/a	NonTarget	1	223246
893.208	n/a	NonTarget	1	223302
893.432	n/a	Target	2	223358
893.66	n/a	NonTarget	1	223415
893.884	n/a	NonTarget	1	223471
894.108	n/a	NonTarget	1	223527
894.332	n/a	NonTarget	1	223583
894.56	n/a	NonTarget	1	223640
894.784	n/a	NonTarget	1	223696
895.008	n/a	NonTarget	1	223752
895.236	n/a	NonTarget	1	223809
895.46	n/a	NonTarget	1	223865
895.684	n/a	NonTarget	1	223921
895.912	n/a	NonTarget	1	223978
896.136	n/a	NonTarget	1	224034
896.364	n/a	NonTarget	1	224091
896.588	n/a	Target	2	224147
896.812	n/a	NonTarget	1	224203
897.036	n/a	NonTarget	1	224259
905.836	n/a	NonTarget	1	226459
906.06	n/a	NonTarget	1	226515
906.288	n/a	NonTarget	1	226572
906.512	n/a	NonTarget	1	226628
906.74	n/a	NonTarget	1	226685
906.964	n/a	Target	2	226741
907.192	n/a	NonTarget	1	226798
907.416	n/a	NonTarget	1	226854
907.64	n/a	NonTarget	1	226910
907.864	n/a	NonTarget	1	226966
908.092	n/a	NonTarget	1	227023
908.316	n/a	NonTarget	1	227079
908.54	n/a	NonTarget	1	227135
908.764	n/a	NonTarget	1	227191
908.992	n/a	NonTarget	1	227248
909.216	n/a	Target	2	227304
909.444	n/a	NonTarget	1	227361
909.668	n/a	NonTarget	1	227417
909.892	n/a	NonTarget	1	227473
910.12	n/a	NonTarget	1	227530
910.344	n/a	NonTarget	1	227586
910.572	n/a	Target	2	227643
910.796	n/a	NonTarget	1	227699
911.024	n/a	NonTarget	1	227756
911.248	n/a	NonTarget	1	227812
911.472	n/a	NonTarget	1	227868
911.7	n/a	NonTarget	1	227925
911.924	n/a	NonTarget	1	227981
912.152	n/a	NonTarget	1	228038
912.376	n/a	Target	2	228094
912.6	n/a	NonTarget	1	228150
912.828	n/a	NonTarget	1	228207
913.052	n/a	NonTarget	1	228263
913.28	n/a	NonTarget	1	228320
913.504	n/a	NonTarget	1	228376
913.728	n/a	NonTarget	1	228432
913.952	n/a	NonTarget	1	228488
914.176	n/a	Target	2	228544
914.404	n/a	NonTarget	1	228601
914.628	n/a	NonTarget	1	228657
914.856	n/a	NonTarget	1	228714
915.08	n/a	NonTarget	1	228770
915.304	n/a	NonTarget	1	228826
915.532	n/a	NonTarget	1	228883
915.756	n/a	NonTarget	1	228939
915.984	n/a	NonTarget	1	228996
916.208	n/a	NonTarget	1	229052
916.432	n/a	NonTarget	1	229108
916.656	n/a	NonTarget	1	229164
916.88	n/a	Target	2	229220
917.108	n/a	NonTarget	1	229277
917.332	n/a	NonTarget	1	229333
917.556	n/a	NonTarget	1	229389
917.784	n/a	NonTarget	1	229446
918.008	n/a	NonTarget	1	229502
918.236	n/a	NonTarget	1	229559
918.46	n/a	NonTarget	1	229615
918.684	n/a	NonTarget	1	229671
918.912	n/a	NonTarget	1	229728
919.136	n/a	NonTarget	1	229784
919.364	n/a	NonTarget	1	229841
919.588	n/a	Target	2	229897
919.812	n/a	NonTarget	1	229953
920.04	n/a	NonTarget	1	230010
920.264	n/a	NonTarget	1	230066
920.492	n/a	NonTarget	1	230123
920.716	n/a	NonTarget	1	230179
920.94	n/a	NonTarget	1	230235
921.164	n/a	Target	2	230291
921.388	n/a	NonTarget	1	230347
921.616	n/a	NonTarget	1	230404
921.84	n/a	NonTarget	1	230460
922.068	n/a	NonTarget	1	230517
922.292	n/a	NonTarget	1	230573
922.516	n/a	Target	2	230629
922.744	n/a	NonTarget	1	230686
922.968	n/a	NonTarget	1	230742
923.196	n/a	NonTarget	1	230799
923.42	n/a	NonTarget	1	230855
923.648	n/a	NonTarget	1	230912
923.872	n/a	NonTarget	1	230968
924.096	n/a	NonTarget	1	231024
924.324	n/a	NonTarget	1	231081
924.548	n/a	NonTarget	1	231137
924.776	n/a	NonTarget	1	231194
925.0	n/a	NonTarget	1	231250
925.224	n/a	NonTarget	1	231306
925.452	n/a	NonTarget	1	231363
925.676	n/a	NonTarget	1	231419
925.904	n/a	Target	2	231476
926.128	n/a	NonTarget	1	231532
926.356	n/a	NonTarget	1	231589
926.58	n/a	NonTarget	1	231645
926.804	n/a	NonTarget	1	231701
927.028	n/a	NonTarget	1	231757
927.256	n/a	NonTarget	1	231814
927.48	n/a	Target	2	231870
927.704	n/a	NonTarget	1	231926
927.932	n/a	NonTarget	1	231983
928.156	n/a	NonTarget	1	232039
928.384	n/a	NonTarget	1	232096
928.608	n/a	NonTarget	1	232152
928.836	n/a	NonTarget	1	232209
929.06	n/a	Target	2	232265
929.284	n/a	NonTarget	1	232321
929.512	n/a	NonTarget	1	232378
929.736	n/a	NonTarget	1	232434
929.964	n/a	NonTarget	1	232491
930.188	n/a	Target	2	232547
930.412	n/a	NonTarget	1	232603
930.636	n/a	NonTarget	1	232659
930.864	n/a	NonTarget	1	232716
931.092	n/a	NonTarget	1	232773
931.316	n/a	NonTarget	1	232829
931.54	n/a	NonTarget	1	232885
931.764	n/a	NonTarget	1	232941
931.992	n/a	NonTarget	1	232998
932.216	n/a	NonTarget	1	233054
932.44	n/a	NonTarget	1	233110
932.668	n/a	NonTarget	1	233167
932.892	n/a	Target	2	233223
933.116	n/a	NonTarget	1	233279
933.34	n/a	NonTarget	1	233335
933.568	n/a	NonTarget	1	233392
933.792	n/a	NonTarget	1	233448
934.016	n/a	NonTarget	1	233504
934.244	n/a	NonTarget	1	233561
934.468	n/a	NonTarget	1	233617
934.692	n/a	NonTarget	1	233673
934.916	n/a	NonTarget	1	233729
935.144	n/a	NonTarget	1	233786
935.368	n/a	NonTarget	1	233842
935.592	n/a	Target	2	233898
935.82	n/a	NonTarget	1	233955
936.044	n/a	NonTarget	1	234011
949.316	n/a	NonTarget	1	237329
949.54	n/a	NonTarget	1	237385
949.764	n/a	NonTarget	1	237441
949.992	n/a	Target	2	237498
950.216	n/a	NonTarget	1	237554
950.444	n/a	NonTarget	1	237611
950.668	n/a	NonTarget	1	237667
950.892	n/a	NonTarget	1	237723
951.12	n/a	NonTarget	1	237780
951.344	n/a	NonTarget	1	237836
951.568	n/a	Target	2	237892
951.792	n/a	NonTarget	1	237948
952.02	n/a	NonTarget	1	238005
952.244	n/a	NonTarget	1	238061
952.468	n/a	NonTarget	1	238117
952.696	n/a	NonTarget	1	238174
952.92	n/a	NonTarget	1	238230
953.148	n/a	NonTarget	1	238287
953.372	n/a	NonTarget	1	238343
953.596	n/a	NonTarget	1	238399
953.824	n/a	NonTarget	1	238456
954.048	n/a	NonTarget	1	238512
954.276	n/a	NonTarget	1	238569
954.5	n/a	Target	2	238625
954.724	n/a	NonTarget	1	238681
954.952	n/a	NonTarget	1	238738
955.176	n/a	NonTarget	1	238794
955.404	n/a	NonTarget	1	238851
955.628	n/a	NonTarget	1	238907
955.856	n/a	NonTarget	1	238964
956.08	n/a	NonTarget	1	239020
956.304	n/a	NonTarget	1	239076
956.532	n/a	NonTarget	1	239133
956.756	n/a	NonTarget	1	239189
956.984	n/a	NonTarget	1	239246
957.208	n/a	Target	2	239302
957.432	n/a	NonTarget	1	239358
957.66	n/a	NonTarget	1	239415
957.884	n/a	NonTarget	1	239471
958.108	n/a	NonTarget	1	239527
958.336	n/a	Target	2	239584
958.56	n/a	NonTarget	1	239640
958.784	n/a	NonTarget	1	239696
959.012	n/a	NonTarget	1	239753
959.236	n/a	NonTarget	1	239809
959.46	n/a	Target	2	239865
959.688	n/a	NonTarget	1	239922
959.912	n/a	NonTarget	1	239978
960.14	n/a	NonTarget	1	240035
960.364	n/a	NonTarget	1	240091
960.588	n/a	NonTarget	1	240147
960.816	n/a	NonTarget	1	240204
961.04	n/a	NonTarget	1	240260
961.264	n/a	NonTarget	1	240316
961.492	n/a	NonTarget	1	240373
961.716	n/a	Target	2	240429
961.94	n/a	NonTarget	1	240485
962.168	n/a	NonTarget	1	240542
962.392	n/a	NonTarget	1	240598
962.62	n/a	NonTarget	1	240655
962.844	n/a	NonTarget	1	240711
963.068	n/a	NonTarget	1	240767
963.296	n/a	NonTarget	1	240824
963.52	n/a	NonTarget	1	240880
963.744	n/a	NonTarget	1	240936
963.972	n/a	NonTarget	1	240993
964.196	n/a	NonTarget	1	241049
964.42	n/a	NonTarget	1	241105
964.648	n/a	Target	2	241162
964.872	n/a	NonTarget	1	241218
965.096	n/a	NonTarget	1	241274
965.324	n/a	NonTarget	1	241331
965.552	n/a	NonTarget	1	241388
965.776	n/a	NonTarget	1	241444
966.0	n/a	Target	2	241500
966.228	n/a	NonTarget	1	241557
966.452	n/a	NonTarget	1	241613
966.676	n/a	NonTarget	1	241669
966.904	n/a	NonTarget	1	241726
967.128	n/a	NonTarget	1	241782
967.356	n/a	NonTarget	1	241839
967.58	n/a	NonTarget	1	241895
967.804	n/a	NonTarget	1	241951
968.032	n/a	NonTarget	1	242008
968.256	n/a	Target	2	242064
968.48	n/a	NonTarget	1	242120
968.708	n/a	NonTarget	1	242177
968.932	n/a	NonTarget	1	242233
969.16	n/a	NonTarget	1	242290
969.384	n/a	NonTarget	1	242346
969.608	n/a	NonTarget	1	242402
969.836	n/a	NonTarget	1	242459
970.06	n/a	NonTarget	1	242515
970.284	n/a	NonTarget	1	242571
970.508	n/a	NonTarget	1	242627
970.736	n/a	NonTarget	1	242684
970.96	n/a	NonTarget	1	242740
971.188	n/a	NonTarget	1	242797
971.412	n/a	Target	2	242853
971.636	n/a	NonTarget	1	242909
971.864	n/a	NonTarget	1	242966
972.088	n/a	NonTarget	1	243022
972.316	n/a	Target	2	243079
972.54	n/a	NonTarget	1	243135
972.764	n/a	NonTarget	1	243191
972.992	n/a	NonTarget	1	243248
973.216	n/a	NonTarget	1	243304
973.444	n/a	NonTarget	1	243361
973.668	n/a	NonTarget	1	243417
973.896	n/a	NonTarget	1	243474
974.12	n/a	NonTarget	1	243530
974.344	n/a	Target	2	243586
974.572	n/a	NonTarget	1	243643
974.796	n/a	NonTarget	1	243699
975.02	n/a	NonTarget	1	243755
975.244	n/a	NonTarget	1	243811
975.472	n/a	NonTarget	1	243868
975.696	n/a	NonTarget	1	243924
975.92	n/a	Target	2	243980
976.148	n/a	NonTarget	1	244037
976.372	n/a	NonTarget	1	244093
976.596	n/a	NonTarget	1	244149
976.824	n/a	NonTarget	1	244206
977.048	n/a	NonTarget	1	244262
977.272	n/a	NonTarget	1	244318
977.496	n/a	NonTarget	1	244374
977.724	n/a	NonTarget	1	244431
977.948	n/a	Target	2	244487
978.172	n/a	NonTarget	1	244543
978.4	n/a	NonTarget	1	244600
978.624	n/a	NonTarget	1	244656
978.848	n/a	NonTarget	1	244712
979.072	n/a	NonTarget	1	244768
979.3	n/a	NonTarget	1	244825
988.32	n/a	NonTarget	1	247080
988.544	n/a	Target	2	247136
988.772	n/a	NonTarget	1	247193
988.996	n/a	NonTarget	1	247249
989.22	n/a	NonTarget	1	247305
989.448	n/a	NonTarget	1	247362
989.672	n/a	NonTarget	1	247418
989.9	n/a	NonTarget	1	247475
990.124	n/a	NonTarget	1	247531
990.352	n/a	NonTarget	1	247588
990.576	n/a	NonTarget	1	247644
990.8	n/a	NonTarget	1	247700
991.028	n/a	NonTarget	1	247757
991.252	n/a	Target	2	247813
991.48	n/a	NonTarget	1	247870
991.704	n/a	NonTarget	1	247926
991.928	n/a	NonTarget	1	247982
992.156	n/a	NonTarget	1	248039
992.38	n/a	Target	2	248095
992.604	n/a	NonTarget	1	248151
992.828	n/a	NonTarget	1	248207
993.056	n/a	NonTarget	1	248264
993.28	n/a	NonTarget	1	248320
993.504	n/a	NonTarget	1	248376
993.732	n/a	NonTarget	1	248433
993.956	n/a	NonTarget	1	248489
994.18	n/a	NonTarget	1	248545
994.408	n/a	NonTarget	1	248602
994.632	n/a	NonTarget	1	248658
994.86	n/a	Target	2	248715
995.084	n/a	NonTarget	1	248771
995.308	n/a	NonTarget	1	248827
995.536	n/a	NonTarget	1	248884
995.76	n/a	NonTarget	1	248940
995.988	n/a	NonTarget	1	248997
996.212	n/a	NonTarget	1	249053
996.436	n/a	NonTarget	1	249109
996.66	n/a	NonTarget	1	249165
996.888	n/a	NonTarget	1	249222
997.112	n/a	NonTarget	1	249278
997.34	n/a	NonTarget	1	249335
997.564	n/a	NonTarget	1	249391
997.792	n/a	Target	2	249448
998.016	n/a	NonTarget	1	249504
998.24	n/a	NonTarget	1	249560
998.468	n/a	NonTarget	1	249617
998.692	n/a	NonTarget	1	249673
998.916	n/a	NonTarget	1	249729
999.144	n/a	NonTarget	1	249786
999.368	n/a	NonTarget	1	249842
999.592	n/a	NonTarget	1	249898
999.82	n/a	NonTarget	1	249955
1000.044	n/a	Target	2	250011
1000.268	n/a	NonTarget	1	250067
1000.492	n/a	NonTarget	1	250123
1000.72	n/a	NonTarget	1	250180
1000.944	n/a	NonTarget	1	250236
1001.172	n/a	Target	2	250293
1001.396	n/a	NonTarget	1	250349
1001.62	n/a	NonTarget	1	250405
1001.848	n/a	NonTarget	1	250462
1002.072	n/a	NonTarget	1	250518
1002.3	n/a	NonTarget	1	250575
1002.524	n/a	Target	2	250631
1002.752	n/a	NonTarget	1	250688
1002.976	n/a	NonTarget	1	250744
1003.2	n/a	NonTarget	1	250800
1003.428	n/a	NonTarget	1	250857
1003.652	n/a	NonTarget	1	250913
1003.876	n/a	NonTarget	1	250969
1004.104	n/a	NonTarget	1	251026
1004.328	n/a	NonTarget	1	251082
1004.556	n/a	NonTarget	1	251139
1004.78	n/a	NonTarget	1	251195
1005.008	n/a	NonTarget	1	251252
1005.232	n/a	NonTarget	1	251308
1005.456	n/a	Target	2	251364
1005.684	n/a	NonTarget	1	251421
1005.908	n/a	NonTarget	1	251477
1006.132	n/a	NonTarget	1	251533
1006.36	n/a	NonTarget	1	251590
1006.584	n/a	NonTarget	1	251646
1006.808	n/a	NonTarget	1	251702
1007.036	n/a	NonTarget	1	251759
1007.26	n/a	NonTarget	1	251815
1007.488	n/a	Target	2	251872
1007.712	n/a	NonTarget	1	251928
1007.936	n/a	NonTarget	1	251984
1008.16	n/a	NonTarget	1	252040
1008.384	n/a	NonTarget	1	252096
1008.612	n/a	NonTarget	1	252153
1008.836	n/a	NonTarget	1	252209
1009.064	n/a	NonTarget	1	252266
1009.288	n/a	NonTarget	1	252322
1009.512	n/a	Target	2	252378
1009.74	n/a	NonTarget	1	252435
1009.964	n/a	NonTarget	1	252491
1010.192	n/a	NonTarget	1	252548
1010.416	n/a	NonTarget	1	252604
1010.64	n/a	NonTarget	1	252660
1010.868	n/a	NonTarget	1	252717
1011.092	n/a	Target	2	252773
1011.316	n/a	NonTarget	1	252829
1011.54	n/a	NonTarget	1	252885
1011.768	n/a	NonTarget	1	252942
1011.992	n/a	NonTarget	1	252998
1012.216	n/a	NonTarget	1	253054
1012.444	n/a	NonTarget	1	253111
1012.668	n/a	NonTarget	1	253167
1012.896	n/a	NonTarget	1	253224
1013.12	n/a	NonTarget	1	253280
1013.344	n/a	NonTarget	1	253336
1013.572	n/a	NonTarget	1	253393
1013.796	n/a	NonTarget	1	253449
1014.024	n/a	NonTarget	1	253506
1014.248	n/a	NonTarget	1	253562
1014.476	n/a	Target	2	253619
1014.7	n/a	NonTarget	1	253675
1014.924	n/a	NonTarget	1	253731
1015.152	n/a	NonTarget	1	253788
1015.376	n/a	NonTarget	1	253844
1015.604	n/a	NonTarget	1	253901
1015.828	n/a	Target	2	253957
1016.052	n/a	NonTarget	1	254013
1016.28	n/a	NonTarget	1	254070
1016.504	n/a	NonTarget	1	254126
1016.728	n/a	NonTarget	1	254182
1016.952	n/a	NonTarget	1	254238
1017.18	n/a	Target	2	254295
1017.404	n/a	NonTarget	1	254351
1017.632	n/a	NonTarget	1	254408
1017.856	n/a	NonTarget	1	254464
1018.084	n/a	NonTarget	1	254521
1018.308	n/a	NonTarget	1	254577
1018.532	n/a	NonTarget	1	254633
1031.124	n/a	NonTarget	1	257781
1031.348	n/a	NonTarget	1	257837
1031.572	n/a	NonTarget	1	257893
1031.796	n/a	Target	2	257949
1032.024	n/a	NonTarget	1	258006
1032.248	n/a	NonTarget	1	258062
1032.476	n/a	NonTarget	1	258119
1032.704	n/a	NonTarget	1	258176
1032.928	n/a	NonTarget	1	258232
1033.152	n/a	NonTarget	1	258288
1033.376	n/a	NonTarget	1	258344
1033.604	n/a	NonTarget	1	258401
1033.828	n/a	NonTarget	1	258457
1034.052	n/a	NonTarget	1	258513
1034.28	n/a	NonTarget	1	258570
1034.504	n/a	NonTarget	1	258626
1034.732	n/a	NonTarget	1	258683
1034.956	n/a	Target	2	258739
1035.18	n/a	NonTarget	1	258795
1035.404	n/a	NonTarget	1	258851
1035.628	n/a	NonTarget	1	258907
1035.856	n/a	NonTarget	1	258964
1036.08	n/a	NonTarget	1	259020
1036.308	n/a	NonTarget	1	259077
1036.532	n/a	NonTarget	1	259133
1036.756	n/a	Target	2	259189
1036.984	n/a	NonTarget	1	259246
1037.208	n/a	NonTarget	1	259302
1037.432	n/a	NonTarget	1	259358
1037.656	n/a	NonTarget	1	259414
1037.88	n/a	NonTarget	1	259470
1038.108	n/a	NonTarget	1	259527
1038.332	n/a	NonTarget	1	259583
1038.56	n/a	Target	2	259640
1038.784	n/a	NonTarget	1	259696
1039.008	n/a	NonTarget	1	259752
1039.236	n/a	NonTarget	1	259809
1039.46	n/a	NonTarget	1	259865
1039.684	n/a	NonTarget	1	259921
1039.908	n/a	Target	2	259977
1040.136	n/a	NonTarget	1	260034
1040.36	n/a	NonTarget	1	260090
1040.584	n/a	NonTarget	1	260146
1040.812	n/a	NonTarget	1	260203
1041.036	n/a	NonTarget	1	260259
1041.264	n/a	NonTarget	1	260316
1041.488	n/a	Target	2	260372
1041.712	n/a	NonTarget	1	260428
1041.94	n/a	NonTarget	1	260485
1042.164	n/a	NonTarget	1	260541
1042.392	n/a	NonTarget	1	260598
1042.616	n/a	NonTarget	1	260654
1042.84	n/a	NonTarget	1	260710
1043.068	n/a	NonTarget	1	260767
1043.292	n/a	NonTarget	1	260823
1043.52	n/a	NonTarget	1	260880
1043.744	n/a	NonTarget	1	260936
1043.968	n/a	NonTarget	1	260992
1044.196	n/a	NonTarget	1	261049
1044.42	n/a	NonTarget	1	261105
1044.648	n/a	Target	2	261162
1044.872	n/a	NonTarget	1	261218
1045.1	n/a	NonTarget	1	261275
1045.324	n/a	NonTarget	1	261331
1045.548	n/a	NonTarget	1	261387
1045.776	n/a	Target	2	261444
1046.0	n/a	NonTarget	1	261500
1046.228	n/a	NonTarget	1	261557
1046.452	n/a	NonTarget	1	261613
1046.676	n/a	NonTarget	1	261669
1046.904	n/a	NonTarget	1	261726
1047.128	n/a	NonTarget	1	261782
1047.352	n/a	NonTarget	1	261838
1047.58	n/a	NonTarget	1	261895
1047.804	n/a	Target	2	261951
1048.028	n/a	NonTarget	1	262007
1048.252	n/a	NonTarget	1	262063
1048.48	n/a	NonTarget	1	262120
1048.704	n/a	NonTarget	1	262176
1048.928	n/a	NonTarget	1	262232
1049.156	n/a	NonTarget	1	262289
1049.38	n/a	NonTarget	1	262345
1049.608	n/a	NonTarget	1	262402
1049.832	n/a	NonTarget	1	262458
1050.06	n/a	NonTarget	1	262515
1050.284	n/a	NonTarget	1	262571
1050.508	n/a	NonTarget	1	262627
1050.736	n/a	NonTarget	1	262684
1050.96	n/a	NonTarget	1	262740
1051.188	n/a	Target	2	262797
1051.412	n/a	NonTarget	1	262853
1051.636	n/a	NonTarget	1	262909
1051.864	n/a	NonTarget	1	262966
1052.088	n/a	NonTarget	1	263022
1052.312	n/a	NonTarget	1	263078
1052.54	n/a	Target	2	263135
1052.764	n/a	NonTarget	1	263191
1052.992	n/a	NonTarget	1	263248
1053.216	n/a	NonTarget	1	263304
1053.44	n/a	NonTarget	1	263360
1053.664	n/a	NonTarget	1	263416
1053.892	n/a	Target	2	263473
1054.116	n/a	NonTarget	1	263529
1054.344	n/a	NonTarget	1	263586
1054.568	n/a	NonTarget	1	263642
1054.792	n/a	NonTarget	1	263698
1055.02	n/a	NonTarget	1	263755
1055.244	n/a	NonTarget	1	263811
1055.472	n/a	NonTarget	1	263868
1055.696	n/a	NonTarget	1	263924
1055.92	n/a	NonTarget	1	263980
1056.148	n/a	NonTarget	1	264037
1056.372	n/a	NonTarget	1	264093
1056.6	n/a	Target	2	264150
1056.824	n/a	NonTarget	1	264206
1057.048	n/a	NonTarget	1	264262
1057.276	n/a	NonTarget	1	264319
1057.5	n/a	NonTarget	1	264375
1057.728	n/a	Target	2	264432
1057.952	n/a	NonTarget	1	264488
1058.176	n/a	NonTarget	1	264544
1058.404	n/a	NonTarget	1	264601
1058.628	n/a	NonTarget	1	264657
1058.856	n/a	NonTarget	1	264714
1059.08	n/a	NonTarget	1	264770
1059.304	n/a	NonTarget	1	264826
1059.528	n/a	NonTarget	1	264882
1059.752	n/a	Target	2	264938
1059.98	n/a	NonTarget	1	264995
1060.204	n/a	NonTarget	1	265051
1060.432	n/a	NonTarget	1	265108
1060.656	n/a	NonTarget	1	265164
1060.88	n/a	NonTarget	1	265220
1061.108	n/a	NonTarget	1	265277
1061.332	n/a	NonTarget	1	265333
1070.112	n/a	NonTarget	1	267528
1070.34	n/a	NonTarget	1	267585
1070.564	n/a	Target	2	267641
1070.788	n/a	NonTarget	1	267697
1071.016	n/a	NonTarget	1	267754
1071.24	n/a	NonTarget	1	267810
1071.464	n/a	NonTarget	1	267866
1071.692	n/a	NonTarget	1	267923
1071.916	n/a	NonTarget	1	267979
1072.144	n/a	NonTarget	1	268036
1072.368	n/a	NonTarget	1	268092
1072.592	n/a	NonTarget	1	268148
1072.82	n/a	NonTarget	1	268205
1073.044	n/a	NonTarget	1	268261
1073.268	n/a	NonTarget	1	268317
1073.496	n/a	NonTarget	1	268374
1073.72	n/a	Target	2	268430
1073.948	n/a	NonTarget	1	268487
1074.172	n/a	NonTarget	1	268543
1074.396	n/a	NonTarget	1	268599
1074.62	n/a	NonTarget	1	268655
1074.848	n/a	NonTarget	1	268712
1075.072	n/a	NonTarget	1	268768
1075.296	n/a	NonTarget	1	268824
1075.524	n/a	Target	2	268881
1075.748	n/a	NonTarget	1	268937
1075.976	n/a	NonTarget	1	268994
1076.2	n/a	NonTarget	1	269050
1076.424	n/a	NonTarget	1	269106
1076.652	n/a	NonTarget	1	269163
1076.876	n/a	NonTarget	1	269219
1077.104	n/a	NonTarget	1	269276
1077.328	n/a	NonTarget	1	269332
1077.552	n/a	Target	2	269388
1077.776	n/a	NonTarget	1	269444
1078.004	n/a	NonTarget	1	269501
1078.232	n/a	NonTarget	1	269558
1078.456	n/a	NonTarget	1	269614
1078.68	n/a	NonTarget	1	269670
1078.904	n/a	Target	2	269726
1079.132	n/a	NonTarget	1	269783
1079.356	n/a	NonTarget	1	269839
1079.58	n/a	NonTarget	1	269895
1079.808	n/a	NonTarget	1	269952
1080.032	n/a	NonTarget	1	270008
1080.256	n/a	NonTarget	1	270064
1080.48	n/a	NonTarget	1	270120
1080.708	n/a	NonTarget	1	270177
1080.932	n/a	NonTarget	1	270233
1081.156	n/a	NonTarget	1	270289
1081.384	n/a	NonTarget	1	270346
1081.608	n/a	NonTarget	1	270402
1081.836	n/a	NonTarget	1	270459
1082.06	n/a	Target	2	270515
1082.284	n/a	NonTarget	1	270571
1082.512	n/a	NonTarget	1	270628
1082.736	n/a	NonTarget	1	270684
1082.96	n/a	NonTarget	1	270740
1083.188	n/a	NonTarget	1	270797
1083.412	n/a	NonTarget	1	270853
1083.64	n/a	NonTarget	1	270910
1083.864	n/a	Target	2	270966
1084.088	n/a	NonTarget	1	271022
1084.312	n/a	NonTarget	1	271078
1084.54	n/a	NonTarget	1	271135
1084.764	n/a	NonTarget	1	271191
1084.988	n/a	Target	2	271247
1085.216	n/a	NonTarget	1	271304
1085.44	n/a	NonTarget	1	271360
1085.664	n/a	NonTarget	1	271416
1085.892	n/a	NonTarget	1	271473
1086.116	n/a	NonTarget	1	271529
1086.34	n/a	NonTarget	1	271585
1086.564	n/a	NonTarget	1	271641
1086.792	n/a	NonTarget	1	271698
1087.016	n/a	NonTarget	1	271754
1087.24	n/a	NonTarget	1	271810
1087.464	n/a	Target	2	271866
1087.692	n/a	NonTarget	1	271923
1087.916	n/a	NonTarget	1	271979
1088.144	n/a	NonTarget	1	272036
1088.368	n/a	NonTarget	1	272092
1088.592	n/a	NonTarget	1	272148
1088.82	n/a	Target	2	272205
1089.044	n/a	NonTarget	1	272261
1089.272	n/a	NonTarget	1	272318
1089.496	n/a	NonTarget	1	272374
1089.724	n/a	NonTarget	1	272431
1089.948	n/a	NonTarget	1	272487
1090.172	n/a	NonTarget	1	272543
1090.396	n/a	NonTarget	1	272599
1090.62	n/a	NonTarget	1	272655
1090.848	n/a	NonTarget	1	272712
1091.072	n/a	NonTarget	1	272768
1091.296	n/a	NonTarget	1	272824
1091.524	n/a	Target	2	272881
1091.748	n/a	NonTarget	1	272937
1091.976	n/a	NonTarget	1	272994
1092.2	n/a	NonTarget	1	273050
1092.424	n/a	NonTarget	1	273106
1092.652	n/a	NonTarget	1	273163
1092.876	n/a	Target	2	273219
1093.104	n/a	NonTarget	1	273276
1093.328	n/a	NonTarget	1	273332
1093.552	n/a	NonTarget	1	273388
1093.776	n/a	NonTarget	1	273444
1094.0	n/a	NonTarget	1	273500
1094.228	n/a	NonTarget	1	273557
1094.452	n/a	NonTarget	1	273613
1094.68	n/a	NonTarget	1	273670
1094.904	n/a	NonTarget	1	273726
1095.128	n/a	Target	2	273782
1095.356	n/a	NonTarget	1	273839
1095.58	n/a	NonTarget	1	273895
1095.808	n/a	NonTarget	1	273952
1096.032	n/a	NonTarget	1	274008
1096.26	n/a	NonTarget	1	274065
1096.484	n/a	NonTarget	1	274121
1096.708	n/a	NonTarget	1	274177
1096.936	n/a	NonTarget	1	274234
1097.16	n/a	NonTarget	1	274290
1097.388	n/a	NonTarget	1	274347
1097.612	n/a	NonTarget	1	274403
1097.836	n/a	NonTarget	1	274459
1098.064	n/a	Target	2	274516
1098.288	n/a	NonTarget	1	274572
1098.516	n/a	NonTarget	1	274629
1098.74	n/a	Target	2	274685
1098.964	n/a	NonTarget	1	274741
1099.188	n/a	NonTarget	1	274797
1099.416	n/a	NonTarget	1	274854
1099.64	n/a	NonTarget	1	274910
1099.864	n/a	NonTarget	1	274966
1100.092	n/a	NonTarget	1	275023
1100.316	n/a	NonTarget	1	275079
1114.492	n/a	NonTarget	1	278623
1114.716	n/a	NonTarget	1	278679
1114.944	n/a	NonTarget	1	278736
1115.168	n/a	NonTarget	1	278792
1115.396	n/a	NonTarget	1	278849
1115.62	n/a	NonTarget	1	278905
1115.844	n/a	Target	2	278961
1116.068	n/a	NonTarget	1	279017
1116.296	n/a	NonTarget	1	279074
1116.52	n/a	NonTarget	1	279130
1116.744	n/a	NonTarget	1	279186
1116.972	n/a	NonTarget	1	279243
1117.196	n/a	NonTarget	1	279299
1117.424	n/a	NonTarget	1	279356
1117.648	n/a	NonTarget	1	279412
1117.872	n/a	NonTarget	1	279468
1118.1	n/a	NonTarget	1	279525
1118.324	n/a	Target	2	279581
1118.552	n/a	NonTarget	1	279638
1118.776	n/a	NonTarget	1	279694
1119.0	n/a	NonTarget	1	279750
1119.228	n/a	NonTarget	1	279807
1119.452	n/a	Target	2	279863
1119.68	n/a	NonTarget	1	279920
1119.904	n/a	NonTarget	1	279976
1120.128	n/a	NonTarget	1	280032
1120.352	n/a	NonTarget	1	280088
1120.58	n/a	NonTarget	1	280145
1120.808	n/a	NonTarget	1	280202
1121.032	n/a	NonTarget	1	280258
1121.256	n/a	NonTarget	1	280314
1121.484	n/a	NonTarget	1	280371
1121.708	n/a	NonTarget	1	280427
1121.932	n/a	Target	2	280483
1122.16	n/a	NonTarget	1	280540
1122.384	n/a	NonTarget	1	280596
1122.608	n/a	NonTarget	1	280652
1122.832	n/a	NonTarget	1	280708
1123.06	n/a	Target	2	280765
1123.284	n/a	NonTarget	1	280821
1123.512	n/a	NonTarget	1	280878
1123.736	n/a	NonTarget	1	280934
1123.96	n/a	NonTarget	1	280990
1124.184	n/a	NonTarget	1	281046
1124.412	n/a	NonTarget	1	281103
1124.636	n/a	NonTarget	1	281159
1124.864	n/a	NonTarget	1	281216
1125.088	n/a	Target	2	281272
1125.316	n/a	NonTarget	1	281329
1125.54	n/a	NonTarget	1	281385
1125.764	n/a	NonTarget	1	281441
1125.992	n/a	NonTarget	1	281498
1126.216	n/a	NonTarget	1	281554
1126.444	n/a	NonTarget	1	281611
1126.668	n/a	NonTarget	1	281667
1126.892	n/a	NonTarget	1	281723
1127.12	n/a	NonTarget	1	281780
1127.344	n/a	NonTarget	1	281836
1127.572	n/a	NonTarget	1	281893
1127.796	n/a	NonTarget	1	281949
1128.02	n/a	NonTarget	1	282005
1128.244	n/a	Target	2	282061
1128.472	n/a	NonTarget	1	282118
1128.696	n/a	NonTarget	1	282174
1128.92	n/a	NonTarget	1	282230
1129.148	n/a	NonTarget	1	282287
1129.372	n/a	NonTarget	1	282343
1129.596	n/a	NonTarget	1	282399
1129.824	n/a	NonTarget	1	282456
1130.048	n/a	NonTarget	1	282512
1130.272	n/a	NonTarget	1	282568
1130.5	n/a	Target	2	282625
1130.724	n/a	NonTarget	1	282681
1130.948	n/a	NonTarget	1	282737
1131.172	n/a	NonTarget	1	282793
1131.4	n/a	NonTarget	1	282850
1131.624	n/a	NonTarget	1	282906
1131.848	n/a	NonTarget	1	282962
1132.076	n/a	NonTarget	1	283019
1132.3	n/a	Target	2	283075
1132.524	n/a	NonTarget	1	283131
1132.748	n/a	NonTarget	1	283187
1132.976	n/a	NonTarget	1	283244
1133.2	n/a	NonTarget	1	283300
1133.424	n/a	NonTarget	1	283356
1133.652	n/a	NonTarget	1	283413
1133.876	n/a	NonTarget	1	283469
1134.1	n/a	NonTarget	1	283525
1134.324	n/a	Target	2	283581
1134.548	n/a	NonTarget	1	283637
1134.776	n/a	NonTarget	1	283694
1135.0	n/a	NonTarget	1	283750
1135.228	n/a	NonTarget	1	283807
1135.452	n/a	NonTarget	1	283863
1135.68	n/a	Target	2	283920
1135.904	n/a	NonTarget	1	283976
1136.128	n/a	NonTarget	1	284032
1136.356	n/a	NonTarget	1	284089
1136.58	n/a	NonTarget	1	284145
1136.804	n/a	NonTarget	1	284201
1137.032	n/a	NonTarget	1	284258
1137.256	n/a	Target	2	284314
1137.48	n/a	NonTarget	1	284370
1137.708	n/a	NonTarget	1	284427
1137.932	n/a	NonTarget	1	284483
1138.156	n/a	NonTarget	1	284539
1138.384	n/a	NonTarget	1	284596
1138.608	n/a	NonTarget	1	284652
1138.832	n/a	NonTarget	1	284708
1139.06	n/a	Target	2	284765
1139.284	n/a	NonTarget	1	284821
1139.512	n/a	NonTarget	1	284878
1139.736	n/a	NonTarget	1	284934
1139.96	n/a	NonTarget	1	284990
1140.184	n/a	NonTarget	1	285046
1140.412	n/a	NonTarget	1	285103
1140.636	n/a	NonTarget	1	285159
1140.86	n/a	NonTarget	1	285215
1141.088	n/a	Target	2	285272
1141.312	n/a	NonTarget	1	285328
1141.54	n/a	NonTarget	1	285385
1141.764	n/a	NonTarget	1	285441
1141.988	n/a	NonTarget	1	285497
1142.216	n/a	NonTarget	1	285554
1142.44	n/a	NonTarget	1	285610
1142.668	n/a	NonTarget	1	285667
1142.892	n/a	NonTarget	1	285723
1143.116	n/a	Target	2	285779
1143.344	n/a	NonTarget	1	285836
1143.568	n/a	NonTarget	1	285892
1143.796	n/a	NonTarget	1	285949
1144.02	n/a	NonTarget	1	286005
1144.244	n/a	NonTarget	1	286061
1144.472	n/a	NonTarget	1	286118
1144.696	n/a	NonTarget	1	286174
1153.496	n/a	NonTarget	1	288374
1153.724	n/a	Target	2	288431
1153.948	n/a	NonTarget	1	288487
1154.172	n/a	NonTarget	1	288543
1154.4	n/a	NonTarget	1	288600
1154.624	n/a	NonTarget	1	288656
1154.852	n/a	NonTarget	1	288713
1155.076	n/a	NonTarget	1	288769
1155.304	n/a	NonTarget	1	288826
1155.528	n/a	NonTarget	1	288882
1155.752	n/a	NonTarget	1	288938
1155.98	n/a	NonTarget	1	288995
1156.204	n/a	NonTarget	1	289051
1156.432	n/a	NonTarget	1	289108
1156.656	n/a	NonTarget	1	289164
1156.88	n/a	NonTarget	1	289220
1157.108	n/a	NonTarget	1	289277
1157.332	n/a	Target	2	289333
1157.56	n/a	NonTarget	1	289390
1157.784	n/a	NonTarget	1	289446
1158.012	n/a	NonTarget	1	289503
1158.236	n/a	NonTarget	1	289559
1158.46	n/a	NonTarget	1	289615
1158.684	n/a	NonTarget	1	289671
1158.908	n/a	NonTarget	1	289727
1159.136	n/a	NonTarget	1	289784
1159.36	n/a	Target	2	289840
1159.588	n/a	NonTarget	1	289897
1159.812	n/a	NonTarget	1	289953
1160.036	n/a	NonTarget	1	290009
1160.264	n/a	NonTarget	1	290066
1160.488	n/a	NonTarget	1	290122
1160.716	n/a	Target	2	290179
1160.94	n/a	NonTarget	1	290235
1161.164	n/a	NonTarget	1	290291
1161.392	n/a	NonTarget	1	290348
1161.616	n/a	NonTarget	1	290404
1161.844	n/a	NonTarget	1	290461
1162.068	n/a	NonTarget	1	290517
1162.292	n/a	NonTarget	1	290573
1162.52	n/a	NonTarget	1	290630
1162.744	n/a	NonTarget	1	290686
1162.972	n/a	Target	2	290743
1163.196	n/a	NonTarget	1	290799
1163.42	n/a	NonTarget	1	290855
1163.648	n/a	NonTarget	1	290912
1163.872	n/a	NonTarget	1	290968
1164.096	n/a	NonTarget	1	291024
1164.324	n/a	NonTarget	1	291081
1164.548	n/a	Target	2	291137
1164.772	n/a	NonTarget	1	291193
1164.996	n/a	NonTarget	1	291249
1165.224	n/a	NonTarget	1	291306
1165.448	n/a	NonTarget	1	291362
1165.672	n/a	NonTarget	1	291418
1165.9	n/a	NonTarget	1	291475
1166.124	n/a	Target	2	291531
1166.348	n/a	NonTarget	1	291587
1166.576	n/a	NonTarget	1	291644
1166.8	n/a	NonTarget	1	291700
1167.024	n/a	NonTarget	1	291756
1167.248	n/a	NonTarget	1	291812
1167.476	n/a	NonTarget	1	291869
1167.7	n/a	NonTarget	1	291925
1167.928	n/a	NonTarget	1	291982
1168.152	n/a	NonTarget	1	292038
1168.376	n/a	NonTarget	1	292094
1168.604	n/a	Target	2	292151
1168.828	n/a	NonTarget	1	292207
1169.056	n/a	NonTarget	1	292264
1169.28	n/a	NonTarget	1	292320
1169.504	n/a	NonTarget	1	292376
1169.732	n/a	NonTarget	1	292433
1169.956	n/a	NonTarget	1	292489
1170.18	n/a	NonTarget	1	292545
1170.408	n/a	NonTarget	1	292602
1170.632	n/a	Target	2	292658
1170.86	n/a	NonTarget	1	292715
1171.084	n/a	NonTarget	1	292771
1171.308	n/a	NonTarget	1	292827
1171.536	n/a	NonTarget	1	292884
1171.76	n/a	NonTarget	1	292940
1171.988	n/a	NonTarget	1	292997
1172.212	n/a	Target	2	293053
1172.436	n/a	NonTarget	1	293109
1172.664	n/a	NonTarget	1	293166
1172.888	n/a	NonTarget	1	293222
1173.112	n/a	NonTarget	1	293278
1173.34	n/a	NonTarget	1	293335
1173.564	n/a	NonTarget	1	293391
1173.792	n/a	NonTarget	1	293448
1174.016	n/a	NonTarget	1	293504
1174.244	n/a	Target	2	293561
1174.468	n/a	NonTarget	1	293617
1174.692	n/a	NonTarget	1	293673
1174.92	n/a	NonTarget	1	293730
1175.144	n/a	NonTarget	1	293786
1175.368	n/a	NonTarget	1	293842
1175.596	n/a	NonTarget	1	293899
1175.82	n/a	NonTarget	1	293955
1176.048	n/a	NonTarget	1	294012
1176.272	n/a	NonTarget	1	294068
1176.496	n/a	NonTarget	1	294124
1176.724	n/a	NonTarget	1	294181
1176.948	n/a	NonTarget	1	294237
1177.176	n/a	Target	2	294294
1177.4	n/a	NonTarget	1	294350
1177.624	n/a	NonTarget	1	294406
1177.852	n/a	NonTarget	1	294463
1178.076	n/a	NonTarget	1	294519
1178.3	n/a	NonTarget	1	294575
1178.528	n/a	Target	2	294632
1178.752	n/a	NonTarget	1	294688
1178.976	n/a	NonTarget	1	294744
1179.2	n/a	NonTarget	1	294800
1179.428	n/a	NonTarget	1	294857
1179.652	n/a	NonTarget	1	294913
1179.88	n/a	NonTarget	1	294970
1180.104	n/a	NonTarget	1	295026
1180.328	n/a	NonTarget	1	295082
1180.556	n/a	NonTarget	1	295139
1180.78	n/a	NonTarget	1	295195
1181.008	n/a	NonTarget	1	295252
1181.232	n/a	NonTarget	1	295308
1181.456	n/a	Target	2	295364
1181.684	n/a	NonTarget	1	295421
1181.908	n/a	NonTarget	1	295477
1182.136	n/a	NonTarget	1	295534
1182.36	n/a	NonTarget	1	295590
1182.584	n/a	NonTarget	1	295646
1182.812	n/a	NonTarget	1	295703
1183.036	n/a	NonTarget	1	295759
1183.264	n/a	Target	2	295816
1183.488	n/a	NonTarget	1	295872
1194.952	n/a	Target	2	298738
1195.18	n/a	NonTarget	1	298795
1195.404	n/a	NonTarget	1	298851
1214.532	n/a	NonTarget	1	303633
1214.76	n/a	NonTarget	1	303690
1214.984	n/a	NonTarget	1	303746
1215.208	n/a	NonTarget	1	303802
1215.436	n/a	NonTarget	1	303859
1215.66	n/a	NonTarget	1	303915
1215.884	n/a	NonTarget	1	303971
1216.108	n/a	NonTarget	1	304027
1216.332	n/a	NonTarget	1	304083
1216.56	n/a	NonTarget	1	304140
1216.784	n/a	NonTarget	1	304196
1217.012	n/a	Target	2	304253
1217.236	n/a	NonTarget	1	304309
1217.46	n/a	NonTarget	1	304365
1217.688	n/a	NonTarget	1	304422
1217.912	n/a	NonTarget	1	304478
1218.14	n/a	NonTarget	1	304535
1218.364	n/a	NonTarget	1	304591
1218.592	n/a	Target	2	304648
1218.816	n/a	NonTarget	1	304704
1219.04	n/a	NonTarget	1	304760
1219.268	n/a	NonTarget	1	304817
1219.492	n/a	NonTarget	1	304873
1219.72	n/a	NonTarget	1	304930
1219.944	n/a	NonTarget	1	304986
1220.168	n/a	NonTarget	1	305042
1220.396	n/a	NonTarget	1	305099
1220.62	n/a	NonTarget	1	305155
1220.844	n/a	NonTarget	1	305211
1221.072	n/a	Target	2	305268
1221.296	n/a	NonTarget	1	305324
1221.52	n/a	NonTarget	1	305380
1221.748	n/a	NonTarget	1	305437
1221.972	n/a	NonTarget	1	305493
1222.196	n/a	NonTarget	1	305549
1222.424	n/a	Target	2	305606
1222.648	n/a	NonTarget	1	305662
1222.872	n/a	NonTarget	1	305718
1223.1	n/a	NonTarget	1	305775
1223.324	n/a	NonTarget	1	305831
1223.552	n/a	NonTarget	1	305888
1223.776	n/a	NonTarget	1	305944
1224.004	n/a	Target	2	306001
1224.228	n/a	NonTarget	1	306057
1224.452	n/a	NonTarget	1	306113
1224.68	n/a	NonTarget	1	306170
1224.904	n/a	NonTarget	1	306226
1225.132	n/a	NonTarget	1	306283
1225.356	n/a	NonTarget	1	306339
1225.58	n/a	NonTarget	1	306395
1225.804	n/a	NonTarget	1	306451
1226.032	n/a	NonTarget	1	306508
1226.256	n/a	Target	2	306564
1226.48	n/a	NonTarget	1	306620
1226.708	n/a	NonTarget	1	306677
1226.932	n/a	NonTarget	1	306733
1227.156	n/a	NonTarget	1	306789
1227.38	n/a	NonTarget	1	306845
1227.608	n/a	NonTarget	1	306902
1227.832	n/a	NonTarget	1	306958
1228.056	n/a	Target	2	307014
1228.284	n/a	NonTarget	1	307071
1228.508	n/a	NonTarget	1	307127
1228.732	n/a	NonTarget	1	307183
1228.956	n/a	NonTarget	1	307239
1229.184	n/a	NonTarget	1	307296
1229.408	n/a	NonTarget	1	307352
1229.636	n/a	NonTarget	1	307409
1229.86	n/a	NonTarget	1	307465
1230.084	n/a	NonTarget	1	307521
1230.312	n/a	NonTarget	1	307578
1230.536	n/a	NonTarget	1	307634
1230.764	n/a	NonTarget	1	307691
1230.988	n/a	NonTarget	1	307747
1231.216	n/a	NonTarget	1	307804
1231.44	n/a	NonTarget	1	307860
1231.664	n/a	Target	2	307916
1231.888	n/a	NonTarget	1	307972
1232.112	n/a	NonTarget	1	308028
1232.34	n/a	NonTarget	1	308085
1232.564	n/a	NonTarget	1	308141
1232.788	n/a	NonTarget	1	308197
1233.016	n/a	NonTarget	1	308254
1233.24	n/a	NonTarget	1	308310
1233.468	n/a	Target	2	308367
1233.692	n/a	NonTarget	1	308423
1233.916	n/a	NonTarget	1	308479
1234.144	n/a	NonTarget	1	308536
1234.368	n/a	Target	2	308592
1234.592	n/a	NonTarget	1	308648
1234.816	n/a	NonTarget	1	308704
1235.044	n/a	NonTarget	1	308761
1235.268	n/a	NonTarget	1	308817
1235.492	n/a	NonTarget	1	308873
1235.72	n/a	NonTarget	1	308930
1235.944	n/a	NonTarget	1	308986
1236.172	n/a	NonTarget	1	309043
1236.396	n/a	NonTarget	1	309099
1236.62	n/a	NonTarget	1	309155
1236.848	n/a	Target	2	309212
1237.072	n/a	NonTarget	1	309268
1237.3	n/a	NonTarget	1	309325
1237.524	n/a	NonTarget	1	309381
1237.748	n/a	NonTarget	1	309437
1237.972	n/a	NonTarget	1	309493
1238.196	n/a	NonTarget	1	309549
1238.424	n/a	NonTarget	1	309606
1238.648	n/a	NonTarget	1	309662
1238.876	n/a	NonTarget	1	309719
1239.1	n/a	NonTarget	1	309775
1239.324	n/a	NonTarget	1	309831
1239.552	n/a	NonTarget	1	309888
1239.776	n/a	NonTarget	1	309944
1240.004	n/a	Target	2	310001
1240.228	n/a	NonTarget	1	310057
1240.452	n/a	NonTarget	1	310113
1240.68	n/a	NonTarget	1	310170
1240.904	n/a	NonTarget	1	310226
1241.132	n/a	NonTarget	1	310283
1241.356	n/a	Target	2	310339
1241.58	n/a	NonTarget	1	310395
1241.804	n/a	NonTarget	1	310451
1242.032	n/a	NonTarget	1	310508
1242.26	n/a	NonTarget	1	310565
1242.484	n/a	NonTarget	1	310621
1242.708	n/a	NonTarget	1	310677
1242.936	n/a	NonTarget	1	310734
1243.16	n/a	Target	2	310790
1243.384	n/a	NonTarget	1	310846
1243.612	n/a	NonTarget	1	310903
1243.836	n/a	NonTarget	1	310959
1244.064	n/a	NonTarget	1	311016
1252.844	n/a	Target	2	313211
1253.068	n/a	NonTarget	1	313267
1253.292	n/a	NonTarget	1	313323
1253.52	n/a	NonTarget	1	313380
1253.744	n/a	NonTarget	1	313436
1253.972	n/a	NonTarget	1	313493
1254.196	n/a	NonTarget	1	313549
1254.42	n/a	NonTarget	1	313605
1254.648	n/a	NonTarget	1	313662
1254.872	n/a	NonTarget	1	313718
1255.1	n/a	NonTarget	1	313775
1255.324	n/a	NonTarget	1	313831
1255.548	n/a	NonTarget	1	313887
1255.772	n/a	Target	2	313943
1256.0	n/a	NonTarget	1	314000
1256.228	n/a	NonTarget	1	314057
1256.452	n/a	NonTarget	1	314113
1256.676	n/a	NonTarget	1	314169
1256.904	n/a	Target	2	314226
1257.128	n/a	NonTarget	1	314282
1257.352	n/a	NonTarget	1	314338
1257.58	n/a	NonTarget	1	314395
1257.804	n/a	NonTarget	1	314451
1258.032	n/a	NonTarget	1	314508
1258.256	n/a	NonTarget	1	314564
1258.484	n/a	NonTarget	1	314621
1258.708	n/a	NonTarget	1	314677
1258.932	n/a	Target	2	314733
1259.16	n/a	NonTarget	1	314790
1259.384	n/a	NonTarget	1	314846
1259.608	n/a	NonTarget	1	314902
1259.836	n/a	NonTarget	1	314959
1260.06	n/a	NonTarget	1	315015
1260.284	n/a	NonTarget	1	315071
1260.512	n/a	NonTarget	1	315128
1260.736	n/a	NonTarget	1	315184
1260.96	n/a	NonTarget	1	315240
1261.184	n/a	NonTarget	1	315296
1261.412	n/a	Target	2	315353
1261.636	n/a	NonTarget	1	315409
1261.86	n/a	NonTarget	1	315465
1262.088	n/a	NonTarget	1	315522
1262.312	n/a	NonTarget	1	315578
1262.536	n/a	NonTarget	1	315634
1262.764	n/a	NonTarget	1	315691
1262.988	n/a	NonTarget	1	315747
1263.216	n/a	NonTarget	1	315804
1263.44	n/a	Target	2	315860
1263.664	n/a	NonTarget	1	315916
1263.888	n/a	NonTarget	1	315972
1264.116	n/a	NonTarget	1	316029
1264.34	n/a	NonTarget	1	316085
1264.564	n/a	NonTarget	1	316141
1264.792	n/a	NonTarget	1	316198
1265.016	n/a	NonTarget	1	316254
1265.24	n/a	Target	2	316310
1265.468	n/a	NonTarget	1	316367
1265.692	n/a	NonTarget	1	316423
1265.916	n/a	NonTarget	1	316479
1266.144	n/a	NonTarget	1	316536
1266.368	n/a	NonTarget	1	316592
1266.596	n/a	NonTarget	1	316649
1266.82	n/a	NonTarget	1	316705
1267.044	n/a	NonTarget	1	316761
1267.268	n/a	Target	2	316817
1267.496	n/a	NonTarget	1	316874
1267.72	n/a	NonTarget	1	316930
1267.948	n/a	NonTarget	1	316987
1268.172	n/a	NonTarget	1	317043
1268.396	n/a	NonTarget	1	317099
1268.62	n/a	NonTarget	1	317155
1268.848	n/a	NonTarget	1	317212
1269.076	n/a	NonTarget	1	317269
1269.3	n/a	Target	2	317325
1269.524	n/a	NonTarget	1	317381
1269.748	n/a	NonTarget	1	317437
1269.976	n/a	NonTarget	1	317494
1270.2	n/a	NonTarget	1	317550
1270.428	n/a	NonTarget	1	317607
1270.652	n/a	NonTarget	1	317663
1270.876	n/a	NonTarget	1	317719
1271.1	n/a	NonTarget	1	317775
1271.324	n/a	NonTarget	1	317831
1271.552	n/a	Target	2	317888
1271.776	n/a	NonTarget	1	317944
1272.004	n/a	NonTarget	1	318001
1272.228	n/a	NonTarget	1	318057
1272.452	n/a	NonTarget	1	318113
1272.68	n/a	NonTarget	1	318170
1272.904	n/a	NonTarget	1	318226
1273.128	n/a	NonTarget	1	318282
1273.352	n/a	NonTarget	1	318338
1273.576	n/a	NonTarget	1	318394
1273.804	n/a	Target	2	318451
1274.028	n/a	NonTarget	1	318507
1274.256	n/a	NonTarget	1	318564
1274.48	n/a	NonTarget	1	318620
1274.704	n/a	NonTarget	1	318676
1274.932	n/a	NonTarget	1	318733
1275.156	n/a	NonTarget	1	318789
1275.384	n/a	NonTarget	1	318846
1275.608	n/a	NonTarget	1	318902
1275.832	n/a	Target	2	318958
1276.056	n/a	NonTarget	1	319014
1276.28	n/a	NonTarget	1	319070
1276.508	n/a	NonTarget	1	319127
1276.732	n/a	NonTarget	1	319183
1276.96	n/a	NonTarget	1	319240
1277.184	n/a	NonTarget	1	319296
1277.412	n/a	NonTarget	1	319353
1277.636	n/a	NonTarget	1	319409
1277.86	n/a	NonTarget	1	319465
1278.088	n/a	NonTarget	1	319522
1278.312	n/a	Target	2	319578
1278.536	n/a	NonTarget	1	319634
1278.764	n/a	NonTarget	1	319691
1278.988	n/a	NonTarget	1	319747
1279.216	n/a	NonTarget	1	319804
1279.44	n/a	Target	2	319860
1279.664	n/a	NonTarget	1	319916
1279.888	n/a	NonTarget	1	319972
1280.116	n/a	NonTarget	1	320029
1280.34	n/a	NonTarget	1	320085
1280.568	n/a	NonTarget	1	320142
1280.792	n/a	NonTarget	1	320198
1281.016	n/a	NonTarget	1	320254
1281.24	n/a	NonTarget	1	320310
1281.468	n/a	NonTarget	1	320367
1281.692	n/a	Target	2	320423
1281.916	n/a	NonTarget	1	320479
1282.144	n/a	NonTarget	1	320536
1282.368	n/a	NonTarget	1	320592
1282.592	n/a	NonTarget	1	320648
1282.82	n/a	NonTarget	1	320705
1295.068	n/a	NonTarget	1	323767
1295.292	n/a	NonTarget	1	323823
1295.52	n/a	NonTarget	1	323880
1295.744	n/a	NonTarget	1	323936
1295.968	n/a	Target	2	323992
1296.196	n/a	NonTarget	1	324049
1296.42	n/a	NonTarget	1	324105
1296.644	n/a	NonTarget	1	324161
1296.872	n/a	NonTarget	1	324218
1297.096	n/a	NonTarget	1	324274
1297.32	n/a	NonTarget	1	324330
1297.548	n/a	NonTarget	1	324387
1297.772	n/a	NonTarget	1	324443
1297.996	n/a	NonTarget	1	324499
1298.224	n/a	NonTarget	1	324556
1298.448	n/a	Target	2	324612
1298.676	n/a	NonTarget	1	324669
1298.9	n/a	NonTarget	1	324725
1299.124	n/a	NonTarget	1	324781
1299.348	n/a	Target	2	324837
1299.572	n/a	NonTarget	1	324893
1299.8	n/a	NonTarget	1	324950
1300.024	n/a	NonTarget	1	325006
1300.248	n/a	NonTarget	1	325062
1300.476	n/a	NonTarget	1	325119
1300.7	n/a	NonTarget	1	325175
1300.928	n/a	NonTarget	1	325232
1301.152	n/a	NonTarget	1	325288
1301.38	n/a	Target	2	325345
1301.604	n/a	NonTarget	1	325401
1301.828	n/a	NonTarget	1	325457
1302.052	n/a	NonTarget	1	325513
1302.28	n/a	NonTarget	1	325570
1302.504	n/a	NonTarget	1	325626
1302.728	n/a	NonTarget	1	325682
1302.956	n/a	NonTarget	1	325739
1303.18	n/a	NonTarget	1	325795
1303.404	n/a	Target	2	325851
1303.632	n/a	NonTarget	1	325908
1303.856	n/a	NonTarget	1	325964
1304.08	n/a	NonTarget	1	326020
1304.308	n/a	NonTarget	1	326077
1304.532	n/a	NonTarget	1	326133
1304.76	n/a	NonTarget	1	326190
1304.984	n/a	NonTarget	1	326246
1305.208	n/a	NonTarget	1	326302
1305.432	n/a	NonTarget	1	326358
1305.66	n/a	NonTarget	1	326415
1305.884	n/a	Target	2	326471
1306.112	n/a	NonTarget	1	326528
1306.336	n/a	NonTarget	1	326584
1306.56	n/a	NonTarget	1	326640
1306.788	n/a	NonTarget	1	326697
1307.012	n/a	NonTarget	1	326753
1307.236	n/a	NonTarget	1	326809
1307.464	n/a	NonTarget	1	326866
1307.688	n/a	NonTarget	1	326922
1307.912	n/a	Target	2	326978
1308.136	n/a	NonTarget	1	327034
1308.364	n/a	NonTarget	1	327091
1308.588	n/a	NonTarget	1	327147
1308.812	n/a	NonTarget	1	327203
1309.04	n/a	NonTarget	1	327260
1309.264	n/a	Target	2	327316
1309.492	n/a	NonTarget	1	327373
1309.716	n/a	NonTarget	1	327429
1309.944	n/a	NonTarget	1	327486
1310.168	n/a	NonTarget	1	327542
1310.392	n/a	NonTarget	1	327598
1310.62	n/a	NonTarget	1	327655
1310.844	n/a	NonTarget	1	327711
1311.072	n/a	NonTarget	1	327768
1311.296	n/a	NonTarget	1	327824
1311.524	n/a	NonTarget	1	327881
1311.748	n/a	NonTarget	1	327937
1311.972	n/a	NonTarget	1	327993
1312.2	n/a	NonTarget	1	328050
1312.424	n/a	NonTarget	1	328106
1312.648	n/a	Target	2	328162
1312.872	n/a	NonTarget	1	328218
1313.1	n/a	NonTarget	1	328275
1313.324	n/a	NonTarget	1	328331
1313.552	n/a	NonTarget	1	328388
1313.776	n/a	NonTarget	1	328444
1314.0	n/a	NonTarget	1	328500
1314.228	n/a	NonTarget	1	328557
1314.452	n/a	NonTarget	1	328613
1314.68	n/a	Target	2	328670
1314.904	n/a	NonTarget	1	328726
1315.132	n/a	NonTarget	1	328783
1315.356	n/a	NonTarget	1	328839
1315.58	n/a	NonTarget	1	328895
1315.808	n/a	Target	2	328952
1316.032	n/a	NonTarget	1	329008
1316.256	n/a	NonTarget	1	329064
1316.484	n/a	NonTarget	1	329121
1316.708	n/a	NonTarget	1	329177
1316.932	n/a	NonTarget	1	329233
1317.156	n/a	NonTarget	1	329289
1317.384	n/a	Target	2	329346
1317.608	n/a	NonTarget	1	329402
1317.836	n/a	NonTarget	1	329459
1318.06	n/a	NonTarget	1	329515
1318.284	n/a	NonTarget	1	329571
1318.512	n/a	NonTarget	1	329628
1318.736	n/a	NonTarget	1	329684
1318.964	n/a	NonTarget	1	329741
1319.188	n/a	NonTarget	1	329797
1319.412	n/a	NonTarget	1	329853
1319.636	n/a	NonTarget	1	329909
1319.864	n/a	NonTarget	1	329966
1320.088	n/a	NonTarget	1	330022
1320.312	n/a	NonTarget	1	330078
1320.536	n/a	Target	2	330134
1320.764	n/a	NonTarget	1	330191
1320.988	n/a	NonTarget	1	330247
1321.216	n/a	NonTarget	1	330304
1321.44	n/a	Target	2	330360
1321.664	n/a	NonTarget	1	330416
1321.888	n/a	NonTarget	1	330472
1322.116	n/a	NonTarget	1	330529
1322.344	n/a	NonTarget	1	330586
1322.568	n/a	NonTarget	1	330642
1322.792	n/a	NonTarget	1	330698
1323.016	n/a	NonTarget	1	330754
1323.244	n/a	NonTarget	1	330811
1323.468	n/a	NonTarget	1	330867
1323.696	n/a	NonTarget	1	330924
1323.92	n/a	NonTarget	1	330980
1324.148	n/a	NonTarget	1	331037
1324.372	n/a	NonTarget	1	331093
1324.596	n/a	NonTarget	1	331149
1324.824	n/a	Target	2	331206
1325.048	n/a	NonTarget	1	331262
1334.076	n/a	NonTarget	1	333519
1334.3	n/a	NonTarget	1	333575
1334.524	n/a	NonTarget	1	333631
1334.752	n/a	NonTarget	1	333688
1334.976	n/a	NonTarget	1	333744
1335.2	n/a	Target	2	333800
1335.428	n/a	NonTarget	1	333857
1335.652	n/a	NonTarget	1	333913
1335.88	n/a	NonTarget	1	333970
1336.104	n/a	NonTarget	1	334026
1336.328	n/a	NonTarget	1	334082
1336.556	n/a	NonTarget	1	334139
1336.78	n/a	NonTarget	1	334195
1337.008	n/a	Target	2	334252
1337.232	n/a	NonTarget	1	334308
1337.46	n/a	NonTarget	1	334365
1337.684	n/a	NonTarget	1	334421
1337.908	n/a	NonTarget	1	334477
1338.136	n/a	NonTarget	1	334534
1338.36	n/a	NonTarget	1	334590
1338.588	n/a	NonTarget	1	334647
1338.812	n/a	NonTarget	1	334703
1339.036	n/a	Target	2	334759
1339.26	n/a	NonTarget	1	334815
1339.488	n/a	NonTarget	1	334872
1339.712	n/a	NonTarget	1	334928
1339.936	n/a	NonTarget	1	334984
1340.164	n/a	NonTarget	1	335041
1340.388	n/a	NonTarget	1	335097
1340.616	n/a	Target	2	335154
1340.84	n/a	NonTarget	1	335210
1341.064	n/a	NonTarget	1	335266
1341.292	n/a	NonTarget	1	335323
1341.516	n/a	NonTarget	1	335379
1341.74	n/a	NonTarget	1	335435
1341.968	n/a	NonTarget	1	335492
1342.192	n/a	NonTarget	1	335548
1342.42	n/a	NonTarget	1	335605
1342.644	n/a	NonTarget	1	335661
1342.868	n/a	NonTarget	1	335717
1343.092	n/a	NonTarget	1	335773
1343.32	n/a	NonTarget	1	335830
1343.544	n/a	Target	2	335886
1343.768	n/a	NonTarget	1	335942
1343.996	n/a	NonTarget	1	335999
1344.22	n/a	NonTarget	1	336055
1344.444	n/a	NonTarget	1	336111
1344.672	n/a	Target	2	336168
1344.896	n/a	NonTarget	1	336224
1345.12	n/a	NonTarget	1	336280
1345.348	n/a	NonTarget	1	336337
1345.572	n/a	NonTarget	1	336393
1345.796	n/a	NonTarget	1	336449
1346.024	n/a	NonTarget	1	336506
1346.248	n/a	NonTarget	1	336562
1346.472	n/a	NonTarget	1	336618
1346.7	n/a	NonTarget	1	336675
1346.924	n/a	Target	2	336731
1347.152	n/a	NonTarget	1	336788
1347.376	n/a	NonTarget	1	336844
1347.6	n/a	NonTarget	1	336900
1347.828	n/a	NonTarget	1	336957
1348.052	n/a	NonTarget	1	337013
1348.28	n/a	NonTarget	1	337070
1348.504	n/a	NonTarget	1	337126
1348.728	n/a	NonTarget	1	337182
1348.952	n/a	NonTarget	1	337238
1349.18	n/a	NonTarget	1	337295
1349.404	n/a	NonTarget	1	337351
1349.632	n/a	NonTarget	1	337408
1349.856	n/a	NonTarget	1	337464
1350.08	n/a	Target	2	337520
1350.308	n/a	NonTarget	1	337577
1350.532	n/a	NonTarget	1	337633
1350.76	n/a	NonTarget	1	337690
1350.984	n/a	NonTarget	1	337746
1351.208	n/a	NonTarget	1	337802
1351.432	n/a	NonTarget	1	337858
1351.656	n/a	NonTarget	1	337914
1351.884	n/a	NonTarget	1	337971
1352.108	n/a	Target	2	338027
1352.336	n/a	NonTarget	1	338084
1352.56	n/a	NonTarget	1	338140
1352.784	n/a	NonTarget	1	338196
1353.012	n/a	NonTarget	1	338253
1353.236	n/a	NonTarget	1	338309
1353.464	n/a	NonTarget	1	338366
1353.688	n/a	NonTarget	1	338422
1353.912	n/a	NonTarget	1	338478
1354.144	n/a	Target	2	338536
1354.364	n/a	NonTarget	1	338591
1354.592	n/a	Target	2	338648
1354.816	n/a	NonTarget	1	338704
1355.044	n/a	NonTarget	1	338761
1355.268	n/a	NonTarget	1	338817
1355.492	n/a	NonTarget	1	338873
1355.72	n/a	NonTarget	1	338930
1355.944	n/a	NonTarget	1	338986
1356.172	n/a	NonTarget	1	339043
1356.396	n/a	Target	2	339099
1356.62	n/a	NonTarget	1	339155
1356.848	n/a	NonTarget	1	339212
1357.072	n/a	NonTarget	1	339268
1357.3	n/a	NonTarget	1	339325
1357.524	n/a	NonTarget	1	339381
1357.748	n/a	NonTarget	1	339437
1357.972	n/a	NonTarget	1	339493
1358.2	n/a	NonTarget	1	339550
1358.428	n/a	NonTarget	1	339607
1358.652	n/a	NonTarget	1	339663
1358.876	n/a	NonTarget	1	339719
1359.104	n/a	NonTarget	1	339776
1359.328	n/a	Target	2	339832
1359.552	n/a	NonTarget	1	339888
1359.78	n/a	NonTarget	1	339945
1360.004	n/a	NonTarget	1	340001
1360.228	n/a	NonTarget	1	340057
1360.452	n/a	Target	2	340113
1360.68	n/a	NonTarget	1	340170
1360.904	n/a	NonTarget	1	340226
1361.132	n/a	NonTarget	1	340283
1361.356	n/a	NonTarget	1	340339
1361.584	n/a	NonTarget	1	340396
1361.808	n/a	NonTarget	1	340452
1362.032	n/a	NonTarget	1	340508
1362.256	n/a	NonTarget	1	340564
1362.484	n/a	NonTarget	1	340621
1362.708	n/a	NonTarget	1	340677
1362.932	n/a	NonTarget	1	340733
1363.16	n/a	Target	2	340790
1363.384	n/a	NonTarget	1	340846
1363.608	n/a	NonTarget	1	340902
1363.836	n/a	NonTarget	1	340959
1364.06	n/a	NonTarget	1	341015
1382.828	n/a	NonTarget	1	345707
1383.056	n/a	NonTarget	1	345764
1383.28	n/a	NonTarget	1	345820
1383.508	n/a	NonTarget	1	345877
1383.732	n/a	NonTarget	1	345933
1383.96	n/a	NonTarget	1	345990
1384.184	n/a	NonTarget	1	346046
1384.408	n/a	NonTarget	1	346102
1384.636	n/a	Target	2	346159
1384.86	n/a	NonTarget	1	346215
1385.088	n/a	NonTarget	1	346272
1385.312	n/a	NonTarget	1	346328
1385.536	n/a	NonTarget	1	346384
1385.764	n/a	Target	2	346441
1385.988	n/a	NonTarget	1	346497
1386.216	n/a	NonTarget	1	346554
1386.44	n/a	NonTarget	1	346610
1386.668	n/a	NonTarget	1	346667
1386.892	n/a	NonTarget	1	346723
1387.116	n/a	Target	2	346779
1387.34	n/a	NonTarget	1	346835
1387.568	n/a	NonTarget	1	346892
1387.792	n/a	NonTarget	1	346948
1388.02	n/a	NonTarget	1	347005
1388.244	n/a	NonTarget	1	347061
1388.468	n/a	NonTarget	1	347117
1388.692	n/a	NonTarget	1	347173
1388.92	n/a	Target	2	347230
1389.144	n/a	NonTarget	1	347286
1389.368	n/a	NonTarget	1	347342
1389.596	n/a	NonTarget	1	347399
1389.82	n/a	NonTarget	1	347455
1390.048	n/a	NonTarget	1	347512
1390.272	n/a	NonTarget	1	347568
1390.5	n/a	NonTarget	1	347625
1390.724	n/a	NonTarget	1	347681
1390.948	n/a	NonTarget	1	347737
1391.176	n/a	NonTarget	1	347794
1391.4	n/a	NonTarget	1	347850
1391.628	n/a	NonTarget	1	347907
1391.852	n/a	NonTarget	1	347963
1392.076	n/a	NonTarget	1	348019
1392.304	n/a	NonTarget	1	348076
1392.528	n/a	NonTarget	1	348132
1392.752	n/a	Target	2	348188
1392.98	n/a	NonTarget	1	348245
1393.204	n/a	NonTarget	1	348301
1393.428	n/a	NonTarget	1	348357
1393.652	n/a	Target	2	348413
1393.88	n/a	NonTarget	1	348470
1394.104	n/a	NonTarget	1	348526
1394.332	n/a	NonTarget	1	348583
1394.556	n/a	NonTarget	1	348639
1394.78	n/a	NonTarget	1	348695
1395.008	n/a	NonTarget	1	348752
1395.232	n/a	NonTarget	1	348808
1395.456	n/a	NonTarget	1	348864
1395.68	n/a	NonTarget	1	348920
1395.908	n/a	NonTarget	1	348977
1396.132	n/a	Target	2	349033
1396.356	n/a	NonTarget	1	349089
1396.584	n/a	NonTarget	1	349146
1396.808	n/a	NonTarget	1	349202
1397.036	n/a	NonTarget	1	349259
1397.26	n/a	NonTarget	1	349315
1397.484	n/a	NonTarget	1	349371
1397.712	n/a	NonTarget	1	349428
1397.936	n/a	NonTarget	1	349484
1398.164	n/a	NonTarget	1	349541
1398.388	n/a	NonTarget	1	349597
1398.612	n/a	Target	2	349653
1398.84	n/a	NonTarget	1	349710
1399.064	n/a	NonTarget	1	349766
1399.288	n/a	NonTarget	1	349822
1399.512	n/a	NonTarget	1	349878
1399.74	n/a	NonTarget	1	349935
1399.964	n/a	Target	2	349991
1400.188	n/a	NonTarget	1	350047
1400.416	n/a	NonTarget	1	350104
1400.64	n/a	NonTarget	1	350160
1400.868	n/a	NonTarget	1	350217
1401.092	n/a	NonTarget	1	350273
1401.316	n/a	NonTarget	1	350329
1401.544	n/a	NonTarget	1	350386
1401.768	n/a	NonTarget	1	350442
1401.992	n/a	NonTarget	1	350498
1402.22	n/a	NonTarget	1	350555
1402.444	n/a	Target	2	350611
1402.672	n/a	NonTarget	1	350668
1402.896	n/a	NonTarget	1	350724
1403.124	n/a	NonTarget	1	350781
1403.348	n/a	NonTarget	1	350837
1403.572	n/a	NonTarget	1	350893
1403.8	n/a	NonTarget	1	350950
1404.024	n/a	NonTarget	1	351006
1404.252	n/a	NonTarget	1	351063
1404.476	n/a	Target	2	351119
1404.7	n/a	NonTarget	1	351175
1404.928	n/a	NonTarget	1	351232
1405.152	n/a	NonTarget	1	351288
1405.376	n/a	NonTarget	1	351344
1405.604	n/a	NonTarget	1	351401
1405.828	n/a	NonTarget	1	351457
1406.052	n/a	NonTarget	1	351513
1406.28	n/a	NonTarget	1	351570
1406.504	n/a	Target	2	351626
1406.728	n/a	NonTarget	1	351682
1406.952	n/a	NonTarget	1	351738
1407.18	n/a	NonTarget	1	351795
1407.404	n/a	NonTarget	1	351851
1407.632	n/a	NonTarget	1	351908
1407.856	n/a	Target	2	351964
1408.084	n/a	NonTarget	1	352021
1408.308	n/a	NonTarget	1	352077
1408.532	n/a	NonTarget	1	352133
1408.76	n/a	NonTarget	1	352190
1408.984	n/a	NonTarget	1	352246
1409.212	n/a	NonTarget	1	352303
1409.436	n/a	Target	2	352359
1409.66	n/a	NonTarget	1	352415
1409.888	n/a	NonTarget	1	352472
1410.112	n/a	NonTarget	1	352528
1410.336	n/a	NonTarget	1	352584
1410.564	n/a	NonTarget	1	352641
1410.788	n/a	NonTarget	1	352697
1411.012	n/a	NonTarget	1	352753
1411.236	n/a	NonTarget	1	352809
1411.464	n/a	NonTarget	1	352866
1411.688	n/a	Target	2	352922
1411.912	n/a	NonTarget	1	352978
1412.14	n/a	NonTarget	1	353035
1412.364	n/a	NonTarget	1	353091
1412.588	n/a	NonTarget	1	353147
1412.816	n/a	NonTarget	1	353204
1413.04	n/a	NonTarget	1	353260
1421.84	n/a	NonTarget	1	355460
1422.068	n/a	NonTarget	1	355517
1422.292	n/a	NonTarget	1	355573
1422.52	n/a	NonTarget	1	355630
1422.744	n/a	NonTarget	1	355686
1422.968	n/a	NonTarget	1	355742
1423.196	n/a	Target	2	355799
1423.42	n/a	NonTarget	1	355855
1423.644	n/a	NonTarget	1	355911
1423.872	n/a	NonTarget	1	355968
1424.096	n/a	NonTarget	1	356024
1424.32	n/a	NonTarget	1	356080
1424.548	n/a	NonTarget	1	356137
1424.772	n/a	NonTarget	1	356193
1425.0	n/a	NonTarget	1	356250
1425.224	n/a	NonTarget	1	356306
1425.448	n/a	NonTarget	1	356362
1425.676	n/a	Target	2	356419
1425.9	n/a	NonTarget	1	356475
1426.124	n/a	NonTarget	1	356531
1426.352	n/a	NonTarget	1	356588
1426.576	n/a	NonTarget	1	356644
1426.804	n/a	NonTarget	1	356701
1427.028	n/a	NonTarget	1	356757
1427.256	n/a	Target	2	356814
1427.48	n/a	NonTarget	1	356870
1427.708	n/a	NonTarget	1	356927
1427.932	n/a	NonTarget	1	356983
1428.156	n/a	NonTarget	1	357039
1428.384	n/a	NonTarget	1	357096
1428.608	n/a	NonTarget	1	357152
1428.836	n/a	NonTarget	1	357209
1429.06	n/a	NonTarget	1	357265
1429.284	n/a	Target	2	357321
1429.508	n/a	NonTarget	1	357377
1429.736	n/a	NonTarget	1	357434
1429.96	n/a	NonTarget	1	357490
1430.184	n/a	NonTarget	1	357546
1430.412	n/a	NonTarget	1	357603
1430.636	n/a	NonTarget	1	357659
1430.86	n/a	NonTarget	1	357715
1431.088	n/a	Target	2	357772
1431.312	n/a	NonTarget	1	357828
1431.536	n/a	NonTarget	1	357884
1431.76	n/a	NonTarget	1	357940
1431.984	n/a	NonTarget	1	357996
1432.212	n/a	Target	2	358053
1432.44	n/a	NonTarget	1	358110
1432.664	n/a	NonTarget	1	358166
1432.888	n/a	NonTarget	1	358222
1433.116	n/a	NonTarget	1	358279
1433.34	n/a	NonTarget	1	358335
1433.564	n/a	NonTarget	1	358391
1433.792	n/a	NonTarget	1	358448
1434.016	n/a	NonTarget	1	358504
1434.24	n/a	NonTarget	1	358560
1434.468	n/a	NonTarget	1	358617
1434.692	n/a	NonTarget	1	358673
1434.92	n/a	NonTarget	1	358730
1435.144	n/a	NonTarget	1	358786
1435.368	n/a	NonTarget	1	358842
1435.592	n/a	Target	2	358898
1435.816	n/a	NonTarget	1	358954
1436.044	n/a	NonTarget	1	359011
1436.268	n/a	NonTarget	1	359067
1436.496	n/a	NonTarget	1	359124
1436.72	n/a	NonTarget	1	359180
1436.944	n/a	NonTarget	1	359236
1437.168	n/a	NonTarget	1	359292
1437.396	n/a	NonTarget	1	359349
1437.62	n/a	Target	2	359405
1437.844	n/a	NonTarget	1	359461
1438.068	n/a	NonTarget	1	359517
1438.296	n/a	NonTarget	1	359574
1438.52	n/a	NonTarget	1	359630
1438.748	n/a	Target	2	359687
1438.972	n/a	NonTarget	1	359743
1439.196	n/a	NonTarget	1	359799
1439.424	n/a	NonTarget	1	359856
1439.648	n/a	NonTarget	1	359912
1439.876	n/a	NonTarget	1	359969
1440.1	n/a	NonTarget	1	360025
1440.324	n/a	NonTarget	1	360081
1440.548	n/a	NonTarget	1	360137
1440.772	n/a	Target	2	360193
1441.0	n/a	NonTarget	1	360250
1441.224	n/a	NonTarget	1	360306
1441.452	n/a	NonTarget	1	360363
1441.676	n/a	NonTarget	1	360419
1441.9	n/a	NonTarget	1	360475
1442.128	n/a	NonTarget	1	360532
1442.352	n/a	NonTarget	1	360588
1442.58	n/a	NonTarget	1	360645
1442.804	n/a	NonTarget	1	360701
1443.028	n/a	NonTarget	1	360757
1443.252	n/a	NonTarget	1	360813
1443.48	n/a	NonTarget	1	360870
1443.708	n/a	NonTarget	1	360927
1443.932	n/a	Target	2	360983
1444.156	n/a	NonTarget	1	361039
1444.38	n/a	NonTarget	1	361095
1444.608	n/a	NonTarget	1	361152
1444.832	n/a	NonTarget	1	361208
1445.06	n/a	NonTarget	1	361265
1445.284	n/a	NonTarget	1	361321
1445.508	n/a	NonTarget	1	361377
1445.732	n/a	Target	2	361433
1445.96	n/a	NonTarget	1	361490
1446.184	n/a	NonTarget	1	361546
1446.412	n/a	NonTarget	1	361603
1446.636	n/a	NonTarget	1	361659
1446.86	n/a	NonTarget	1	361715
1447.084	n/a	NonTarget	1	361771
1447.312	n/a	Target	2	361828
1447.536	n/a	NonTarget	1	361884
1447.76	n/a	NonTarget	1	361940
1447.984	n/a	NonTarget	1	361996
1448.212	n/a	NonTarget	1	362053
1448.436	n/a	NonTarget	1	362109
1448.664	n/a	NonTarget	1	362166
1448.888	n/a	NonTarget	1	362222
1449.112	n/a	NonTarget	1	362278
1449.34	n/a	NonTarget	1	362335
1449.564	n/a	Target	2	362391
1449.792	n/a	NonTarget	1	362448
1450.016	n/a	NonTarget	1	362504
1450.24	n/a	NonTarget	1	362560
1450.468	n/a	Target	2	362617
1450.692	n/a	NonTarget	1	362673
1450.916	n/a	NonTarget	1	362729
1451.144	n/a	NonTarget	1	362786
1451.368	n/a	NonTarget	1	362842
1451.592	n/a	NonTarget	1	362898
1451.816	n/a	NonTarget	1	362954
1452.044	n/a	NonTarget	1	363011
1464.536	n/a	NonTarget	1	366134
1464.76	n/a	NonTarget	1	366190
1464.988	n/a	NonTarget	1	366247
1465.212	n/a	Target	2	366303
1465.436	n/a	NonTarget	1	366359
1465.664	n/a	NonTarget	1	366416
1465.888	n/a	NonTarget	1	366472
1466.112	n/a	NonTarget	1	366528
1466.34	n/a	NonTarget	1	366585
1466.564	n/a	Target	2	366641
1466.792	n/a	NonTarget	1	366698
1467.016	n/a	NonTarget	1	366754
1467.24	n/a	NonTarget	1	366810
1467.472	n/a	NonTarget	1	366868
1467.696	n/a	NonTarget	1	366924
1467.92	n/a	NonTarget	1	366980
1468.148	n/a	NonTarget	1	367037
1468.372	n/a	NonTarget	1	367093
1468.6	n/a	Target	2	367150
1468.824	n/a	NonTarget	1	367206
1469.048	n/a	NonTarget	1	367262
1469.276	n/a	NonTarget	1	367319
1469.5	n/a	NonTarget	1	367375
1469.724	n/a	NonTarget	1	367431
1469.948	n/a	NonTarget	1	367487
1470.176	n/a	NonTarget	1	367544
1470.4	n/a	NonTarget	1	367600
1470.624	n/a	NonTarget	1	367656
1470.852	n/a	NonTarget	1	367713
1471.076	n/a	Target	2	367769
1471.3	n/a	NonTarget	1	367825
1471.528	n/a	NonTarget	1	367882
1471.752	n/a	NonTarget	1	367938
1471.98	n/a	NonTarget	1	367995
1472.204	n/a	NonTarget	1	368051
1472.428	n/a	NonTarget	1	368107
1472.656	n/a	NonTarget	1	368164
1472.88	n/a	NonTarget	1	368220
1473.104	n/a	NonTarget	1	368276
1473.332	n/a	NonTarget	1	368333
1473.56	n/a	NonTarget	1	368390
1473.784	n/a	NonTarget	1	368446
1474.008	n/a	NonTarget	1	368502
1474.232	n/a	Target	2	368558
1474.46	n/a	NonTarget	1	368615
1474.684	n/a	NonTarget	1	368671
1474.912	n/a	NonTarget	1	368728
1475.136	n/a	NonTarget	1	368784
1475.36	n/a	Target	2	368840
1475.588	n/a	NonTarget	1	368897
1475.812	n/a	NonTarget	1	368953
1476.036	n/a	NonTarget	1	369009
1476.264	n/a	NonTarget	1	369066
1476.488	n/a	NonTarget	1	369122
1476.712	n/a	NonTarget	1	369178
1476.936	n/a	NonTarget	1	369234
1477.164	n/a	NonTarget	1	369291
1477.388	n/a	NonTarget	1	369347
1477.616	n/a	NonTarget	1	369404
1477.84	n/a	NonTarget	1	369460
1478.064	n/a	NonTarget	1	369516
1478.292	n/a	Target	2	369573
1478.516	n/a	NonTarget	1	369629
1478.74	n/a	NonTarget	1	369685
1478.968	n/a	NonTarget	1	369742
1479.192	n/a	NonTarget	1	369798
1479.42	n/a	NonTarget	1	369855
1479.644	n/a	NonTarget	1	369911
1479.872	n/a	NonTarget	1	369968
1480.096	n/a	Target	2	370024
1480.32	n/a	NonTarget	1	370080
1480.544	n/a	NonTarget	1	370136
1480.768	n/a	NonTarget	1	370192
1480.996	n/a	NonTarget	1	370249
1481.22	n/a	NonTarget	1	370305
1481.444	n/a	NonTarget	1	370361
1481.672	n/a	NonTarget	1	370418
1481.896	n/a	Target	2	370474
1482.124	n/a	NonTarget	1	370531
1482.348	n/a	NonTarget	1	370587
1482.572	n/a	NonTarget	1	370643
1482.796	n/a	NonTarget	1	370699
1483.024	n/a	NonTarget	1	370756
1483.248	n/a	Target	2	370812
1483.472	n/a	NonTarget	1	370868
1483.7	n/a	NonTarget	1	370925
1483.924	n/a	NonTarget	1	370981
1484.148	n/a	NonTarget	1	371037
1484.376	n/a	NonTarget	1	371094
1484.6	n/a	NonTarget	1	371150
1484.828	n/a	NonTarget	1	371207
1485.052	n/a	NonTarget	1	371263
1485.28	n/a	NonTarget	1	371320
1485.504	n/a	Target	2	371376
1485.728	n/a	NonTarget	1	371432
1485.956	n/a	NonTarget	1	371489
1486.18	n/a	NonTarget	1	371545
1486.404	n/a	NonTarget	1	371601
1486.632	n/a	NonTarget	1	371658
1486.856	n/a	NonTarget	1	371714
1487.08	n/a	NonTarget	1	371770
1487.308	n/a	NonTarget	1	371827
1487.532	n/a	NonTarget	1	371883
1487.76	n/a	Target	2	371940
1487.984	n/a	NonTarget	1	371996
1488.208	n/a	NonTarget	1	372052
1488.436	n/a	NonTarget	1	372109
1488.66	n/a	NonTarget	1	372165
1488.888	n/a	Target	2	372222
1489.112	n/a	NonTarget	1	372278
1489.336	n/a	NonTarget	1	372334
1489.564	n/a	NonTarget	1	372391
1489.788	n/a	NonTarget	1	372447
1490.016	n/a	NonTarget	1	372504
1490.24	n/a	NonTarget	1	372560
1490.464	n/a	NonTarget	1	372616
1490.692	n/a	NonTarget	1	372673
1490.916	n/a	NonTarget	1	372729
1491.144	n/a	NonTarget	1	372786
1491.368	n/a	NonTarget	1	372842
1491.592	n/a	NonTarget	1	372898
1491.816	n/a	NonTarget	1	372954
1492.044	n/a	NonTarget	1	373011
1492.268	n/a	NonTarget	1	373067
1492.496	n/a	Target	2	373124
1492.72	n/a	NonTarget	1	373180
1492.944	n/a	NonTarget	1	373236
1493.172	n/a	NonTarget	1	373293
1493.396	n/a	NonTarget	1	373349
1493.62	n/a	NonTarget	1	373405
1493.848	n/a	Target	2	373462
1494.072	n/a	NonTarget	1	373518
1494.296	n/a	NonTarget	1	373574
1494.52	n/a	NonTarget	1	373630
1494.748	n/a	NonTarget	1	373687
1503.536	n/a	Target	2	375884
1503.76	n/a	NonTarget	1	375940
1503.988	n/a	NonTarget	1	375997
1504.212	n/a	NonTarget	1	376053
1504.436	n/a	NonTarget	1	376109
1504.664	n/a	NonTarget	1	376166
1504.888	n/a	NonTarget	1	376222
1505.112	n/a	NonTarget	1	376278
1505.34	n/a	NonTarget	1	376335
1505.564	n/a	NonTarget	1	376391
1505.788	n/a	NonTarget	1	376447
1506.012	n/a	NonTarget	1	376503
1506.236	n/a	NonTarget	1	376559
1506.464	n/a	NonTarget	1	376616
1506.692	n/a	NonTarget	1	376673
1506.916	n/a	NonTarget	1	376729
1507.14	n/a	Target	2	376785
1507.368	n/a	NonTarget	1	376842
1507.592	n/a	NonTarget	1	376898
1507.82	n/a	NonTarget	1	376955
1508.044	n/a	Target	2	377011
1508.268	n/a	NonTarget	1	377067
1508.496	n/a	NonTarget	1	377124
1508.72	n/a	NonTarget	1	377180
1508.944	n/a	NonTarget	1	377236
1509.172	n/a	NonTarget	1	377293
1509.4	n/a	NonTarget	1	377350
1509.624	n/a	NonTarget	1	377406
1509.852	n/a	Target	2	377463
1510.076	n/a	NonTarget	1	377519
1510.3	n/a	NonTarget	1	377575
1510.524	n/a	NonTarget	1	377631
1510.752	n/a	NonTarget	1	377688
1510.976	n/a	NonTarget	1	377744
1511.204	n/a	NonTarget	1	377801
1511.428	n/a	NonTarget	1	377857
1511.652	n/a	Target	2	377913
1511.88	n/a	NonTarget	1	377970
1512.104	n/a	NonTarget	1	378026
1512.332	n/a	NonTarget	1	378083
1512.556	n/a	NonTarget	1	378139
1512.78	n/a	NonTarget	1	378195
1513.008	n/a	NonTarget	1	378252
1513.232	n/a	NonTarget	1	378308
1513.456	n/a	NonTarget	1	378364
1513.684	n/a	NonTarget	1	378421
1513.908	n/a	NonTarget	1	378477
1514.136	n/a	NonTarget	1	378534
1514.36	n/a	NonTarget	1	378590
1514.584	n/a	NonTarget	1	378646
1514.812	n/a	NonTarget	1	378703
1515.036	n/a	NonTarget	1	378759
1515.264	n/a	NonTarget	1	378816
1515.488	n/a	Target	2	378872
1515.712	n/a	NonTarget	1	378928
1515.936	n/a	NonTarget	1	378984
1516.164	n/a	NonTarget	1	379041
1516.388	n/a	NonTarget	1	379097
1516.612	n/a	NonTarget	1	379153
1516.84	n/a	NonTarget	1	379210
1517.064	n/a	NonTarget	1	379266
1517.292	n/a	NonTarget	1	379323
1517.516	n/a	Target	2	379379
1517.74	n/a	NonTarget	1	379435
1517.964	n/a	NonTarget	1	379491
1518.192	n/a	NonTarget	1	379548
1518.416	n/a	NonTarget	1	379604
1518.644	n/a	NonTarget	1	379661
1518.868	n/a	NonTarget	1	379717
1519.092	n/a	Target	2	379773
1519.32	n/a	NonTarget	1	379830
1519.544	n/a	NonTarget	1	379886
1519.772	n/a	NonTarget	1	379943
1519.996	n/a	NonTarget	1	379999
1520.22	n/a	NonTarget	1	380055
1520.444	n/a	NonTarget	1	380111
1520.672	n/a	Target	2	380168
1520.896	n/a	NonTarget	1	380224
1521.124	n/a	NonTarget	1	380281
1521.348	n/a	NonTarget	1	380337
1521.572	n/a	NonTarget	1	380393
1521.796	n/a	NonTarget	1	380449
1522.024	n/a	NonTarget	1	380506
1522.248	n/a	NonTarget	1	380562
1522.472	n/a	NonTarget	1	380618
1522.7	n/a	NonTarget	1	380675
1522.924	n/a	NonTarget	1	380731
1523.148	n/a	NonTarget	1	380787
1523.376	n/a	Target	2	380844
1523.6	n/a	NonTarget	1	380900
1523.824	n/a	NonTarget	1	380956
1524.048	n/a	NonTarget	1	381012
1524.276	n/a	NonTarget	1	381069
1524.5	n/a	NonTarget	1	381125
1524.728	n/a	NonTarget	1	381182
1524.952	n/a	NonTarget	1	381238
1525.18	n/a	NonTarget	1	381295
1525.404	n/a	Target	2	381351
1525.628	n/a	NonTarget	1	381407
1525.856	n/a	NonTarget	1	381464
1526.08	n/a	NonTarget	1	381520
1526.304	n/a	NonTarget	1	381576
1526.532	n/a	NonTarget	1	381633
1526.756	n/a	Target	2	381689
1526.98	n/a	NonTarget	1	381745
1527.208	n/a	NonTarget	1	381802
1527.432	n/a	NonTarget	1	381858
1527.656	n/a	NonTarget	1	381914
1527.884	n/a	NonTarget	1	381971
1528.108	n/a	NonTarget	1	382027
1528.332	n/a	NonTarget	1	382083
1528.56	n/a	NonTarget	1	382140
1528.784	n/a	NonTarget	1	382196
1529.008	n/a	Target	2	382252
1529.232	n/a	NonTarget	1	382308
1529.46	n/a	NonTarget	1	382365
1529.688	n/a	NonTarget	1	382422
1529.912	n/a	NonTarget	1	382478
1530.136	n/a	NonTarget	1	382534
1530.36	n/a	Target	2	382590
1530.588	n/a	NonTarget	1	382647
1530.812	n/a	NonTarget	1	382703
1531.04	n/a	NonTarget	1	382760
1531.264	n/a	NonTarget	1	382816
1531.488	n/a	NonTarget	1	382872
1531.712	n/a	NonTarget	1	382928
1531.936	n/a	NonTarget	1	382984
1532.164	n/a	Target	2	383041
1532.388	n/a	NonTarget	1	383097
1532.616	n/a	NonTarget	1	383154
1532.84	n/a	NonTarget	1	383210
1533.064	n/a	NonTarget	1	383266
1533.292	n/a	NonTarget	1	383323
1533.516	n/a	NonTarget	1	383379
1533.74	n/a	NonTarget	1	383435
1545.828	n/a	NonTarget	1	386457
1546.052	n/a	Target	2	386513
1546.276	n/a	NonTarget	1	386569
1546.504	n/a	NonTarget	1	386626
1546.728	n/a	NonTarget	1	386682
1546.952	n/a	NonTarget	1	386738
1547.18	n/a	NonTarget	1	386795
1547.404	n/a	NonTarget	1	386851
1547.628	n/a	NonTarget	1	386907
1547.852	n/a	NonTarget	1	386963
1548.08	n/a	NonTarget	1	387020
1548.304	n/a	NonTarget	1	387076
1548.528	n/a	NonTarget	1	387132
1548.756	n/a	NonTarget	1	387189
1548.98	n/a	NonTarget	1	387245
1549.204	n/a	Target	2	387301
1549.432	n/a	NonTarget	1	387358
1549.656	n/a	NonTarget	1	387414
1549.88	n/a	NonTarget	1	387470
1550.104	n/a	NonTarget	1	387526
1550.332	n/a	NonTarget	1	387583
1550.556	n/a	NonTarget	1	387639
1550.784	n/a	NonTarget	1	387696
1551.008	n/a	NonTarget	1	387752
1551.232	n/a	NonTarget	1	387808
1551.46	n/a	NonTarget	1	387865
1551.684	n/a	Target	2	387921
1551.908	n/a	NonTarget	1	387977
1552.136	n/a	NonTarget	1	388034
1552.36	n/a	NonTarget	1	388090
1552.588	n/a	NonTarget	1	388147
1552.812	n/a	NonTarget	1	388203
1553.036	n/a	Target	2	388259
1553.264	n/a	NonTarget	1	388316
1553.488	n/a	NonTarget	1	388372
1553.716	n/a	NonTarget	1	388429
1553.936	n/a	NonTarget	1	388484
1554.164	n/a	NonTarget	1	388541
1554.388	n/a	Target	2	388597
1554.616	n/a	NonTarget	1	388654
1554.84	n/a	NonTarget	1	388710
1555.064	n/a	NonTarget	1	388766
1555.292	n/a	NonTarget	1	388823
1555.516	n/a	NonTarget	1	388879
1555.74	n/a	NonTarget	1	388935
1555.968	n/a	NonTarget	1	388992
1556.192	n/a	Target	2	389048
1556.416	n/a	NonTarget	1	389104
1556.644	n/a	NonTarget	1	389161
1556.868	n/a	NonTarget	1	389217
1557.096	n/a	NonTarget	1	389274
1557.32	n/a	NonTarget	1	389330
1557.548	n/a	NonTarget	1	389387
1557.772	n/a	NonTarget	1	389443
1557.996	n/a	NonTarget	1	389499
1558.22	n/a	Target	2	389555
1558.448	n/a	NonTarget	1	389612
1558.672	n/a	NonTarget	1	389668
1558.9	n/a	NonTarget	1	389725
1559.124	n/a	NonTarget	1	389781
1559.348	n/a	NonTarget	1	389837
1559.576	n/a	NonTarget	1	389894
1559.8	n/a	NonTarget	1	389950
1560.028	n/a	Target	2	390007
1560.252	n/a	NonTarget	1	390063
1560.476	n/a	NonTarget	1	390119
1560.704	n/a	NonTarget	1	390176
1560.928	n/a	NonTarget	1	390232
1561.156	n/a	NonTarget	1	390289
1561.38	n/a	NonTarget	1	390345
1561.604	n/a	NonTarget	1	390401
1561.832	n/a	NonTarget	1	390458
1562.056	n/a	NonTarget	1	390514
1562.284	n/a	NonTarget	1	390571
1562.508	n/a	NonTarget	1	390627
1562.732	n/a	NonTarget	1	390683
1562.956	n/a	NonTarget	1	390739
1563.18	n/a	NonTarget	1	390795
1563.408	n/a	NonTarget	1	390852
1563.632	n/a	Target	2	390908
1563.86	n/a	NonTarget	1	390965
1564.084	n/a	NonTarget	1	391021
1564.308	n/a	NonTarget	1	391077
1564.536	n/a	NonTarget	1	391134
1564.76	n/a	NonTarget	1	391190
1564.988	n/a	NonTarget	1	391247
1565.212	n/a	NonTarget	1	391303
1565.436	n/a	Target	2	391359
1565.664	n/a	NonTarget	1	391416
1565.888	n/a	NonTarget	1	391472
1566.116	n/a	NonTarget	1	391529
1566.34	n/a	NonTarget	1	391585
1566.564	n/a	NonTarget	1	391641
1566.792	n/a	Target	2	391698
1567.016	n/a	NonTarget	1	391754
1567.24	n/a	NonTarget	1	391810
1567.468	n/a	NonTarget	1	391867
1567.692	n/a	NonTarget	1	391923
1567.92	n/a	NonTarget	1	391980
1568.144	n/a	Target	2	392036
1568.368	n/a	NonTarget	1	392092
1568.596	n/a	NonTarget	1	392149
1568.82	n/a	NonTarget	1	392205
1569.044	n/a	NonTarget	1	392261
1569.272	n/a	NonTarget	1	392318
1569.496	n/a	NonTarget	1	392374
1569.72	n/a	NonTarget	1	392430
1569.948	n/a	NonTarget	1	392487
1570.172	n/a	Target	2	392543
1570.4	n/a	NonTarget	1	392600
1570.624	n/a	NonTarget	1	392656
1570.848	n/a	NonTarget	1	392712
1571.076	n/a	NonTarget	1	392769
1571.3	n/a	NonTarget	1	392825
1571.524	n/a	NonTarget	1	392881
1571.752	n/a	NonTarget	1	392938
1571.976	n/a	NonTarget	1	392994
1572.204	n/a	NonTarget	1	393051
1572.428	n/a	NonTarget	1	393107
1572.652	n/a	NonTarget	1	393163
1572.88	n/a	Target	2	393220
1573.104	n/a	NonTarget	1	393276
1573.328	n/a	NonTarget	1	393332
1573.556	n/a	NonTarget	1	393389
1573.78	n/a	NonTarget	1	393445
1574.004	n/a	NonTarget	1	393501
1574.228	n/a	NonTarget	1	393557
1574.456	n/a	NonTarget	1	393614
1574.68	n/a	NonTarget	1	393670
1574.908	n/a	Target	2	393727
1575.132	n/a	NonTarget	1	393783
1575.356	n/a	NonTarget	1	393839
1575.584	n/a	NonTarget	1	393896
1575.808	n/a	NonTarget	1	393952
1576.036	n/a	NonTarget	1	394009
1584.836	n/a	NonTarget	1	396209
1585.06	n/a	NonTarget	1	396265
1585.284	n/a	NonTarget	1	396321
1585.512	n/a	NonTarget	1	396378
1585.736	n/a	Target	2	396434
1585.96	n/a	NonTarget	1	396490
1586.184	n/a	NonTarget	1	396546
1586.412	n/a	NonTarget	1	396603
1586.636	n/a	NonTarget	1	396659
1586.864	n/a	NonTarget	1	396716
1587.088	n/a	NonTarget	1	396772
1587.312	n/a	NonTarget	1	396828
1587.54	n/a	NonTarget	1	396885
1587.764	n/a	NonTarget	1	396941
1587.988	n/a	Target	2	396997
1588.216	n/a	NonTarget	1	397054
1588.44	n/a	NonTarget	1	397110
1588.664	n/a	NonTarget	1	397166
1588.892	n/a	NonTarget	1	397223
1589.116	n/a	NonTarget	1	397279
1589.344	n/a	Target	2	397336
1589.568	n/a	NonTarget	1	397392
1589.796	n/a	NonTarget	1	397449
1590.02	n/a	NonTarget	1	397505
1590.248	n/a	NonTarget	1	397562
1590.472	n/a	NonTarget	1	397618
1590.7	n/a	NonTarget	1	397675
1590.924	n/a	NonTarget	1	397731
1591.148	n/a	NonTarget	1	397787
1591.376	n/a	NonTarget	1	397844
1591.6	n/a	NonTarget	1	397900
1591.828	n/a	NonTarget	1	397957
1592.052	n/a	NonTarget	1	398013
1592.276	n/a	NonTarget	1	398069
1592.504	n/a	NonTarget	1	398126
1592.728	n/a	Target	2	398182
1592.952	n/a	NonTarget	1	398238
1593.18	n/a	NonTarget	1	398295
1593.404	n/a	NonTarget	1	398351
1593.628	n/a	NonTarget	1	398407
1593.856	n/a	NonTarget	1	398464
1594.08	n/a	NonTarget	1	398520
1594.304	n/a	Target	2	398576
1594.532	n/a	NonTarget	1	398633
1594.756	n/a	NonTarget	1	398689
1594.984	n/a	NonTarget	1	398746
1595.208	n/a	NonTarget	1	398802
1595.432	n/a	NonTarget	1	398858
1595.66	n/a	NonTarget	1	398915
1595.884	n/a	NonTarget	1	398971
1596.112	n/a	NonTarget	1	399028
1596.336	n/a	NonTarget	1	399084
1596.56	n/a	NonTarget	1	399140
1596.788	n/a	Target	2	399197
1597.012	n/a	NonTarget	1	399253
1597.24	n/a	NonTarget	1	399310
1597.464	n/a	NonTarget	1	399366
1597.688	n/a	NonTarget	1	399422
1597.912	n/a	Target	2	399478
1598.136	n/a	NonTarget	1	399534
1598.364	n/a	NonTarget	1	399591
1598.588	n/a	NonTarget	1	399647
1598.816	n/a	NonTarget	1	399704
1599.04	n/a	Target	2	399760
1599.264	n/a	NonTarget	1	399816
1599.492	n/a	NonTarget	1	399873
1599.716	n/a	NonTarget	1	399929
1599.944	n/a	NonTarget	1	399986
1600.168	n/a	NonTarget	1	400042
1600.392	n/a	NonTarget	1	400098
1600.62	n/a	NonTarget	1	400155
1600.844	n/a	NonTarget	1	400211
1601.072	n/a	NonTarget	1	400268
1601.296	n/a	NonTarget	1	400324
1601.52	n/a	Target	2	400380
1601.748	n/a	NonTarget	1	400437
1601.972	n/a	NonTarget	1	400493
1602.2	n/a	NonTarget	1	400550
1602.424	n/a	NonTarget	1	400606
1602.648	n/a	NonTarget	1	400662
1602.876	n/a	NonTarget	1	400719
1603.1	n/a	NonTarget	1	400775
1603.324	n/a	Target	2	400831
1603.552	n/a	NonTarget	1	400888
1603.776	n/a	NonTarget	1	400944
1604.0	n/a	NonTarget	1	401000
1604.224	n/a	NonTarget	1	401056
1604.452	n/a	NonTarget	1	401113
1604.676	n/a	NonTarget	1	401169
1604.904	n/a	NonTarget	1	401226
1605.128	n/a	NonTarget	1	401282
1605.352	n/a	Target	2	401338
1605.576	n/a	NonTarget	1	401394
1605.804	n/a	NonTarget	1	401451
1606.028	n/a	NonTarget	1	401507
1606.256	n/a	NonTarget	1	401564
1606.48	n/a	NonTarget	1	401620
1606.704	n/a	NonTarget	1	401676
1606.932	n/a	NonTarget	1	401733
1607.156	n/a	Target	2	401789
1607.384	n/a	NonTarget	1	401846
1607.608	n/a	NonTarget	1	401902
1607.832	n/a	NonTarget	1	401958
1608.06	n/a	NonTarget	1	402015
1608.284	n/a	NonTarget	1	402071
1608.512	n/a	NonTarget	1	402128
1608.736	n/a	NonTarget	1	402184
1608.96	n/a	NonTarget	1	402240
1609.184	n/a	NonTarget	1	402296
1609.412	n/a	NonTarget	1	402353
1609.636	n/a	NonTarget	1	402409
1609.86	n/a	NonTarget	1	402465
1610.088	n/a	Target	2	402522
1610.312	n/a	NonTarget	1	402578
1610.54	n/a	NonTarget	1	402635
1610.764	n/a	NonTarget	1	402691
1610.988	n/a	NonTarget	1	402747
1611.216	n/a	NonTarget	1	402804
1611.44	n/a	Target	2	402860
1611.664	n/a	NonTarget	1	402916
1611.892	n/a	NonTarget	1	402973
1612.116	n/a	NonTarget	1	403029
1612.344	n/a	NonTarget	1	403086
1612.568	n/a	NonTarget	1	403142
1612.792	n/a	NonTarget	1	403198
1613.02	n/a	NonTarget	1	403255
1613.244	n/a	Target	2	403311
1613.472	n/a	NonTarget	1	403368
1613.696	n/a	NonTarget	1	403424
1613.924	n/a	NonTarget	1	403481
1614.148	n/a	NonTarget	1	403537
1614.372	n/a	NonTarget	1	403593
1614.596	n/a	NonTarget	1	403649
1614.824	n/a	NonTarget	1	403706
1685.256	n/a	NonTarget	1	421314
1685.48	n/a	NonTarget	1	421370
1685.708	n/a	NonTarget	1	421427
1685.932	n/a	Target	2	421483
1686.16	n/a	NonTarget	1	421540
1686.384	n/a	NonTarget	1	421596
1686.612	n/a	NonTarget	1	421653
1686.836	n/a	NonTarget	1	421709
1687.064	n/a	NonTarget	1	421766
1687.288	n/a	NonTarget	1	421822
1687.512	n/a	NonTarget	1	421878
1687.74	n/a	NonTarget	1	421935
1687.964	n/a	Target	2	421991
1688.188	n/a	NonTarget	1	422047
1688.416	n/a	NonTarget	1	422104
1688.64	n/a	NonTarget	1	422160
1688.868	n/a	NonTarget	1	422217
1689.092	n/a	NonTarget	1	422273
1689.316	n/a	NonTarget	1	422329
1689.544	n/a	Target	2	422386
1689.768	n/a	NonTarget	1	422442
1689.992	n/a	NonTarget	1	422498
1690.22	n/a	NonTarget	1	422555
1690.444	n/a	NonTarget	1	422611
1690.668	n/a	NonTarget	1	422667
1690.896	n/a	NonTarget	1	422724
1691.12	n/a	NonTarget	1	422780
1691.344	n/a	NonTarget	1	422836
1691.568	n/a	Target	2	422892
1691.796	n/a	NonTarget	1	422949
1692.02	n/a	NonTarget	1	423005
1692.248	n/a	NonTarget	1	423062
1692.472	n/a	NonTarget	1	423118
1692.7	n/a	NonTarget	1	423175
1692.924	n/a	Target	2	423231
1693.148	n/a	NonTarget	1	423287
1693.376	n/a	NonTarget	1	423344
1693.6	n/a	NonTarget	1	423400
1693.824	n/a	NonTarget	1	423456
1694.052	n/a	NonTarget	1	423513
1694.276	n/a	NonTarget	1	423569
1694.5	n/a	NonTarget	1	423625
1694.728	n/a	Target	2	423682
1694.952	n/a	NonTarget	1	423738
1695.176	n/a	NonTarget	1	423794
1695.404	n/a	NonTarget	1	423851
1695.628	n/a	NonTarget	1	423907
1695.852	n/a	Target	2	423963
1696.08	n/a	NonTarget	1	424020
1696.304	n/a	NonTarget	1	424076
1696.532	n/a	NonTarget	1	424133
1696.756	n/a	NonTarget	1	424189
1696.98	n/a	NonTarget	1	424245
1697.208	n/a	NonTarget	1	424302
1697.432	n/a	NonTarget	1	424358
1697.66	n/a	NonTarget	1	424415
1697.884	n/a	Target	2	424471
1698.112	n/a	NonTarget	1	424528
1698.336	n/a	NonTarget	1	424584
1698.56	n/a	NonTarget	1	424640
1698.788	n/a	NonTarget	1	424697
1699.012	n/a	NonTarget	1	424753
1699.24	n/a	Target	2	424810
1699.464	n/a	NonTarget	1	424866
1699.692	n/a	NonTarget	1	424923
1699.916	n/a	NonTarget	1	424979
1700.144	n/a	NonTarget	1	425036
1700.372	n/a	NonTarget	1	425093
1700.596	n/a	Target	2	425149
1700.82	n/a	NonTarget	1	425205
1701.048	n/a	NonTarget	1	425262
1701.272	n/a	NonTarget	1	425318
1701.496	n/a	NonTarget	1	425374
1701.724	n/a	Target	2	425431
1701.948	n/a	NonTarget	1	425487
1702.172	n/a	NonTarget	1	425543
1702.4	n/a	NonTarget	1	425600
1702.624	n/a	NonTarget	1	425656
1702.852	n/a	NonTarget	1	425713
1703.076	n/a	Target	2	425769
1703.3	n/a	NonTarget	1	425825
1703.528	n/a	NonTarget	1	425882
1703.752	n/a	NonTarget	1	425938
1703.98	n/a	NonTarget	1	425995
1704.204	n/a	NonTarget	1	426051
1704.432	n/a	Target	2	426108
1704.656	n/a	NonTarget	1	426164
1704.88	n/a	NonTarget	1	426220
1705.108	n/a	NonTarget	1	426277
1705.332	n/a	NonTarget	1	426333
1705.56	n/a	Target	2	426390
1705.784	n/a	NonTarget	1	426446
1706.008	n/a	NonTarget	1	426502
1706.232	n/a	NonTarget	1	426558
1706.46	n/a	NonTarget	1	426615
1706.684	n/a	NonTarget	1	426671
1706.912	n/a	NonTarget	1	426728
1707.136	n/a	NonTarget	1	426784
1707.36	n/a	Target	2	426840
1707.588	n/a	NonTarget	1	426897
1707.812	n/a	NonTarget	1	426953
1708.04	n/a	NonTarget	1	427010
1708.264	n/a	NonTarget	1	427066
1708.488	n/a	NonTarget	1	427122
1708.716	n/a	Target	2	427179
1708.94	n/a	NonTarget	1	427235
1709.164	n/a	NonTarget	1	427291
1709.392	n/a	NonTarget	1	427348
1709.616	n/a	NonTarget	1	427404
1709.844	n/a	NonTarget	1	427461
1710.068	n/a	NonTarget	1	427517
1710.296	n/a	Target	2	427574
1710.52	n/a	NonTarget	1	427630
1710.744	n/a	NonTarget	1	427686
1710.972	n/a	NonTarget	1	427743
1711.196	n/a	NonTarget	1	427799
1711.424	n/a	Target	2	427856
1711.648	n/a	NonTarget	1	427912
1711.876	n/a	NonTarget	1	427969
1712.1	n/a	NonTarget	1	428025
1712.324	n/a	NonTarget	1	428081
1712.552	n/a	Target	2	428138
1712.776	n/a	NonTarget	1	428194
1713.004	n/a	NonTarget	1	428251
1713.228	n/a	NonTarget	1	428307
1713.452	n/a	NonTarget	1	428363
1713.676	n/a	Target	2	428419
1713.904	n/a	NonTarget	1	428476
1714.128	n/a	NonTarget	1	428532
1714.356	n/a	NonTarget	1	428589
1714.58	n/a	NonTarget	1	428645
1714.804	n/a	Target	2	428701
1715.032	n/a	NonTarget	1	428758
1715.256	n/a	NonTarget	1	428814
1715.48	n/a	NonTarget	1	428870
1724.228	n/a	NonTarget	1	431057
1724.452	n/a	NonTarget	1	431113
1724.676	n/a	NonTarget	1	431169
1724.904	n/a	NonTarget	1	431226
1725.128	n/a	Target	2	431282
1725.356	n/a	NonTarget	1	431339
1725.58	n/a	NonTarget	1	431395
1725.808	n/a	NonTarget	1	431452
1726.032	n/a	NonTarget	1	431508
1726.256	n/a	NonTarget	1	431564
1726.484	n/a	NonTarget	1	431621
1726.708	n/a	NonTarget	1	431677
1726.932	n/a	NonTarget	1	431733
1727.16	n/a	Target	2	431790
1727.384	n/a	NonTarget	1	431846
1727.612	n/a	NonTarget	1	431903
1727.836	n/a	NonTarget	1	431959
1728.064	n/a	NonTarget	1	432016
1728.288	n/a	NonTarget	1	432072
1728.512	n/a	NonTarget	1	432128
1728.74	n/a	NonTarget	1	432185
1728.964	n/a	NonTarget	1	432241
1729.188	n/a	Target	2	432297
1729.416	n/a	NonTarget	1	432354
1729.64	n/a	NonTarget	1	432410
1729.868	n/a	NonTarget	1	432467
1730.092	n/a	NonTarget	1	432523
1730.316	n/a	NonTarget	1	432579
1730.544	n/a	NonTarget	1	432636
1730.768	n/a	Target	2	432692
1730.992	n/a	NonTarget	1	432748
1731.22	n/a	NonTarget	1	432805
1731.444	n/a	NonTarget	1	432861
1731.668	n/a	NonTarget	1	432917
1731.892	n/a	Target	2	432973
1732.12	n/a	NonTarget	1	433030
1732.344	n/a	NonTarget	1	433086
1732.568	n/a	NonTarget	1	433142
1732.792	n/a	NonTarget	1	433198
1733.02	n/a	Target	2	433255
1733.244	n/a	NonTarget	1	433311
1733.472	n/a	NonTarget	1	433368
1733.696	n/a	NonTarget	1	433424
1733.924	n/a	NonTarget	1	433481
1734.148	n/a	Target	2	433537
1734.372	n/a	NonTarget	1	433593
1734.6	n/a	NonTarget	1	433650
1734.824	n/a	NonTarget	1	433706
1735.048	n/a	NonTarget	1	433762
1735.276	n/a	Target	2	433819
1735.5	n/a	NonTarget	1	433875
1735.724	n/a	NonTarget	1	433931
1735.952	n/a	NonTarget	1	433988
1736.176	n/a	NonTarget	1	434044
1736.404	n/a	Target	2	434101
1736.628	n/a	NonTarget	1	434157
1736.852	n/a	NonTarget	1	434213
1737.08	n/a	NonTarget	1	434270
1737.304	n/a	NonTarget	1	434326
1737.528	n/a	NonTarget	1	434382
1737.756	n/a	Target	2	434439
1737.98	n/a	NonTarget	1	434495
1738.204	n/a	NonTarget	1	434551
1738.432	n/a	NonTarget	1	434608
1738.656	n/a	NonTarget	1	434664
1738.884	n/a	Target	2	434721
1739.108	n/a	NonTarget	1	434777
1739.336	n/a	NonTarget	1	434834
1739.56	n/a	NonTarget	1	434890
1739.784	n/a	NonTarget	1	434946
1740.012	n/a	NonTarget	1	435003
1740.236	n/a	Target	2	435059
1740.464	n/a	NonTarget	1	435116
1740.688	n/a	NonTarget	1	435172
1740.912	n/a	NonTarget	1	435228
1741.14	n/a	NonTarget	1	435285
1741.364	n/a	Target	2	435341
1741.592	n/a	NonTarget	1	435398
1741.816	n/a	NonTarget	1	435454
1742.044	n/a	NonTarget	1	435511
1742.268	n/a	NonTarget	1	435567
1742.492	n/a	Target	2	435623
1742.72	n/a	NonTarget	1	435680
1742.944	n/a	NonTarget	1	435736
1743.168	n/a	NonTarget	1	435792
1743.396	n/a	NonTarget	1	435849
1743.62	n/a	NonTarget	1	435905
1743.848	n/a	Target	2	435962
1744.072	n/a	NonTarget	1	436018
1744.296	n/a	NonTarget	1	436074
1744.52	n/a	NonTarget	1	436130
1744.748	n/a	NonTarget	1	436187
1744.972	n/a	Target	2	436243
1745.196	n/a	NonTarget	1	436299
1745.424	n/a	NonTarget	1	436356
1745.648	n/a	NonTarget	1	436412
1745.872	n/a	NonTarget	1	436468
1746.1	n/a	Target	2	436525
1746.324	n/a	NonTarget	1	436581
1746.552	n/a	NonTarget	1	436638
1746.776	n/a	NonTarget	1	436694
1747.004	n/a	NonTarget	1	436751
1747.228	n/a	Target	2	436807
1747.452	n/a	NonTarget	1	436863
1747.68	n/a	NonTarget	1	436920
1747.904	n/a	NonTarget	1	436976
1748.128	n/a	NonTarget	1	437032
1748.356	n/a	Target	2	437089
1748.58	n/a	NonTarget	1	437145
1748.804	n/a	NonTarget	1	437201
1749.032	n/a	NonTarget	1	437258
1749.256	n/a	NonTarget	1	437314
1749.484	n/a	NonTarget	1	437371
1749.708	n/a	Target	2	437427
1749.932	n/a	NonTarget	1	437483
1750.16	n/a	NonTarget	1	437540
1750.384	n/a	NonTarget	1	437596
1750.608	n/a	NonTarget	1	437652
1750.836	n/a	Target	2	437709
1751.06	n/a	NonTarget	1	437765
1751.288	n/a	NonTarget	1	437822
1751.512	n/a	NonTarget	1	437878
1751.736	n/a	NonTarget	1	437934
1751.964	n/a	NonTarget	1	437991
1752.188	n/a	Target	2	438047
1752.416	n/a	NonTarget	1	438104
1752.64	n/a	NonTarget	1	438160
1752.868	n/a	NonTarget	1	438217
1753.092	n/a	NonTarget	1	438273
1753.316	n/a	NonTarget	1	438329
1753.54	n/a	Target	2	438385
1753.768	n/a	NonTarget	1	438442
1753.992	n/a	NonTarget	1	438498
1754.22	n/a	NonTarget	1	438555
1754.444	n/a	NonTarget	1	438611
1790.896	n/a	NonTarget	1	447724
1791.12	n/a	Target	2	447780
1791.344	n/a	NonTarget	1	447836
1791.572	n/a	NonTarget	1	447893
1791.796	n/a	NonTarget	1	447949
1792.024	n/a	NonTarget	1	448006
1792.248	n/a	NonTarget	1	448062
1792.472	n/a	NonTarget	1	448118
1792.7	n/a	NonTarget	1	448175
1792.924	n/a	NonTarget	1	448231
1793.152	n/a	NonTarget	1	448288
1793.376	n/a	Target	2	448344
1793.6	n/a	NonTarget	1	448400
1793.828	n/a	NonTarget	1	448457
1794.052	n/a	NonTarget	1	448513
1794.276	n/a	NonTarget	1	448569
1794.504	n/a	NonTarget	1	448626
1794.728	n/a	NonTarget	1	448682
1794.952	n/a	NonTarget	1	448738
1795.18	n/a	NonTarget	1	448795
1795.404	n/a	NonTarget	1	448851
1795.628	n/a	NonTarget	1	448907
1795.852	n/a	Target	2	448963
1796.08	n/a	NonTarget	1	449020
1796.304	n/a	NonTarget	1	449076
1796.528	n/a	NonTarget	1	449132
1796.756	n/a	NonTarget	1	449189
1796.98	n/a	NonTarget	1	449245
1797.204	n/a	NonTarget	1	449301
1797.432	n/a	NonTarget	1	449358
1797.656	n/a	Target	2	449414
1797.884	n/a	NonTarget	1	449471
1798.108	n/a	NonTarget	1	449527
1798.336	n/a	NonTarget	1	449584
1798.56	n/a	NonTarget	1	449640
1798.784	n/a	NonTarget	1	449696
1799.012	n/a	NonTarget	1	449753
1799.236	n/a	NonTarget	1	449809
1799.46	n/a	NonTarget	1	449865
1799.684	n/a	NonTarget	1	449921
1799.912	n/a	NonTarget	1	449978
1800.14	n/a	NonTarget	1	450035
1800.364	n/a	Target	2	450091
1800.588	n/a	NonTarget	1	450147
1800.812	n/a	NonTarget	1	450203
1801.04	n/a	NonTarget	1	450260
1801.264	n/a	NonTarget	1	450316
1801.492	n/a	Target	2	450373
1801.716	n/a	NonTarget	1	450429
1801.944	n/a	NonTarget	1	450486
1802.168	n/a	NonTarget	1	450542
1802.396	n/a	NonTarget	1	450599
1802.62	n/a	NonTarget	1	450655
1802.844	n/a	NonTarget	1	450711
1803.072	n/a	NonTarget	1	450768
1803.296	n/a	NonTarget	1	450824
1803.52	n/a	Target	2	450880
1803.748	n/a	NonTarget	1	450937
1803.972	n/a	NonTarget	1	450993
1804.196	n/a	NonTarget	1	451049
1804.424	n/a	NonTarget	1	451106
1804.648	n/a	NonTarget	1	451162
1804.872	n/a	NonTarget	1	451218
1805.1	n/a	Target	2	451275
1805.324	n/a	NonTarget	1	451331
1805.552	n/a	NonTarget	1	451388
1805.776	n/a	NonTarget	1	451444
1806.0	n/a	NonTarget	1	451500
1806.224	n/a	Target	2	451556
1806.452	n/a	NonTarget	1	451613
1806.676	n/a	NonTarget	1	451669
1806.904	n/a	NonTarget	1	451726
1807.128	n/a	NonTarget	1	451782
1807.352	n/a	NonTarget	1	451838
1807.58	n/a	NonTarget	1	451895
1807.804	n/a	NonTarget	1	451951
1808.032	n/a	NonTarget	1	452008
1808.256	n/a	Target	2	452064
1808.48	n/a	NonTarget	1	452120
1808.708	n/a	NonTarget	1	452177
1808.932	n/a	NonTarget	1	452233
1809.156	n/a	NonTarget	1	452289
1809.384	n/a	NonTarget	1	452346
1809.608	n/a	Target	2	452402
1809.836	n/a	NonTarget	1	452459
1810.06	n/a	NonTarget	1	452515
1810.284	n/a	NonTarget	1	452571
1810.508	n/a	NonTarget	1	452627
1810.736	n/a	Target	2	452684
1810.96	n/a	NonTarget	1	452740
1811.188	n/a	NonTarget	1	452797
1811.416	n/a	NonTarget	1	452854
1811.64	n/a	NonTarget	1	452910
1811.864	n/a	NonTarget	1	452966
1812.092	n/a	NonTarget	1	453023
1812.316	n/a	NonTarget	1	453079
1812.54	n/a	NonTarget	1	453135
1812.768	n/a	Target	2	453192
1812.992	n/a	NonTarget	1	453248
1813.216	n/a	NonTarget	1	453304
1813.444	n/a	NonTarget	1	453361
1813.668	n/a	NonTarget	1	453417
1813.896	n/a	Target	2	453474
1814.12	n/a	NonTarget	1	453530
1814.344	n/a	NonTarget	1	453586
1814.572	n/a	NonTarget	1	453643
1814.796	n/a	NonTarget	1	453699
1815.024	n/a	NonTarget	1	453756
1815.248	n/a	Target	2	453812
1815.476	n/a	NonTarget	1	453869
1815.704	n/a	NonTarget	1	453926
1815.928	n/a	NonTarget	1	453982
1816.152	n/a	NonTarget	1	454038
1816.38	n/a	NonTarget	1	454095
1816.604	n/a	NonTarget	1	454151
1816.828	n/a	NonTarget	1	454207
1817.056	n/a	Target	2	454264
1817.28	n/a	NonTarget	1	454320
1817.504	n/a	NonTarget	1	454376
1817.732	n/a	NonTarget	1	454433
1817.956	n/a	NonTarget	1	454489
1818.18	n/a	NonTarget	1	454545
1818.408	n/a	NonTarget	1	454602
1818.632	n/a	NonTarget	1	454658
1818.86	n/a	NonTarget	1	454715
1819.084	n/a	NonTarget	1	454771
1819.308	n/a	NonTarget	1	454827
1819.536	n/a	NonTarget	1	454884
1819.76	n/a	NonTarget	1	454940
1819.988	n/a	Target	2	454997
1820.212	n/a	NonTarget	1	455053
1820.44	n/a	NonTarget	1	455110
1820.664	n/a	NonTarget	1	455166
1820.888	n/a	NonTarget	1	455222
1821.116	n/a	NonTarget	1	455279
1829.884	n/a	NonTarget	1	457471
1830.108	n/a	NonTarget	1	457527
1830.336	n/a	Target	2	457584
1830.56	n/a	NonTarget	1	457640
1902.424	n/a	NonTarget	1	475606
1902.648	n/a	NonTarget	1	475662
1902.876	n/a	NonTarget	1	475719
1903.1	n/a	NonTarget	1	475775
1903.324	n/a	NonTarget	1	475831
1903.548	n/a	NonTarget	1	475887
1903.776	n/a	NonTarget	1	475944
1904.0	n/a	Target	2	476000
1904.224	n/a	NonTarget	1	476056
1904.452	n/a	NonTarget	1	476113
1904.676	n/a	NonTarget	1	476169
1904.904	n/a	NonTarget	1	476226
1905.128	n/a	NonTarget	1	476282
1905.352	n/a	NonTarget	1	476338
1905.58	n/a	NonTarget	1	476395
1905.804	n/a	NonTarget	1	476451
1906.032	n/a	Target	2	476508
1906.256	n/a	NonTarget	1	476564
1906.48	n/a	NonTarget	1	476620
1906.708	n/a	NonTarget	1	476677
1906.932	n/a	NonTarget	1	476733
1907.156	n/a	NonTarget	1	476789
1907.38	n/a	NonTarget	1	476845
1907.608	n/a	NonTarget	1	476902
1907.832	n/a	NonTarget	1	476958
1908.06	n/a	NonTarget	1	477015
1908.284	n/a	NonTarget	1	477071
1908.512	n/a	NonTarget	1	477128
1908.736	n/a	NonTarget	1	477184
1908.96	n/a	Target	2	477240
1909.188	n/a	NonTarget	1	477297
1909.412	n/a	NonTarget	1	477353
1909.636	n/a	NonTarget	1	477409
1909.864	n/a	NonTarget	1	477466
1910.088	n/a	NonTarget	1	477522
1910.316	n/a	NonTarget	1	477579
1910.54	n/a	NonTarget	1	477635
1910.764	n/a	NonTarget	1	477691
1910.992	n/a	Target	2	477748
1911.216	n/a	NonTarget	1	477804
1911.444	n/a	NonTarget	1	477861
1911.668	n/a	NonTarget	1	477917
1911.892	n/a	NonTarget	1	477973
1912.12	n/a	Target	2	478030
1912.344	n/a	NonTarget	1	478086
1912.568	n/a	NonTarget	1	478142
1912.792	n/a	NonTarget	1	478198
1913.02	n/a	NonTarget	1	478255
1913.244	n/a	NonTarget	1	478311
1913.468	n/a	Target	2	478367
1913.696	n/a	NonTarget	1	478424
1913.92	n/a	NonTarget	1	478480
1914.144	n/a	NonTarget	1	478536
1914.368	n/a	NonTarget	1	478592
1914.596	n/a	Target	2	478649
1914.82	n/a	NonTarget	1	478705
1915.048	n/a	NonTarget	1	478762
1915.272	n/a	NonTarget	1	478818
1915.496	n/a	NonTarget	1	478874
1915.724	n/a	Target	2	478931
1915.948	n/a	NonTarget	1	478987
1916.176	n/a	NonTarget	1	479044
1916.4	n/a	NonTarget	1	479100
1916.624	n/a	NonTarget	1	479156
1916.852	n/a	Target	2	479213
1917.076	n/a	NonTarget	1	479269
1917.3	n/a	NonTarget	1	479325
1917.528	n/a	NonTarget	1	479382
1917.752	n/a	NonTarget	1	479438
1917.98	n/a	NonTarget	1	479495
1918.204	n/a	NonTarget	1	479551
1918.428	n/a	Target	2	479607
1918.656	n/a	NonTarget	1	479664
1918.88	n/a	NonTarget	1	479720
1919.104	n/a	NonTarget	1	479776
1919.332	n/a	NonTarget	1	479833
1919.556	n/a	NonTarget	1	479889
1919.784	n/a	Target	2	479946
1920.008	n/a	NonTarget	1	480002
1920.232	n/a	NonTarget	1	480058
1920.46	n/a	NonTarget	1	480115
1920.684	n/a	NonTarget	1	480171
1920.912	n/a	Target	2	480228
1921.136	n/a	NonTarget	1	480284
1921.36	n/a	NonTarget	1	480340
1921.588	n/a	NonTarget	1	480397
1921.812	n/a	NonTarget	1	480453
1922.04	n/a	Target	2	480510
1922.264	n/a	NonTarget	1	480566
1922.492	n/a	NonTarget	1	480623
1922.716	n/a	NonTarget	1	480679
1922.94	n/a	NonTarget	1	480735
1923.168	n/a	Target	2	480792
1923.392	n/a	NonTarget	1	480848
1923.62	n/a	NonTarget	1	480905
1923.844	n/a	NonTarget	1	480961
1924.068	n/a	NonTarget	1	481017
1924.292	n/a	NonTarget	1	481073
1924.52	n/a	Target	2	481130
1924.744	n/a	NonTarget	1	481186
1924.968	n/a	NonTarget	1	481242
1925.196	n/a	NonTarget	1	481299
1925.42	n/a	NonTarget	1	481355
1925.648	n/a	NonTarget	1	481412
1925.872	n/a	Target	2	481468
1926.096	n/a	NonTarget	1	481524
1926.324	n/a	NonTarget	1	481581
1926.548	n/a	NonTarget	1	481637
1926.776	n/a	NonTarget	1	481694
1927.0	n/a	NonTarget	1	481750
1927.228	n/a	NonTarget	1	481807
1927.452	n/a	NonTarget	1	481863
1927.676	n/a	NonTarget	1	481919
1927.9	n/a	Target	2	481975
1928.128	n/a	NonTarget	1	482032
1928.352	n/a	NonTarget	1	482088
1928.58	n/a	NonTarget	1	482145
1928.804	n/a	NonTarget	1	482201
1929.028	n/a	NonTarget	1	482257
1929.256	n/a	NonTarget	1	482314
1929.48	n/a	NonTarget	1	482370
1929.708	n/a	NonTarget	1	482427
1929.932	n/a	Target	2	482483
1930.156	n/a	NonTarget	1	482539
1930.38	n/a	NonTarget	1	482595
1930.608	n/a	NonTarget	1	482652
1930.832	n/a	NonTarget	1	482708
1931.056	n/a	Target	2	482764
1931.284	n/a	NonTarget	1	482821
1931.508	n/a	NonTarget	1	482877
1943.656	n/a	NonTarget	1	485914
1943.88	n/a	NonTarget	1	485970
1944.108	n/a	NonTarget	1	486027
1944.332	n/a	NonTarget	1	486083
1944.56	n/a	Target	2	486140
1944.784	n/a	NonTarget	1	486196
1945.008	n/a	NonTarget	1	486252
1945.236	n/a	NonTarget	1	486309
1945.46	n/a	NonTarget	1	486365
1945.688	n/a	NonTarget	1	486422
1945.912	n/a	NonTarget	1	486478
1946.136	n/a	NonTarget	1	486534
1946.364	n/a	Target	2	486591
1946.588	n/a	NonTarget	1	486647
1946.816	n/a	NonTarget	1	486704
1947.04	n/a	NonTarget	1	486760
1947.264	n/a	NonTarget	1	486816
1947.492	n/a	NonTarget	1	486873
1947.716	n/a	NonTarget	1	486929
1947.944	n/a	NonTarget	1	486986
1948.168	n/a	NonTarget	1	487042
1948.396	n/a	NonTarget	1	487099
1948.62	n/a	NonTarget	1	487155
1948.844	n/a	Target	2	487211
1949.072	n/a	NonTarget	1	487268
1949.296	n/a	NonTarget	1	487324
1949.52	n/a	NonTarget	1	487380
1949.744	n/a	NonTarget	1	487436
1949.972	n/a	NonTarget	1	487493
1950.196	n/a	NonTarget	1	487549
1950.42	n/a	NonTarget	1	487605
1950.648	n/a	NonTarget	1	487662
1950.872	n/a	Target	2	487718
1951.096	n/a	NonTarget	1	487774
1951.324	n/a	NonTarget	1	487831
1951.548	n/a	NonTarget	1	487887
1951.776	n/a	NonTarget	1	487944
1952.0	n/a	NonTarget	1	488000
1952.228	n/a	NonTarget	1	488057
1952.452	n/a	NonTarget	1	488113
1952.676	n/a	NonTarget	1	488169
1952.904	n/a	NonTarget	1	488226
1953.128	n/a	NonTarget	1	488282
1953.356	n/a	Target	2	488339
1953.58	n/a	NonTarget	1	488395
1953.808	n/a	NonTarget	1	488452
1954.032	n/a	NonTarget	1	488508
1954.26	n/a	NonTarget	1	488565
1954.484	n/a	Target	2	488621
1954.708	n/a	NonTarget	1	488677
1954.936	n/a	NonTarget	1	488734
1955.16	n/a	NonTarget	1	488790
1955.388	n/a	NonTarget	1	488847
1955.612	n/a	Target	2	488903
1955.84	n/a	NonTarget	1	488960
1956.064	n/a	NonTarget	1	489016
1956.288	n/a	NonTarget	1	489072
1956.516	n/a	NonTarget	1	489129
1956.74	n/a	Target	2	489185
1956.964	n/a	NonTarget	1	489241
1957.192	n/a	NonTarget	1	489298
1957.416	n/a	NonTarget	1	489354
1957.644	n/a	NonTarget	1	489411
1957.868	n/a	Target	2	489467
1958.092	n/a	NonTarget	1	489523
1958.32	n/a	NonTarget	1	489580
1958.544	n/a	NonTarget	1	489636
1958.772	n/a	NonTarget	1	489693
1958.996	n/a	NonTarget	1	489749
1959.22	n/a	NonTarget	1	489805
1959.444	n/a	Target	2	489861
1959.672	n/a	NonTarget	1	489918
1959.896	n/a	NonTarget	1	489974
1960.124	n/a	NonTarget	1	490031
1960.348	n/a	NonTarget	1	490087
1960.576	n/a	NonTarget	1	490144
1960.8	n/a	NonTarget	1	490200
1961.024	n/a	Target	2	490256
1961.252	n/a	NonTarget	1	490313
1961.476	n/a	NonTarget	1	490369
1961.704	n/a	NonTarget	1	490426
1961.928	n/a	NonTarget	1	490482
1962.152	n/a	NonTarget	1	490538
1962.38	n/a	Target	2	490595
1962.604	n/a	NonTarget	1	490651
1962.828	n/a	NonTarget	1	490707
1963.056	n/a	NonTarget	1	490764
1963.28	n/a	NonTarget	1	490820
1963.508	n/a	Target	2	490877
1963.732	n/a	NonTarget	1	490933
1963.956	n/a	NonTarget	1	490989
1964.18	n/a	NonTarget	1	491045
1964.408	n/a	NonTarget	1	491102
1964.632	n/a	Target	2	491158
1964.86	n/a	NonTarget	1	491215
1965.084	n/a	NonTarget	1	491271
1965.308	n/a	NonTarget	1	491327
1965.536	n/a	NonTarget	1	491384
1965.76	n/a	NonTarget	1	491440
1965.988	n/a	Target	2	491497
1966.212	n/a	NonTarget	1	491553
1966.44	n/a	NonTarget	1	491610
1966.664	n/a	NonTarget	1	491666
1966.888	n/a	NonTarget	1	491722
1967.116	n/a	Target	2	491779
1967.34	n/a	NonTarget	1	491835
1967.568	n/a	NonTarget	1	491892
1967.792	n/a	NonTarget	1	491948
1968.02	n/a	NonTarget	1	492005
1968.244	n/a	Target	2	492061
1968.468	n/a	NonTarget	1	492117
1968.696	n/a	NonTarget	1	492174
1968.92	n/a	NonTarget	1	492230
1969.144	n/a	NonTarget	1	492286
1969.372	n/a	NonTarget	1	492343
1969.596	n/a	Target	2	492399
1969.824	n/a	NonTarget	1	492456
1970.048	n/a	NonTarget	1	492512
1970.272	n/a	NonTarget	1	492568
1970.5	n/a	NonTarget	1	492625
1970.724	n/a	NonTarget	1	492681
1970.948	n/a	NonTarget	1	492737
1971.176	n/a	NonTarget	1	492794
1971.4	n/a	NonTarget	1	492850
1971.624	n/a	Target	2	492906
1971.852	n/a	NonTarget	1	492963
1972.076	n/a	NonTarget	1	493019
1972.304	n/a	NonTarget	1	493076
1972.528	n/a	NonTarget	1	493132
1972.752	n/a	Target	2	493188
1972.98	n/a	NonTarget	1	493245
1973.204	n/a	NonTarget	1	493301
1973.432	n/a	NonTarget	1	493358
1973.656	n/a	NonTarget	1	493414
1973.884	n/a	Target	2	493471
1982.648	n/a	NonTarget	1	495662
1982.872	n/a	NonTarget	1	495718
1983.1	n/a	NonTarget	1	495775
1983.328	n/a	NonTarget	1	495832
1983.552	n/a	NonTarget	1	495888
1983.78	n/a	Target	2	495945
1984.004	n/a	NonTarget	1	496001
1984.228	n/a	NonTarget	1	496057
1984.456	n/a	NonTarget	1	496114
1984.68	n/a	NonTarget	1	496170
1984.904	n/a	NonTarget	1	496226
1985.128	n/a	NonTarget	1	496282
1985.356	n/a	NonTarget	1	496339
1985.58	n/a	NonTarget	1	496395
1985.808	n/a	Target	2	496452
1986.032	n/a	NonTarget	1	496508
1986.26	n/a	NonTarget	1	496565
1986.484	n/a	NonTarget	1	496621
1986.708	n/a	NonTarget	1	496677
1986.936	n/a	NonTarget	1	496734
1987.16	n/a	NonTarget	1	496790
1987.384	n/a	NonTarget	1	496846
1987.612	n/a	Target	2	496903
1987.836	n/a	NonTarget	1	496959
1988.064	n/a	NonTarget	1	497016
1988.288	n/a	NonTarget	1	497072
1988.512	n/a	NonTarget	1	497128
1988.74	n/a	NonTarget	1	497185
1988.964	n/a	NonTarget	1	497241
1989.188	n/a	NonTarget	1	497297
1989.412	n/a	Target	2	497353
1989.64	n/a	NonTarget	1	497410
1989.864	n/a	NonTarget	1	497466
1990.088	n/a	NonTarget	1	497522
1990.316	n/a	NonTarget	1	497579
1990.54	n/a	NonTarget	1	497635
1990.768	n/a	NonTarget	1	497692
1990.992	n/a	NonTarget	1	497748
1991.216	n/a	NonTarget	1	497804
1991.44	n/a	NonTarget	1	497860
1991.668	n/a	NonTarget	1	497917
1991.892	n/a	Target	2	497973
1992.12	n/a	NonTarget	1	498030
1992.344	n/a	NonTarget	1	498086
1992.572	n/a	NonTarget	1	498143
1992.796	n/a	NonTarget	1	498199
1993.024	n/a	NonTarget	1	498256
1993.248	n/a	NonTarget	1	498312
1993.472	n/a	Target	2	498368
1993.696	n/a	NonTarget	1	498424
1993.924	n/a	NonTarget	1	498481
1994.148	n/a	NonTarget	1	498537
1994.372	n/a	NonTarget	1	498593
1994.6	n/a	NonTarget	1	498650
1994.824	n/a	NonTarget	1	498706
1995.048	n/a	NonTarget	1	498762
1995.276	n/a	Target	2	498819
1995.5	n/a	NonTarget	1	498875
1995.728	n/a	NonTarget	1	498932
1995.952	n/a	NonTarget	1	498988
1996.176	n/a	NonTarget	1	499044
1996.404	n/a	NonTarget	1	499101
1996.628	n/a	Target	2	499157
1996.856	n/a	NonTarget	1	499214
1997.08	n/a	NonTarget	1	499270
1997.304	n/a	NonTarget	1	499326
1997.528	n/a	NonTarget	1	499382
1997.756	n/a	Target	2	499439
1997.98	n/a	NonTarget	1	499495
1998.208	n/a	NonTarget	1	499552
1998.432	n/a	NonTarget	1	499608
1998.656	n/a	NonTarget	1	499664
1998.884	n/a	Target	2	499721
1999.108	n/a	NonTarget	1	499777
1999.336	n/a	NonTarget	1	499834
1999.56	n/a	NonTarget	1	499890
1999.788	n/a	NonTarget	1	499947
2000.012	n/a	NonTarget	1	500003
2000.236	n/a	Target	2	500059
2000.464	n/a	NonTarget	1	500116
2000.688	n/a	NonTarget	1	500172
2000.912	n/a	NonTarget	1	500228
2001.14	n/a	NonTarget	1	500285
2001.364	n/a	Target	2	500341
2001.592	n/a	NonTarget	1	500398
2001.816	n/a	NonTarget	1	500454
2002.04	n/a	NonTarget	1	500510
2002.264	n/a	NonTarget	1	500566
2002.492	n/a	Target	2	500623
2002.716	n/a	NonTarget	1	500679
2002.944	n/a	NonTarget	1	500736
2003.168	n/a	NonTarget	1	500792
2003.392	n/a	NonTarget	1	500848
2003.62	n/a	Target	2	500905
2003.844	n/a	NonTarget	1	500961
2004.072	n/a	NonTarget	1	501018
2004.296	n/a	NonTarget	1	501074
2004.524	n/a	NonTarget	1	501131
2004.748	n/a	Target	2	501187
2004.976	n/a	NonTarget	1	501244
2005.2	n/a	NonTarget	1	501300
2005.424	n/a	NonTarget	1	501356
2005.652	n/a	NonTarget	1	501413
2005.876	n/a	NonTarget	1	501469
2006.104	n/a	Target	2	501526
2006.328	n/a	NonTarget	1	501582
2006.552	n/a	NonTarget	1	501638
2006.78	n/a	NonTarget	1	501695
2007.004	n/a	NonTarget	1	501751
2007.232	n/a	Target	2	501808
2007.456	n/a	NonTarget	1	501864
2007.68	n/a	NonTarget	1	501920
2007.908	n/a	NonTarget	1	501977
2008.132	n/a	NonTarget	1	502033
2008.356	n/a	NonTarget	1	502089
2008.584	n/a	Target	2	502146
2008.808	n/a	NonTarget	1	502202
2009.032	n/a	NonTarget	1	502258
2009.26	n/a	NonTarget	1	502315
2009.484	n/a	NonTarget	1	502371
2009.708	n/a	Target	2	502427
2009.936	n/a	NonTarget	1	502484
2010.16	n/a	NonTarget	1	502540
2010.388	n/a	NonTarget	1	502597
2010.612	n/a	NonTarget	1	502653
2010.836	n/a	NonTarget	1	502709
2011.064	n/a	Target	2	502766
2011.288	n/a	NonTarget	1	502822
2011.516	n/a	NonTarget	1	502879
2011.74	n/a	NonTarget	1	502935
2011.968	n/a	NonTarget	1	502992
2012.192	n/a	NonTarget	1	503048
2012.416	n/a	Target	2	503104
2012.644	n/a	NonTarget	1	503161
2029.224	n/a	NonTarget	1	507306
2029.448	n/a	NonTarget	1	507362
2029.672	n/a	NonTarget	1	507418
2029.9	n/a	Target	2	507475
2030.124	n/a	NonTarget	1	507531
2030.352	n/a	NonTarget	1	507588
2030.576	n/a	NonTarget	1	507644
2030.8	n/a	NonTarget	1	507700
2031.028	n/a	NonTarget	1	507757
2031.252	n/a	NonTarget	1	507813
2031.48	n/a	Target	2	507870
2031.704	n/a	NonTarget	1	507926
2031.928	n/a	NonTarget	1	507982
2032.152	n/a	NonTarget	1	508038
2032.38	n/a	NonTarget	1	508095
2032.604	n/a	NonTarget	1	508151
2032.828	n/a	NonTarget	1	508207
2033.056	n/a	NonTarget	1	508264
2033.28	n/a	NonTarget	1	508320
2033.504	n/a	NonTarget	1	508376
2033.732	n/a	NonTarget	1	508433
2033.956	n/a	Target	2	508489
2034.18	n/a	NonTarget	1	508545
2034.408	n/a	NonTarget	1	508602
2034.632	n/a	NonTarget	1	508658
2034.856	n/a	NonTarget	1	508714
2035.084	n/a	NonTarget	1	508771
2035.308	n/a	NonTarget	1	508827
2035.536	n/a	NonTarget	1	508884
2035.76	n/a	NonTarget	1	508940
2035.984	n/a	NonTarget	1	508996
2036.212	n/a	NonTarget	1	509053
2036.436	n/a	NonTarget	1	509109
2036.66	n/a	Target	2	509165
2036.888	n/a	NonTarget	1	509222
2037.112	n/a	NonTarget	1	509278
2037.336	n/a	NonTarget	1	509334
2037.56	n/a	NonTarget	1	509390
2037.788	n/a	NonTarget	1	509447
2038.012	n/a	NonTarget	1	509503
2038.24	n/a	Target	2	509560
2038.464	n/a	NonTarget	1	509616
2038.688	n/a	NonTarget	1	509672
2038.916	n/a	NonTarget	1	509729
2039.14	n/a	NonTarget	1	509785
2039.364	n/a	Target	2	509841
2039.592	n/a	NonTarget	1	509898
2039.816	n/a	NonTarget	1	509954
2040.044	n/a	NonTarget	1	510011
2040.268	n/a	NonTarget	1	510067
2040.496	n/a	NonTarget	1	510124
2040.72	n/a	Target	2	510180
2040.944	n/a	NonTarget	1	510236
2041.172	n/a	NonTarget	1	510293
2041.396	n/a	NonTarget	1	510349
2041.62	n/a	NonTarget	1	510405
2041.848	n/a	NonTarget	1	510462
2042.072	n/a	Target	2	510518
2042.3	n/a	NonTarget	1	510575
2042.524	n/a	NonTarget	1	510631
2042.748	n/a	NonTarget	1	510687
2042.976	n/a	NonTarget	1	510744
2043.2	n/a	NonTarget	1	510800
2043.424	n/a	Target	2	510856
2043.652	n/a	NonTarget	1	510913
2043.876	n/a	NonTarget	1	510969
2044.1	n/a	NonTarget	1	511025
2044.328	n/a	NonTarget	1	511082
2044.552	n/a	NonTarget	1	511138
2044.78	n/a	NonTarget	1	511195
2045.004	n/a	Target	2	511251
2045.232	n/a	NonTarget	1	511308
2045.456	n/a	NonTarget	1	511364
2045.68	n/a	NonTarget	1	511420
2045.908	n/a	NonTarget	1	511477
2046.136	n/a	Target	2	511534
2046.36	n/a	NonTarget	1	511590
2046.584	n/a	NonTarget	1	511646
2046.812	n/a	NonTarget	1	511703
2047.036	n/a	NonTarget	1	511759
2047.26	n/a	NonTarget	1	511815
2047.488	n/a	Target	2	511872
2047.712	n/a	NonTarget	1	511928
2047.94	n/a	NonTarget	1	511985
2048.164	n/a	NonTarget	1	512041
2048.392	n/a	NonTarget	1	512098
2048.616	n/a	NonTarget	1	512154
2048.84	n/a	Target	2	512210
2049.068	n/a	NonTarget	1	512267
2049.292	n/a	NonTarget	1	512323
2049.52	n/a	NonTarget	1	512380
2049.744	n/a	NonTarget	1	512436
2049.968	n/a	NonTarget	1	512492
2050.196	n/a	Target	2	512549
2050.42	n/a	NonTarget	1	512605
2050.644	n/a	NonTarget	1	512661
2050.872	n/a	NonTarget	1	512718
2051.096	n/a	NonTarget	1	512774
2051.324	n/a	Target	2	512831
2051.548	n/a	NonTarget	1	512887
2051.772	n/a	NonTarget	1	512943
2052.0	n/a	NonTarget	1	513000
2052.224	n/a	NonTarget	1	513056
2052.452	n/a	NonTarget	1	513113
2052.676	n/a	Target	2	513169
2052.904	n/a	NonTarget	1	513226
2053.128	n/a	NonTarget	1	513282
2053.356	n/a	NonTarget	1	513339
2053.58	n/a	NonTarget	1	513395
2053.804	n/a	Target	2	513451
2054.032	n/a	NonTarget	1	513508
2054.256	n/a	NonTarget	1	513564
2054.484	n/a	NonTarget	1	513621
2054.708	n/a	NonTarget	1	513677
2054.932	n/a	Target	2	513733
2055.16	n/a	NonTarget	1	513790
2055.384	n/a	NonTarget	1	513846
2055.612	n/a	NonTarget	1	513903
2055.836	n/a	NonTarget	1	513959
2056.064	n/a	NonTarget	1	514016
2056.288	n/a	Target	2	514072
2056.516	n/a	NonTarget	1	514129
2056.74	n/a	NonTarget	1	514185
2056.964	n/a	NonTarget	1	514241
2057.192	n/a	NonTarget	1	514298
2057.416	n/a	Target	2	514354
2057.644	n/a	NonTarget	1	514411
2057.868	n/a	NonTarget	1	514467
2058.092	n/a	NonTarget	1	514523
2058.32	n/a	NonTarget	1	514580
2058.544	n/a	NonTarget	1	514636
2058.772	n/a	Target	2	514693
2058.996	n/a	NonTarget	1	514749
2059.224	n/a	NonTarget	1	514806
2059.448	n/a	NonTarget	1	514862
2068.196	n/a	NonTarget	1	517049
2068.42	n/a	NonTarget	1	517105
2068.648	n/a	Target	2	517162
2068.872	n/a	NonTarget	1	517218
2069.1	n/a	NonTarget	1	517275
2069.324	n/a	NonTarget	1	517331
2069.548	n/a	NonTarget	1	517387
2069.772	n/a	NonTarget	1	517443
2070.0	n/a	NonTarget	1	517500
2070.228	n/a	Target	2	517557
2070.452	n/a	NonTarget	1	517613
2070.676	n/a	NonTarget	1	517669
2070.904	n/a	NonTarget	1	517726
2071.128	n/a	NonTarget	1	517782
2071.356	n/a	NonTarget	1	517839
2071.58	n/a	Target	2	517895
2071.804	n/a	NonTarget	1	517951
2072.032	n/a	NonTarget	1	518008
2072.256	n/a	NonTarget	1	518064
2072.48	n/a	NonTarget	1	518120
2072.708	n/a	NonTarget	1	518177
2072.932	n/a	NonTarget	1	518233
2073.156	n/a	NonTarget	1	518289
2073.384	n/a	NonTarget	1	518346
2073.608	n/a	NonTarget	1	518402
2073.836	n/a	NonTarget	1	518459
2074.06	n/a	NonTarget	1	518515
2074.288	n/a	NonTarget	1	518572
2074.512	n/a	Target	2	518628
2074.736	n/a	NonTarget	1	518684
2074.964	n/a	NonTarget	1	518741
2075.188	n/a	NonTarget	1	518797
2075.416	n/a	NonTarget	1	518854
2075.64	n/a	NonTarget	1	518910
2075.864	n/a	NonTarget	1	518966
2076.088	n/a	Target	2	519022
2076.316	n/a	NonTarget	1	519079
2076.54	n/a	NonTarget	1	519135
2076.768	n/a	NonTarget	1	519192
2076.992	n/a	NonTarget	1	519248
2077.216	n/a	NonTarget	1	519304
2077.44	n/a	NonTarget	1	519360
2077.668	n/a	NonTarget	1	519417
2077.892	n/a	NonTarget	1	519473
2078.116	n/a	NonTarget	1	519529
2078.34	n/a	NonTarget	1	519585
2078.568	n/a	NonTarget	1	519642
2078.792	n/a	Target	2	519698
2079.02	n/a	NonTarget	1	519755
2079.244	n/a	NonTarget	1	519811
2079.468	n/a	NonTarget	1	519867
2079.692	n/a	NonTarget	1	519923
2079.92	n/a	NonTarget	1	519980
2080.144	n/a	Target	2	520036
2080.372	n/a	NonTarget	1	520093
2080.596	n/a	NonTarget	1	520149
2080.82	n/a	NonTarget	1	520205
2081.048	n/a	NonTarget	1	520262
2081.272	n/a	Target	2	520318
2081.5	n/a	NonTarget	1	520375
2081.724	n/a	NonTarget	1	520431
2081.952	n/a	NonTarget	1	520488
2082.176	n/a	NonTarget	1	520544
2082.4	n/a	NonTarget	1	520600
2082.628	n/a	Target	2	520657
2082.852	n/a	NonTarget	1	520713
2083.08	n/a	NonTarget	1	520770
2083.304	n/a	NonTarget	1	520826
2083.532	n/a	NonTarget	1	520883
2083.756	n/a	NonTarget	1	520939
2083.98	n/a	NonTarget	1	520995
2084.208	n/a	Target	2	521052
2084.432	n/a	NonTarget	1	521108
2084.66	n/a	NonTarget	1	521165
2084.884	n/a	NonTarget	1	521221
2085.108	n/a	NonTarget	1	521277
2085.336	n/a	NonTarget	1	521334
2085.56	n/a	Target	2	521390
2085.784	n/a	NonTarget	1	521446
2086.012	n/a	NonTarget	1	521503
2086.236	n/a	NonTarget	1	521559
2086.464	n/a	NonTarget	1	521616
2086.688	n/a	Target	2	521672
2086.912	n/a	NonTarget	1	521728
2087.14	n/a	NonTarget	1	521785
2087.364	n/a	NonTarget	1	521841
2087.588	n/a	NonTarget	1	521897
2087.816	n/a	Target	2	521954
2088.04	n/a	NonTarget	1	522010
2088.268	n/a	NonTarget	1	522067
2088.492	n/a	NonTarget	1	522123
2088.716	n/a	NonTarget	1	522179
2088.944	n/a	Target	2	522236
2089.168	n/a	NonTarget	1	522292
2089.396	n/a	NonTarget	1	522349
2089.62	n/a	NonTarget	1	522405
2089.844	n/a	NonTarget	1	522461
2090.072	n/a	Target	2	522518
2090.296	n/a	NonTarget	1	522574
2090.524	n/a	NonTarget	1	522631
2090.748	n/a	NonTarget	1	522687
2090.972	n/a	NonTarget	1	522743
2091.2	n/a	NonTarget	1	522800
2091.424	n/a	Target	2	522856
2091.648	n/a	NonTarget	1	522912
2091.876	n/a	NonTarget	1	522969
2092.1	n/a	NonTarget	1	523025
2092.324	n/a	NonTarget	1	523081
2092.552	n/a	Target	2	523138
2092.776	n/a	NonTarget	1	523194
2093.0	n/a	NonTarget	1	523250
2093.228	n/a	NonTarget	1	523307
2093.452	n/a	NonTarget	1	523363
2093.676	n/a	NonTarget	1	523419
2093.904	n/a	NonTarget	1	523476
2094.128	n/a	Target	2	523532
2094.356	n/a	NonTarget	1	523589
2094.58	n/a	NonTarget	1	523645
2094.804	n/a	NonTarget	1	523701
2095.032	n/a	NonTarget	1	523758
2095.256	n/a	NonTarget	1	523814
2095.484	n/a	Target	2	523871
2095.708	n/a	NonTarget	1	523927
2095.932	n/a	NonTarget	1	523983
2096.156	n/a	NonTarget	1	524039
2096.384	n/a	NonTarget	1	524096
2096.608	n/a	Target	2	524152
2096.836	n/a	NonTarget	1	524209
2097.06	n/a	NonTarget	1	524265
2097.284	n/a	NonTarget	1	524321
2097.512	n/a	NonTarget	1	524378
2097.736	n/a	NonTarget	1	524434
2097.96	n/a	Target	2	524490
2098.188	n/a	NonTarget	1	524547
2098.412	n/a	NonTarget	1	524603
2112.244	n/a	NonTarget	1	528061
2112.468	n/a	NonTarget	1	528117
2112.692	n/a	NonTarget	1	528173
2112.916	n/a	NonTarget	1	528229
2113.144	n/a	NonTarget	1	528286
2113.368	n/a	Target	2	528342
2113.592	n/a	NonTarget	1	528398
2113.816	n/a	NonTarget	1	528454
2114.044	n/a	NonTarget	1	528511
2114.268	n/a	NonTarget	1	528567
2114.492	n/a	NonTarget	1	528623
2114.72	n/a	NonTarget	1	528680
2114.944	n/a	NonTarget	1	528736
2115.168	n/a	NonTarget	1	528792
2115.396	n/a	NonTarget	1	528849
2115.62	n/a	NonTarget	1	528905
2115.844	n/a	Target	2	528961
2116.072	n/a	NonTarget	1	529018
2116.296	n/a	NonTarget	1	529074
2116.52	n/a	NonTarget	1	529130
2116.744	n/a	NonTarget	1	529186
2116.972	n/a	NonTarget	1	529243
2117.196	n/a	NonTarget	1	529299
2117.42	n/a	NonTarget	1	529355
2117.648	n/a	NonTarget	1	529412
2117.872	n/a	NonTarget	1	529468
2118.096	n/a	NonTarget	1	529524
2118.324	n/a	NonTarget	1	529581
2118.548	n/a	Target	2	529637
2118.776	n/a	NonTarget	1	529694
2119.0	n/a	NonTarget	1	529750
2119.224	n/a	NonTarget	1	529806
2119.452	n/a	NonTarget	1	529863
2119.676	n/a	NonTarget	1	529919
2119.904	n/a	NonTarget	1	529976
2120.128	n/a	NonTarget	1	530032
2120.352	n/a	NonTarget	1	530088
2120.576	n/a	Target	2	530144
2120.804	n/a	NonTarget	1	530201
2121.028	n/a	NonTarget	1	530257
2121.256	n/a	NonTarget	1	530314
2121.48	n/a	NonTarget	1	530370
2121.704	n/a	NonTarget	1	530426
2121.932	n/a	NonTarget	1	530483
2122.156	n/a	Target	2	530539
2122.384	n/a	NonTarget	1	530596
2122.608	n/a	NonTarget	1	530652
2122.832	n/a	NonTarget	1	530708
2123.06	n/a	NonTarget	1	530765
2123.284	n/a	NonTarget	1	530821
2123.512	n/a	Target	2	530878
2123.736	n/a	NonTarget	1	530934
2123.96	n/a	NonTarget	1	530990
2124.188	n/a	NonTarget	1	531047
2124.412	n/a	NonTarget	1	531103
2124.636	n/a	NonTarget	1	531159
2124.864	n/a	Target	2	531216
2125.088	n/a	NonTarget	1	531272
2125.312	n/a	NonTarget	1	531328
2125.54	n/a	NonTarget	1	531385
2125.764	n/a	NonTarget	1	531441
2125.992	n/a	NonTarget	1	531498
2126.216	n/a	Target	2	531554
2126.44	n/a	NonTarget	1	531610
2126.668	n/a	NonTarget	1	531667
2126.892	n/a	NonTarget	1	531723
2127.116	n/a	NonTarget	1	531779
2127.344	n/a	Target	2	531836
2127.568	n/a	NonTarget	1	531892
2127.796	n/a	NonTarget	1	531949
2128.02	n/a	NonTarget	1	532005
2128.244	n/a	NonTarget	1	532061
2128.472	n/a	Target	2	532118
2128.696	n/a	NonTarget	1	532174
2128.924	n/a	NonTarget	1	532231
2129.148	n/a	NonTarget	1	532287
2129.376	n/a	NonTarget	1	532344
2129.6	n/a	Target	2	532400
2129.828	n/a	NonTarget	1	532457
2130.052	n/a	NonTarget	1	532513
2130.276	n/a	NonTarget	1	532569
2130.504	n/a	NonTarget	1	532626
2130.728	n/a	Target	2	532682
2130.952	n/a	NonTarget	1	532738
2131.18	n/a	NonTarget	1	532795
2131.404	n/a	NonTarget	1	532851
2131.628	n/a	NonTarget	1	532907
2131.856	n/a	Target	2	532964
2132.08	n/a	NonTarget	1	533020
2132.304	n/a	NonTarget	1	533076
2132.532	n/a	NonTarget	1	533133
2132.756	n/a	NonTarget	1	533189
2132.98	n/a	Target	2	533245
2133.208	n/a	NonTarget	1	533302
2133.432	n/a	NonTarget	1	533358
2133.66	n/a	NonTarget	1	533415
2133.884	n/a	NonTarget	1	533471
2134.112	n/a	NonTarget	1	533528
2134.336	n/a	Target	2	533584
2134.56	n/a	NonTarget	1	533640
2134.788	n/a	NonTarget	1	533697
2135.012	n/a	NonTarget	1	533753
2135.236	n/a	NonTarget	1	533809
2135.464	n/a	Target	2	533866
2135.688	n/a	NonTarget	1	533922
2135.912	n/a	NonTarget	1	533978
2136.14	n/a	NonTarget	1	534035
2136.364	n/a	NonTarget	1	534091
2136.592	n/a	NonTarget	1	534148
2136.816	n/a	NonTarget	1	534204
2137.04	n/a	Target	2	534260
2137.268	n/a	NonTarget	1	534317
2137.492	n/a	NonTarget	1	534373
2137.716	n/a	NonTarget	1	534429
2137.944	n/a	NonTarget	1	534486
2138.172	n/a	Target	2	534543
2138.396	n/a	NonTarget	1	534599
2138.62	n/a	NonTarget	1	534655
2138.844	n/a	NonTarget	1	534711
2139.072	n/a	NonTarget	1	534768
2139.296	n/a	NonTarget	1	534824
2139.524	n/a	Target	2	534881
2139.748	n/a	NonTarget	1	534937
2139.976	n/a	NonTarget	1	534994
2140.2	n/a	NonTarget	1	535050
2140.428	n/a	NonTarget	1	535107
2140.652	n/a	Target	2	535163
2140.876	n/a	NonTarget	1	535219
2141.104	n/a	NonTarget	1	535276
2141.328	n/a	NonTarget	1	535332
2141.556	n/a	NonTarget	1	535389
2141.78	n/a	Target	2	535445
2142.004	n/a	NonTarget	1	535501
2142.232	n/a	NonTarget	1	535558
2151.228	n/a	NonTarget	1	537807
2151.452	n/a	Target	2	537863
2151.68	n/a	NonTarget	1	537920
2151.904	n/a	NonTarget	1	537976
2152.128	n/a	NonTarget	1	538032
2152.356	n/a	NonTarget	1	538089
2152.58	n/a	NonTarget	1	538145
2152.808	n/a	NonTarget	1	538202
2153.032	n/a	NonTarget	1	538258
2153.256	n/a	Target	2	538314
2153.484	n/a	NonTarget	1	538371
2153.708	n/a	NonTarget	1	538427
2153.936	n/a	NonTarget	1	538484
2154.16	n/a	NonTarget	1	538540
2154.388	n/a	Target	2	538597
2154.612	n/a	NonTarget	1	538653
2154.836	n/a	NonTarget	1	538709
2155.064	n/a	NonTarget	1	538766
2155.288	n/a	NonTarget	1	538822
2155.512	n/a	NonTarget	1	538878
2155.74	n/a	Target	2	538935
2155.964	n/a	NonTarget	1	538991
2156.188	n/a	NonTarget	1	539047
2156.416	n/a	NonTarget	1	539104
2156.64	n/a	NonTarget	1	539160
2156.864	n/a	NonTarget	1	539216
2157.092	n/a	NonTarget	1	539273
2157.316	n/a	NonTarget	1	539329
2157.54	n/a	NonTarget	1	539385
2157.768	n/a	NonTarget	1	539442
2157.992	n/a	Target	2	539498
2158.22	n/a	NonTarget	1	539555
2158.444	n/a	NonTarget	1	539611
2158.668	n/a	NonTarget	1	539667
2158.896	n/a	NonTarget	1	539724
2159.12	n/a	NonTarget	1	539780
2159.344	n/a	NonTarget	1	539836
2159.572	n/a	NonTarget	1	539893
2159.796	n/a	NonTarget	1	539949
2160.024	n/a	NonTarget	1	540006
2160.248	n/a	Target	2	540062
2160.476	n/a	NonTarget	1	540119
2160.7	n/a	NonTarget	1	540175
2160.928	n/a	NonTarget	1	540232
2161.152	n/a	NonTarget	1	540288
2161.38	n/a	Target	2	540345
2161.604	n/a	NonTarget	1	540401
2161.828	n/a	NonTarget	1	540457
2162.056	n/a	NonTarget	1	540514
2162.28	n/a	NonTarget	1	540570
2162.504	n/a	Target	2	540626
2162.732	n/a	NonTarget	1	540683
2162.956	n/a	NonTarget	1	540739
2163.18	n/a	NonTarget	1	540795
2163.408	n/a	NonTarget	1	540852
2163.632	n/a	NonTarget	1	540908
2163.86	n/a	Target	2	540965
2164.084	n/a	NonTarget	1	541021
2164.308	n/a	NonTarget	1	541077
2164.536	n/a	NonTarget	1	541134
2164.76	n/a	NonTarget	1	541190
2164.984	n/a	NonTarget	1	541246
2165.212	n/a	Target	2	541303
2165.436	n/a	NonTarget	1	541359
2165.664	n/a	NonTarget	1	541416
2165.888	n/a	NonTarget	1	541472
2166.116	n/a	NonTarget	1	541529
2166.34	n/a	Target	2	541585
2166.564	n/a	NonTarget	1	541641
2166.792	n/a	NonTarget	1	541698
2167.016	n/a	NonTarget	1	541754
2167.24	n/a	NonTarget	1	541810
2167.468	n/a	Target	2	541867
2167.692	n/a	NonTarget	1	541923
2167.916	n/a	NonTarget	1	541979
2168.14	n/a	NonTarget	1	542035
2168.368	n/a	NonTarget	1	542092
2168.592	n/a	Target	2	542148
2168.816	n/a	NonTarget	1	542204
2169.044	n/a	NonTarget	1	542261
2169.268	n/a	NonTarget	1	542317
2169.492	n/a	NonTarget	1	542373
2169.716	n/a	Target	2	542429
2169.944	n/a	NonTarget	1	542486
2170.168	n/a	NonTarget	1	542542
2170.396	n/a	NonTarget	1	542599
2170.62	n/a	NonTarget	1	542655
2170.844	n/a	Target	2	542711
2171.072	n/a	NonTarget	1	542768
2171.296	n/a	NonTarget	1	542824
2171.524	n/a	NonTarget	1	542881
2171.748	n/a	NonTarget	1	542937
2171.976	n/a	Target	2	542994
2172.2	n/a	NonTarget	1	543050
2172.424	n/a	NonTarget	1	543106
2172.652	n/a	NonTarget	1	543163
2172.876	n/a	NonTarget	1	543219
2173.104	n/a	NonTarget	1	543276
2173.328	n/a	NonTarget	1	543332
2173.556	n/a	NonTarget	1	543389
2173.78	n/a	NonTarget	1	543445
2174.004	n/a	Target	2	543501
2174.232	n/a	NonTarget	1	543558
2174.456	n/a	NonTarget	1	543614
2174.684	n/a	NonTarget	1	543671
2174.908	n/a	NonTarget	1	543727
2175.132	n/a	Target	2	543783
2175.36	n/a	NonTarget	1	543840
2175.584	n/a	NonTarget	1	543896
2175.808	n/a	NonTarget	1	543952
2176.036	n/a	NonTarget	1	544009
2176.264	n/a	Target	2	544066
2176.484	n/a	NonTarget	1	544121
2176.712	n/a	NonTarget	1	544178
2176.936	n/a	NonTarget	1	544234
2177.164	n/a	NonTarget	1	544291
2177.388	n/a	Target	2	544347
2177.612	n/a	NonTarget	1	544403
2177.84	n/a	NonTarget	1	544460
2178.064	n/a	NonTarget	1	544516
2178.288	n/a	NonTarget	1	544572
2178.516	n/a	Target	2	544629
2178.74	n/a	NonTarget	1	544685
2178.964	n/a	NonTarget	1	544741
2179.192	n/a	NonTarget	1	544798
2179.416	n/a	NonTarget	1	544854
2179.64	n/a	NonTarget	1	544910
2179.868	n/a	Target	2	544967
2180.092	n/a	NonTarget	1	545023
2180.32	n/a	NonTarget	1	545080
2180.544	n/a	NonTarget	1	545136
2180.768	n/a	NonTarget	1	545192
2180.996	n/a	NonTarget	1	545249
2181.22	n/a	NonTarget	1	545305
2181.444	n/a	Target	2	545361
2193.236	n/a	Target	2	548309
2193.46	n/a	NonTarget	1	548365
2193.688	n/a	NonTarget	1	548422
2193.912	n/a	NonTarget	1	548478
2194.136	n/a	NonTarget	1	548534
2194.364	n/a	NonTarget	1	548591
2194.588	n/a	NonTarget	1	548647
2194.812	n/a	NonTarget	1	548703
2195.04	n/a	NonTarget	1	548760
2195.264	n/a	Target	2	548816
2195.488	n/a	NonTarget	1	548872
2195.716	n/a	NonTarget	1	548929
2195.94	n/a	NonTarget	1	548985
2196.164	n/a	NonTarget	1	549041
2196.392	n/a	NonTarget	1	549098
2196.616	n/a	Target	2	549154
2196.84	n/a	NonTarget	1	549210
2197.068	n/a	NonTarget	1	549267
2197.292	n/a	NonTarget	1	549323
2197.516	n/a	NonTarget	1	549379
2197.744	n/a	NonTarget	1	549436
2197.968	n/a	NonTarget	1	549492
2198.192	n/a	NonTarget	1	549548
2198.416	n/a	NonTarget	1	549604
2198.644	n/a	NonTarget	1	549661
2198.868	n/a	NonTarget	1	549717
2199.092	n/a	NonTarget	1	549773
2199.32	n/a	Target	2	549830
2199.544	n/a	NonTarget	1	549886
2199.768	n/a	NonTarget	1	549942
2199.996	n/a	NonTarget	1	549999
2200.22	n/a	NonTarget	1	550055
2200.444	n/a	NonTarget	1	550111
2200.668	n/a	NonTarget	1	550167
2200.896	n/a	NonTarget	1	550224
2201.12	n/a	NonTarget	1	550280
2201.344	n/a	Target	2	550336
2201.572	n/a	NonTarget	1	550393
2201.796	n/a	NonTarget	1	550449
2202.02	n/a	NonTarget	1	550505
2202.244	n/a	NonTarget	1	550561
2202.472	n/a	NonTarget	1	550618
2202.7	n/a	NonTarget	1	550675
2202.924	n/a	NonTarget	1	550731
2203.148	n/a	NonTarget	1	550787
2203.376	n/a	NonTarget	1	550844
2203.6	n/a	NonTarget	1	550900
2203.828	n/a	NonTarget	1	550957
2204.052	n/a	NonTarget	1	551013
2204.28	n/a	NonTarget	1	551070
2204.504	n/a	Target	2	551126
2204.728	n/a	NonTarget	1	551182
2204.956	n/a	NonTarget	1	551239
2205.18	n/a	NonTarget	1	551295
2205.408	n/a	NonTarget	1	551352
2205.632	n/a	Target	2	551408
2205.86	n/a	NonTarget	1	551465
2206.084	n/a	NonTarget	1	551521
2206.308	n/a	NonTarget	1	551577
2206.536	n/a	NonTarget	1	551634
2206.76	n/a	Target	2	551690
2206.988	n/a	NonTarget	1	551747
2207.212	n/a	NonTarget	1	551803
2207.436	n/a	NonTarget	1	551859
2207.66	n/a	NonTarget	1	551915
2207.888	n/a	NonTarget	1	551972
2208.112	n/a	Target	2	552028
2208.34	n/a	NonTarget	1	552085
2208.564	n/a	NonTarget	1	552141
2208.788	n/a	NonTarget	1	552197
2209.016	n/a	NonTarget	1	552254
2209.24	n/a	NonTarget	1	552310
2209.468	n/a	Target	2	552367
2209.692	n/a	NonTarget	1	552423
2209.916	n/a	NonTarget	1	552479
2210.144	n/a	NonTarget	1	552536
2210.368	n/a	NonTarget	1	552592
2210.592	n/a	Target	2	552648
2210.816	n/a	NonTarget	1	552704
2211.04	n/a	NonTarget	1	552760
2211.268	n/a	NonTarget	1	552817
2211.492	n/a	NonTarget	1	552873
2211.72	n/a	NonTarget	1	552930
2211.948	n/a	Target	2	552987
2212.172	n/a	NonTarget	1	553043
2212.396	n/a	NonTarget	1	553099
2212.62	n/a	NonTarget	1	553155
2212.848	n/a	NonTarget	1	553212
2213.072	n/a	NonTarget	1	553268
2213.3	n/a	Target	2	553325
2213.524	n/a	NonTarget	1	553381
2213.748	n/a	NonTarget	1	553437
2213.976	n/a	NonTarget	1	553494
2214.2	n/a	NonTarget	1	553550
2214.428	n/a	Target	2	553607
2214.652	n/a	NonTarget	1	553663
2214.88	n/a	NonTarget	1	553720
2215.104	n/a	NonTarget	1	553776
2215.328	n/a	NonTarget	1	553832
2215.556	n/a	NonTarget	1	553889
2215.78	n/a	NonTarget	1	553945
2216.004	n/a	NonTarget	1	554001
2216.232	n/a	Target	2	554058
2216.456	n/a	NonTarget	1	554114
2216.684	n/a	NonTarget	1	554171
2216.908	n/a	NonTarget	1	554227
2217.132	n/a	NonTarget	1	554283
2217.36	n/a	Target	2	554340
2217.584	n/a	NonTarget	1	554396
2217.812	n/a	NonTarget	1	554453
2218.036	n/a	NonTarget	1	554509
2218.26	n/a	NonTarget	1	554565
2218.488	n/a	Target	2	554622
2218.712	n/a	NonTarget	1	554678
2218.94	n/a	NonTarget	1	554735
2219.164	n/a	NonTarget	1	554791
2219.392	n/a	NonTarget	1	554848
2219.616	n/a	NonTarget	1	554904
2219.84	n/a	NonTarget	1	554960
2220.068	n/a	Target	2	555017
2220.292	n/a	NonTarget	1	555073
2220.516	n/a	NonTarget	1	555129
2220.744	n/a	NonTarget	1	555186
2220.968	n/a	NonTarget	1	555242
2221.192	n/a	Target	2	555298
2221.42	n/a	NonTarget	1	555355
2221.644	n/a	NonTarget	1	555411
2221.872	n/a	NonTarget	1	555468
2222.096	n/a	NonTarget	1	555524
2222.324	n/a	NonTarget	1	555581
2222.548	n/a	NonTarget	1	555637
2222.772	n/a	Target	2	555693
2223.0	n/a	NonTarget	1	555750
2223.224	n/a	NonTarget	1	555806
2223.452	n/a	NonTarget	1	555863
2232.2	n/a	NonTarget	1	558050
2232.424	n/a	NonTarget	1	558106
2232.648	n/a	NonTarget	1	558162
2232.876	n/a	NonTarget	1	558219
2233.1	n/a	NonTarget	1	558275
2233.328	n/a	NonTarget	1	558332
2233.552	n/a	NonTarget	1	558388
2233.776	n/a	NonTarget	1	558444
2234.004	n/a	Target	2	558501
2234.228	n/a	NonTarget	1	558557
2234.452	n/a	NonTarget	1	558613
2234.68	n/a	NonTarget	1	558670
2234.904	n/a	NonTarget	1	558726
2235.132	n/a	NonTarget	1	558783
2235.356	n/a	Target	2	558839
2235.58	n/a	NonTarget	1	558895
2235.808	n/a	NonTarget	1	558952
2236.032	n/a	NonTarget	1	559008
2236.26	n/a	NonTarget	1	559065
2236.484	n/a	NonTarget	1	559121
2236.708	n/a	NonTarget	1	559177
2236.936	n/a	NonTarget	1	559234
2237.16	n/a	Target	2	559290
2237.388	n/a	NonTarget	1	559347
2237.612	n/a	NonTarget	1	559403
2237.84	n/a	NonTarget	1	559460
2238.064	n/a	NonTarget	1	559516
2238.288	n/a	NonTarget	1	559572
2238.512	n/a	NonTarget	1	559628
2238.74	n/a	NonTarget	1	559685
2238.964	n/a	NonTarget	1	559741
2239.192	n/a	Target	2	559798
2239.416	n/a	NonTarget	1	559854
2239.64	n/a	NonTarget	1	559910
2239.864	n/a	NonTarget	1	559966
2240.092	n/a	NonTarget	1	560023
2240.316	n/a	NonTarget	1	560079
2240.54	n/a	NonTarget	1	560135
2240.768	n/a	NonTarget	1	560192
2240.992	n/a	NonTarget	1	560248
2241.216	n/a	NonTarget	1	560304
2241.444	n/a	Target	2	560361
2241.668	n/a	NonTarget	1	560417
2241.892	n/a	NonTarget	1	560473
2242.116	n/a	NonTarget	1	560529
2242.344	n/a	NonTarget	1	560586
2242.568	n/a	NonTarget	1	560642
2242.796	n/a	Target	2	560699
2243.02	n/a	NonTarget	1	560755
2243.244	n/a	NonTarget	1	560811
2243.472	n/a	NonTarget	1	560868
2243.696	n/a	NonTarget	1	560924
2243.924	n/a	NonTarget	1	560981
2244.148	n/a	Target	2	561037
2244.372	n/a	NonTarget	1	561093
2244.6	n/a	NonTarget	1	561150
2244.824	n/a	NonTarget	1	561206
2245.048	n/a	NonTarget	1	561262
2245.276	n/a	Target	2	561319
2245.5	n/a	NonTarget	1	561375
2245.728	n/a	NonTarget	1	561432
2245.952	n/a	NonTarget	1	561488
2246.176	n/a	NonTarget	1	561544
2246.404	n/a	NonTarget	1	561601
2246.628	n/a	Target	2	561657
2246.856	n/a	NonTarget	1	561714
2247.08	n/a	NonTarget	1	561770
2247.304	n/a	NonTarget	1	561826
2247.532	n/a	NonTarget	1	561883
2247.756	n/a	NonTarget	1	561939
2247.984	n/a	NonTarget	1	561996
2248.208	n/a	Target	2	562052
2248.436	n/a	NonTarget	1	562109
2248.66	n/a	NonTarget	1	562165
2248.884	n/a	NonTarget	1	562221
2249.112	n/a	NonTarget	1	562278
2249.336	n/a	NonTarget	1	562334
2249.56	n/a	Target	2	562390
2249.788	n/a	NonTarget	1	562447
2250.012	n/a	NonTarget	1	562503
2250.24	n/a	NonTarget	1	562560
2250.464	n/a	NonTarget	1	562616
2250.688	n/a	NonTarget	1	562672
2250.916	n/a	Target	2	562729
2251.14	n/a	NonTarget	1	562785
2251.368	n/a	NonTarget	1	562842
2251.592	n/a	NonTarget	1	562898
2251.82	n/a	NonTarget	1	562955
2252.044	n/a	Target	2	563011
2252.268	n/a	NonTarget	1	563067
2252.496	n/a	NonTarget	1	563124
2252.72	n/a	NonTarget	1	563180
2252.944	n/a	NonTarget	1	563236
2253.172	n/a	Target	2	563293
2253.396	n/a	NonTarget	1	563349
2253.624	n/a	NonTarget	1	563406
2253.848	n/a	NonTarget	1	563462
2254.076	n/a	NonTarget	1	563519
2254.3	n/a	NonTarget	1	563575
2254.524	n/a	Target	2	563631
2254.752	n/a	NonTarget	1	563688
2254.976	n/a	NonTarget	1	563744
2255.2	n/a	NonTarget	1	563800
2255.428	n/a	NonTarget	1	563857
2255.652	n/a	Target	2	563913
2255.88	n/a	NonTarget	1	563970
2256.104	n/a	NonTarget	1	564026
2256.328	n/a	NonTarget	1	564082
2256.556	n/a	NonTarget	1	564139
2256.78	n/a	NonTarget	1	564195
2257.004	n/a	Target	2	564251
2257.232	n/a	NonTarget	1	564308
2257.456	n/a	NonTarget	1	564364
2257.684	n/a	NonTarget	1	564421
2257.908	n/a	NonTarget	1	564477
2258.132	n/a	Target	2	564533
2258.36	n/a	NonTarget	1	564590
2258.584	n/a	NonTarget	1	564646
2258.808	n/a	NonTarget	1	564702
2259.036	n/a	NonTarget	1	564759
2259.26	n/a	NonTarget	1	564815
2259.484	n/a	NonTarget	1	564871
2259.712	n/a	Target	2	564928
2259.936	n/a	NonTarget	1	564984
2260.164	n/a	NonTarget	1	565041
2260.388	n/a	NonTarget	1	565097
2260.612	n/a	NonTarget	1	565153
2260.84	n/a	Target	2	565210
2261.064	n/a	NonTarget	1	565266
2261.292	n/a	NonTarget	1	565323
2261.516	n/a	NonTarget	1	565379
2261.744	n/a	NonTarget	1	565436
2261.968	n/a	Target	2	565492
2262.192	n/a	NonTarget	1	565548
2262.42	n/a	NonTarget	1	565605
2273.568	n/a	NonTarget	1	568392
2273.792	n/a	Target	2	568448
2274.02	n/a	NonTarget	1	568505
2274.244	n/a	NonTarget	1	568561
2274.468	n/a	NonTarget	1	568617
2274.692	n/a	NonTarget	1	568673
2274.92	n/a	NonTarget	1	568730
2275.144	n/a	NonTarget	1	568786
2275.372	n/a	NonTarget	1	568843
2275.596	n/a	Target	2	568899
2275.824	n/a	NonTarget	1	568956
2276.048	n/a	NonTarget	1	569012
2276.272	n/a	NonTarget	1	569068
2276.496	n/a	NonTarget	1	569124
2276.724	n/a	NonTarget	1	569181
2276.948	n/a	NonTarget	1	569237
2277.176	n/a	Target	2	569294
2277.4	n/a	NonTarget	1	569350
2277.624	n/a	NonTarget	1	569406
2277.848	n/a	NonTarget	1	569462
2278.076	n/a	NonTarget	1	569519
2278.3	n/a	NonTarget	1	569575
2278.528	n/a	NonTarget	1	569632
2278.752	n/a	NonTarget	1	569688
2278.976	n/a	Target	2	569744
2279.204	n/a	NonTarget	1	569801
2279.428	n/a	NonTarget	1	569857
2279.652	n/a	NonTarget	1	569913
2279.88	n/a	NonTarget	1	569970
2280.104	n/a	NonTarget	1	570026
2280.328	n/a	NonTarget	1	570082
2280.556	n/a	NonTarget	1	570139
2280.78	n/a	NonTarget	1	570195
2281.008	n/a	Target	2	570252
2281.232	n/a	NonTarget	1	570308
2281.456	n/a	NonTarget	1	570364
2281.684	n/a	NonTarget	1	570421
2281.908	n/a	NonTarget	1	570477
2282.136	n/a	NonTarget	1	570534
2282.36	n/a	NonTarget	1	570590
2282.584	n/a	NonTarget	1	570646
2282.808	n/a	NonTarget	1	570702
2283.032	n/a	NonTarget	1	570758
2283.26	n/a	Target	2	570815
2283.484	n/a	NonTarget	1	570871
2283.712	n/a	NonTarget	1	570928
2283.936	n/a	NonTarget	1	570984
2284.164	n/a	NonTarget	1	571041
2284.388	n/a	NonTarget	1	571097
2284.612	n/a	Target	2	571153
2284.84	n/a	NonTarget	1	571210
2285.064	n/a	NonTarget	1	571266
2285.292	n/a	NonTarget	1	571323
2285.516	n/a	NonTarget	1	571379
2285.74	n/a	NonTarget	1	571435
2285.968	n/a	NonTarget	1	571492
2286.192	n/a	NonTarget	1	571548
2286.42	n/a	NonTarget	1	571605
2286.644	n/a	Target	2	571661
2286.868	n/a	NonTarget	1	571717
2287.096	n/a	NonTarget	1	571774
2287.32	n/a	NonTarget	1	571830
2287.544	n/a	NonTarget	1	571886
2287.772	n/a	NonTarget	1	571943
2287.996	n/a	Target	2	571999
2288.22	n/a	NonTarget	1	572055
2288.448	n/a	NonTarget	1	572112
2288.672	n/a	NonTarget	1	572168
2288.9	n/a	NonTarget	1	572225
2289.124	n/a	NonTarget	1	572281
2289.352	n/a	NonTarget	1	572338
2289.576	n/a	Target	2	572394
2289.8	n/a	NonTarget	1	572450
2290.028	n/a	NonTarget	1	572507
2290.252	n/a	NonTarget	1	572563
2290.48	n/a	NonTarget	1	572620
2290.704	n/a	NonTarget	1	572676
2290.932	n/a	NonTarget	1	572733
2291.156	n/a	Target	2	572789
2291.38	n/a	NonTarget	1	572845
2291.608	n/a	NonTarget	1	572902
2291.832	n/a	NonTarget	1	572958
2292.06	n/a	NonTarget	1	573015
2292.284	n/a	Target	2	573071
2292.508	n/a	NonTarget	1	573127
2292.736	n/a	NonTarget	1	573184
2292.96	n/a	NonTarget	1	573240
2293.188	n/a	NonTarget	1	573297
2293.412	n/a	Target	2	573353
2293.64	n/a	NonTarget	1	573410
2293.864	n/a	NonTarget	1	573466
2294.088	n/a	NonTarget	1	573522
2294.316	n/a	NonTarget	1	573579
2294.54	n/a	Target	2	573635
2294.768	n/a	NonTarget	1	573692
2294.992	n/a	NonTarget	1	573748
2295.216	n/a	NonTarget	1	573804
2295.44	n/a	NonTarget	1	573860
2295.668	n/a	Target	2	573917
2295.892	n/a	NonTarget	1	573973
2296.116	n/a	NonTarget	1	574029
2296.344	n/a	NonTarget	1	574086
2296.568	n/a	NonTarget	1	574142
2296.796	n/a	Target	2	574199
2297.02	n/a	NonTarget	1	574255
2297.244	n/a	NonTarget	1	574311
2297.472	n/a	NonTarget	1	574368
2297.696	n/a	NonTarget	1	574424
2297.924	n/a	NonTarget	1	574481
2298.148	n/a	Target	2	574537
2298.376	n/a	NonTarget	1	574594
2298.6	n/a	NonTarget	1	574650
2298.824	n/a	NonTarget	1	574706
2299.052	n/a	NonTarget	1	574763
2299.276	n/a	NonTarget	1	574819
2299.504	n/a	NonTarget	1	574876
2299.728	n/a	NonTarget	1	574932
2299.952	n/a	NonTarget	1	574988
2300.18	n/a	Target	2	575045
2300.404	n/a	NonTarget	1	575101
2300.628	n/a	NonTarget	1	575157
2300.856	n/a	NonTarget	1	575214
2301.08	n/a	NonTarget	1	575270
2301.304	n/a	Target	2	575326
2301.532	n/a	NonTarget	1	575383
2301.756	n/a	NonTarget	1	575439
2301.98	n/a	NonTarget	1	575495
2302.208	n/a	NonTarget	1	575552
2302.432	n/a	Target	2	575608
2302.656	n/a	NonTarget	1	575664
2302.884	n/a	NonTarget	1	575721
2303.108	n/a	NonTarget	1	575777
2303.336	n/a	NonTarget	1	575834
2303.56	n/a	Target	2	575890
2312.532	n/a	NonTarget	1	578133
2312.76	n/a	NonTarget	1	578190
2312.984	n/a	NonTarget	1	578246
2313.208	n/a	NonTarget	1	578302
2313.432	n/a	NonTarget	1	578358
2313.66	n/a	NonTarget	1	578415
2313.884	n/a	NonTarget	1	578471
2314.108	n/a	Target	2	578527
2314.336	n/a	NonTarget	1	578584
2314.56	n/a	NonTarget	1	578640
2314.788	n/a	NonTarget	1	578697
2315.012	n/a	NonTarget	1	578753
2315.236	n/a	NonTarget	1	578809
2315.464	n/a	NonTarget	1	578866
2315.688	n/a	Target	2	578922
2315.916	n/a	NonTarget	1	578979
2316.14	n/a	NonTarget	1	579035
2316.364	n/a	NonTarget	1	579091
2316.592	n/a	NonTarget	1	579148
2316.816	n/a	NonTarget	1	579204
2317.044	n/a	NonTarget	1	579261
2317.268	n/a	Target	2	579317
2317.492	n/a	NonTarget	1	579373
2317.72	n/a	NonTarget	1	579430
2317.944	n/a	NonTarget	1	579486
2318.172	n/a	NonTarget	1	579543
2318.396	n/a	NonTarget	1	579599
2318.62	n/a	NonTarget	1	579655
2318.848	n/a	NonTarget	1	579712
2319.072	n/a	Target	2	579768
2319.296	n/a	NonTarget	1	579824
2319.524	n/a	NonTarget	1	579881
2319.748	n/a	NonTarget	1	579937
2319.972	n/a	NonTarget	1	579993
2320.196	n/a	NonTarget	1	580049
2320.424	n/a	NonTarget	1	580106
2320.648	n/a	NonTarget	1	580162
2320.876	n/a	NonTarget	1	580219
2321.1	n/a	Target	2	580275
2321.328	n/a	NonTarget	1	580332
2321.552	n/a	NonTarget	1	580388
2321.776	n/a	NonTarget	1	580444
2322.004	n/a	NonTarget	1	580501
2322.228	n/a	NonTarget	1	580557
2322.456	n/a	Target	2	580614
2322.68	n/a	NonTarget	1	580670
2322.904	n/a	NonTarget	1	580726
2323.132	n/a	NonTarget	1	580783
2323.356	n/a	NonTarget	1	580839
2323.584	n/a	NonTarget	1	580896
2323.808	n/a	Target	2	580952
2324.032	n/a	NonTarget	1	581008
2324.26	n/a	NonTarget	1	581065
2324.484	n/a	NonTarget	1	581121
2324.708	n/a	NonTarget	1	581177
2324.936	n/a	Target	2	581234
2325.16	n/a	NonTarget	1	581290
2325.388	n/a	NonTarget	1	581347
2325.612	n/a	NonTarget	1	581403
2325.836	n/a	NonTarget	1	581459
2326.064	n/a	NonTarget	1	581516
2326.288	n/a	NonTarget	1	581572
2326.512	n/a	Target	2	581628
2326.74	n/a	NonTarget	1	581685
2326.964	n/a	NonTarget	1	581741
2327.192	n/a	NonTarget	1	581798
2327.416	n/a	NonTarget	1	581854
2327.644	n/a	Target	2	581911
2327.868	n/a	NonTarget	1	581967
2328.092	n/a	NonTarget	1	582023
2328.32	n/a	NonTarget	1	582080
2328.544	n/a	NonTarget	1	582136
2328.772	n/a	NonTarget	1	582193
2328.996	n/a	NonTarget	1	582249
2329.22	n/a	NonTarget	1	582305
2329.448	n/a	NonTarget	1	582362
2329.672	n/a	NonTarget	1	582418
2329.896	n/a	NonTarget	1	582474
2330.124	n/a	NonTarget	1	582531
2330.348	n/a	Target	2	582587
2330.572	n/a	NonTarget	1	582643
2330.8	n/a	NonTarget	1	582700
2331.024	n/a	NonTarget	1	582756
2331.252	n/a	NonTarget	1	582813
2331.476	n/a	Target	2	582869
2331.7	n/a	NonTarget	1	582925
2331.928	n/a	NonTarget	1	582982
2332.152	n/a	NonTarget	1	583038
2332.376	n/a	NonTarget	1	583094
2332.604	n/a	NonTarget	1	583151
2332.828	n/a	NonTarget	1	583207
2333.056	n/a	Target	2	583264
2333.28	n/a	NonTarget	1	583320
2333.508	n/a	NonTarget	1	583377
2333.732	n/a	NonTarget	1	583433
2333.956	n/a	NonTarget	1	583489
2334.184	n/a	Target	2	583546
2334.408	n/a	NonTarget	1	583602
2334.636	n/a	NonTarget	1	583659
2334.86	n/a	NonTarget	1	583715
2335.088	n/a	NonTarget	1	583772
2335.312	n/a	Target	2	583828
2335.536	n/a	NonTarget	1	583884
2335.764	n/a	NonTarget	1	583941
2335.988	n/a	NonTarget	1	583997
2336.212	n/a	NonTarget	1	584053
2336.44	n/a	NonTarget	1	584110
2336.664	n/a	NonTarget	1	584166
2336.892	n/a	NonTarget	1	584223
2337.116	n/a	NonTarget	1	584279
2337.34	n/a	NonTarget	1	584335
2337.568	n/a	NonTarget	1	584392
2337.792	n/a	NonTarget	1	584448
2338.016	n/a	NonTarget	1	584504
2338.24	n/a	NonTarget	1	584560
2338.468	n/a	Target	2	584617
2338.692	n/a	NonTarget	1	584673
2338.92	n/a	NonTarget	1	584730
2339.144	n/a	NonTarget	1	584786
2339.368	n/a	NonTarget	1	584842
2339.596	n/a	NonTarget	1	584899
2339.82	n/a	Target	2	584955
2340.044	n/a	NonTarget	1	585011
2340.268	n/a	NonTarget	1	585067
2340.496	n/a	NonTarget	1	585124
2340.72	n/a	NonTarget	1	585180
2340.948	n/a	NonTarget	1	585237
2341.172	n/a	Target	2	585293
2341.396	n/a	NonTarget	1	585349
2341.624	n/a	NonTarget	1	585406
2341.848	n/a	NonTarget	1	585462
2342.072	n/a	NonTarget	1	585518
2342.3	n/a	Target	2	585575
2342.524	n/a	NonTarget	1	585631
2361.46	n/a	NonTarget	1	590365
2361.688	n/a	NonTarget	1	590422
2361.912	n/a	NonTarget	1	590478
2362.14	n/a	NonTarget	1	590535
2362.364	n/a	Target	2	590591
2362.588	n/a	NonTarget	1	590647
2362.816	n/a	NonTarget	1	590704
2363.04	n/a	NonTarget	1	590760
2363.268	n/a	NonTarget	1	590817
2363.492	n/a	NonTarget	1	590873
2363.716	n/a	NonTarget	1	590929
2363.944	n/a	NonTarget	1	590986
2364.168	n/a	Target	2	591042
2364.392	n/a	NonTarget	1	591098
2364.616	n/a	NonTarget	1	591154
2364.844	n/a	NonTarget	1	591211
2365.068	n/a	NonTarget	1	591267
2365.296	n/a	NonTarget	1	591324
2365.52	n/a	NonTarget	1	591380
2365.744	n/a	NonTarget	1	591436
2365.972	n/a	NonTarget	1	591493
2366.196	n/a	NonTarget	1	591549
2366.42	n/a	NonTarget	1	591605
2366.648	n/a	Target	2	591662
2366.872	n/a	NonTarget	1	591718
2367.096	n/a	NonTarget	1	591774
2367.32	n/a	NonTarget	1	591830
2367.548	n/a	NonTarget	1	591887
2367.772	n/a	NonTarget	1	591943
2368.0	n/a	Target	2	592000
2368.224	n/a	NonTarget	1	592056
2368.448	n/a	NonTarget	1	592112
2368.676	n/a	NonTarget	1	592169
2368.9	n/a	NonTarget	1	592225
2369.124	n/a	NonTarget	1	592281
2369.348	n/a	Target	2	592337
2369.576	n/a	NonTarget	1	592394
2369.8	n/a	NonTarget	1	592450
2370.028	n/a	NonTarget	1	592507
2370.252	n/a	NonTarget	1	592563
2370.476	n/a	NonTarget	1	592619
2370.704	n/a	NonTarget	1	592676
2370.928	n/a	NonTarget	1	592732
2371.156	n/a	NonTarget	1	592789
2371.38	n/a	NonTarget	1	592845
2371.608	n/a	Target	2	592902
2371.832	n/a	NonTarget	1	592958
2372.06	n/a	NonTarget	1	593015
2372.284	n/a	NonTarget	1	593071
2372.508	n/a	NonTarget	1	593127
2372.732	n/a	Target	2	593183
2372.96	n/a	NonTarget	1	593240
2373.184	n/a	NonTarget	1	593296
2373.408	n/a	NonTarget	1	593352
2373.636	n/a	NonTarget	1	593409
2373.86	n/a	Target	2	593465
2374.088	n/a	NonTarget	1	593522
2374.312	n/a	NonTarget	1	593578
2374.54	n/a	NonTarget	1	593635
2374.764	n/a	NonTarget	1	593691
2374.988	n/a	Target	2	593747
2375.216	n/a	NonTarget	1	593804
2375.44	n/a	NonTarget	1	593860
2375.668	n/a	NonTarget	1	593917
2375.892	n/a	NonTarget	1	593973
2376.116	n/a	Target	2	594029
2376.344	n/a	NonTarget	1	594086
2376.568	n/a	NonTarget	1	594142
2376.792	n/a	NonTarget	1	594198
2377.02	n/a	NonTarget	1	594255
2377.244	n/a	Target	2	594311
2377.472	n/a	NonTarget	1	594368
2377.696	n/a	NonTarget	1	594424
2377.92	n/a	NonTarget	1	594480
2378.144	n/a	NonTarget	1	594536
2378.372	n/a	NonTarget	1	594593
2378.596	n/a	NonTarget	1	594649
2378.824	n/a	NonTarget	1	594706
2379.048	n/a	Target	2	594762
2379.272	n/a	NonTarget	1	594818
2379.5	n/a	NonTarget	1	594875
2379.724	n/a	NonTarget	1	594931
2379.952	n/a	NonTarget	1	594988
2380.176	n/a	NonTarget	1	595044
2380.404	n/a	Target	2	595101
2380.628	n/a	NonTarget	1	595157
2380.852	n/a	NonTarget	1	595213
2381.076	n/a	NonTarget	1	595269
2381.304	n/a	NonTarget	1	595326
2381.528	n/a	Target	2	595382
2381.756	n/a	NonTarget	1	595439
2381.98	n/a	NonTarget	1	595495
2382.208	n/a	NonTarget	1	595552
2382.432	n/a	NonTarget	1	595608
2382.656	n/a	NonTarget	1	595664
2382.884	n/a	Target	2	595721
2383.108	n/a	NonTarget	1	595777
2383.332	n/a	NonTarget	1	595833
2383.56	n/a	NonTarget	1	595890
2383.784	n/a	NonTarget	1	595946
2384.012	n/a	Target	2	596003
2384.236	n/a	NonTarget	1	596059
2384.46	n/a	NonTarget	1	596115
2384.688	n/a	NonTarget	1	596172
2384.912	n/a	NonTarget	1	596228
2385.136	n/a	NonTarget	1	596284
2385.364	n/a	NonTarget	1	596341
2385.588	n/a	Target	2	596397
2385.812	n/a	NonTarget	1	596453
2386.04	n/a	NonTarget	1	596510
2386.264	n/a	NonTarget	1	596566
2386.492	n/a	NonTarget	1	596623
2386.716	n/a	Target	2	596679
2386.94	n/a	NonTarget	1	596735
2387.168	n/a	NonTarget	1	596792
2387.392	n/a	NonTarget	1	596848
2387.62	n/a	NonTarget	1	596905
2387.844	n/a	NonTarget	1	596961
2388.072	n/a	Target	2	597018
2388.296	n/a	NonTarget	1	597074
2388.52	n/a	NonTarget	1	597130
2388.748	n/a	NonTarget	1	597187
2388.972	n/a	NonTarget	1	597243
2389.196	n/a	Target	2	597299
2389.424	n/a	NonTarget	1	597356
2389.648	n/a	NonTarget	1	597412
2389.872	n/a	NonTarget	1	597468
2390.1	n/a	NonTarget	1	597525
2390.324	n/a	Target	2	597581
2390.552	n/a	NonTarget	1	597638
2390.776	n/a	NonTarget	1	597694
2391.0	n/a	NonTarget	1	597750
2391.228	n/a	NonTarget	1	597807
2391.452	n/a	Target	2	597863
2391.676	n/a	NonTarget	1	597919
2400.444	n/a	NonTarget	1	600111
2400.672	n/a	NonTarget	1	600168
2400.896	n/a	NonTarget	1	600224
2401.12	n/a	NonTarget	1	600280
2401.348	n/a	Target	2	600337
2401.572	n/a	NonTarget	1	600393
2401.8	n/a	NonTarget	1	600450
2402.024	n/a	NonTarget	1	600506
2402.248	n/a	NonTarget	1	600562
2402.476	n/a	NonTarget	1	600619
2402.7	n/a	Target	2	600675
2402.928	n/a	NonTarget	1	600732
2403.152	n/a	NonTarget	1	600788
2403.376	n/a	NonTarget	1	600844
2403.604	n/a	NonTarget	1	600901
2403.828	n/a	NonTarget	1	600957
2404.052	n/a	NonTarget	1	601013
2404.28	n/a	NonTarget	1	601070
2404.504	n/a	NonTarget	1	601126
2404.732	n/a	NonTarget	1	601183
2404.956	n/a	NonTarget	1	601239
2405.184	n/a	NonTarget	1	601296
2405.408	n/a	Target	2	601352
2405.632	n/a	NonTarget	1	601408
2405.86	n/a	NonTarget	1	601465
2406.084	n/a	NonTarget	1	601521
2406.312	n/a	NonTarget	1	601578
2406.536	n/a	NonTarget	1	601634
2406.76	n/a	NonTarget	1	601690
2406.984	n/a	NonTarget	1	601746
2407.212	n/a	NonTarget	1	601803
2407.436	n/a	NonTarget	1	601859
2407.664	n/a	Target	2	601916
2407.888	n/a	NonTarget	1	601972
2408.116	n/a	NonTarget	1	602029
2408.34	n/a	NonTarget	1	602085
2408.564	n/a	NonTarget	1	602141
2408.792	n/a	NonTarget	1	602198
2409.016	n/a	NonTarget	1	602254
2409.244	n/a	NonTarget	1	602311
2409.468	n/a	NonTarget	1	602367
2409.692	n/a	Target	2	602423
2409.92	n/a	NonTarget	1	602480
2410.144	n/a	NonTarget	1	602536
2410.372	n/a	NonTarget	1	602593
2410.596	n/a	NonTarget	1	602649
2410.82	n/a	Target	2	602705
2411.048	n/a	NonTarget	1	602762
2411.272	n/a	NonTarget	1	602818
2411.496	n/a	NonTarget	1	602874
2411.724	n/a	NonTarget	1	602931
2411.948	n/a	NonTarget	1	602987
2412.176	n/a	Target	2	603044
2412.4	n/a	NonTarget	1	603100
2412.624	n/a	NonTarget	1	603156
2412.852	n/a	NonTarget	1	603213
2413.076	n/a	NonTarget	1	603269
2413.3	n/a	NonTarget	1	603325
2413.528	n/a	NonTarget	1	603382
2413.752	n/a	NonTarget	1	603438
2413.98	n/a	NonTarget	1	603495
2414.204	n/a	Target	2	603551
2414.432	n/a	NonTarget	1	603608
2414.656	n/a	NonTarget	1	603664
2414.88	n/a	NonTarget	1	603720
2415.108	n/a	NonTarget	1	603777
2415.332	n/a	NonTarget	1	603833
2415.56	n/a	Target	2	603890
2415.784	n/a	NonTarget	1	603946
2416.008	n/a	NonTarget	1	604002
2416.236	n/a	NonTarget	1	604059
2416.46	n/a	NonTarget	1	604115
2416.684	n/a	Target	2	604171
2416.912	n/a	NonTarget	1	604228
2417.136	n/a	NonTarget	1	604284
2417.36	n/a	NonTarget	1	604340
2417.588	n/a	NonTarget	1	604397
2417.812	n/a	Target	2	604453
2418.04	n/a	NonTarget	1	604510
2418.264	n/a	NonTarget	1	604566
2418.488	n/a	NonTarget	1	604622
2418.716	n/a	NonTarget	1	604679
2418.94	n/a	Target	2	604735
2419.164	n/a	NonTarget	1	604791
2419.392	n/a	NonTarget	1	604848
2419.616	n/a	NonTarget	1	604904
2419.844	n/a	NonTarget	1	604961
2420.068	n/a	NonTarget	1	605017
2420.296	n/a	NonTarget	1	605074
2420.52	n/a	Target	2	605130
2420.744	n/a	NonTarget	1	605186
2420.972	n/a	NonTarget	1	605243
2421.196	n/a	NonTarget	1	605299
2421.424	n/a	NonTarget	1	605356
2421.648	n/a	Target	2	605412
2421.872	n/a	NonTarget	1	605468
2422.1	n/a	NonTarget	1	605525
2422.324	n/a	NonTarget	1	605581
2422.548	n/a	NonTarget	1	605637
2422.776	n/a	Target	2	605694
2423.0	n/a	NonTarget	1	605750
2423.224	n/a	NonTarget	1	605806
2423.452	n/a	NonTarget	1	605863
2423.676	n/a	NonTarget	1	605919
2423.9	n/a	Target	2	605975
2424.128	n/a	NonTarget	1	606032
2424.352	n/a	NonTarget	1	606088
2424.58	n/a	NonTarget	1	606145
2424.804	n/a	NonTarget	1	606201
2425.028	n/a	Target	2	606257
2425.256	n/a	NonTarget	1	606314
2425.48	n/a	NonTarget	1	606370
2425.708	n/a	NonTarget	1	606427
2425.932	n/a	NonTarget	1	606483
2426.156	n/a	NonTarget	1	606539
2426.38	n/a	Target	2	606595
2426.608	n/a	NonTarget	1	606652
2426.832	n/a	NonTarget	1	606708
2427.06	n/a	NonTarget	1	606765
2427.284	n/a	NonTarget	1	606821
2427.508	n/a	NonTarget	1	606877
2427.736	n/a	Target	2	606934
2427.96	n/a	NonTarget	1	606990
2428.184	n/a	NonTarget	1	607046
2428.412	n/a	NonTarget	1	607103
2428.636	n/a	NonTarget	1	607159
2428.864	n/a	Target	2	607216
2429.088	n/a	NonTarget	1	607272
2429.316	n/a	NonTarget	1	607329
2429.54	n/a	NonTarget	1	607385
2429.764	n/a	NonTarget	1	607441
2429.988	n/a	Target	2	607497
2430.216	n/a	NonTarget	1	607554
2430.444	n/a	NonTarget	1	607611
2430.668	n/a	NonTarget	1	607667
2448.344	n/a	NonTarget	1	612086
2448.568	n/a	NonTarget	1	612142
2448.796	n/a	NonTarget	1	612199
2449.02	n/a	NonTarget	1	612255
2449.244	n/a	NonTarget	1	612311
2449.472	n/a	NonTarget	1	612368
2449.696	n/a	Target	2	612424
2449.924	n/a	NonTarget	1	612481
2450.148	n/a	NonTarget	1	612537
2450.372	n/a	NonTarget	1	612593
2450.596	n/a	NonTarget	1	612649
2450.824	n/a	NonTarget	1	612706
2451.052	n/a	NonTarget	1	612763
2451.276	n/a	NonTarget	1	612819
2451.504	n/a	Target	2	612876
2451.728	n/a	NonTarget	1	612932
2451.956	n/a	NonTarget	1	612989
2452.18	n/a	NonTarget	1	613045
2452.404	n/a	NonTarget	1	613101
2452.632	n/a	NonTarget	1	613158
2452.856	n/a	NonTarget	1	613214
2453.084	n/a	NonTarget	1	613271
2453.308	n/a	NonTarget	1	613327
2453.532	n/a	Target	2	613383
2453.756	n/a	NonTarget	1	613439
2453.984	n/a	NonTarget	1	613496
2454.212	n/a	NonTarget	1	613553
2454.436	n/a	NonTarget	1	613609
2454.66	n/a	NonTarget	1	613665
2454.884	n/a	NonTarget	1	613721
2455.112	n/a	NonTarget	1	613778
2455.336	n/a	NonTarget	1	613834
2455.56	n/a	Target	2	613890
2455.788	n/a	NonTarget	1	613947
2456.012	n/a	NonTarget	1	614003
2456.24	n/a	NonTarget	1	614060
2456.464	n/a	NonTarget	1	614116
2456.688	n/a	NonTarget	1	614172
2456.916	n/a	NonTarget	1	614229
2457.14	n/a	NonTarget	1	614285
2457.364	n/a	NonTarget	1	614341
2457.588	n/a	NonTarget	1	614397
2457.816	n/a	NonTarget	1	614454
2458.04	n/a	Target	2	614510
2458.264	n/a	NonTarget	1	614566
2458.492	n/a	NonTarget	1	614623
2458.716	n/a	NonTarget	1	614679
2458.944	n/a	NonTarget	1	614736
2459.168	n/a	NonTarget	1	614792
2459.392	n/a	Target	2	614848
2459.62	n/a	NonTarget	1	614905
2459.844	n/a	NonTarget	1	614961
2460.068	n/a	NonTarget	1	615017
2460.296	n/a	NonTarget	1	615074
2460.52	n/a	Target	2	615130
2460.748	n/a	NonTarget	1	615187
2460.972	n/a	NonTarget	1	615243
2461.196	n/a	NonTarget	1	615299
2461.424	n/a	NonTarget	1	615356
2461.648	n/a	NonTarget	1	615412
2461.876	n/a	Target	2	615469
2462.1	n/a	NonTarget	1	615525
2462.328	n/a	NonTarget	1	615582
2462.552	n/a	NonTarget	1	615638
2462.776	n/a	NonTarget	1	615694
2463.0	n/a	Target	2	615750
2463.228	n/a	NonTarget	1	615807
2463.452	n/a	NonTarget	1	615863
2463.68	n/a	NonTarget	1	615920
2463.904	n/a	NonTarget	1	615976
2464.128	n/a	Target	2	616032
2464.356	n/a	NonTarget	1	616089
2464.58	n/a	NonTarget	1	616145
2464.804	n/a	NonTarget	1	616201
2465.032	n/a	NonTarget	1	616258
2465.256	n/a	Target	2	616314
2465.484	n/a	NonTarget	1	616371
2465.708	n/a	NonTarget	1	616427
2465.932	n/a	NonTarget	1	616483
2466.16	n/a	NonTarget	1	616540
2466.384	n/a	NonTarget	1	616596
2466.608	n/a	Target	2	616652
2466.836	n/a	NonTarget	1	616709
2467.06	n/a	NonTarget	1	616765
2467.284	n/a	NonTarget	1	616821
2467.512	n/a	NonTarget	1	616878
2467.736	n/a	NonTarget	1	616934
2467.964	n/a	Target	2	616991
2468.188	n/a	NonTarget	1	617047
2468.416	n/a	NonTarget	1	617104
2468.64	n/a	NonTarget	1	617160
2468.864	n/a	NonTarget	1	617216
2469.092	n/a	NonTarget	1	617273
2469.316	n/a	NonTarget	1	617329
2469.544	n/a	Target	2	617386
2469.768	n/a	NonTarget	1	617442
2469.992	n/a	NonTarget	1	617498
2470.22	n/a	NonTarget	1	617555
2470.444	n/a	NonTarget	1	617611
2470.668	n/a	Target	2	617667
2470.896	n/a	NonTarget	1	617724
2471.12	n/a	NonTarget	1	617780
2471.348	n/a	NonTarget	1	617837
2471.572	n/a	NonTarget	1	617893
2471.8	n/a	Target	2	617950
2472.024	n/a	NonTarget	1	618006
2472.248	n/a	NonTarget	1	618062
2472.476	n/a	NonTarget	1	618119
2472.7	n/a	NonTarget	1	618175
2472.928	n/a	NonTarget	1	618232
2473.152	n/a	Target	2	618288
2473.38	n/a	NonTarget	1	618345
2473.604	n/a	NonTarget	1	618401
2473.828	n/a	NonTarget	1	618457
2474.056	n/a	NonTarget	1	618514
2474.28	n/a	Target	2	618570
2474.504	n/a	NonTarget	1	618626
2474.728	n/a	NonTarget	1	618682
2474.956	n/a	NonTarget	1	618739
2475.18	n/a	NonTarget	1	618795
2475.404	n/a	Target	2	618851
2475.632	n/a	NonTarget	1	618908
2475.856	n/a	NonTarget	1	618964
2476.084	n/a	NonTarget	1	619021
2476.308	n/a	NonTarget	1	619077
2476.536	n/a	Target	2	619134
2476.76	n/a	NonTarget	1	619190
2476.984	n/a	NonTarget	1	619246
2477.212	n/a	NonTarget	1	619303
2477.436	n/a	NonTarget	1	619359
2477.66	n/a	NonTarget	1	619415
2477.888	n/a	Target	2	619472
2478.112	n/a	NonTarget	1	619528
2478.34	n/a	NonTarget	1	619585
2478.564	n/a	NonTarget	1	619641
2487.312	n/a	NonTarget	1	621828
2487.536	n/a	NonTarget	1	621884
2487.76	n/a	NonTarget	1	621940
2487.984	n/a	NonTarget	1	621996
2488.212	n/a	NonTarget	1	622053
2488.436	n/a	Target	2	622109
2488.66	n/a	NonTarget	1	622165
2488.884	n/a	NonTarget	1	622221
2489.112	n/a	NonTarget	1	622278
2489.336	n/a	NonTarget	1	622334
2489.56	n/a	NonTarget	1	622390
2489.788	n/a	NonTarget	1	622447
2490.012	n/a	NonTarget	1	622503
2490.236	n/a	NonTarget	1	622559
2490.464	n/a	NonTarget	1	622616
2490.688	n/a	NonTarget	1	622672
2490.912	n/a	NonTarget	1	622728
2491.136	n/a	Target	2	622784
2491.36	n/a	NonTarget	1	622840
2491.588	n/a	NonTarget	1	622897
2491.812	n/a	NonTarget	1	622953
2492.04	n/a	NonTarget	1	623010
2492.264	n/a	NonTarget	1	623066
2492.488	n/a	NonTarget	1	623122
2492.716	n/a	NonTarget	1	623179
2492.94	n/a	NonTarget	1	623235
2493.164	n/a	NonTarget	1	623291
2493.388	n/a	NonTarget	1	623347
2493.616	n/a	Target	2	623404
2493.84	n/a	NonTarget	1	623460
2494.064	n/a	NonTarget	1	623516
2494.292	n/a	NonTarget	1	623573
2494.516	n/a	NonTarget	1	623629
2494.744	n/a	NonTarget	1	623686
2494.968	n/a	Target	2	623742
2495.192	n/a	NonTarget	1	623798
2495.42	n/a	NonTarget	1	623855
2495.644	n/a	NonTarget	1	623911
2495.872	n/a	NonTarget	1	623968
2496.096	n/a	NonTarget	1	624024
2496.32	n/a	NonTarget	1	624080
2496.548	n/a	NonTarget	1	624137
2496.772	n/a	NonTarget	1	624193
2497.0	n/a	Target	2	624250
2497.224	n/a	NonTarget	1	624306
2497.452	n/a	NonTarget	1	624363
2497.676	n/a	NonTarget	1	624419
2497.904	n/a	NonTarget	1	624476
2498.128	n/a	NonTarget	1	624532
2498.356	n/a	Target	2	624589
2498.58	n/a	NonTarget	1	624645
2498.808	n/a	NonTarget	1	624702
2499.032	n/a	NonTarget	1	624758
2499.256	n/a	NonTarget	1	624814
2499.484	n/a	NonTarget	1	624871
2499.708	n/a	NonTarget	1	624927
2499.932	n/a	NonTarget	1	624983
2500.16	n/a	NonTarget	1	625040
2500.388	n/a	NonTarget	1	625097
2500.612	n/a	NonTarget	1	625153
2500.836	n/a	Target	2	625209
2501.06	n/a	NonTarget	1	625265
2501.288	n/a	NonTarget	1	625322
2501.512	n/a	NonTarget	1	625378
2501.736	n/a	NonTarget	1	625434
2501.964	n/a	NonTarget	1	625491
2502.188	n/a	Target	2	625547
2502.412	n/a	NonTarget	1	625603
2502.636	n/a	NonTarget	1	625659
2502.864	n/a	NonTarget	1	625716
2503.088	n/a	NonTarget	1	625772
2503.312	n/a	Target	2	625828
2503.54	n/a	NonTarget	1	625885
2503.764	n/a	NonTarget	1	625941
2503.992	n/a	NonTarget	1	625998
2504.216	n/a	NonTarget	1	626054
2504.44	n/a	NonTarget	1	626110
2504.668	n/a	NonTarget	1	626167
2504.892	n/a	NonTarget	1	626223
2505.116	n/a	NonTarget	1	626279
2505.344	n/a	Target	2	626336
2505.568	n/a	NonTarget	1	626392
2505.792	n/a	NonTarget	1	626448
2506.02	n/a	NonTarget	1	626505
2506.244	n/a	NonTarget	1	626561
2506.468	n/a	NonTarget	1	626617
2506.696	n/a	Target	2	626674
2506.92	n/a	NonTarget	1	626730
2507.148	n/a	NonTarget	1	626787
2507.372	n/a	NonTarget	1	626843
2507.596	n/a	NonTarget	1	626899
2507.824	n/a	Target	2	626956
2508.048	n/a	NonTarget	1	627012
2508.276	n/a	NonTarget	1	627069
2508.5	n/a	NonTarget	1	627125
2508.728	n/a	NonTarget	1	627182
2508.952	n/a	NonTarget	1	627238
2509.176	n/a	NonTarget	1	627294
2509.404	n/a	NonTarget	1	627351
2509.628	n/a	NonTarget	1	627407
2509.856	n/a	Target	2	627464
2510.08	n/a	NonTarget	1	627520
2510.304	n/a	NonTarget	1	627576
2510.528	n/a	NonTarget	1	627632
2510.756	n/a	NonTarget	1	627689
2510.98	n/a	NonTarget	1	627745
2511.208	n/a	NonTarget	1	627802
2511.432	n/a	NonTarget	1	627858
2511.656	n/a	NonTarget	1	627914
2511.884	n/a	NonTarget	1	627971
2512.108	n/a	NonTarget	1	628027
2512.336	n/a	NonTarget	1	628084
2512.56	n/a	Target	2	628140
2512.784	n/a	NonTarget	1	628196
2513.012	n/a	NonTarget	1	628253
2513.236	n/a	NonTarget	1	628309
2513.46	n/a	NonTarget	1	628365
2513.688	n/a	NonTarget	1	628422
2513.912	n/a	NonTarget	1	628478
2514.14	n/a	NonTarget	1	628535
2514.364	n/a	NonTarget	1	628591
2514.588	n/a	Target	2	628647
2514.812	n/a	NonTarget	1	628703
2515.04	n/a	NonTarget	1	628760
2515.264	n/a	NonTarget	1	628816
2515.492	n/a	NonTarget	1	628873
2515.716	n/a	NonTarget	1	628929
2515.944	n/a	NonTarget	1	628986
2516.168	n/a	Target	2	629042
2516.396	n/a	NonTarget	1	629099
2516.62	n/a	NonTarget	1	629155
2516.848	n/a	NonTarget	1	629212
2517.072	n/a	NonTarget	1	629268
2517.3	n/a	NonTarget	1	629325
2517.524	n/a	NonTarget	1	629381
2530.464	n/a	NonTarget	1	632616
2530.688	n/a	NonTarget	1	632672
2530.916	n/a	NonTarget	1	632729
2531.14	n/a	NonTarget	1	632785
2531.364	n/a	NonTarget	1	632841
2531.592	n/a	NonTarget	1	632898
2531.816	n/a	NonTarget	1	632954
2532.044	n/a	Target	2	633011
2532.268	n/a	NonTarget	1	633067
2532.492	n/a	NonTarget	1	633123
2532.716	n/a	NonTarget	1	633179
2532.944	n/a	NonTarget	1	633236
2533.168	n/a	NonTarget	1	633292
2533.392	n/a	NonTarget	1	633348
2533.62	n/a	NonTarget	1	633405
2533.844	n/a	NonTarget	1	633461
2534.068	n/a	Target	2	633517
2534.296	n/a	NonTarget	1	633574
2534.52	n/a	NonTarget	1	633630
2534.744	n/a	NonTarget	1	633686
2534.972	n/a	NonTarget	1	633743
2535.196	n/a	NonTarget	1	633799
2535.424	n/a	NonTarget	1	633856
2535.648	n/a	NonTarget	1	633912
2535.872	n/a	NonTarget	1	633968
2536.096	n/a	Target	2	634024
2536.324	n/a	NonTarget	1	634081
2536.548	n/a	NonTarget	1	634137
2536.772	n/a	NonTarget	1	634193
2537.0	n/a	NonTarget	1	634250
2537.224	n/a	NonTarget	1	634306
2537.448	n/a	NonTarget	1	634362
2537.672	n/a	NonTarget	1	634418
2537.9	n/a	NonTarget	1	634475
2538.124	n/a	NonTarget	1	634531
2538.348	n/a	NonTarget	1	634587
2538.576	n/a	NonTarget	1	634644
2538.8	n/a	Target	2	634700
2539.024	n/a	NonTarget	1	634756
2539.252	n/a	NonTarget	1	634813
2539.476	n/a	NonTarget	1	634869
2539.704	n/a	NonTarget	1	634926
2539.928	n/a	NonTarget	1	634982
2540.152	n/a	NonTarget	1	635038
2540.38	n/a	NonTarget	1	635095
2540.604	n/a	Target	2	635151
2540.832	n/a	NonTarget	1	635208
2541.056	n/a	NonTarget	1	635264
2541.28	n/a	NonTarget	1	635320
2541.508	n/a	NonTarget	1	635377
2541.732	n/a	Target	2	635433
2541.96	n/a	NonTarget	1	635490
2542.184	n/a	NonTarget	1	635546
2542.408	n/a	NonTarget	1	635602
2542.636	n/a	NonTarget	1	635659
2542.86	n/a	NonTarget	1	635715
2543.084	n/a	NonTarget	1	635771
2543.308	n/a	Target	2	635827
2543.536	n/a	NonTarget	1	635884
2543.76	n/a	NonTarget	1	635940
2543.984	n/a	NonTarget	1	635996
2544.212	n/a	NonTarget	1	636053
2544.436	n/a	NonTarget	1	636109
2544.664	n/a	NonTarget	1	636166
2544.888	n/a	Target	2	636222
2545.116	n/a	NonTarget	1	636279
2545.34	n/a	NonTarget	1	636335
2545.564	n/a	NonTarget	1	636391
2545.792	n/a	NonTarget	1	636448
2546.016	n/a	Target	2	636504
2546.244	n/a	NonTarget	1	636561
2546.468	n/a	NonTarget	1	636617
2546.692	n/a	NonTarget	1	636673
2546.92	n/a	NonTarget	1	636730
2547.144	n/a	Target	2	636786
2547.372	n/a	NonTarget	1	636843
2547.596	n/a	NonTarget	1	636899
2547.82	n/a	NonTarget	1	636955
2548.048	n/a	NonTarget	1	637012
2548.272	n/a	NonTarget	1	637068
2548.496	n/a	Target	2	637124
2548.724	n/a	NonTarget	1	637181
2548.948	n/a	NonTarget	1	637237
2549.176	n/a	NonTarget	1	637294
2549.4	n/a	NonTarget	1	637350
2549.628	n/a	Target	2	637407
2549.852	n/a	NonTarget	1	637463
2550.076	n/a	NonTarget	1	637519
2550.304	n/a	NonTarget	1	637576
2550.528	n/a	NonTarget	1	637632
2550.756	n/a	Target	2	637689
2550.98	n/a	NonTarget	1	637745
2551.204	n/a	NonTarget	1	637801
2551.432	n/a	NonTarget	1	637858
2551.656	n/a	NonTarget	1	637914
2551.884	n/a	NonTarget	1	637971
2552.108	n/a	Target	2	638027
2552.336	n/a	NonTarget	1	638084
2552.56	n/a	NonTarget	1	638140
2552.784	n/a	NonTarget	1	638196
2553.012	n/a	NonTarget	1	638253
2553.236	n/a	Target	2	638309
2553.464	n/a	NonTarget	1	638366
2553.688	n/a	NonTarget	1	638422
2553.912	n/a	NonTarget	1	638478
2554.14	n/a	NonTarget	1	638535
2554.364	n/a	Target	2	638591
2554.588	n/a	NonTarget	1	638647
2554.816	n/a	NonTarget	1	638704
2555.04	n/a	NonTarget	1	638760
2555.264	n/a	NonTarget	1	638816
2555.492	n/a	Target	2	638873
2555.716	n/a	NonTarget	1	638929
2555.94	n/a	NonTarget	1	638985
2556.168	n/a	NonTarget	1	639042
2556.392	n/a	NonTarget	1	639098
2556.616	n/a	NonTarget	1	639154
2556.844	n/a	Target	2	639211
2557.068	n/a	NonTarget	1	639267
2557.296	n/a	NonTarget	1	639324
2557.52	n/a	NonTarget	1	639380
2557.744	n/a	NonTarget	1	639436
2557.972	n/a	NonTarget	1	639493
2558.196	n/a	Target	2	639549
2558.424	n/a	NonTarget	1	639606
2558.648	n/a	NonTarget	1	639662
2558.872	n/a	NonTarget	1	639718
2559.096	n/a	NonTarget	1	639774
2559.324	n/a	Target	2	639831
2559.548	n/a	NonTarget	1	639887
2559.776	n/a	NonTarget	1	639944
2560.0	n/a	NonTarget	1	640000
2560.224	n/a	NonTarget	1	640056
2560.452	n/a	Target	2	640113
2569.448	n/a	NonTarget	1	642362
2569.672	n/a	NonTarget	1	642418
2569.896	n/a	NonTarget	1	642474
2570.124	n/a	NonTarget	1	642531
2570.348	n/a	Target	2	642587
2570.572	n/a	NonTarget	1	642643
2570.796	n/a	NonTarget	1	642699
2571.024	n/a	NonTarget	1	642756
2571.252	n/a	NonTarget	1	642813
2571.476	n/a	Target	2	642869
2571.7	n/a	NonTarget	1	642925
2571.924	n/a	NonTarget	1	642981
2572.152	n/a	NonTarget	1	643038
2572.376	n/a	NonTarget	1	643094
2572.6	n/a	NonTarget	1	643150
2572.828	n/a	NonTarget	1	643207
2573.052	n/a	NonTarget	1	643263
2573.276	n/a	Target	2	643319
2573.504	n/a	NonTarget	1	643376
2573.728	n/a	NonTarget	1	643432
2573.956	n/a	NonTarget	1	643489
2574.18	n/a	NonTarget	1	643545
2574.408	n/a	NonTarget	1	643602
2574.632	n/a	NonTarget	1	643658
2574.856	n/a	NonTarget	1	643714
2575.084	n/a	Target	2	643771
2575.308	n/a	NonTarget	1	643827
2575.532	n/a	NonTarget	1	643883
2575.756	n/a	NonTarget	1	643939
2575.984	n/a	NonTarget	1	643996
2576.208	n/a	NonTarget	1	644052
2576.436	n/a	NonTarget	1	644109
2576.66	n/a	NonTarget	1	644165
2576.884	n/a	NonTarget	1	644221
2577.112	n/a	NonTarget	1	644278
2577.336	n/a	Target	2	644334
2577.56	n/a	NonTarget	1	644390
2577.788	n/a	NonTarget	1	644447
2578.012	n/a	NonTarget	1	644503
2578.24	n/a	NonTarget	1	644560
2578.464	n/a	NonTarget	1	644616
2578.688	n/a	NonTarget	1	644672
2578.912	n/a	NonTarget	1	644728
2579.14	n/a	NonTarget	1	644785
2579.368	n/a	NonTarget	1	644842
2579.592	n/a	NonTarget	1	644898
2579.816	n/a	NonTarget	1	644954
2580.04	n/a	Target	2	645010
2580.268	n/a	NonTarget	1	645067
2580.492	n/a	NonTarget	1	645123
2580.716	n/a	NonTarget	1	645179
2580.944	n/a	NonTarget	1	645236
2581.168	n/a	Target	2	645292
2581.396	n/a	NonTarget	1	645349
2581.62	n/a	NonTarget	1	645405
2581.844	n/a	NonTarget	1	645461
2582.072	n/a	NonTarget	1	645518
2582.296	n/a	Target	2	645574
2582.524	n/a	NonTarget	1	645631
2582.748	n/a	NonTarget	1	645687
2582.976	n/a	NonTarget	1	645744
2583.2	n/a	NonTarget	1	645800
2583.424	n/a	NonTarget	1	645856
2583.652	n/a	Target	2	645913
2583.876	n/a	NonTarget	1	645969
2584.104	n/a	NonTarget	1	646026
2584.328	n/a	NonTarget	1	646082
2584.552	n/a	NonTarget	1	646138
2584.78	n/a	Target	2	646195
2585.004	n/a	NonTarget	1	646251
2585.232	n/a	NonTarget	1	646308
2585.456	n/a	NonTarget	1	646364
2585.684	n/a	NonTarget	1	646421
2585.908	n/a	NonTarget	1	646477
2586.132	n/a	Target	2	646533
2586.36	n/a	NonTarget	1	646590
2586.584	n/a	NonTarget	1	646646
2586.808	n/a	NonTarget	1	646702
2587.036	n/a	NonTarget	1	646759
2587.26	n/a	NonTarget	1	646815
2587.484	n/a	Target	2	646871
2587.712	n/a	NonTarget	1	646928
2587.936	n/a	NonTarget	1	646984
2588.16	n/a	NonTarget	1	647040
2588.388	n/a	NonTarget	1	647097
2588.612	n/a	Target	2	647153
2588.84	n/a	NonTarget	1	647210
2589.064	n/a	NonTarget	1	647266
2589.288	n/a	NonTarget	1	647322
2589.516	n/a	NonTarget	1	647379
2589.74	n/a	NonTarget	1	647435
2589.968	n/a	NonTarget	1	647492
2590.192	n/a	NonTarget	1	647548
2590.42	n/a	NonTarget	1	647605
2590.644	n/a	Target	2	647661
2590.868	n/a	NonTarget	1	647717
2591.096	n/a	NonTarget	1	647774
2591.32	n/a	NonTarget	1	647830
2591.548	n/a	NonTarget	1	647887
2591.772	n/a	Target	2	647943
2591.996	n/a	NonTarget	1	647999
2592.224	n/a	NonTarget	1	648056
2592.448	n/a	NonTarget	1	648112
2592.672	n/a	NonTarget	1	648168
2592.9	n/a	NonTarget	1	648225
2593.124	n/a	Target	2	648281
2593.348	n/a	NonTarget	1	648337
2593.576	n/a	NonTarget	1	648394
2593.8	n/a	NonTarget	1	648450
2594.024	n/a	NonTarget	1	648506
2594.252	n/a	Target	2	648563
2594.476	n/a	NonTarget	1	648619
2594.704	n/a	NonTarget	1	648676
2594.928	n/a	NonTarget	1	648732
2595.152	n/a	NonTarget	1	648788
2595.38	n/a	NonTarget	1	648845
2595.604	n/a	NonTarget	1	648901
2595.832	n/a	NonTarget	1	648958
2596.056	n/a	Target	2	649014
2596.284	n/a	NonTarget	1	649071
2596.508	n/a	NonTarget	1	649127
2596.732	n/a	NonTarget	1	649183
2596.96	n/a	NonTarget	1	649240
2597.184	n/a	NonTarget	1	649296
2597.412	n/a	NonTarget	1	649353
2597.636	n/a	NonTarget	1	649409
2597.86	n/a	Target	2	649465
2598.088	n/a	NonTarget	1	649522
2598.312	n/a	NonTarget	1	649578
2598.536	n/a	NonTarget	1	649634
2598.76	n/a	NonTarget	1	649690
2598.988	n/a	Target	2	649747
2599.212	n/a	NonTarget	1	649803
2599.44	n/a	NonTarget	1	649860
2614.376	n/a	NonTarget	1	653594
2614.604	n/a	Target	2	653651
2614.828	n/a	NonTarget	1	653707
2615.052	n/a	NonTarget	1	653763
2615.28	n/a	NonTarget	1	653820
2615.504	n/a	NonTarget	1	653876
2615.728	n/a	NonTarget	1	653932
2615.956	n/a	NonTarget	1	653989
2616.18	n/a	NonTarget	1	654045
2616.408	n/a	NonTarget	1	654102
2616.632	n/a	Target	2	654158
2616.856	n/a	NonTarget	1	654214
2617.08	n/a	NonTarget	1	654270
2617.308	n/a	NonTarget	1	654327
2617.532	n/a	NonTarget	1	654383
2617.76	n/a	NonTarget	1	654440
2617.984	n/a	NonTarget	1	654496
2618.212	n/a	NonTarget	1	654553
2618.436	n/a	NonTarget	1	654609
2618.66	n/a	Target	2	654665
2618.884	n/a	NonTarget	1	654721
2619.112	n/a	NonTarget	1	654778
2619.336	n/a	NonTarget	1	654834
2619.56	n/a	NonTarget	1	654890
2619.788	n/a	NonTarget	1	654947
2620.012	n/a	Target	2	655003
2620.24	n/a	NonTarget	1	655060
2620.464	n/a	NonTarget	1	655116
2620.692	n/a	NonTarget	1	655173
2620.916	n/a	NonTarget	1	655229
2621.144	n/a	NonTarget	1	655286
2621.368	n/a	NonTarget	1	655342
2621.596	n/a	NonTarget	1	655399
2621.82	n/a	NonTarget	1	655455
2622.044	n/a	NonTarget	1	655511
2622.268	n/a	Target	2	655567
2622.496	n/a	NonTarget	1	655624
2622.72	n/a	NonTarget	1	655680
2622.944	n/a	NonTarget	1	655736
2623.172	n/a	NonTarget	1	655793
2623.396	n/a	NonTarget	1	655849
2623.624	n/a	NonTarget	1	655906
2623.848	n/a	NonTarget	1	655962
2624.072	n/a	NonTarget	1	656018
2624.3	n/a	NonTarget	1	656075
2624.524	n/a	Target	2	656131
2624.748	n/a	NonTarget	1	656187
2624.976	n/a	NonTarget	1	656244
2625.2	n/a	NonTarget	1	656300
2625.428	n/a	NonTarget	1	656357
2625.652	n/a	NonTarget	1	656413
2625.876	n/a	NonTarget	1	656469
2626.104	n/a	Target	2	656526
2626.328	n/a	NonTarget	1	656582
2626.552	n/a	NonTarget	1	656638
2626.78	n/a	NonTarget	1	656695
2627.004	n/a	NonTarget	1	656751
2627.232	n/a	Target	2	656808
2627.456	n/a	NonTarget	1	656864
2627.68	n/a	NonTarget	1	656920
2627.908	n/a	NonTarget	1	656977
2628.132	n/a	NonTarget	1	657033
2628.36	n/a	NonTarget	1	657090
2628.584	n/a	Target	2	657146
2628.812	n/a	NonTarget	1	657203
2629.036	n/a	NonTarget	1	657259
2629.264	n/a	NonTarget	1	657316
2629.488	n/a	NonTarget	1	657372
2629.712	n/a	NonTarget	1	657428
2629.94	n/a	Target	2	657485
2630.164	n/a	NonTarget	1	657541
2630.392	n/a	NonTarget	1	657598
2630.616	n/a	NonTarget	1	657654
2630.84	n/a	NonTarget	1	657710
2631.068	n/a	NonTarget	1	657767
2631.292	n/a	Target	2	657823
2631.516	n/a	NonTarget	1	657879
2631.744	n/a	NonTarget	1	657936
2631.968	n/a	NonTarget	1	657992
2632.196	n/a	NonTarget	1	658049
2632.42	n/a	NonTarget	1	658105
2632.644	n/a	Target	2	658161
2632.872	n/a	NonTarget	1	658218
2633.096	n/a	NonTarget	1	658274
2633.324	n/a	NonTarget	1	658331
2633.548	n/a	NonTarget	1	658387
2633.772	n/a	Target	2	658443
2634.0	n/a	NonTarget	1	658500
2634.224	n/a	NonTarget	1	658556
2634.452	n/a	NonTarget	1	658613
2634.676	n/a	NonTarget	1	658669
2634.904	n/a	NonTarget	1	658726
2635.128	n/a	Target	2	658782
2635.352	n/a	NonTarget	1	658838
2635.58	n/a	NonTarget	1	658895
2635.804	n/a	NonTarget	1	658951
2636.032	n/a	NonTarget	1	659008
2636.256	n/a	NonTarget	1	659064
2636.48	n/a	Target	2	659120
2636.708	n/a	NonTarget	1	659177
2636.932	n/a	NonTarget	1	659233
2637.156	n/a	NonTarget	1	659289
2637.384	n/a	NonTarget	1	659346
2637.608	n/a	NonTarget	1	659402
2637.836	n/a	Target	2	659459
2638.064	n/a	NonTarget	1	659516
2638.288	n/a	NonTarget	1	659572
2638.512	n/a	NonTarget	1	659628
2638.74	n/a	NonTarget	1	659685
2638.964	n/a	NonTarget	1	659741
2639.192	n/a	NonTarget	1	659798
2639.416	n/a	Target	2	659854
2639.64	n/a	NonTarget	1	659910
2639.868	n/a	NonTarget	1	659967
2640.092	n/a	NonTarget	1	660023
2640.32	n/a	NonTarget	1	660080
2640.544	n/a	Target	2	660136
2640.772	n/a	NonTarget	1	660193
2640.996	n/a	NonTarget	1	660249
2641.22	n/a	NonTarget	1	660305
2641.448	n/a	NonTarget	1	660362
2641.672	n/a	Target	2	660418
2641.896	n/a	NonTarget	1	660474
2642.124	n/a	NonTarget	1	660531
2642.348	n/a	NonTarget	1	660587
2642.576	n/a	NonTarget	1	660644
2642.8	n/a	NonTarget	1	660700
2643.024	n/a	NonTarget	1	660756
2643.252	n/a	Target	2	660813
2643.476	n/a	NonTarget	1	660869
2643.7	n/a	NonTarget	1	660925
2643.928	n/a	NonTarget	1	660982
2644.152	n/a	NonTarget	1	661038
2644.376	n/a	NonTarget	1	661094
2653.348	n/a	NonTarget	1	663337
2653.576	n/a	NonTarget	1	663394
2653.8	n/a	NonTarget	1	663450
2654.024	n/a	NonTarget	1	663506
2654.252	n/a	NonTarget	1	663563
2654.476	n/a	NonTarget	1	663619
2654.7	n/a	NonTarget	1	663675
2654.928	n/a	NonTarget	1	663732
2655.152	n/a	Target	2	663788
2655.376	n/a	NonTarget	1	663844
2655.6	n/a	NonTarget	1	663900
2655.828	n/a	NonTarget	1	663957
2656.052	n/a	NonTarget	1	664013
2656.28	n/a	NonTarget	1	664070
2656.504	n/a	Target	2	664126
2656.728	n/a	NonTarget	1	664182
2656.952	n/a	NonTarget	1	664238
2657.18	n/a	NonTarget	1	664295
2657.404	n/a	NonTarget	1	664351
2657.628	n/a	Target	2	664407
2657.856	n/a	NonTarget	1	664464
2658.08	n/a	NonTarget	1	664520
2658.308	n/a	NonTarget	1	664577
2658.532	n/a	NonTarget	1	664633
2658.756	n/a	NonTarget	1	664689
2658.984	n/a	NonTarget	1	664746
2659.208	n/a	NonTarget	1	664802
2659.432	n/a	NonTarget	1	664858
2659.66	n/a	Target	2	664915
2659.884	n/a	NonTarget	1	664971
2660.108	n/a	NonTarget	1	665027
2660.332	n/a	NonTarget	1	665083
2660.56	n/a	NonTarget	1	665140
2660.784	n/a	NonTarget	1	665196
2661.012	n/a	NonTarget	1	665253
2661.236	n/a	NonTarget	1	665309
2661.46	n/a	NonTarget	1	665365
2661.684	n/a	Target	2	665421
2661.912	n/a	NonTarget	1	665478
2662.136	n/a	NonTarget	1	665534
2662.364	n/a	NonTarget	1	665591
2662.588	n/a	NonTarget	1	665647
2662.812	n/a	NonTarget	1	665703
2663.04	n/a	NonTarget	1	665760
2663.264	n/a	Target	2	665816
2663.492	n/a	NonTarget	1	665873
2663.716	n/a	NonTarget	1	665929
2663.94	n/a	NonTarget	1	665985
2664.168	n/a	NonTarget	1	666042
2664.392	n/a	NonTarget	1	666098
2664.616	n/a	Target	2	666154
2664.844	n/a	NonTarget	1	666211
2665.068	n/a	NonTarget	1	666267
2665.292	n/a	NonTarget	1	666323
2665.52	n/a	NonTarget	1	666380
2665.744	n/a	NonTarget	1	666436
2665.972	n/a	Target	2	666493
2666.196	n/a	NonTarget	1	666549
2666.42	n/a	NonTarget	1	666605
2666.648	n/a	NonTarget	1	666662
2666.872	n/a	NonTarget	1	666718
2667.1	n/a	Target	2	666775
2667.324	n/a	NonTarget	1	666831
2667.548	n/a	NonTarget	1	666887
2667.776	n/a	NonTarget	1	666944
2668.0	n/a	NonTarget	1	667000
2668.224	n/a	NonTarget	1	667056
2668.452	n/a	Target	2	667113
2668.676	n/a	NonTarget	1	667169
2668.9	n/a	NonTarget	1	667225
2669.128	n/a	NonTarget	1	667282
2669.352	n/a	NonTarget	1	667338
2669.58	n/a	Target	2	667395
2669.804	n/a	NonTarget	1	667451
2670.028	n/a	NonTarget	1	667507
2670.256	n/a	NonTarget	1	667564
2670.48	n/a	NonTarget	1	667620
2670.704	n/a	NonTarget	1	667676
2670.932	n/a	Target	2	667733
2671.156	n/a	NonTarget	1	667789
2671.384	n/a	NonTarget	1	667846
2671.608	n/a	NonTarget	1	667902
2671.836	n/a	NonTarget	1	667959
2672.06	n/a	NonTarget	1	668015
2672.284	n/a	Target	2	668071
2672.512	n/a	NonTarget	1	668128
2672.736	n/a	NonTarget	1	668184
2672.964	n/a	NonTarget	1	668241
2673.188	n/a	NonTarget	1	668297
2673.416	n/a	NonTarget	1	668354
2673.64	n/a	NonTarget	1	668410
2673.864	n/a	Target	2	668466
2674.088	n/a	NonTarget	1	668522
2674.316	n/a	NonTarget	1	668579
2674.54	n/a	NonTarget	1	668635
2674.768	n/a	NonTarget	1	668692
2674.992	n/a	NonTarget	1	668748
2675.22	n/a	Target	2	668805
2675.444	n/a	NonTarget	1	668861
2675.668	n/a	NonTarget	1	668917
2675.896	n/a	NonTarget	1	668974
2676.12	n/a	NonTarget	1	669030
2676.348	n/a	NonTarget	1	669087
2676.572	n/a	Target	2	669143
2676.796	n/a	NonTarget	1	669199
2677.02	n/a	NonTarget	1	669255
2677.248	n/a	NonTarget	1	669312
2677.472	n/a	NonTarget	1	669368
2677.7	n/a	NonTarget	1	669425
2677.924	n/a	NonTarget	1	669481
2678.148	n/a	NonTarget	1	669537
2678.376	n/a	Target	2	669594
2678.6	n/a	NonTarget	1	669650
2678.828	n/a	NonTarget	1	669707
2679.052	n/a	NonTarget	1	669763
2679.276	n/a	NonTarget	1	669819
2679.504	n/a	NonTarget	1	669876
2679.728	n/a	NonTarget	1	669932
2679.952	n/a	NonTarget	1	669988
2680.18	n/a	NonTarget	1	670045
2680.404	n/a	Target	2	670101
2680.628	n/a	NonTarget	1	670157
2680.856	n/a	NonTarget	1	670214
2681.08	n/a	NonTarget	1	670270
2681.304	n/a	NonTarget	1	670326
2681.532	n/a	NonTarget	1	670383
2681.756	n/a	NonTarget	1	670439
2681.98	n/a	NonTarget	1	670495
2682.204	n/a	Target	2	670551
2682.432	n/a	NonTarget	1	670608
2682.656	n/a	NonTarget	1	670664
2682.884	n/a	NonTarget	1	670721
2683.108	n/a	NonTarget	1	670777
2683.336	n/a	NonTarget	1	670834
2699.432	n/a	NonTarget	1	674858
2699.656	n/a	Target	2	674914
2699.884	n/a	NonTarget	1	674971
2700.108	n/a	NonTarget	1	675027
2700.332	n/a	NonTarget	1	675083
2700.56	n/a	NonTarget	1	675140
2700.784	n/a	NonTarget	1	675196
2701.008	n/a	NonTarget	1	675252
2701.236	n/a	NonTarget	1	675309
2701.46	n/a	NonTarget	1	675365
2701.684	n/a	NonTarget	1	675421
2701.912	n/a	NonTarget	1	675478
2702.136	n/a	Target	2	675534
2702.36	n/a	NonTarget	1	675590
2702.588	n/a	NonTarget	1	675647
2702.812	n/a	NonTarget	1	675703
2703.036	n/a	NonTarget	1	675759
2703.264	n/a	NonTarget	1	675816
2703.488	n/a	NonTarget	1	675872
2703.716	n/a	NonTarget	1	675929
2703.94	n/a	NonTarget	1	675985
2704.164	n/a	Target	2	676041
2704.388	n/a	NonTarget	1	676097
2704.616	n/a	NonTarget	1	676154
2704.844	n/a	NonTarget	1	676211
2705.068	n/a	NonTarget	1	676267
2705.296	n/a	NonTarget	1	676324
2705.52	n/a	NonTarget	1	676380
2705.748	n/a	NonTarget	1	676437
2705.972	n/a	NonTarget	1	676493
2706.2	n/a	NonTarget	1	676550
2706.424	n/a	NonTarget	1	676606
2706.648	n/a	NonTarget	1	676662
2706.876	n/a	Target	2	676719
2707.1	n/a	NonTarget	1	676775
2707.324	n/a	NonTarget	1	676831
2707.548	n/a	NonTarget	1	676887
2707.776	n/a	NonTarget	1	676944
2708.0	n/a	NonTarget	1	677000
2708.224	n/a	Target	2	677056
2708.452	n/a	NonTarget	1	677113
2708.676	n/a	NonTarget	1	677169
2708.904	n/a	NonTarget	1	677226
2709.128	n/a	NonTarget	1	677282
2709.356	n/a	NonTarget	1	677339
2709.58	n/a	Target	2	677395
2709.808	n/a	NonTarget	1	677452
2710.032	n/a	NonTarget	1	677508
2710.256	n/a	NonTarget	1	677564
2710.484	n/a	NonTarget	1	677621
2710.708	n/a	NonTarget	1	677677
2710.932	n/a	Target	2	677733
2711.16	n/a	NonTarget	1	677790
2711.388	n/a	NonTarget	1	677847
2711.612	n/a	NonTarget	1	677903
2711.836	n/a	NonTarget	1	677959
2712.064	n/a	Target	2	678016
2712.288	n/a	NonTarget	1	678072
2712.516	n/a	NonTarget	1	678129
2712.74	n/a	NonTarget	1	678185
2712.964	n/a	NonTarget	1	678241
2713.192	n/a	Target	2	678298
2713.416	n/a	NonTarget	1	678354
2713.644	n/a	NonTarget	1	678411
2713.868	n/a	NonTarget	1	678467
2714.092	n/a	NonTarget	1	678523
2714.32	n/a	Target	2	678580
2714.544	n/a	NonTarget	1	678636
2714.768	n/a	NonTarget	1	678692
2714.996	n/a	NonTarget	1	678749
2715.22	n/a	NonTarget	1	678805
2715.448	n/a	Target	2	678862
2715.672	n/a	NonTarget	1	678918
2715.896	n/a	NonTarget	1	678974
2716.124	n/a	NonTarget	1	679031
2716.348	n/a	NonTarget	1	679087
2716.572	n/a	NonTarget	1	679143
2716.8	n/a	Target	2	679200
2717.024	n/a	NonTarget	1	679256
2717.248	n/a	NonTarget	1	679312
2717.476	n/a	NonTarget	1	679369
2717.7	n/a	NonTarget	1	679425
2717.928	n/a	NonTarget	1	679482
2718.152	n/a	NonTarget	1	679538
2718.38	n/a	Target	2	679595
2718.604	n/a	NonTarget	1	679651
2718.832	n/a	NonTarget	1	679708
2719.056	n/a	NonTarget	1	679764
2719.28	n/a	NonTarget	1	679820
2719.508	n/a	NonTarget	1	679877
2719.732	n/a	Target	2	679933
2719.956	n/a	NonTarget	1	679989
2720.184	n/a	NonTarget	1	680046
2720.408	n/a	NonTarget	1	680102
2720.632	n/a	NonTarget	1	680158
2720.86	n/a	Target	2	680215
2721.084	n/a	NonTarget	1	680271
2721.308	n/a	NonTarget	1	680327
2721.536	n/a	NonTarget	1	680384
2721.76	n/a	NonTarget	1	680440
2721.984	n/a	NonTarget	1	680496
2722.208	n/a	Target	2	680552
2722.436	n/a	NonTarget	1	680609
2722.66	n/a	NonTarget	1	680665
2722.888	n/a	NonTarget	1	680722
2723.112	n/a	NonTarget	1	680778
2723.34	n/a	NonTarget	1	680835
2723.564	n/a	NonTarget	1	680891
2723.788	n/a	NonTarget	1	680947
2724.016	n/a	NonTarget	1	681004
2724.24	n/a	Target	2	681060
2724.468	n/a	NonTarget	1	681117
2724.692	n/a	NonTarget	1	681173
2724.916	n/a	NonTarget	1	681229
2725.144	n/a	NonTarget	1	681286
2725.368	n/a	NonTarget	1	681342
2725.592	n/a	Target	2	681398
2725.82	n/a	NonTarget	1	681455
2726.044	n/a	NonTarget	1	681511
2726.272	n/a	NonTarget	1	681568
2726.496	n/a	NonTarget	1	681624
2726.72	n/a	Target	2	681680
2726.948	n/a	NonTarget	1	681737
2727.172	n/a	NonTarget	1	681793
2727.396	n/a	NonTarget	1	681849
2727.624	n/a	NonTarget	1	681906
2727.848	n/a	Target	2	681962
2728.072	n/a	NonTarget	1	682018
2728.3	n/a	NonTarget	1	682075
2728.524	n/a	NonTarget	1	682131
2728.752	n/a	NonTarget	1	682188
2728.976	n/a	Target	2	682244
2729.204	n/a	NonTarget	1	682301
2729.428	n/a	NonTarget	1	682357
2729.652	n/a	NonTarget	1	682413
2738.42	n/a	NonTarget	1	684605
2738.644	n/a	NonTarget	1	684661
2738.868	n/a	NonTarget	1	684717
2739.096	n/a	NonTarget	1	684774
2739.32	n/a	NonTarget	1	684830
2739.548	n/a	NonTarget	1	684887
2739.772	n/a	NonTarget	1	684943
2739.996	n/a	NonTarget	1	684999
2740.224	n/a	Target	2	685056
2740.448	n/a	NonTarget	1	685112
2740.676	n/a	NonTarget	1	685169
2740.9	n/a	NonTarget	1	685225
2741.128	n/a	NonTarget	1	685282
2741.352	n/a	NonTarget	1	685338
2741.576	n/a	NonTarget	1	685394
2741.8	n/a	NonTarget	1	685450
2742.028	n/a	Target	2	685507
2742.252	n/a	NonTarget	1	685563
2742.48	n/a	NonTarget	1	685620
2742.704	n/a	NonTarget	1	685676
2742.932	n/a	NonTarget	1	685733
2743.156	n/a	NonTarget	1	685789
2743.384	n/a	NonTarget	1	685846
2743.608	n/a	NonTarget	1	685902
2743.836	n/a	NonTarget	1	685959
2744.06	n/a	NonTarget	1	686015
2744.284	n/a	NonTarget	1	686071
2744.512	n/a	Target	2	686128
2744.736	n/a	NonTarget	1	686184
2744.964	n/a	NonTarget	1	686241
2745.188	n/a	NonTarget	1	686297
2745.412	n/a	NonTarget	1	686353
2745.636	n/a	NonTarget	1	686409
2745.864	n/a	NonTarget	1	686466
2746.088	n/a	NonTarget	1	686522
2746.312	n/a	NonTarget	1	686578
2746.54	n/a	NonTarget	1	686635
2746.764	n/a	Target	2	686691
2746.988	n/a	NonTarget	1	686747
2747.212	n/a	NonTarget	1	686803
2747.44	n/a	NonTarget	1	686860
2747.664	n/a	NonTarget	1	686916
2747.888	n/a	NonTarget	1	686972
2748.116	n/a	NonTarget	1	687029
2748.34	n/a	Target	2	687085
2748.564	n/a	NonTarget	1	687141
2748.792	n/a	NonTarget	1	687198
2749.016	n/a	NonTarget	1	687254
2749.244	n/a	NonTarget	1	687311
2749.468	n/a	NonTarget	1	687367
2749.692	n/a	Target	2	687423
2749.92	n/a	NonTarget	1	687480
2750.144	n/a	NonTarget	1	687536
2750.372	n/a	NonTarget	1	687593
2750.596	n/a	NonTarget	1	687649
2750.82	n/a	NonTarget	1	687705
2751.048	n/a	Target	2	687762
2751.272	n/a	NonTarget	1	687818
2751.5	n/a	NonTarget	1	687875
2751.724	n/a	NonTarget	1	687931
2751.952	n/a	NonTarget	1	687988
2752.176	n/a	Target	2	688044
2752.4	n/a	NonTarget	1	688100
2752.628	n/a	NonTarget	1	688157
2752.852	n/a	NonTarget	1	688213
2753.076	n/a	NonTarget	1	688269
2753.304	n/a	Target	2	688326
2753.528	n/a	NonTarget	1	688382
2753.756	n/a	NonTarget	1	688439
2753.98	n/a	NonTarget	1	688495
2754.204	n/a	NonTarget	1	688551
2754.428	n/a	Target	2	688607
2754.656	n/a	NonTarget	1	688664
2754.88	n/a	NonTarget	1	688720
2755.108	n/a	NonTarget	1	688777
2755.332	n/a	NonTarget	1	688833
2755.556	n/a	Target	2	688889
2755.784	n/a	NonTarget	1	688946
2756.008	n/a	NonTarget	1	689002
2756.236	n/a	NonTarget	1	689059
2756.46	n/a	NonTarget	1	689115
2756.688	n/a	Target	2	689172
2756.912	n/a	NonTarget	1	689228
2757.136	n/a	NonTarget	1	689284
2757.364	n/a	NonTarget	1	689341
2757.588	n/a	NonTarget	1	689397
2757.816	n/a	NonTarget	1	689454
2758.04	n/a	Target	2	689510
2758.264	n/a	NonTarget	1	689566
2758.492	n/a	NonTarget	1	689623
2758.716	n/a	NonTarget	1	689679
2758.944	n/a	NonTarget	1	689736
2759.168	n/a	Target	2	689792
2759.392	n/a	NonTarget	1	689848
2759.62	n/a	NonTarget	1	689905
2759.844	n/a	NonTarget	1	689961
2760.068	n/a	NonTarget	1	690017
2760.292	n/a	NonTarget	1	690073
2760.52	n/a	Target	2	690130
2760.744	n/a	NonTarget	1	690186
2760.972	n/a	NonTarget	1	690243
2761.196	n/a	NonTarget	1	690299
2761.424	n/a	NonTarget	1	690356
2761.648	n/a	NonTarget	1	690412
2761.876	n/a	NonTarget	1	690469
2762.1	n/a	Target	2	690525
2762.324	n/a	NonTarget	1	690581
2762.548	n/a	NonTarget	1	690637
2762.776	n/a	NonTarget	1	690694
2763.0	n/a	NonTarget	1	690750
2763.228	n/a	Target	2	690807
2763.452	n/a	NonTarget	1	690863
2763.676	n/a	NonTarget	1	690919
2763.904	n/a	NonTarget	1	690976
2764.128	n/a	NonTarget	1	691032
2764.356	n/a	NonTarget	1	691089
2764.58	n/a	Target	2	691145
2764.808	n/a	NonTarget	1	691202
2765.032	n/a	NonTarget	1	691258
2765.256	n/a	NonTarget	1	691314
2765.484	n/a	NonTarget	1	691371
2765.708	n/a	NonTarget	1	691427
2765.936	n/a	Target	2	691484
2766.16	n/a	NonTarget	1	691540
2766.384	n/a	NonTarget	1	691596
2766.612	n/a	NonTarget	1	691653
2766.836	n/a	NonTarget	1	691709
2767.064	n/a	Target	2	691766
2767.288	n/a	NonTarget	1	691822
2767.512	n/a	NonTarget	1	691878
2767.736	n/a	NonTarget	1	691934
2767.964	n/a	NonTarget	1	691991
2768.188	n/a	Target	2	692047
2768.416	n/a	NonTarget	1	692104
2768.64	n/a	NonTarget	1	692160
2780.352	n/a	NonTarget	1	695088
2780.576	n/a	NonTarget	1	695144
2780.8	n/a	NonTarget	1	695200
2781.028	n/a	NonTarget	1	695257
2781.252	n/a	NonTarget	1	695313
2781.476	n/a	NonTarget	1	695369
2781.704	n/a	NonTarget	1	695426
2781.928	n/a	Target	2	695482
2782.156	n/a	NonTarget	1	695539
2782.38	n/a	NonTarget	1	695595
2782.608	n/a	NonTarget	1	695652
2782.832	n/a	NonTarget	1	695708
2783.056	n/a	NonTarget	1	695764
2783.28	n/a	NonTarget	1	695820
2783.508	n/a	NonTarget	1	695877
2783.732	n/a	NonTarget	1	695933
2783.956	n/a	NonTarget	1	695989
2784.184	n/a	NonTarget	1	696046
2784.408	n/a	Target	2	696102
2784.632	n/a	NonTarget	1	696158
2784.86	n/a	NonTarget	1	696215
2785.084	n/a	NonTarget	1	696271
2785.312	n/a	NonTarget	1	696328
2785.536	n/a	NonTarget	1	696384
2785.76	n/a	Target	2	696440
2785.988	n/a	NonTarget	1	696497
2786.212	n/a	NonTarget	1	696553
2786.44	n/a	NonTarget	1	696610
2786.664	n/a	NonTarget	1	696666
2786.888	n/a	NonTarget	1	696722
2787.116	n/a	Target	2	696779
2787.34	n/a	NonTarget	1	696835
2787.564	n/a	NonTarget	1	696891
2787.792	n/a	NonTarget	1	696948
2788.016	n/a	NonTarget	1	697004
2788.244	n/a	NonTarget	1	697061
2788.468	n/a	NonTarget	1	697117
2788.696	n/a	NonTarget	1	697174
2788.92	n/a	NonTarget	1	697230
2789.144	n/a	Target	2	697286
2789.368	n/a	NonTarget	1	697342
2789.596	n/a	NonTarget	1	697399
2789.82	n/a	NonTarget	1	697455
2790.048	n/a	NonTarget	1	697512
2790.276	n/a	Target	2	697569
2790.5	n/a	NonTarget	1	697625
2790.724	n/a	NonTarget	1	697681
2790.952	n/a	NonTarget	1	697738
2791.176	n/a	NonTarget	1	697794
2791.404	n/a	NonTarget	1	697851
2791.628	n/a	Target	2	697907
2791.852	n/a	NonTarget	1	697963
2792.08	n/a	NonTarget	1	698020
2792.304	n/a	NonTarget	1	698076
2792.528	n/a	NonTarget	1	698132
2792.756	n/a	Target	2	698189
2792.98	n/a	NonTarget	1	698245
2793.208	n/a	NonTarget	1	698302
2793.432	n/a	NonTarget	1	698358
2793.656	n/a	NonTarget	1	698414
2793.884	n/a	Target	2	698471
2794.108	n/a	NonTarget	1	698527
2794.332	n/a	NonTarget	1	698583
2794.56	n/a	NonTarget	1	698640
2794.784	n/a	NonTarget	1	698696
2795.008	n/a	Target	2	698752
2795.236	n/a	NonTarget	1	698809
2795.46	n/a	NonTarget	1	698865
2795.688	n/a	NonTarget	1	698922
2795.912	n/a	NonTarget	1	698978
2796.136	n/a	Target	2	699034
2796.364	n/a	NonTarget	1	699091
2796.588	n/a	NonTarget	1	699147
2796.816	n/a	NonTarget	1	699204
2797.04	n/a	NonTarget	1	699260
2797.268	n/a	Target	2	699317
2797.492	n/a	NonTarget	1	699373
2797.716	n/a	NonTarget	1	699429
2797.944	n/a	NonTarget	1	699486
2798.168	n/a	NonTarget	1	699542
2798.396	n/a	Target	2	699599
2798.62	n/a	NonTarget	1	699655
2798.848	n/a	NonTarget	1	699712
2799.072	n/a	NonTarget	1	699768
2799.3	n/a	NonTarget	1	699825
2799.524	n/a	NonTarget	1	699881
2799.752	n/a	Target	2	699938
2799.976	n/a	NonTarget	1	699994
2800.2	n/a	NonTarget	1	700050
2800.428	n/a	NonTarget	1	700107
2800.652	n/a	NonTarget	1	700163
2800.876	n/a	NonTarget	1	700219
2801.104	n/a	Target	2	700276
2801.328	n/a	NonTarget	1	700332
2801.552	n/a	NonTarget	1	700388
2801.78	n/a	NonTarget	1	700445
2802.004	n/a	NonTarget	1	700501
2802.232	n/a	Target	2	700558
2802.456	n/a	NonTarget	1	700614
2802.68	n/a	NonTarget	1	700670
2802.908	n/a	NonTarget	1	700727
2803.132	n/a	NonTarget	1	700783
2803.36	n/a	Target	2	700840
2803.584	n/a	NonTarget	1	700896
2803.812	n/a	NonTarget	1	700953
2804.036	n/a	NonTarget	1	701009
2804.26	n/a	NonTarget	1	701065
2804.488	n/a	Target	2	701122
2804.712	n/a	NonTarget	1	701178
2804.94	n/a	NonTarget	1	701235
2805.164	n/a	NonTarget	1	701291
2805.388	n/a	NonTarget	1	701347
2805.616	n/a	Target	2	701404
2805.84	n/a	NonTarget	1	701460
2806.064	n/a	NonTarget	1	701516
2806.292	n/a	NonTarget	1	701573
2806.516	n/a	NonTarget	1	701629
2806.744	n/a	NonTarget	1	701686
2806.968	n/a	NonTarget	1	701742
2807.192	n/a	Target	2	701798
2807.416	n/a	NonTarget	1	701854
2807.644	n/a	NonTarget	1	701911
2807.868	n/a	NonTarget	1	701967
2808.096	n/a	NonTarget	1	702024
2808.32	n/a	Target	2	702080
2808.544	n/a	NonTarget	1	702136
2808.772	n/a	NonTarget	1	702193
2808.996	n/a	NonTarget	1	702249
2809.224	n/a	NonTarget	1	702306
2809.448	n/a	Target	2	702362
2809.676	n/a	NonTarget	1	702419
2809.9	n/a	NonTarget	1	702475
2810.124	n/a	NonTarget	1	702531
2810.352	n/a	NonTarget	1	702588
2810.576	n/a	NonTarget	1	702644
2819.336	n/a	Target	2	704834
2819.564	n/a	NonTarget	1	704891
2819.788	n/a	NonTarget	1	704947
2820.012	n/a	NonTarget	1	705003
2820.236	n/a	NonTarget	1	705059
2820.464	n/a	NonTarget	1	705116
2820.688	n/a	NonTarget	1	705172
2820.912	n/a	NonTarget	1	705228
2821.14	n/a	NonTarget	1	705285
2821.364	n/a	NonTarget	1	705341
2821.588	n/a	NonTarget	1	705397
2821.816	n/a	NonTarget	1	705454
2822.04	n/a	Target	2	705510
2822.268	n/a	NonTarget	1	705567
2822.492	n/a	NonTarget	1	705623
2822.716	n/a	NonTarget	1	705679
2822.94	n/a	NonTarget	1	705735
2823.168	n/a	NonTarget	1	705792
2823.392	n/a	NonTarget	1	705848
2823.616	n/a	NonTarget	1	705904
2823.844	n/a	NonTarget	1	705961
2824.068	n/a	NonTarget	1	706017
2824.292	n/a	Target	2	706073
2824.52	n/a	NonTarget	1	706130
2824.744	n/a	NonTarget	1	706186
2824.968	n/a	NonTarget	1	706242
2825.196	n/a	NonTarget	1	706299
2825.42	n/a	NonTarget	1	706355
2825.648	n/a	NonTarget	1	706412
2825.872	n/a	NonTarget	1	706468
2826.096	n/a	NonTarget	1	706524
2826.324	n/a	NonTarget	1	706581
2826.548	n/a	Target	2	706637
2826.776	n/a	NonTarget	1	706694
2827.0	n/a	NonTarget	1	706750
2827.228	n/a	NonTarget	1	706807
2827.452	n/a	NonTarget	1	706863
2827.676	n/a	NonTarget	1	706919
2827.9	n/a	NonTarget	1	706975
2828.128	n/a	Target	2	707032
2828.352	n/a	NonTarget	1	707088
2828.576	n/a	NonTarget	1	707144
2828.8	n/a	NonTarget	1	707200
2829.028	n/a	NonTarget	1	707257
2829.252	n/a	NonTarget	1	707313
2829.48	n/a	Target	2	707370
2829.704	n/a	NonTarget	1	707426
2829.932	n/a	NonTarget	1	707483
2830.156	n/a	NonTarget	1	707539
2830.38	n/a	NonTarget	1	707595
2830.608	n/a	Target	2	707652
2830.832	n/a	NonTarget	1	707708
2831.056	n/a	NonTarget	1	707764
2831.284	n/a	NonTarget	1	707821
2831.508	n/a	NonTarget	1	707877
2831.732	n/a	NonTarget	1	707933
2831.96	n/a	NonTarget	1	707990
2832.184	n/a	Target	2	708046
2832.408	n/a	NonTarget	1	708102
2832.632	n/a	NonTarget	1	708158
2832.86	n/a	NonTarget	1	708215
2833.084	n/a	NonTarget	1	708271
2833.312	n/a	Target	2	708328
2833.536	n/a	NonTarget	1	708384
2833.76	n/a	NonTarget	1	708440
2833.988	n/a	NonTarget	1	708497
2834.212	n/a	NonTarget	1	708553
2834.44	n/a	Target	2	708610
2834.664	n/a	NonTarget	1	708666
2834.888	n/a	NonTarget	1	708722
2835.116	n/a	NonTarget	1	708779
2835.34	n/a	NonTarget	1	708835
2835.568	n/a	NonTarget	1	708892
2835.792	n/a	NonTarget	1	708948
2836.016	n/a	Target	2	709004
2836.244	n/a	NonTarget	1	709061
2836.468	n/a	NonTarget	1	709117
2836.692	n/a	NonTarget	1	709173
2836.92	n/a	NonTarget	1	709230
2837.144	n/a	NonTarget	1	709286
2837.372	n/a	Target	2	709343
2837.596	n/a	NonTarget	1	709399
2837.82	n/a	NonTarget	1	709455
2838.048	n/a	NonTarget	1	709512
2838.272	n/a	NonTarget	1	709568
2838.496	n/a	Target	2	709624
2838.724	n/a	NonTarget	1	709681
2838.948	n/a	NonTarget	1	709737
2839.172	n/a	NonTarget	1	709793
2839.4	n/a	NonTarget	1	709850
2839.624	n/a	NonTarget	1	709906
2839.852	n/a	Target	2	709963
2840.076	n/a	NonTarget	1	710019
2840.3	n/a	NonTarget	1	710075
2840.528	n/a	NonTarget	1	710132
2840.752	n/a	NonTarget	1	710188
2840.98	n/a	Target	2	710245
2841.204	n/a	NonTarget	1	710301
2841.428	n/a	NonTarget	1	710357
2841.656	n/a	NonTarget	1	710414
2841.88	n/a	NonTarget	1	710470
2842.108	n/a	Target	2	710527
2842.332	n/a	NonTarget	1	710583
2842.556	n/a	NonTarget	1	710639
2842.78	n/a	NonTarget	1	710695
2843.008	n/a	NonTarget	1	710752
2843.232	n/a	Target	2	710808
2843.46	n/a	NonTarget	1	710865
2843.684	n/a	NonTarget	1	710921
2843.908	n/a	NonTarget	1	710977
2844.136	n/a	NonTarget	1	711034
2844.36	n/a	NonTarget	1	711090
2844.584	n/a	Target	2	711146
2844.812	n/a	NonTarget	1	711203
2845.036	n/a	NonTarget	1	711259
2845.264	n/a	NonTarget	1	711316
2845.488	n/a	NonTarget	1	711372
2845.712	n/a	Target	2	711428
2845.94	n/a	NonTarget	1	711485
2846.164	n/a	NonTarget	1	711541
2846.392	n/a	NonTarget	1	711598
2846.616	n/a	NonTarget	1	711654
2846.84	n/a	Target	2	711710
2847.068	n/a	NonTarget	1	711767
2847.292	n/a	NonTarget	1	711823
2847.52	n/a	NonTarget	1	711880
2847.744	n/a	NonTarget	1	711936
2847.972	n/a	NonTarget	1	711993
2848.196	n/a	Target	2	712049
2848.42	n/a	NonTarget	1	712105
2848.648	n/a	NonTarget	1	712162
2848.872	n/a	NonTarget	1	712218
2849.1	n/a	NonTarget	1	712275
2849.324	n/a	Target	2	712331
2849.548	n/a	NonTarget	1	712387
2861.48	n/a	NonTarget	1	715370
2861.704	n/a	NonTarget	1	715426
2861.932	n/a	NonTarget	1	715483
2862.156	n/a	NonTarget	1	715539
2862.38	n/a	NonTarget	1	715595
2862.604	n/a	NonTarget	1	715651
2862.828	n/a	Target	2	715707
2863.056	n/a	NonTarget	1	715764
2863.28	n/a	NonTarget	1	715820
2863.508	n/a	NonTarget	1	715877
2863.732	n/a	NonTarget	1	715933
2863.96	n/a	NonTarget	1	715990
2864.184	n/a	NonTarget	1	716046
2864.412	n/a	NonTarget	1	716103
2864.636	n/a	NonTarget	1	716159
2864.864	n/a	NonTarget	1	716216
2865.088	n/a	Target	2	716272
2865.316	n/a	NonTarget	1	716329
2865.54	n/a	NonTarget	1	716385
2865.764	n/a	NonTarget	1	716441
2865.988	n/a	NonTarget	1	716497
2866.216	n/a	NonTarget	1	716554
2866.44	n/a	NonTarget	1	716610
2866.664	n/a	NonTarget	1	716666
2866.892	n/a	Target	2	716723
2867.116	n/a	NonTarget	1	716779
2867.34	n/a	NonTarget	1	716835
2867.568	n/a	NonTarget	1	716892
2867.792	n/a	NonTarget	1	716948
2868.02	n/a	NonTarget	1	717005
2868.248	n/a	NonTarget	1	717062
2868.472	n/a	NonTarget	1	717118
2868.696	n/a	Target	2	717174
2868.92	n/a	NonTarget	1	717230
2869.148	n/a	NonTarget	1	717287
2869.376	n/a	NonTarget	1	717344
2869.6	n/a	NonTarget	1	717400
2869.824	n/a	NonTarget	1	717456
2870.048	n/a	NonTarget	1	717512
2870.276	n/a	NonTarget	1	717569
2870.504	n/a	NonTarget	1	717626
2870.728	n/a	NonTarget	1	717682
2870.952	n/a	Target	2	717738
2871.176	n/a	NonTarget	1	717794
2871.404	n/a	NonTarget	1	717851
2871.628	n/a	NonTarget	1	717907
2871.856	n/a	NonTarget	1	717964
2872.08	n/a	NonTarget	1	718020
2872.304	n/a	Target	2	718076
2872.532	n/a	NonTarget	1	718133
2872.756	n/a	NonTarget	1	718189
2872.98	n/a	NonTarget	1	718245
2873.208	n/a	NonTarget	1	718302
2873.432	n/a	Target	2	718358
2873.66	n/a	NonTarget	1	718415
2873.884	n/a	NonTarget	1	718471
2874.108	n/a	NonTarget	1	718527
2874.336	n/a	NonTarget	1	718584
2874.56	n/a	Target	2	718640
2874.788	n/a	NonTarget	1	718697
2875.012	n/a	NonTarget	1	718753
2875.24	n/a	NonTarget	1	718810
2875.464	n/a	NonTarget	1	718866
2875.692	n/a	Target	2	718923
2875.916	n/a	NonTarget	1	718979
2876.14	n/a	NonTarget	1	719035
2876.368	n/a	NonTarget	1	719092
2876.592	n/a	NonTarget	1	719148
2876.82	n/a	NonTarget	1	719205
2877.044	n/a	Target	2	719261
2877.268	n/a	NonTarget	1	719317
2877.496	n/a	NonTarget	1	719374
2877.72	n/a	NonTarget	1	719430
2877.948	n/a	NonTarget	1	719487
2878.172	n/a	NonTarget	1	719543
2878.396	n/a	Target	2	719599
2878.62	n/a	NonTarget	1	719655
2878.848	n/a	NonTarget	1	719712
2879.072	n/a	NonTarget	1	719768
2879.3	n/a	NonTarget	1	719825
2879.524	n/a	NonTarget	1	719881
2879.748	n/a	NonTarget	1	719937
2879.976	n/a	Target	2	719994
2880.2	n/a	NonTarget	1	720050
2880.428	n/a	NonTarget	1	720107
2880.652	n/a	NonTarget	1	720163
2880.88	n/a	NonTarget	1	720220
2881.104	n/a	Target	2	720276
2881.328	n/a	NonTarget	1	720332
2881.556	n/a	NonTarget	1	720389
2881.78	n/a	NonTarget	1	720445
2882.008	n/a	NonTarget	1	720502
2882.232	n/a	Target	2	720558
2882.46	n/a	NonTarget	1	720615
2882.684	n/a	NonTarget	1	720671
2882.908	n/a	NonTarget	1	720727
2883.136	n/a	NonTarget	1	720784
2883.36	n/a	Target	2	720840
2883.584	n/a	NonTarget	1	720896
2883.812	n/a	NonTarget	1	720953
2884.036	n/a	NonTarget	1	721009
2884.26	n/a	NonTarget	1	721065
2884.488	n/a	NonTarget	1	721122
2884.712	n/a	Target	2	721178
2884.936	n/a	NonTarget	1	721234
2885.164	n/a	NonTarget	1	721291
2885.388	n/a	NonTarget	1	721347
2885.612	n/a	NonTarget	1	721403
2885.84	n/a	Target	2	721460
2886.064	n/a	NonTarget	1	721516
2886.288	n/a	NonTarget	1	721572
2886.516	n/a	NonTarget	1	721629
2886.74	n/a	NonTarget	1	721685
2886.968	n/a	NonTarget	1	721742
2887.192	n/a	NonTarget	1	721798
2887.416	n/a	Target	2	721854
2887.644	n/a	NonTarget	1	721911
2887.868	n/a	NonTarget	1	721967
2888.096	n/a	NonTarget	1	722024
2888.32	n/a	NonTarget	1	722080
2888.548	n/a	NonTarget	1	722137
2888.772	n/a	NonTarget	1	722193
2888.996	n/a	Target	2	722249
2889.224	n/a	NonTarget	1	722306
2889.448	n/a	NonTarget	1	722362
2889.672	n/a	NonTarget	1	722418
2889.9	n/a	NonTarget	1	722475
2890.124	n/a	NonTarget	1	722531
2890.348	n/a	Target	2	722587
2890.576	n/a	NonTarget	1	722644
2890.8	n/a	NonTarget	1	722700
2891.024	n/a	NonTarget	1	722756
2891.252	n/a	NonTarget	1	722813
2891.476	n/a	Target	2	722869
2891.704	n/a	NonTarget	1	722926
2900.448	n/a	NonTarget	1	725112
2900.672	n/a	Target	2	725168
2900.9	n/a	NonTarget	1	725225
2901.124	n/a	NonTarget	1	725281
2901.352	n/a	NonTarget	1	725338
2901.576	n/a	NonTarget	1	725394
2901.8	n/a	NonTarget	1	725450
2902.028	n/a	NonTarget	1	725507
2902.252	n/a	NonTarget	1	725563
2902.476	n/a	NonTarget	1	725619
2902.704	n/a	NonTarget	1	725676
2902.928	n/a	Target	2	725732
2903.156	n/a	NonTarget	1	725789
2903.38	n/a	NonTarget	1	725845
2903.604	n/a	NonTarget	1	725901
2903.832	n/a	NonTarget	1	725958
2904.056	n/a	NonTarget	1	726014
2904.284	n/a	NonTarget	1	726071
2904.508	n/a	NonTarget	1	726127
2904.732	n/a	NonTarget	1	726183
2904.96	n/a	Target	2	726240
2905.184	n/a	NonTarget	1	726296
2905.408	n/a	NonTarget	1	726352
2905.636	n/a	NonTarget	1	726409
2905.86	n/a	NonTarget	1	726465
2906.084	n/a	NonTarget	1	726521
2906.312	n/a	NonTarget	1	726578
2906.536	n/a	NonTarget	1	726634
2906.764	n/a	NonTarget	1	726691
2906.988	n/a	NonTarget	1	726747
2907.212	n/a	NonTarget	1	726803
2907.44	n/a	NonTarget	1	726860
2907.664	n/a	NonTarget	1	726916
2907.888	n/a	Target	2	726972
2908.116	n/a	NonTarget	1	727029
2908.34	n/a	NonTarget	1	727085
2908.564	n/a	NonTarget	1	727141
2908.792	n/a	NonTarget	1	727198
2909.016	n/a	NonTarget	1	727254
2909.24	n/a	NonTarget	1	727310
2909.468	n/a	NonTarget	1	727367
2909.692	n/a	NonTarget	1	727423
2909.92	n/a	NonTarget	1	727480
2910.144	n/a	Target	2	727536
2910.368	n/a	NonTarget	1	727592
2910.596	n/a	NonTarget	1	727649
2910.82	n/a	NonTarget	1	727705
2911.048	n/a	NonTarget	1	727762
2911.272	n/a	Target	2	727818
2911.5	n/a	NonTarget	1	727875
2911.724	n/a	NonTarget	1	727931
2911.952	n/a	NonTarget	1	727988
2912.176	n/a	NonTarget	1	728044
2912.4	n/a	Target	2	728100
2912.628	n/a	NonTarget	1	728157
2912.852	n/a	NonTarget	1	728213
2913.076	n/a	NonTarget	1	728269
2913.304	n/a	NonTarget	1	728326
2913.528	n/a	NonTarget	1	728382
2913.752	n/a	Target	2	728438
2913.98	n/a	NonTarget	1	728495
2914.204	n/a	NonTarget	1	728551
2914.432	n/a	NonTarget	1	728608
2914.656	n/a	NonTarget	1	728664
2914.88	n/a	NonTarget	1	728720
2915.104	n/a	Target	2	728776
2915.332	n/a	NonTarget	1	728833
2915.556	n/a	NonTarget	1	728889
2915.784	n/a	NonTarget	1	728946
2916.008	n/a	NonTarget	1	729002
2916.236	n/a	Target	2	729059
2916.46	n/a	NonTarget	1	729115
2916.684	n/a	NonTarget	1	729171
2916.912	n/a	NonTarget	1	729228
2917.136	n/a	NonTarget	1	729284
2917.36	n/a	NonTarget	1	729340
2917.588	n/a	Target	2	729397
2917.812	n/a	NonTarget	1	729453
2918.04	n/a	NonTarget	1	729510
2918.264	n/a	NonTarget	1	729566
2918.488	n/a	NonTarget	1	729622
2918.712	n/a	NonTarget	1	729678
2918.94	n/a	NonTarget	1	729735
2919.164	n/a	NonTarget	1	729791
2919.392	n/a	Target	2	729848
2919.616	n/a	NonTarget	1	729904
2919.84	n/a	NonTarget	1	729960
2920.068	n/a	NonTarget	1	730017
2920.292	n/a	NonTarget	1	730073
2920.52	n/a	Target	2	730130
2920.744	n/a	NonTarget	1	730186
2920.968	n/a	NonTarget	1	730242
2921.192	n/a	NonTarget	1	730298
2921.42	n/a	NonTarget	1	730355
2921.644	n/a	Target	2	730411
2921.868	n/a	NonTarget	1	730467
2922.096	n/a	NonTarget	1	730524
2922.32	n/a	NonTarget	1	730580
2922.544	n/a	NonTarget	1	730636
2922.772	n/a	Target	2	730693
2923.0	n/a	NonTarget	1	730750
2923.224	n/a	NonTarget	1	730806
2923.448	n/a	NonTarget	1	730862
2923.672	n/a	NonTarget	1	730918
2923.9	n/a	NonTarget	1	730975
2924.124	n/a	Target	2	731031
2924.352	n/a	NonTarget	1	731088
2924.576	n/a	NonTarget	1	731144
2924.8	n/a	NonTarget	1	731200
2925.028	n/a	NonTarget	1	731257
2925.252	n/a	Target	2	731313
2925.48	n/a	NonTarget	1	731370
2925.704	n/a	NonTarget	1	731426
2925.928	n/a	NonTarget	1	731482
2926.152	n/a	NonTarget	1	731538
2926.38	n/a	Target	2	731595
2926.604	n/a	NonTarget	1	731651
2926.832	n/a	NonTarget	1	731708
2927.056	n/a	NonTarget	1	731764
2927.28	n/a	NonTarget	1	731820
2927.508	n/a	Target	2	731877
2927.736	n/a	NonTarget	1	731934
2927.96	n/a	NonTarget	1	731990
2928.184	n/a	NonTarget	1	732046
2928.412	n/a	NonTarget	1	732103
2928.636	n/a	NonTarget	1	732159
2928.86	n/a	NonTarget	1	732215
2929.088	n/a	NonTarget	1	732272
2929.312	n/a	NonTarget	1	732328
2929.54	n/a	Target	2	732385
2929.764	n/a	NonTarget	1	732441
2929.992	n/a	NonTarget	1	732498
2930.216	n/a	NonTarget	1	732554
2930.44	n/a	NonTarget	1	732610
2930.668	n/a	Target	2	732667
2943.1	n/a	NonTarget	1	735775
2943.324	n/a	NonTarget	1	735831
2943.548	n/a	NonTarget	1	735887
2943.776	n/a	NonTarget	1	735944
2944.0	n/a	NonTarget	1	736000
2944.228	n/a	Target	2	736057
2944.452	n/a	NonTarget	1	736113
2944.68	n/a	NonTarget	1	736170
2944.904	n/a	NonTarget	1	736226
2945.128	n/a	NonTarget	1	736282
2945.356	n/a	NonTarget	1	736339
2945.58	n/a	NonTarget	1	736395
2945.808	n/a	NonTarget	1	736452
2946.032	n/a	NonTarget	1	736508
2946.256	n/a	NonTarget	1	736564
2946.484	n/a	Target	2	736621
2946.708	n/a	NonTarget	1	736677
2946.936	n/a	NonTarget	1	736734
2947.16	n/a	NonTarget	1	736790
2947.384	n/a	NonTarget	1	736846
2947.612	n/a	NonTarget	1	736903
2947.836	n/a	NonTarget	1	736959
2948.06	n/a	NonTarget	1	737015
2948.288	n/a	NonTarget	1	737072
2948.512	n/a	NonTarget	1	737128
2948.74	n/a	Target	2	737185
2948.964	n/a	NonTarget	1	737241
2949.192	n/a	NonTarget	1	737298
2949.416	n/a	NonTarget	1	737354
2949.644	n/a	NonTarget	1	737411
2949.868	n/a	NonTarget	1	737467
2950.092	n/a	NonTarget	1	737523
2950.32	n/a	NonTarget	1	737580
2950.544	n/a	NonTarget	1	737636
2950.772	n/a	NonTarget	1	737693
2950.996	n/a	NonTarget	1	737749
2951.22	n/a	NonTarget	1	737805
2951.448	n/a	Target	2	737862
2951.672	n/a	NonTarget	1	737918
2951.896	n/a	NonTarget	1	737974
2952.12	n/a	NonTarget	1	738030
2952.348	n/a	NonTarget	1	738087
2952.572	n/a	NonTarget	1	738143
2952.796	n/a	NonTarget	1	738199
2953.02	n/a	NonTarget	1	738255
2953.248	n/a	Target	2	738312
2953.472	n/a	NonTarget	1	738368
2953.7	n/a	NonTarget	1	738425
2953.924	n/a	NonTarget	1	738481
2954.148	n/a	NonTarget	1	738537
2954.376	n/a	NonTarget	1	738594
2954.6	n/a	Target	2	738650
2954.824	n/a	NonTarget	1	738706
2955.052	n/a	NonTarget	1	738763
2955.276	n/a	NonTarget	1	738819
2955.504	n/a	NonTarget	1	738876
2955.728	n/a	NonTarget	1	738932
2955.952	n/a	Target	2	738988
2956.18	n/a	NonTarget	1	739045
2956.404	n/a	NonTarget	1	739101
2956.632	n/a	NonTarget	1	739158
2956.856	n/a	NonTarget	1	739214
2957.08	n/a	NonTarget	1	739270
2957.308	n/a	Target	2	739327
2957.532	n/a	NonTarget	1	739383
2957.756	n/a	NonTarget	1	739439
2957.984	n/a	NonTarget	1	739496
2958.208	n/a	NonTarget	1	739552
2958.436	n/a	NonTarget	1	739609
2958.66	n/a	Target	2	739665
2958.888	n/a	NonTarget	1	739722
2959.112	n/a	NonTarget	1	739778
2959.34	n/a	NonTarget	1	739835
2959.564	n/a	NonTarget	1	739891
2959.788	n/a	Target	2	739947
2960.016	n/a	NonTarget	1	740004
2960.24	n/a	NonTarget	1	740060
2960.464	n/a	NonTarget	1	740116
2960.692	n/a	NonTarget	1	740173
2960.916	n/a	NonTarget	1	740229
2961.144	n/a	NonTarget	1	740286
2961.368	n/a	Target	2	740342
2961.592	n/a	NonTarget	1	740398
2961.82	n/a	NonTarget	1	740455
2962.044	n/a	NonTarget	1	740511
2962.268	n/a	NonTarget	1	740567
2962.496	n/a	NonTarget	1	740624
2962.72	n/a	Target	2	740680
2962.944	n/a	NonTarget	1	740736
2963.172	n/a	NonTarget	1	740793
2963.396	n/a	NonTarget	1	740849
2963.624	n/a	NonTarget	1	740906
2963.848	n/a	Target	2	740962
2964.076	n/a	NonTarget	1	741019
2964.3	n/a	NonTarget	1	741075
2964.524	n/a	NonTarget	1	741131
2964.752	n/a	NonTarget	1	741188
2964.976	n/a	NonTarget	1	741244
2965.204	n/a	NonTarget	1	741301
2965.428	n/a	Target	2	741357
2965.652	n/a	NonTarget	1	741413
2965.88	n/a	NonTarget	1	741470
2966.104	n/a	NonTarget	1	741526
2966.328	n/a	NonTarget	1	741582
2966.556	n/a	Target	2	741639
2966.78	n/a	NonTarget	1	741695
2967.008	n/a	NonTarget	1	741752
2967.232	n/a	NonTarget	1	741808
2967.46	n/a	NonTarget	1	741865
2967.684	n/a	Target	2	741921
2967.908	n/a	NonTarget	1	741977
2968.136	n/a	NonTarget	1	742034
2968.36	n/a	NonTarget	1	742090
2968.588	n/a	NonTarget	1	742147
2968.812	n/a	NonTarget	1	742203
2969.04	n/a	NonTarget	1	742260
2969.264	n/a	Target	2	742316
2969.488	n/a	NonTarget	1	742372
2969.716	n/a	NonTarget	1	742429
2969.94	n/a	NonTarget	1	742485
2970.168	n/a	NonTarget	1	742542
2970.392	n/a	NonTarget	1	742598
2970.616	n/a	NonTarget	1	742654
2970.844	n/a	NonTarget	1	742711
2971.068	n/a	NonTarget	1	742767
2971.296	n/a	NonTarget	1	742824
2971.52	n/a	NonTarget	1	742880
2971.748	n/a	NonTarget	1	742937
2971.972	n/a	Target	2	742993
2972.196	n/a	NonTarget	1	743049
2972.424	n/a	NonTarget	1	743106
2972.648	n/a	NonTarget	1	743162
2972.872	n/a	NonTarget	1	743218
2973.1	n/a	NonTarget	1	743275
2982.068	n/a	NonTarget	1	745517
2982.296	n/a	NonTarget	1	745574
2982.52	n/a	NonTarget	1	745630
2982.744	n/a	NonTarget	1	745686
2993.108	n/a	NonTarget	1	748277
2993.332	n/a	NonTarget	1	748333
2993.556	n/a	Target	2	748389
2993.78	n/a	NonTarget	1	748445
2994.008	n/a	NonTarget	1	748502
2994.232	n/a	NonTarget	1	748558
2994.456	n/a	NonTarget	1	748614
2994.684	n/a	NonTarget	1	748671
2994.908	n/a	NonTarget	1	748727
2995.136	n/a	NonTarget	1	748784
2995.36	n/a	NonTarget	1	748840
2995.584	n/a	NonTarget	1	748896
2995.812	n/a	Target	2	748953
2996.036	n/a	NonTarget	1	749009
2996.26	n/a	NonTarget	1	749065
2996.484	n/a	NonTarget	1	749121
2996.712	n/a	NonTarget	1	749178
2996.936	n/a	NonTarget	1	749234
2997.16	n/a	NonTarget	1	749290
2997.388	n/a	NonTarget	1	749347
2997.612	n/a	NonTarget	1	749403
2997.836	n/a	Target	2	749459
2998.06	n/a	NonTarget	1	749515
2998.288	n/a	NonTarget	1	749572
2998.512	n/a	NonTarget	1	749628
2998.736	n/a	NonTarget	1	749684
2998.964	n/a	NonTarget	1	749741
2999.188	n/a	NonTarget	1	749797
2999.416	n/a	NonTarget	1	749854
2999.64	n/a	NonTarget	1	749910
2999.864	n/a	NonTarget	1	749966
3000.092	n/a	NonTarget	1	750023
3000.316	n/a	NonTarget	1	750079
3000.54	n/a	Target	2	750135
3000.768	n/a	NonTarget	1	750192
3000.992	n/a	NonTarget	1	750248
3001.22	n/a	NonTarget	1	750305
3001.444	n/a	NonTarget	1	750361
3001.672	n/a	NonTarget	1	750418
3001.896	n/a	NonTarget	1	750474
3002.12	n/a	Target	2	750530
3002.348	n/a	NonTarget	1	750587
3002.572	n/a	NonTarget	1	750643
3002.796	n/a	NonTarget	1	750699
3003.024	n/a	NonTarget	1	750756
3003.248	n/a	Target	2	750812
3003.472	n/a	NonTarget	1	750868
3003.7	n/a	NonTarget	1	750925
3003.924	n/a	NonTarget	1	750981
3004.152	n/a	NonTarget	1	751038
3004.376	n/a	Target	2	751094
3004.604	n/a	NonTarget	1	751151
3004.828	n/a	NonTarget	1	751207
3005.052	n/a	NonTarget	1	751263
3005.28	n/a	NonTarget	1	751320
3005.504	n/a	NonTarget	1	751376
3005.728	n/a	NonTarget	1	751432
3005.956	n/a	Target	2	751489
3006.18	n/a	NonTarget	1	751545
3006.404	n/a	NonTarget	1	751601
3006.632	n/a	NonTarget	1	751658
3006.856	n/a	NonTarget	1	751714
3007.084	n/a	NonTarget	1	751771
3007.308	n/a	Target	2	751827
3007.536	n/a	NonTarget	1	751884
3007.76	n/a	NonTarget	1	751940
3007.984	n/a	NonTarget	1	751996
3008.212	n/a	NonTarget	1	752053
3008.436	n/a	Target	2	752109
3008.66	n/a	NonTarget	1	752165
3008.888	n/a	NonTarget	1	752222
3009.112	n/a	NonTarget	1	752278
3009.336	n/a	NonTarget	1	752334
3009.564	n/a	Target	2	752391
3009.788	n/a	NonTarget	1	752447
3010.016	n/a	NonTarget	1	752504
3010.24	n/a	NonTarget	1	752560
3010.464	n/a	NonTarget	1	752616
3010.692	n/a	NonTarget	1	752673
3010.916	n/a	Target	2	752729
3011.14	n/a	NonTarget	1	752785
3011.368	n/a	NonTarget	1	752842
3011.592	n/a	NonTarget	1	752898
3011.82	n/a	NonTarget	1	752955
3012.044	n/a	NonTarget	1	753011
3012.268	n/a	Target	2	753067
3012.496	n/a	NonTarget	1	753124
3012.72	n/a	NonTarget	1	753180
3012.944	n/a	NonTarget	1	753236
3013.172	n/a	NonTarget	1	753293
3013.396	n/a	Target	2	753349
3013.624	n/a	NonTarget	1	753406
3013.848	n/a	NonTarget	1	753462
3014.072	n/a	NonTarget	1	753518
3014.3	n/a	NonTarget	1	753575
3014.524	n/a	Target	2	753631
3014.752	n/a	NonTarget	1	753688
3014.976	n/a	NonTarget	1	753744
3015.204	n/a	NonTarget	1	753801
3015.428	n/a	NonTarget	1	753857
3015.652	n/a	NonTarget	1	753913
3015.88	n/a	Target	2	753970
3016.104	n/a	NonTarget	1	754026
3016.328	n/a	NonTarget	1	754082
3016.556	n/a	NonTarget	1	754139
3016.78	n/a	NonTarget	1	754195
3017.004	n/a	NonTarget	1	754251
3017.232	n/a	NonTarget	1	754308
3017.456	n/a	Target	2	754364
3017.68	n/a	NonTarget	1	754420
3017.908	n/a	NonTarget	1	754477
3018.132	n/a	NonTarget	1	754533
3018.36	n/a	NonTarget	1	754590
3018.584	n/a	Target	2	754646
3018.812	n/a	NonTarget	1	754703
3019.036	n/a	NonTarget	1	754759
3019.26	n/a	NonTarget	1	754815
3019.488	n/a	NonTarget	1	754872
3019.712	n/a	NonTarget	1	754928
3019.94	n/a	Target	2	754985
3020.164	n/a	NonTarget	1	755041
3020.388	n/a	NonTarget	1	755097
3020.616	n/a	NonTarget	1	755154
3020.84	n/a	NonTarget	1	755210
3021.068	n/a	NonTarget	1	755267
3021.292	n/a	Target	2	755323
3021.516	n/a	NonTarget	1	755379
3021.744	n/a	NonTarget	1	755436
3021.968	n/a	NonTarget	1	755492
3022.196	n/a	NonTarget	1	755549
3022.42	n/a	NonTarget	1	755605
3036.636	n/a	NonTarget	1	759159
3036.86	n/a	Target	2	759215
3037.084	n/a	NonTarget	1	759271
3037.312	n/a	NonTarget	1	759328
3037.536	n/a	NonTarget	1	759384
3037.764	n/a	NonTarget	1	759441
3037.988	n/a	NonTarget	1	759497
3038.216	n/a	NonTarget	1	759554
3038.44	n/a	NonTarget	1	759610
3038.664	n/a	NonTarget	1	759666
3038.892	n/a	Target	2	759723
3039.116	n/a	NonTarget	1	759779
3039.344	n/a	NonTarget	1	759836
3039.568	n/a	NonTarget	1	759892
3039.792	n/a	NonTarget	1	759948
3040.016	n/a	NonTarget	1	760004
3040.244	n/a	NonTarget	1	760061
3040.468	n/a	NonTarget	1	760117
3040.696	n/a	NonTarget	1	760174
3040.92	n/a	NonTarget	1	760230
3041.144	n/a	Target	2	760286
3041.368	n/a	NonTarget	1	760342
3041.596	n/a	NonTarget	1	760399
3041.82	n/a	NonTarget	1	760455
3042.044	n/a	NonTarget	1	760511
3042.268	n/a	NonTarget	1	760567
3042.496	n/a	NonTarget	1	760624
3042.72	n/a	NonTarget	1	760680
3042.948	n/a	NonTarget	1	760737
3043.176	n/a	NonTarget	1	760794
3043.4	n/a	NonTarget	1	760850
3043.624	n/a	NonTarget	1	760906
3043.852	n/a	NonTarget	1	760963
3044.076	n/a	Target	2	761019
3044.3	n/a	NonTarget	1	761075
3044.528	n/a	NonTarget	1	761132
3044.752	n/a	NonTarget	1	761188
3044.98	n/a	NonTarget	1	761245
3045.204	n/a	NonTarget	1	761301
3045.428	n/a	NonTarget	1	761357
3045.652	n/a	NonTarget	1	761413
3045.88	n/a	Target	2	761470
3046.104	n/a	NonTarget	1	761526
3046.328	n/a	NonTarget	1	761582
3046.556	n/a	NonTarget	1	761639
3046.78	n/a	NonTarget	1	761695
3047.008	n/a	NonTarget	1	761752
3047.232	n/a	NonTarget	1	761808
3047.456	n/a	NonTarget	1	761864
3047.684	n/a	NonTarget	1	761921
3047.908	n/a	NonTarget	1	761977
3048.136	n/a	NonTarget	1	762034
3048.36	n/a	NonTarget	1	762090
3048.588	n/a	NonTarget	1	762147
3048.812	n/a	NonTarget	1	762203
3049.036	n/a	NonTarget	1	762259
3049.264	n/a	NonTarget	1	762316
3049.488	n/a	NonTarget	1	762372
3049.716	n/a	NonTarget	1	762429
3049.94	n/a	Target	2	762485
3050.164	n/a	NonTarget	1	762541
3050.392	n/a	NonTarget	1	762598
3050.616	n/a	NonTarget	1	762654
3050.844	n/a	NonTarget	1	762711
3051.068	n/a	Target	2	762767
3051.292	n/a	NonTarget	1	762823
3051.516	n/a	NonTarget	1	762879
3051.744	n/a	NonTarget	1	762936
3051.968	n/a	NonTarget	1	762992
3052.196	n/a	Target	2	763049
3052.42	n/a	NonTarget	1	763105
3052.644	n/a	NonTarget	1	763161
3052.872	n/a	NonTarget	1	763218
3053.096	n/a	NonTarget	1	763274
3053.324	n/a	NonTarget	1	763331
3053.548	n/a	Target	2	763387
3053.776	n/a	NonTarget	1	763444
3054.0	n/a	NonTarget	1	763500
3054.224	n/a	NonTarget	1	763556
3054.452	n/a	NonTarget	1	763613
3054.676	n/a	NonTarget	1	763669
3054.904	n/a	Target	2	763726
3055.128	n/a	NonTarget	1	763782
3055.352	n/a	NonTarget	1	763838
3055.58	n/a	NonTarget	1	763895
3055.804	n/a	NonTarget	1	763951
3056.028	n/a	Target	2	764007
3056.256	n/a	NonTarget	1	764064
3056.48	n/a	NonTarget	1	764120
3056.704	n/a	NonTarget	1	764176
3056.932	n/a	NonTarget	1	764233
3057.156	n/a	Target	2	764289
3057.38	n/a	NonTarget	1	764345
3057.608	n/a	NonTarget	1	764402
3057.832	n/a	NonTarget	1	764458
3058.06	n/a	NonTarget	1	764515
3058.284	n/a	NonTarget	1	764571
3058.512	n/a	NonTarget	1	764628
3058.736	n/a	NonTarget	1	764684
3058.96	n/a	NonTarget	1	764740
3059.188	n/a	Target	2	764797
3059.412	n/a	NonTarget	1	764853
3059.64	n/a	NonTarget	1	764910
3059.864	n/a	NonTarget	1	764966
3060.092	n/a	NonTarget	1	765023
3060.316	n/a	Target	2	765079
3060.54	n/a	NonTarget	1	765135
3060.768	n/a	NonTarget	1	765192
3060.992	n/a	NonTarget	1	765248
3061.22	n/a	NonTarget	1	765305
3061.444	n/a	Target	2	765361
3061.668	n/a	NonTarget	1	765417
3061.896	n/a	NonTarget	1	765474
3062.12	n/a	NonTarget	1	765530
3062.344	n/a	NonTarget	1	765586
3062.572	n/a	NonTarget	1	765643
3062.796	n/a	NonTarget	1	765699
3063.024	n/a	NonTarget	1	765756
3063.248	n/a	Target	2	765812
3063.472	n/a	NonTarget	1	765868
3063.7	n/a	NonTarget	1	765925
3063.924	n/a	NonTarget	1	765981
3064.148	n/a	NonTarget	1	766037
3064.376	n/a	Target	2	766094
3064.6	n/a	NonTarget	1	766150
3064.824	n/a	NonTarget	1	766206
3065.052	n/a	NonTarget	1	766263
3065.276	n/a	NonTarget	1	766319
3065.504	n/a	NonTarget	1	766376
3065.728	n/a	Target	2	766432
3065.952	n/a	NonTarget	1	766488
3066.18	n/a	NonTarget	1	766545
3066.404	n/a	NonTarget	1	766601
3066.632	n/a	NonTarget	1	766658
3066.856	n/a	Target	2	766714
3075.604	n/a	NonTarget	1	768901
3075.828	n/a	NonTarget	1	768957
3076.056	n/a	NonTarget	1	769014
3076.28	n/a	NonTarget	1	769070
3076.508	n/a	NonTarget	1	769127
3076.732	n/a	NonTarget	1	769183
3076.956	n/a	NonTarget	1	769239
3077.184	n/a	Target	2	769296
3077.408	n/a	NonTarget	1	769352
3077.632	n/a	NonTarget	1	769408
3077.856	n/a	NonTarget	1	769464
3078.084	n/a	NonTarget	1	769521
3078.312	n/a	NonTarget	1	769578
3078.536	n/a	NonTarget	1	769634
3078.76	n/a	NonTarget	1	769690
3078.984	n/a	Target	2	769746
3079.212	n/a	NonTarget	1	769803
3079.436	n/a	NonTarget	1	769859
3079.66	n/a	NonTarget	1	769915
3079.888	n/a	NonTarget	1	769972
3080.112	n/a	NonTarget	1	770028
3080.336	n/a	NonTarget	1	770084
3080.56	n/a	NonTarget	1	770140
3080.788	n/a	NonTarget	1	770197
3081.016	n/a	NonTarget	1	770254
3081.24	n/a	Target	2	770310
3081.464	n/a	NonTarget	1	770366
3081.688	n/a	NonTarget	1	770422
3081.916	n/a	NonTarget	1	770479
3082.14	n/a	NonTarget	1	770535
3082.368	n/a	NonTarget	1	770592
3082.592	n/a	NonTarget	1	770648
3082.816	n/a	NonTarget	1	770704
3083.044	n/a	NonTarget	1	770761
3083.268	n/a	NonTarget	1	770817
3083.492	n/a	Target	2	770873
3083.72	n/a	NonTarget	1	770930
3083.944	n/a	NonTarget	1	770986
3084.168	n/a	NonTarget	1	771042
3084.396	n/a	NonTarget	1	771099
3084.62	n/a	NonTarget	1	771155
3084.844	n/a	NonTarget	1	771211
3085.072	n/a	NonTarget	1	771268
3085.296	n/a	NonTarget	1	771324
3085.52	n/a	NonTarget	1	771380
3085.748	n/a	Target	2	771437
3085.972	n/a	NonTarget	1	771493
3086.2	n/a	NonTarget	1	771550
3086.424	n/a	NonTarget	1	771606
3086.648	n/a	NonTarget	1	771662
3086.876	n/a	NonTarget	1	771719
3087.1	n/a	Target	2	771775
3087.324	n/a	NonTarget	1	771831
3087.552	n/a	NonTarget	1	771888
3087.776	n/a	NonTarget	1	771944
3088.0	n/a	NonTarget	1	772000
3088.224	n/a	NonTarget	1	772056
3088.452	n/a	Target	2	772113
3088.676	n/a	NonTarget	1	772169
3088.904	n/a	NonTarget	1	772226
3089.128	n/a	NonTarget	1	772282
3089.352	n/a	NonTarget	1	772338
3089.58	n/a	NonTarget	1	772395
3089.804	n/a	Target	2	772451
3090.032	n/a	NonTarget	1	772508
3090.256	n/a	NonTarget	1	772564
3090.484	n/a	NonTarget	1	772621
3090.708	n/a	NonTarget	1	772677
3090.932	n/a	Target	2	772733
3091.16	n/a	NonTarget	1	772790
3091.384	n/a	NonTarget	1	772846
3091.608	n/a	NonTarget	1	772902
3091.836	n/a	NonTarget	1	772959
3092.06	n/a	Target	2	773015
3092.288	n/a	NonTarget	1	773072
3092.512	n/a	NonTarget	1	773128
3092.736	n/a	NonTarget	1	773184
3092.964	n/a	NonTarget	1	773241
3093.188	n/a	Target	2	773297
3093.412	n/a	NonTarget	1	773353
3093.64	n/a	NonTarget	1	773410
3093.864	n/a	NonTarget	1	773466
3094.088	n/a	NonTarget	1	773522
3094.316	n/a	NonTarget	1	773579
3094.54	n/a	NonTarget	1	773635
3094.768	n/a	Target	2	773692
3094.992	n/a	NonTarget	1	773748
3095.22	n/a	NonTarget	1	773805
3095.444	n/a	NonTarget	1	773861
3095.668	n/a	NonTarget	1	773917
3095.896	n/a	Target	2	773974
3096.12	n/a	NonTarget	1	774030
3096.348	n/a	NonTarget	1	774087
3096.572	n/a	NonTarget	1	774143
3096.796	n/a	NonTarget	1	774199
3097.024	n/a	Target	2	774256
3097.248	n/a	NonTarget	1	774312
3097.472	n/a	NonTarget	1	774368
3097.7	n/a	NonTarget	1	774425
3097.924	n/a	NonTarget	1	774481
3098.152	n/a	Target	2	774538
3098.376	n/a	NonTarget	1	774594
3098.6	n/a	NonTarget	1	774650
3098.828	n/a	NonTarget	1	774707
3099.052	n/a	NonTarget	1	774763
3099.276	n/a	NonTarget	1	774819
3099.504	n/a	Target	2	774876
3099.728	n/a	NonTarget	1	774932
3099.952	n/a	NonTarget	1	774988
3100.18	n/a	NonTarget	1	775045
3100.404	n/a	NonTarget	1	775101
3100.632	n/a	NonTarget	1	775158
3100.856	n/a	NonTarget	1	775214
3101.084	n/a	NonTarget	1	775271
3101.308	n/a	Target	2	775327
3101.532	n/a	NonTarget	1	775383
3101.76	n/a	NonTarget	1	775440
3101.984	n/a	NonTarget	1	775496
3102.212	n/a	NonTarget	1	775553
3102.436	n/a	NonTarget	1	775609
3102.66	n/a	NonTarget	1	775665
3102.888	n/a	Target	2	775722
3103.112	n/a	NonTarget	1	775778
3103.336	n/a	NonTarget	1	775834
3103.564	n/a	NonTarget	1	775891
3103.788	n/a	NonTarget	1	775947
3104.016	n/a	Target	2	776004
3104.24	n/a	NonTarget	1	776060
3104.464	n/a	NonTarget	1	776116
3104.688	n/a	NonTarget	1	776172
3104.916	n/a	NonTarget	1	776229
3105.14	n/a	Target	2	776285
3105.368	n/a	NonTarget	1	776342
3105.592	n/a	NonTarget	1	776398
3105.816	n/a	NonTarget	1	776454
3117.8	n/a	NonTarget	1	779450
3118.024	n/a	NonTarget	1	779506
3118.252	n/a	NonTarget	1	779563
3118.476	n/a	NonTarget	1	779619
3118.7	n/a	NonTarget	1	779675
3118.928	n/a	Target	2	779732
3119.152	n/a	NonTarget	1	779788
3119.38	n/a	NonTarget	1	779845
3119.604	n/a	NonTarget	1	779901
3119.828	n/a	NonTarget	1	779957
3120.052	n/a	NonTarget	1	780013
3120.28	n/a	NonTarget	1	780070
3120.504	n/a	NonTarget	1	780126
3120.728	n/a	NonTarget	1	780182
3120.956	n/a	NonTarget	1	780239
3121.18	n/a	Target	2	780295
3121.404	n/a	NonTarget	1	780351
3121.632	n/a	NonTarget	1	780408
3121.856	n/a	NonTarget	1	780464
3122.08	n/a	NonTarget	1	780520
3122.308	n/a	NonTarget	1	780577
3122.532	n/a	NonTarget	1	780633
3122.756	n/a	NonTarget	1	780689
3122.984	n/a	NonTarget	1	780746
3123.208	n/a	NonTarget	1	780802
3123.432	n/a	NonTarget	1	780858
3123.66	n/a	Target	2	780915
3123.884	n/a	NonTarget	1	780971
3124.112	n/a	NonTarget	1	781028
3124.336	n/a	NonTarget	1	781084
3124.564	n/a	NonTarget	1	781141
3124.788	n/a	NonTarget	1	781197
3125.016	n/a	NonTarget	1	781254
3125.24	n/a	NonTarget	1	781310
3125.468	n/a	NonTarget	1	781367
3125.692	n/a	NonTarget	1	781423
3125.92	n/a	NonTarget	1	781480
3126.144	n/a	NonTarget	1	781536
3126.368	n/a	Target	2	781592
3126.596	n/a	NonTarget	1	781649
3126.82	n/a	NonTarget	1	781705
3127.048	n/a	NonTarget	1	781762
3127.272	n/a	NonTarget	1	781818
3127.496	n/a	NonTarget	1	781874
3127.724	n/a	NonTarget	1	781931
3127.948	n/a	Target	2	781987
3128.176	n/a	NonTarget	1	782044
3128.4	n/a	NonTarget	1	782100
3128.624	n/a	NonTarget	1	782156
3128.852	n/a	NonTarget	1	782213
3129.076	n/a	Target	2	782269
3129.304	n/a	NonTarget	1	782326
3129.528	n/a	NonTarget	1	782382
3129.756	n/a	NonTarget	1	782439
3129.98	n/a	NonTarget	1	782495
3130.204	n/a	Target	2	782551
3130.432	n/a	NonTarget	1	782608
3130.656	n/a	NonTarget	1	782664
3130.88	n/a	NonTarget	1	782720
3131.108	n/a	NonTarget	1	782777
3131.332	n/a	NonTarget	1	782833
3131.556	n/a	Target	2	782889
3131.784	n/a	NonTarget	1	782946
3132.008	n/a	NonTarget	1	783002
3132.236	n/a	NonTarget	1	783059
3132.46	n/a	NonTarget	1	783115
3132.684	n/a	Target	2	783171
3132.912	n/a	NonTarget	1	783228
3133.136	n/a	NonTarget	1	783284
3133.36	n/a	NonTarget	1	783340
3133.588	n/a	NonTarget	1	783397
3133.812	n/a	Target	2	783453
3134.04	n/a	NonTarget	1	783510
3134.264	n/a	NonTarget	1	783566
3134.492	n/a	NonTarget	1	783623
3134.716	n/a	NonTarget	1	783679
3134.94	n/a	Target	2	783735
3135.168	n/a	NonTarget	1	783792
3135.392	n/a	NonTarget	1	783848
3135.62	n/a	NonTarget	1	783905
3135.844	n/a	NonTarget	1	783961
3136.068	n/a	NonTarget	1	784017
3136.296	n/a	Target	2	784074
3136.52	n/a	NonTarget	1	784130
3136.748	n/a	NonTarget	1	784187
3136.972	n/a	NonTarget	1	784243
3137.2	n/a	NonTarget	1	784300
3137.424	n/a	Target	2	784356
3137.648	n/a	NonTarget	1	784412
3137.876	n/a	NonTarget	1	784469
3138.1	n/a	NonTarget	1	784525
3138.324	n/a	NonTarget	1	784581
3138.552	n/a	NonTarget	1	784638
3138.776	n/a	NonTarget	1	784694
3139.0	n/a	Target	2	784750
3139.228	n/a	NonTarget	1	784807
3139.452	n/a	NonTarget	1	784863
3139.68	n/a	NonTarget	1	784920
3139.904	n/a	NonTarget	1	784976
3140.128	n/a	NonTarget	1	785032
3140.356	n/a	Target	2	785089
3140.58	n/a	NonTarget	1	785145
3140.804	n/a	NonTarget	1	785201
3141.032	n/a	NonTarget	1	785258
3141.256	n/a	NonTarget	1	785314
3141.48	n/a	NonTarget	1	785370
3141.708	n/a	NonTarget	1	785427
3141.932	n/a	NonTarget	1	785483
3142.16	n/a	NonTarget	1	785540
3142.384	n/a	Target	2	785596
3142.612	n/a	NonTarget	1	785653
3142.836	n/a	NonTarget	1	785709
3143.064	n/a	NonTarget	1	785766
3143.288	n/a	NonTarget	1	785822
3143.516	n/a	NonTarget	1	785879
3143.74	n/a	NonTarget	1	785935
3143.964	n/a	NonTarget	1	785991
3144.192	n/a	Target	2	786048
3144.416	n/a	NonTarget	1	786104
3144.644	n/a	NonTarget	1	786161
3144.868	n/a	NonTarget	1	786217
3145.092	n/a	NonTarget	1	786273
3145.316	n/a	NonTarget	1	786329
3145.544	n/a	Target	2	786386
3145.768	n/a	NonTarget	1	786442
3145.996	n/a	NonTarget	1	786499
3146.22	n/a	NonTarget	1	786555
3146.444	n/a	NonTarget	1	786611
3146.672	n/a	Target	2	786668
3146.896	n/a	NonTarget	1	786724
3147.12	n/a	NonTarget	1	786780
3147.348	n/a	NonTarget	1	786837
3147.572	n/a	NonTarget	1	786893
3147.8	n/a	NonTarget	1	786950
3148.024	n/a	Target	2	787006
3156.788	n/a	NonTarget	1	789197
3157.016	n/a	NonTarget	1	789254
3157.24	n/a	Target	2	789310
3157.464	n/a	NonTarget	1	789366
3157.692	n/a	NonTarget	1	789423
3157.916	n/a	NonTarget	1	789479
3158.144	n/a	NonTarget	1	789536
3158.368	n/a	NonTarget	1	789592
3158.592	n/a	NonTarget	1	789648
3158.816	n/a	NonTarget	1	789704
3159.044	n/a	NonTarget	1	789761
3159.268	n/a	Target	2	789817
3159.496	n/a	NonTarget	1	789874
3159.72	n/a	NonTarget	1	789930
3159.944	n/a	NonTarget	1	789986
3160.172	n/a	NonTarget	1	790043
3160.396	n/a	NonTarget	1	790099
3160.62	n/a	NonTarget	1	790155
3160.848	n/a	NonTarget	1	790212
3161.072	n/a	NonTarget	1	790268
3161.3	n/a	NonTarget	1	790325
3161.524	n/a	NonTarget	1	790381
3161.752	n/a	Target	2	790438
3161.976	n/a	NonTarget	1	790494
3162.2	n/a	NonTarget	1	790550
3162.428	n/a	NonTarget	1	790607
3162.652	n/a	NonTarget	1	790663
3162.88	n/a	NonTarget	1	790720
3163.104	n/a	NonTarget	1	790776
3163.328	n/a	NonTarget	1	790832
3163.556	n/a	NonTarget	1	790889
3163.78	n/a	NonTarget	1	790945
3164.004	n/a	NonTarget	1	791001
3164.232	n/a	Target	2	791058
3164.456	n/a	NonTarget	1	791114
3164.68	n/a	NonTarget	1	791170
3164.904	n/a	NonTarget	1	791226
3165.132	n/a	NonTarget	1	791283
3165.356	n/a	NonTarget	1	791339
3165.58	n/a	NonTarget	1	791395
3165.808	n/a	NonTarget	1	791452
3166.032	n/a	NonTarget	1	791508
3166.256	n/a	NonTarget	1	791564
3166.48	n/a	Target	2	791620
3166.708	n/a	NonTarget	1	791677
3166.932	n/a	NonTarget	1	791733
3167.16	n/a	NonTarget	1	791790
3167.384	n/a	NonTarget	1	791846
3167.608	n/a	NonTarget	1	791902
3167.836	n/a	Target	2	791959
3168.06	n/a	NonTarget	1	792015
3168.288	n/a	NonTarget	1	792072
3168.512	n/a	NonTarget	1	792128
3168.74	n/a	NonTarget	1	792185
3168.964	n/a	NonTarget	1	792241
3169.188	n/a	Target	2	792297
3169.416	n/a	NonTarget	1	792354
3169.64	n/a	NonTarget	1	792410
3169.868	n/a	NonTarget	1	792467
3170.092	n/a	NonTarget	1	792523
3170.32	n/a	NonTarget	1	792580
3170.544	n/a	NonTarget	1	792636
3170.768	n/a	Target	2	792692
3170.996	n/a	NonTarget	1	792749
3171.22	n/a	NonTarget	1	792805
3171.444	n/a	NonTarget	1	792861
3171.672	n/a	NonTarget	1	792918
3171.896	n/a	Target	2	792974
3172.124	n/a	NonTarget	1	793031
3172.348	n/a	NonTarget	1	793087
3172.572	n/a	NonTarget	1	793143
3172.8	n/a	NonTarget	1	793200
3173.024	n/a	NonTarget	1	793256
3173.248	n/a	NonTarget	1	793312
3173.476	n/a	Target	2	793369
3173.7	n/a	NonTarget	1	793425
3173.924	n/a	NonTarget	1	793481
3174.152	n/a	NonTarget	1	793538
3174.376	n/a	NonTarget	1	793594
3174.604	n/a	Target	2	793651
3174.828	n/a	NonTarget	1	793707
3175.056	n/a	NonTarget	1	793764
3175.28	n/a	NonTarget	1	793820
3175.504	n/a	NonTarget	1	793876
3175.732	n/a	Target	2	793933
3175.956	n/a	NonTarget	1	793989
3176.184	n/a	NonTarget	1	794046
3176.408	n/a	NonTarget	1	794102
3176.632	n/a	NonTarget	1	794158
3176.86	n/a	NonTarget	1	794215
3177.084	n/a	Target	2	794271
3177.308	n/a	NonTarget	1	794327
3177.536	n/a	NonTarget	1	794384
3177.76	n/a	NonTarget	1	794440
3177.988	n/a	NonTarget	1	794497
3178.212	n/a	NonTarget	1	794553
3178.436	n/a	Target	2	794609
3178.66	n/a	NonTarget	1	794665
3178.888	n/a	NonTarget	1	794722
3179.112	n/a	NonTarget	1	794778
3179.34	n/a	NonTarget	1	794835
3179.564	n/a	Target	2	794891
3179.792	n/a	NonTarget	1	794948
3180.016	n/a	NonTarget	1	795004
3180.24	n/a	NonTarget	1	795060
3180.468	n/a	NonTarget	1	795117
3180.692	n/a	NonTarget	1	795173
3180.92	n/a	Target	2	795230
3181.144	n/a	NonTarget	1	795286
3181.368	n/a	NonTarget	1	795342
3181.596	n/a	NonTarget	1	795399
3181.82	n/a	NonTarget	1	795455
3182.048	n/a	NonTarget	1	795512
3182.272	n/a	Target	2	795568
3182.496	n/a	NonTarget	1	795624
3182.724	n/a	NonTarget	1	795681
3182.948	n/a	NonTarget	1	795737
3183.172	n/a	NonTarget	1	795793
3183.4	n/a	Target	2	795850
3183.624	n/a	NonTarget	1	795906
3183.848	n/a	NonTarget	1	795962
3184.076	n/a	NonTarget	1	796019
3184.3	n/a	NonTarget	1	796075
3184.524	n/a	Target	2	796131
3184.752	n/a	NonTarget	1	796188
3184.976	n/a	NonTarget	1	796244
3185.204	n/a	NonTarget	1	796301
3185.428	n/a	NonTarget	1	796357
3185.656	n/a	NonTarget	1	796414
3185.88	n/a	NonTarget	1	796470
3186.104	n/a	Target	2	796526
3186.332	n/a	NonTarget	1	796583
3186.556	n/a	NonTarget	1	796639
3186.784	n/a	NonTarget	1	796696
3198.7	n/a	NonTarget	1	799675
3198.924	n/a	NonTarget	1	799731
3199.148	n/a	NonTarget	1	799787
3199.376	n/a	NonTarget	1	799844
3199.6	n/a	NonTarget	1	799900
3199.824	n/a	Target	2	799956
3200.052	n/a	NonTarget	1	800013
3200.28	n/a	NonTarget	1	800070
3200.504	n/a	NonTarget	1	800126
3200.728	n/a	NonTarget	1	800182
3200.952	n/a	NonTarget	1	800238
3201.18	n/a	NonTarget	1	800295
3201.404	n/a	NonTarget	1	800351
3201.628	n/a	NonTarget	1	800407
3201.852	n/a	Target	2	800463
3202.08	n/a	NonTarget	1	800520
3202.304	n/a	NonTarget	1	800576
3202.528	n/a	NonTarget	1	800632
3202.756	n/a	NonTarget	1	800689
3202.98	n/a	NonTarget	1	800745
3203.208	n/a	NonTarget	1	800802
3203.432	n/a	NonTarget	1	800858
3203.656	n/a	Target	2	800914
3203.884	n/a	NonTarget	1	800971
3204.108	n/a	NonTarget	1	801027
3204.336	n/a	NonTarget	1	801084
3204.56	n/a	NonTarget	1	801140
3204.784	n/a	NonTarget	1	801196
3205.012	n/a	NonTarget	1	801253
3205.236	n/a	Target	2	801309
3205.464	n/a	NonTarget	1	801366
3205.688	n/a	NonTarget	1	801422
3205.916	n/a	NonTarget	1	801479
3206.14	n/a	NonTarget	1	801535
3206.364	n/a	NonTarget	1	801591
3206.592	n/a	Target	2	801648
3206.816	n/a	NonTarget	1	801704
3207.04	n/a	NonTarget	1	801760
3207.268	n/a	NonTarget	1	801817
3207.492	n/a	NonTarget	1	801873
3207.72	n/a	NonTarget	1	801930
3207.944	n/a	NonTarget	1	801986
3208.168	n/a	NonTarget	1	802042
3208.396	n/a	NonTarget	1	802099
3208.62	n/a	Target	2	802155
3208.844	n/a	NonTarget	1	802211
3209.072	n/a	NonTarget	1	802268
3209.296	n/a	NonTarget	1	802324
3209.524	n/a	NonTarget	1	802381
3209.748	n/a	NonTarget	1	802437
3209.972	n/a	Target	2	802493
3210.2	n/a	NonTarget	1	802550
3210.424	n/a	NonTarget	1	802606
3210.652	n/a	NonTarget	1	802663
3210.876	n/a	NonTarget	1	802719
3211.104	n/a	NonTarget	1	802776
3211.328	n/a	NonTarget	1	802832
3211.556	n/a	NonTarget	1	802889
3211.78	n/a	NonTarget	1	802945
3212.004	n/a	NonTarget	1	803001
3212.232	n/a	NonTarget	1	803058
3212.456	n/a	NonTarget	1	803114
3212.684	n/a	NonTarget	1	803171
3212.908	n/a	NonTarget	1	803227
3213.132	n/a	NonTarget	1	803283
3213.36	n/a	NonTarget	1	803340
3213.584	n/a	Target	2	803396
3213.812	n/a	NonTarget	1	803453
3214.036	n/a	NonTarget	1	803509
3214.26	n/a	NonTarget	1	803565
3214.488	n/a	NonTarget	1	803622
3214.712	n/a	NonTarget	1	803678
3214.94	n/a	NonTarget	1	803735
3215.164	n/a	NonTarget	1	803791
3215.388	n/a	NonTarget	1	803847
3215.616	n/a	NonTarget	1	803904
3215.84	n/a	NonTarget	1	803960
3216.068	n/a	Target	2	804017
3216.292	n/a	NonTarget	1	804073
3216.516	n/a	NonTarget	1	804129
3216.74	n/a	NonTarget	1	804185
3216.968	n/a	NonTarget	1	804242
3217.192	n/a	NonTarget	1	804298
3217.42	n/a	NonTarget	1	804355
3217.644	n/a	Target	2	804411
3217.868	n/a	NonTarget	1	804467
3218.096	n/a	NonTarget	1	804524
3218.32	n/a	NonTarget	1	804580
3218.548	n/a	NonTarget	1	804637
3218.772	n/a	Target	2	804693
3219.0	n/a	NonTarget	1	804750
3219.224	n/a	NonTarget	1	804806
3219.448	n/a	NonTarget	1	804862
3219.676	n/a	NonTarget	1	804919
3219.9	n/a	NonTarget	1	804975
3220.128	n/a	NonTarget	1	805032
3220.352	n/a	Target	2	805088
3220.576	n/a	NonTarget	1	805144
3220.804	n/a	NonTarget	1	805201
3221.028	n/a	NonTarget	1	805257
3221.252	n/a	NonTarget	1	805313
3221.48	n/a	Target	2	805370
3221.704	n/a	NonTarget	1	805426
3221.932	n/a	NonTarget	1	805483
3222.156	n/a	NonTarget	1	805539
3222.38	n/a	NonTarget	1	805595
3222.604	n/a	NonTarget	1	805651
3222.832	n/a	NonTarget	1	805708
3223.056	n/a	Target	2	805764
3223.284	n/a	NonTarget	1	805821
3223.508	n/a	NonTarget	1	805877
3223.732	n/a	NonTarget	1	805933
3223.96	n/a	NonTarget	1	805990
3224.184	n/a	Target	2	806046
3224.412	n/a	NonTarget	1	806103
3224.636	n/a	NonTarget	1	806159
3224.864	n/a	NonTarget	1	806216
3225.088	n/a	NonTarget	1	806272
3225.312	n/a	Target	2	806328
3225.54	n/a	NonTarget	1	806385
3225.764	n/a	NonTarget	1	806441
3225.992	n/a	NonTarget	1	806498
3226.216	n/a	NonTarget	1	806554
3226.444	n/a	NonTarget	1	806611
3226.668	n/a	Target	2	806667
3226.892	n/a	NonTarget	1	806723
3227.12	n/a	NonTarget	1	806780
3227.344	n/a	NonTarget	1	806836
3227.568	n/a	NonTarget	1	806892
3227.796	n/a	NonTarget	1	806949
3228.02	n/a	Target	2	807005
3228.248	n/a	NonTarget	1	807062
3228.472	n/a	NonTarget	1	807118
3228.696	n/a	NonTarget	1	807174
3228.924	n/a	NonTarget	1	807231
3237.688	n/a	Target	2	809422
3237.916	n/a	NonTarget	1	809479
3238.14	n/a	NonTarget	1	809535
3238.368	n/a	NonTarget	1	809592
3238.592	n/a	NonTarget	1	809648
3238.816	n/a	NonTarget	1	809704
3239.044	n/a	NonTarget	1	809761
3239.268	n/a	NonTarget	1	809817
3239.496	n/a	NonTarget	1	809874
3239.72	n/a	NonTarget	1	809930
3239.948	n/a	Target	2	809987
3240.172	n/a	NonTarget	1	810043
3240.396	n/a	NonTarget	1	810099
3240.624	n/a	NonTarget	1	810156
3240.848	n/a	NonTarget	1	810212
3241.076	n/a	NonTarget	1	810269
3241.3	n/a	NonTarget	1	810325
3241.524	n/a	NonTarget	1	810381
3241.752	n/a	NonTarget	1	810438
3241.976	n/a	NonTarget	1	810494
3242.2	n/a	Target	2	810550
3242.428	n/a	NonTarget	1	810607
3242.652	n/a	NonTarget	1	810663
3242.88	n/a	NonTarget	1	810720
3243.104	n/a	NonTarget	1	810776
3243.332	n/a	NonTarget	1	810833
3243.556	n/a	NonTarget	1	810889
3243.78	n/a	NonTarget	1	810945
3244.008	n/a	NonTarget	1	811002
3244.232	n/a	NonTarget	1	811058
3244.46	n/a	NonTarget	1	811115
3244.684	n/a	Target	2	811171
3244.908	n/a	NonTarget	1	811227
3245.136	n/a	NonTarget	1	811284
3245.36	n/a	NonTarget	1	811340
3245.584	n/a	NonTarget	1	811396
3245.812	n/a	NonTarget	1	811453
3246.036	n/a	NonTarget	1	811509
3246.26	n/a	NonTarget	1	811565
3246.488	n/a	NonTarget	1	811622
3246.712	n/a	Target	2	811678
3246.936	n/a	NonTarget	1	811734
3247.164	n/a	NonTarget	1	811791
3247.388	n/a	NonTarget	1	811847
3247.612	n/a	NonTarget	1	811903
3247.84	n/a	NonTarget	1	811960
3248.064	n/a	NonTarget	1	812016
3248.292	n/a	NonTarget	1	812073
3248.516	n/a	NonTarget	1	812129
3248.74	n/a	Target	2	812185
3248.968	n/a	NonTarget	1	812242
3249.192	n/a	NonTarget	1	812298
3249.42	n/a	NonTarget	1	812355
3249.644	n/a	NonTarget	1	812411
3249.872	n/a	NonTarget	1	812468
3250.096	n/a	NonTarget	1	812524
3250.32	n/a	NonTarget	1	812580
3250.548	n/a	NonTarget	1	812637
3250.772	n/a	Target	2	812693
3250.996	n/a	NonTarget	1	812749
3251.224	n/a	NonTarget	1	812806
3251.448	n/a	NonTarget	1	812862
3251.676	n/a	NonTarget	1	812919
3251.9	n/a	Target	2	812975
3252.124	n/a	NonTarget	1	813031
3252.352	n/a	NonTarget	1	813088
3252.576	n/a	NonTarget	1	813144
3252.8	n/a	NonTarget	1	813200
3253.028	n/a	Target	2	813257
3253.252	n/a	NonTarget	1	813313
3253.48	n/a	NonTarget	1	813370
3253.704	n/a	NonTarget	1	813426
3253.932	n/a	NonTarget	1	813483
3254.156	n/a	Target	2	813539
3254.38	n/a	NonTarget	1	813595
3254.608	n/a	NonTarget	1	813652
3254.836	n/a	NonTarget	1	813709
3255.06	n/a	NonTarget	1	813765
3255.284	n/a	Target	2	813821
3255.512	n/a	NonTarget	1	813878
3255.736	n/a	NonTarget	1	813934
3255.96	n/a	NonTarget	1	813990
3256.188	n/a	NonTarget	1	814047
3256.412	n/a	Target	2	814103
3256.636	n/a	NonTarget	1	814159
3256.864	n/a	NonTarget	1	814216
3257.088	n/a	NonTarget	1	814272
3257.316	n/a	NonTarget	1	814329
3257.54	n/a	Target	2	814385
3257.764	n/a	NonTarget	1	814441
3257.992	n/a	NonTarget	1	814498
3258.216	n/a	NonTarget	1	814554
3258.444	n/a	NonTarget	1	814611
3258.668	n/a	NonTarget	1	814667
3258.892	n/a	Target	2	814723
3259.12	n/a	NonTarget	1	814780
3259.344	n/a	NonTarget	1	814836
3259.568	n/a	NonTarget	1	814892
3259.796	n/a	NonTarget	1	814949
3260.024	n/a	NonTarget	1	815006
3260.248	n/a	Target	2	815062
3260.472	n/a	NonTarget	1	815118
3260.696	n/a	NonTarget	1	815174
3260.924	n/a	NonTarget	1	815231
3261.148	n/a	NonTarget	1	815287
3261.376	n/a	Target	2	815344
3261.6	n/a	NonTarget	1	815400
3261.824	n/a	NonTarget	1	815456
3262.052	n/a	NonTarget	1	815513
3262.276	n/a	NonTarget	1	815569
3262.504	n/a	NonTarget	1	815626
3262.728	n/a	NonTarget	1	815682
3262.956	n/a	Target	2	815739
3263.18	n/a	NonTarget	1	815795
3263.404	n/a	NonTarget	1	815851
3263.632	n/a	NonTarget	1	815908
3263.856	n/a	NonTarget	1	815964
3264.08	n/a	Target	2	816020
3264.308	n/a	NonTarget	1	816077
3264.532	n/a	NonTarget	1	816133
3264.76	n/a	NonTarget	1	816190
3264.984	n/a	NonTarget	1	816246
3265.208	n/a	Target	2	816302
3265.432	n/a	NonTarget	1	816358
3265.66	n/a	NonTarget	1	816415
3265.884	n/a	NonTarget	1	816471
3266.112	n/a	NonTarget	1	816528
3266.336	n/a	Target	2	816584
3266.56	n/a	NonTarget	1	816640
3266.788	n/a	NonTarget	1	816697
3267.012	n/a	NonTarget	1	816753
3267.24	n/a	NonTarget	1	816810
3267.464	n/a	NonTarget	1	816866
3267.688	n/a	Target	2	816922
3267.916	n/a	NonTarget	1	816979
3283.488	n/a	Target	2	820872
3283.712	n/a	NonTarget	1	820928
3283.94	n/a	NonTarget	1	820985
3284.164	n/a	NonTarget	1	821041
3284.392	n/a	NonTarget	1	821098
3284.616	n/a	NonTarget	1	821154
3284.84	n/a	NonTarget	1	821210
3285.068	n/a	NonTarget	1	821267
3285.292	n/a	NonTarget	1	821323
3285.52	n/a	Target	2	821380
3285.744	n/a	NonTarget	1	821436
3285.968	n/a	NonTarget	1	821492
3286.192	n/a	NonTarget	1	821548
3286.42	n/a	NonTarget	1	821605
3286.644	n/a	NonTarget	1	821661
3286.868	n/a	NonTarget	1	821717
3287.096	n/a	NonTarget	1	821774
3287.32	n/a	Target	2	821830
3287.544	n/a	NonTarget	1	821886
3287.772	n/a	NonTarget	1	821943
3287.996	n/a	NonTarget	1	821999
3288.22	n/a	NonTarget	1	822055
3288.448	n/a	NonTarget	1	822112
3288.672	n/a	NonTarget	1	822168
3288.9	n/a	NonTarget	1	822225
3289.124	n/a	NonTarget	1	822281
3289.352	n/a	NonTarget	1	822338
3289.576	n/a	Target	2	822394
3289.8	n/a	NonTarget	1	822450
3290.024	n/a	NonTarget	1	822506
3290.252	n/a	NonTarget	1	822563
3290.476	n/a	NonTarget	1	822619
3290.704	n/a	NonTarget	1	822676
3290.928	n/a	NonTarget	1	822732
3291.152	n/a	NonTarget	1	822788
3291.38	n/a	NonTarget	1	822845
3291.604	n/a	Target	2	822901
3291.832	n/a	NonTarget	1	822958
3292.056	n/a	NonTarget	1	823014
3292.284	n/a	NonTarget	1	823071
3292.508	n/a	NonTarget	1	823127
3292.732	n/a	NonTarget	1	823183
3292.96	n/a	NonTarget	1	823240
3293.184	n/a	NonTarget	1	823296
3293.412	n/a	NonTarget	1	823353
3293.636	n/a	Target	2	823409
3293.86	n/a	NonTarget	1	823465
3294.088	n/a	NonTarget	1	823522
3294.312	n/a	NonTarget	1	823578
3294.536	n/a	NonTarget	1	823634
3294.764	n/a	Target	2	823691
3294.988	n/a	NonTarget	1	823747
3295.212	n/a	NonTarget	1	823803
3295.44	n/a	NonTarget	1	823860
3295.664	n/a	NonTarget	1	823916
3295.892	n/a	Target	2	823973
3296.116	n/a	NonTarget	1	824029
3296.34	n/a	NonTarget	1	824085
3296.568	n/a	NonTarget	1	824142
3296.792	n/a	NonTarget	1	824198
3297.02	n/a	Target	2	824255
3297.244	n/a	NonTarget	1	824311
3297.472	n/a	NonTarget	1	824368
3297.696	n/a	NonTarget	1	824424
3297.92	n/a	NonTarget	1	824480
3298.148	n/a	NonTarget	1	824537
3298.372	n/a	NonTarget	1	824593
3298.6	n/a	Target	2	824650
3298.824	n/a	NonTarget	1	824706
3299.048	n/a	NonTarget	1	824762
3299.276	n/a	NonTarget	1	824819
3299.5	n/a	NonTarget	1	824875
3299.724	n/a	NonTarget	1	824931
3299.952	n/a	Target	2	824988
3300.176	n/a	NonTarget	1	825044
3300.4	n/a	NonTarget	1	825100
3300.628	n/a	NonTarget	1	825157
3300.852	n/a	NonTarget	1	825213
3301.076	n/a	Target	2	825269
3301.304	n/a	NonTarget	1	825326
3301.528	n/a	NonTarget	1	825382
3301.756	n/a	NonTarget	1	825439
3301.98	n/a	NonTarget	1	825495
3302.208	n/a	Target	2	825552
3302.432	n/a	NonTarget	1	825608
3302.656	n/a	NonTarget	1	825664
3302.884	n/a	NonTarget	1	825721
3303.108	n/a	NonTarget	1	825777
3303.336	n/a	Target	2	825834
3303.56	n/a	NonTarget	1	825890
3303.788	n/a	NonTarget	1	825947
3304.012	n/a	NonTarget	1	826003
3304.236	n/a	NonTarget	1	826059
3304.464	n/a	NonTarget	1	826116
3304.688	n/a	Target	2	826172
3304.916	n/a	NonTarget	1	826229
3305.14	n/a	NonTarget	1	826285
3305.364	n/a	NonTarget	1	826341
3305.592	n/a	NonTarget	1	826398
3305.816	n/a	NonTarget	1	826454
3306.044	n/a	Target	2	826511
3306.268	n/a	NonTarget	1	826567
3306.492	n/a	NonTarget	1	826623
3306.72	n/a	NonTarget	1	826680
3306.944	n/a	NonTarget	1	826736
3307.168	n/a	NonTarget	1	826792
3307.396	n/a	NonTarget	1	826849
3307.62	n/a	Target	2	826905
3307.844	n/a	NonTarget	1	826961
3308.072	n/a	NonTarget	1	827018
3308.296	n/a	NonTarget	1	827074
3308.52	n/a	NonTarget	1	827130
3308.748	n/a	NonTarget	1	827187
3308.972	n/a	NonTarget	1	827243
3309.2	n/a	NonTarget	1	827300
3309.424	n/a	Target	2	827356
3309.648	n/a	NonTarget	1	827412
3309.876	n/a	NonTarget	1	827469
3310.1	n/a	NonTarget	1	827525
3310.328	n/a	NonTarget	1	827582
3310.552	n/a	Target	2	827638
3310.776	n/a	NonTarget	1	827694
3311.004	n/a	NonTarget	1	827751
3311.228	n/a	NonTarget	1	827807
3311.456	n/a	NonTarget	1	827864
3311.68	n/a	NonTarget	1	827920
3311.904	n/a	NonTarget	1	827976
3312.132	n/a	Target	2	828033
3312.356	n/a	NonTarget	1	828089
3312.58	n/a	NonTarget	1	828145
3312.808	n/a	NonTarget	1	828202
3313.032	n/a	NonTarget	1	828258
3313.256	n/a	Target	2	828314
3313.484	n/a	NonTarget	1	828371
3313.708	n/a	NonTarget	1	828427
3322.456	n/a	NonTarget	1	830614
3322.68	n/a	NonTarget	1	830670
3322.908	n/a	NonTarget	1	830727
3323.132	n/a	NonTarget	1	830783
3323.356	n/a	NonTarget	1	830839
3323.584	n/a	NonTarget	1	830896
3323.808	n/a	NonTarget	1	830952
3324.036	n/a	Target	2	831009
3324.26	n/a	NonTarget	1	831065
3324.484	n/a	NonTarget	1	831121
3324.712	n/a	NonTarget	1	831178
3324.936	n/a	NonTarget	1	831234
3325.164	n/a	NonTarget	1	831291
3325.388	n/a	NonTarget	1	831347
3325.612	n/a	Target	2	831403
3325.84	n/a	NonTarget	1	831460
3326.064	n/a	NonTarget	1	831516
3326.292	n/a	NonTarget	1	831573
3326.516	n/a	NonTarget	1	831629
3326.74	n/a	NonTarget	1	831685
3326.964	n/a	NonTarget	1	831741
3327.192	n/a	NonTarget	1	831798
3327.416	n/a	NonTarget	1	831854
3327.644	n/a	Target	2	831911
3327.868	n/a	NonTarget	1	831967
3328.092	n/a	NonTarget	1	832023
3328.32	n/a	NonTarget	1	832080
3328.544	n/a	NonTarget	1	832136
3328.772	n/a	NonTarget	1	832193
3328.996	n/a	NonTarget	1	832249
3329.22	n/a	NonTarget	1	832305
3329.448	n/a	Target	2	832362
3329.672	n/a	NonTarget	1	832418
3329.896	n/a	NonTarget	1	832474
3330.124	n/a	NonTarget	1	832531
3330.348	n/a	NonTarget	1	832587
3330.572	n/a	NonTarget	1	832643
3330.8	n/a	NonTarget	1	832700
3331.024	n/a	NonTarget	1	832756
3331.248	n/a	Target	2	832812
3331.476	n/a	NonTarget	1	832869
3331.7	n/a	NonTarget	1	832925
3331.928	n/a	NonTarget	1	832982
3332.152	n/a	NonTarget	1	833038
3332.376	n/a	NonTarget	1	833094
3332.604	n/a	NonTarget	1	833151
3332.832	n/a	NonTarget	1	833208
3333.056	n/a	NonTarget	1	833264
3333.28	n/a	NonTarget	1	833320
3333.504	n/a	NonTarget	1	833376
3333.732	n/a	NonTarget	1	833433
3333.956	n/a	NonTarget	1	833489
3334.184	n/a	NonTarget	1	833546
3334.408	n/a	Target	2	833602
3334.632	n/a	NonTarget	1	833658
3334.86	n/a	NonTarget	1	833715
3335.084	n/a	NonTarget	1	833771
3335.308	n/a	NonTarget	1	833827
3335.536	n/a	NonTarget	1	833884
3335.76	n/a	Target	2	833940
3335.988	n/a	NonTarget	1	833997
3336.212	n/a	NonTarget	1	834053
3336.436	n/a	NonTarget	1	834109
3336.664	n/a	NonTarget	1	834166
3336.888	n/a	Target	2	834222
3337.112	n/a	NonTarget	1	834278
3337.34	n/a	NonTarget	1	834335
3337.564	n/a	NonTarget	1	834391
3337.788	n/a	NonTarget	1	834447
3338.016	n/a	Target	2	834504
3338.24	n/a	NonTarget	1	834560
3338.468	n/a	NonTarget	1	834617
3338.692	n/a	NonTarget	1	834673
3338.92	n/a	NonTarget	1	834730
3339.144	n/a	Target	2	834786
3339.368	n/a	NonTarget	1	834842
3339.596	n/a	NonTarget	1	834899
3339.82	n/a	NonTarget	1	834955
3340.048	n/a	NonTarget	1	835012
3340.272	n/a	NonTarget	1	835068
3340.496	n/a	Target	2	835124
3340.724	n/a	NonTarget	1	835181
3340.948	n/a	NonTarget	1	835237
3341.176	n/a	NonTarget	1	835294
3341.4	n/a	NonTarget	1	835350
3341.628	n/a	Target	2	835407
3341.852	n/a	NonTarget	1	835463
3342.076	n/a	NonTarget	1	835519
3342.304	n/a	NonTarget	1	835576
3342.528	n/a	NonTarget	1	835632
3342.756	n/a	Target	2	835689
3342.98	n/a	NonTarget	1	835745
3343.204	n/a	NonTarget	1	835801
3343.432	n/a	NonTarget	1	835858
3343.656	n/a	NonTarget	1	835914
3343.88	n/a	NonTarget	1	835970
3344.104	n/a	NonTarget	1	836026
3344.332	n/a	NonTarget	1	836083
3344.556	n/a	NonTarget	1	836139
3344.78	n/a	Target	2	836195
3345.008	n/a	NonTarget	1	836252
3345.232	n/a	NonTarget	1	836308
3345.456	n/a	NonTarget	1	836364
3345.684	n/a	NonTarget	1	836421
3345.908	n/a	NonTarget	1	836477
3346.132	n/a	Target	2	836533
3346.36	n/a	NonTarget	1	836590
3346.584	n/a	NonTarget	1	836646
3346.812	n/a	NonTarget	1	836703
3347.036	n/a	NonTarget	1	836759
3347.264	n/a	Target	2	836816
3347.488	n/a	NonTarget	1	836872
3347.712	n/a	NonTarget	1	836928
3347.94	n/a	NonTarget	1	836985
3348.164	n/a	NonTarget	1	837041
3348.388	n/a	NonTarget	1	837097
3348.616	n/a	Target	2	837154
3348.84	n/a	NonTarget	1	837210
3349.068	n/a	NonTarget	1	837267
3349.292	n/a	NonTarget	1	837323
3349.516	n/a	NonTarget	1	837379
3349.744	n/a	Target	2	837436
3349.968	n/a	NonTarget	1	837492
3350.192	n/a	NonTarget	1	837548
3350.42	n/a	NonTarget	1	837605
3350.644	n/a	NonTarget	1	837661
3350.872	n/a	Target	2	837718
3351.096	n/a	NonTarget	1	837774
3351.32	n/a	NonTarget	1	837830
3351.548	n/a	NonTarget	1	837887
3351.772	n/a	NonTarget	1	837943
3352.0	n/a	NonTarget	1	838000
3352.224	n/a	NonTarget	1	838056
3352.452	n/a	Target	2	838113
3352.676	n/a	NonTarget	1	838169
3367.924	n/a	NonTarget	1	841981
3368.152	n/a	NonTarget	1	842038
3368.376	n/a	Target	2	842094
3368.6	n/a	NonTarget	1	842150
3368.828	n/a	NonTarget	1	842207
3369.052	n/a	NonTarget	1	842263
3369.276	n/a	NonTarget	1	842319
3369.504	n/a	NonTarget	1	842376
3369.728	n/a	NonTarget	1	842432
3369.952	n/a	NonTarget	1	842488
3370.176	n/a	NonTarget	1	842544
3370.4	n/a	Target	2	842600
3370.628	n/a	NonTarget	1	842657
3370.856	n/a	NonTarget	1	842714
3371.08	n/a	NonTarget	1	842770
3371.308	n/a	NonTarget	1	842827
3371.532	n/a	NonTarget	1	842883
3371.756	n/a	NonTarget	1	842939
3371.98	n/a	NonTarget	1	842995
3372.208	n/a	Target	2	843052
3372.432	n/a	NonTarget	1	843108
3372.66	n/a	NonTarget	1	843165
3372.884	n/a	NonTarget	1	843221
3373.108	n/a	NonTarget	1	843277
3373.332	n/a	NonTarget	1	843333
3373.56	n/a	NonTarget	1	843390
3373.784	n/a	NonTarget	1	843446
3374.012	n/a	NonTarget	1	843503
3374.236	n/a	Target	2	843559
3374.464	n/a	NonTarget	1	843616
3374.688	n/a	NonTarget	1	843672
3374.916	n/a	NonTarget	1	843729
3375.14	n/a	NonTarget	1	843785
3375.364	n/a	NonTarget	1	843841
3375.592	n/a	NonTarget	1	843898
3375.816	n/a	NonTarget	1	843954
3376.04	n/a	NonTarget	1	844010
3376.268	n/a	NonTarget	1	844067
3376.492	n/a	Target	2	844123
3376.716	n/a	NonTarget	1	844179
3376.94	n/a	NonTarget	1	844235
3377.168	n/a	NonTarget	1	844292
3377.392	n/a	NonTarget	1	844348
3377.62	n/a	NonTarget	1	844405
3377.844	n/a	Target	2	844461
3378.068	n/a	NonTarget	1	844517
3378.296	n/a	NonTarget	1	844574
3378.52	n/a	NonTarget	1	844630
3378.748	n/a	NonTarget	1	844687
3378.972	n/a	NonTarget	1	844743
3379.196	n/a	NonTarget	1	844799
3379.424	n/a	Target	2	844856
3379.648	n/a	NonTarget	1	844912
3379.872	n/a	NonTarget	1	844968
3380.1	n/a	NonTarget	1	845025
3380.324	n/a	NonTarget	1	845081
3380.552	n/a	NonTarget	1	845138
3380.776	n/a	Target	2	845194
3381.004	n/a	NonTarget	1	845251
3381.228	n/a	NonTarget	1	845307
3381.452	n/a	NonTarget	1	845363
3381.68	n/a	NonTarget	1	845420
3381.904	n/a	NonTarget	1	845476
3382.128	n/a	Target	2	845532
3382.352	n/a	NonTarget	1	845588
3382.58	n/a	NonTarget	1	845645
3382.804	n/a	NonTarget	1	845701
3383.028	n/a	NonTarget	1	845757
3383.256	n/a	NonTarget	1	845814
3383.48	n/a	Target	2	845870
3383.708	n/a	NonTarget	1	845927
3383.932	n/a	NonTarget	1	845983
3384.156	n/a	NonTarget	1	846039
3384.384	n/a	NonTarget	1	846096
3384.608	n/a	NonTarget	1	846152
3384.836	n/a	NonTarget	1	846209
3385.06	n/a	Target	2	846265
3385.284	n/a	NonTarget	1	846321
3385.512	n/a	NonTarget	1	846378
3385.736	n/a	NonTarget	1	846434
3385.96	n/a	NonTarget	1	846490
3386.188	n/a	NonTarget	1	846547
3386.412	n/a	NonTarget	1	846603
3386.636	n/a	NonTarget	1	846659
3386.864	n/a	NonTarget	1	846716
3387.088	n/a	NonTarget	1	846772
3387.312	n/a	NonTarget	1	846828
3387.54	n/a	Target	2	846885
3387.764	n/a	NonTarget	1	846941
3387.992	n/a	NonTarget	1	846998
3388.216	n/a	NonTarget	1	847054
3388.444	n/a	NonTarget	1	847111
3388.668	n/a	Target	2	847167
3388.892	n/a	NonTarget	1	847223
3389.12	n/a	NonTarget	1	847280
3389.344	n/a	NonTarget	1	847336
3389.572	n/a	NonTarget	1	847393
3389.796	n/a	NonTarget	1	847449
3390.02	n/a	Target	2	847505
3390.248	n/a	NonTarget	1	847562
3390.472	n/a	NonTarget	1	847618
3390.7	n/a	NonTarget	1	847675
3390.924	n/a	NonTarget	1	847731
3391.148	n/a	Target	2	847787
3391.376	n/a	NonTarget	1	847844
3391.6	n/a	NonTarget	1	847900
3391.828	n/a	NonTarget	1	847957
3392.052	n/a	NonTarget	1	848013
3392.276	n/a	Target	2	848069
3392.504	n/a	NonTarget	1	848126
3392.728	n/a	NonTarget	1	848182
3392.952	n/a	NonTarget	1	848238
3393.18	n/a	NonTarget	1	848295
3393.404	n/a	Target	2	848351
3393.632	n/a	NonTarget	1	848408
3393.856	n/a	NonTarget	1	848464
3394.084	n/a	NonTarget	1	848521
3394.308	n/a	NonTarget	1	848577
3394.532	n/a	NonTarget	1	848633
3394.76	n/a	NonTarget	1	848690
3394.984	n/a	Target	2	848746
3395.212	n/a	NonTarget	1	848803
3395.436	n/a	NonTarget	1	848859
3395.66	n/a	NonTarget	1	848915
3395.888	n/a	NonTarget	1	848972
3396.112	n/a	Target	2	849028
3396.34	n/a	NonTarget	1	849085
3396.564	n/a	NonTarget	1	849141
3396.788	n/a	NonTarget	1	849197
3397.016	n/a	NonTarget	1	849254
3397.244	n/a	NonTarget	1	849311
3397.468	n/a	NonTarget	1	849367
3397.692	n/a	Target	2	849423
3397.92	n/a	NonTarget	1	849480
3398.144	n/a	NonTarget	1	849536
3406.904	n/a	Target	2	851726
3407.128	n/a	NonTarget	1	851782
3407.356	n/a	NonTarget	1	851839
3407.58	n/a	NonTarget	1	851895
3407.808	n/a	NonTarget	1	851952
3408.032	n/a	NonTarget	1	852008
3408.256	n/a	NonTarget	1	852064
3408.484	n/a	NonTarget	1	852121
3408.708	n/a	NonTarget	1	852177
3408.932	n/a	NonTarget	1	852233
3409.16	n/a	NonTarget	1	852290
3409.384	n/a	NonTarget	1	852346
3409.608	n/a	Target	2	852402
3409.836	n/a	NonTarget	1	852459
3410.06	n/a	NonTarget	1	852515
3410.284	n/a	NonTarget	1	852571
3410.512	n/a	NonTarget	1	852628
3410.736	n/a	NonTarget	1	852684
3410.96	n/a	NonTarget	1	852740
3411.188	n/a	NonTarget	1	852797
3411.412	n/a	NonTarget	1	852853
3411.636	n/a	NonTarget	1	852909
3411.864	n/a	Target	2	852966
3412.088	n/a	NonTarget	1	853022
3412.312	n/a	NonTarget	1	853078
3412.54	n/a	NonTarget	1	853135
3412.764	n/a	NonTarget	1	853191
3412.992	n/a	NonTarget	1	853248
3413.216	n/a	NonTarget	1	853304
3413.44	n/a	NonTarget	1	853360
3413.668	n/a	Target	2	853417
3413.892	n/a	NonTarget	1	853473
3414.116	n/a	NonTarget	1	853529
3414.344	n/a	NonTarget	1	853586
3414.568	n/a	NonTarget	1	853642
3414.792	n/a	NonTarget	1	853698
3415.016	n/a	NonTarget	1	853754
3415.244	n/a	NonTarget	1	853811
3415.468	n/a	NonTarget	1	853867
3415.692	n/a	Target	2	853923
3415.92	n/a	NonTarget	1	853980
3416.144	n/a	NonTarget	1	854036
3416.372	n/a	NonTarget	1	854093
3416.596	n/a	NonTarget	1	854149
3416.82	n/a	NonTarget	1	854205
3417.048	n/a	Target	2	854262
3417.272	n/a	NonTarget	1	854318
3417.496	n/a	NonTarget	1	854374
3417.724	n/a	NonTarget	1	854431
3417.948	n/a	NonTarget	1	854487
3418.172	n/a	NonTarget	1	854543
3418.396	n/a	Target	2	854599
3418.624	n/a	NonTarget	1	854656
3418.848	n/a	NonTarget	1	854712
3419.076	n/a	NonTarget	1	854769
3419.3	n/a	NonTarget	1	854825
3419.524	n/a	Target	2	854881
3419.752	n/a	NonTarget	1	854938
3419.976	n/a	NonTarget	1	854994
3420.2	n/a	NonTarget	1	855050
3420.428	n/a	NonTarget	1	855107
3420.652	n/a	Target	2	855163
3420.876	n/a	NonTarget	1	855219
3421.104	n/a	NonTarget	1	855276
3421.328	n/a	NonTarget	1	855332
3421.552	n/a	NonTarget	1	855388
3421.78	n/a	Target	2	855445
3422.004	n/a	NonTarget	1	855501
3422.228	n/a	NonTarget	1	855557
3422.456	n/a	NonTarget	1	855614
3422.68	n/a	NonTarget	1	855670
3422.908	n/a	Target	2	855727
3423.132	n/a	NonTarget	1	855783
3423.356	n/a	NonTarget	1	855839
3423.584	n/a	NonTarget	1	855896
3423.808	n/a	NonTarget	1	855952
3424.032	n/a	Target	2	856008
3424.26	n/a	NonTarget	1	856065
3424.484	n/a	NonTarget	1	856121
3424.712	n/a	NonTarget	1	856178
3424.936	n/a	NonTarget	1	856234
3425.164	n/a	Target	2	856291
3425.388	n/a	NonTarget	1	856347
3425.612	n/a	NonTarget	1	856403
3425.84	n/a	NonTarget	1	856460
3426.064	n/a	NonTarget	1	856516
3426.292	n/a	Target	2	856573
3426.516	n/a	NonTarget	1	856629
3426.74	n/a	NonTarget	1	856685
3426.968	n/a	NonTarget	1	856742
3427.192	n/a	NonTarget	1	856798
3427.416	n/a	Target	2	856854
3427.644	n/a	NonTarget	1	856911
3427.868	n/a	NonTarget	1	856967
3428.092	n/a	NonTarget	1	857023
3428.32	n/a	NonTarget	1	857080
3428.544	n/a	NonTarget	1	857136
3428.772	n/a	Target	2	857193
3428.996	n/a	NonTarget	1	857249
3429.22	n/a	NonTarget	1	857305
3429.448	n/a	NonTarget	1	857362
3429.672	n/a	NonTarget	1	857418
3429.896	n/a	Target	2	857474
3430.124	n/a	NonTarget	1	857531
3430.348	n/a	NonTarget	1	857587
3430.576	n/a	NonTarget	1	857644
3430.8	n/a	NonTarget	1	857700
3431.028	n/a	Target	2	857757
3431.252	n/a	NonTarget	1	857813
3431.476	n/a	NonTarget	1	857869
3431.704	n/a	NonTarget	1	857926
3431.928	n/a	NonTarget	1	857982
3432.156	n/a	NonTarget	1	858039
3432.38	n/a	Target	2	858095
3432.608	n/a	NonTarget	1	858152
3432.832	n/a	NonTarget	1	858208
3433.056	n/a	NonTarget	1	858264
3433.284	n/a	NonTarget	1	858321
3433.508	n/a	NonTarget	1	858377
3433.736	n/a	Target	2	858434
3433.96	n/a	NonTarget	1	858490
3434.184	n/a	NonTarget	1	858546
3434.408	n/a	NonTarget	1	858602
3434.636	n/a	NonTarget	1	858659
3434.86	n/a	NonTarget	1	858715
3435.088	n/a	Target	2	858772
3435.312	n/a	NonTarget	1	858828
3435.536	n/a	NonTarget	1	858884
3435.764	n/a	NonTarget	1	858941
3435.988	n/a	NonTarget	1	858997
3436.212	n/a	NonTarget	1	859053
3436.44	n/a	Target	2	859110
3436.664	n/a	NonTarget	1	859166
3436.892	n/a	NonTarget	1	859223
3437.116	n/a	NonTarget	1	859279
3449.288	n/a	Target	2	862322
3449.512	n/a	NonTarget	1	862378
3449.74	n/a	NonTarget	1	862435
3449.964	n/a	NonTarget	1	862491
3450.188	n/a	NonTarget	1	862547
3450.416	n/a	NonTarget	1	862604
3450.64	n/a	NonTarget	1	862660
3450.868	n/a	NonTarget	1	862717
3451.092	n/a	NonTarget	1	862773
3451.32	n/a	NonTarget	1	862830
3451.544	n/a	NonTarget	1	862886
3451.768	n/a	NonTarget	1	862942
3451.996	n/a	NonTarget	1	862999
3452.22	n/a	Target	2	863055
3452.444	n/a	NonTarget	1	863111
3452.672	n/a	NonTarget	1	863168
3452.896	n/a	NonTarget	1	863224
3453.124	n/a	NonTarget	1	863281
3453.348	n/a	NonTarget	1	863337
3453.576	n/a	NonTarget	1	863394
3453.8	n/a	NonTarget	1	863450
3454.024	n/a	NonTarget	1	863506
3454.248	n/a	Target	2	863562
3454.476	n/a	NonTarget	1	863619
3454.7	n/a	NonTarget	1	863675
3454.928	n/a	NonTarget	1	863732
3455.152	n/a	NonTarget	1	863788
3455.38	n/a	NonTarget	1	863845
3455.604	n/a	NonTarget	1	863901
3455.828	n/a	NonTarget	1	863957
3456.056	n/a	NonTarget	1	864014
3456.28	n/a	NonTarget	1	864070
3456.504	n/a	NonTarget	1	864126
3456.728	n/a	Target	2	864182
3456.956	n/a	NonTarget	1	864239
3457.18	n/a	NonTarget	1	864295
3457.408	n/a	NonTarget	1	864352
3457.632	n/a	NonTarget	1	864408
3457.856	n/a	NonTarget	1	864464
3458.084	n/a	NonTarget	1	864521
3458.308	n/a	NonTarget	1	864577
3458.536	n/a	NonTarget	1	864634
3458.76	n/a	NonTarget	1	864690
3458.988	n/a	Target	2	864747
3459.212	n/a	NonTarget	1	864803
3459.436	n/a	NonTarget	1	864859
3459.66	n/a	NonTarget	1	864915
3459.888	n/a	NonTarget	1	864972
3460.112	n/a	NonTarget	1	865028
3460.34	n/a	Target	2	865085
3460.564	n/a	NonTarget	1	865141
3460.792	n/a	NonTarget	1	865198
3461.016	n/a	NonTarget	1	865254
3461.244	n/a	NonTarget	1	865311
3461.468	n/a	NonTarget	1	865367
3461.692	n/a	Target	2	865423
3461.92	n/a	NonTarget	1	865480
3462.144	n/a	NonTarget	1	865536
3462.372	n/a	NonTarget	1	865593
3462.596	n/a	NonTarget	1	865649
3462.82	n/a	Target	2	865705
3463.048	n/a	NonTarget	1	865762
3463.272	n/a	NonTarget	1	865818
3463.5	n/a	NonTarget	1	865875
3463.724	n/a	NonTarget	1	865931
3463.948	n/a	NonTarget	1	865987
3464.176	n/a	Target	2	866044
3464.4	n/a	NonTarget	1	866100
3464.628	n/a	NonTarget	1	866157
3464.852	n/a	NonTarget	1	866213
3465.076	n/a	NonTarget	1	866269
3465.304	n/a	NonTarget	1	866326
3465.528	n/a	Target	2	866382
3465.756	n/a	NonTarget	1	866439
3465.98	n/a	NonTarget	1	866495
3466.204	n/a	NonTarget	1	866551
3466.432	n/a	NonTarget	1	866608
3466.656	n/a	NonTarget	1	866664
3466.88	n/a	Target	2	866720
3467.108	n/a	NonTarget	1	866777
3467.332	n/a	NonTarget	1	866833
3467.56	n/a	NonTarget	1	866890
3467.784	n/a	NonTarget	1	866946
3468.012	n/a	NonTarget	1	867003
3468.236	n/a	NonTarget	1	867059
3468.464	n/a	NonTarget	1	867116
3468.688	n/a	Target	2	867172
3468.912	n/a	NonTarget	1	867228
3469.14	n/a	NonTarget	1	867285
3469.364	n/a	NonTarget	1	867341
3469.592	n/a	NonTarget	1	867398
3469.816	n/a	NonTarget	1	867454
3470.04	n/a	NonTarget	1	867510
3470.268	n/a	Target	2	867567
3470.492	n/a	NonTarget	1	867623
3470.716	n/a	NonTarget	1	867679
3470.944	n/a	NonTarget	1	867736
3471.168	n/a	NonTarget	1	867792
3471.396	n/a	Target	2	867849
3471.62	n/a	NonTarget	1	867905
3471.844	n/a	NonTarget	1	867961
3472.072	n/a	NonTarget	1	868018
3472.296	n/a	NonTarget	1	868074
3472.52	n/a	Target	2	868130
3472.744	n/a	NonTarget	1	868186
3472.972	n/a	NonTarget	1	868243
3473.196	n/a	NonTarget	1	868299
3473.42	n/a	NonTarget	1	868355
3473.648	n/a	Target	2	868412
3473.872	n/a	NonTarget	1	868468
3474.1	n/a	NonTarget	1	868525
3474.324	n/a	NonTarget	1	868581
3474.552	n/a	NonTarget	1	868638
3474.776	n/a	NonTarget	1	868694
3475.0	n/a	Target	2	868750
3475.228	n/a	NonTarget	1	868807
3475.452	n/a	NonTarget	1	868863
3475.68	n/a	NonTarget	1	868920
3475.904	n/a	NonTarget	1	868976
3476.128	n/a	NonTarget	1	869032
3476.356	n/a	NonTarget	1	869089
3476.58	n/a	Target	2	869145
3476.804	n/a	NonTarget	1	869201
3477.032	n/a	NonTarget	1	869258
3477.256	n/a	NonTarget	1	869314
3477.48	n/a	NonTarget	1	869370
3477.708	n/a	Target	2	869427
3477.932	n/a	NonTarget	1	869483
3478.156	n/a	NonTarget	1	869539
3478.384	n/a	NonTarget	1	869596
3478.608	n/a	NonTarget	1	869652
3478.836	n/a	NonTarget	1	869709
3479.06	n/a	NonTarget	1	869765
3479.288	n/a	Target	2	869822
3488.26	n/a	NonTarget	1	872065
3488.484	n/a	NonTarget	1	872121
3488.708	n/a	NonTarget	1	872177
3488.932	n/a	NonTarget	1	872233
3489.16	n/a	Target	2	872290
3489.384	n/a	NonTarget	1	872346
3489.612	n/a	NonTarget	1	872403
3489.836	n/a	NonTarget	1	872459
3490.064	n/a	NonTarget	1	872516
3490.288	n/a	NonTarget	1	872572
3490.516	n/a	NonTarget	1	872629
3490.74	n/a	Target	2	872685
3490.964	n/a	NonTarget	1	872741
3491.188	n/a	NonTarget	1	872797
3491.416	n/a	NonTarget	1	872854
3491.64	n/a	NonTarget	1	872910
3491.864	n/a	NonTarget	1	872966
3492.092	n/a	NonTarget	1	873023
3492.316	n/a	NonTarget	1	873079
3492.54	n/a	NonTarget	1	873135
3492.764	n/a	Target	2	873191
3492.992	n/a	NonTarget	1	873248
3493.216	n/a	NonTarget	1	873304
3493.44	n/a	NonTarget	1	873360
3493.668	n/a	NonTarget	1	873417
3493.892	n/a	NonTarget	1	873473
3494.116	n/a	NonTarget	1	873529
3494.344	n/a	NonTarget	1	873586
3494.568	n/a	NonTarget	1	873642
3494.796	n/a	NonTarget	1	873699
3495.02	n/a	NonTarget	1	873755
3495.244	n/a	Target	2	873811
3495.472	n/a	NonTarget	1	873868
3495.696	n/a	NonTarget	1	873924
3495.92	n/a	NonTarget	1	873980
3496.144	n/a	NonTarget	1	874036
3496.372	n/a	NonTarget	1	874093
3496.596	n/a	NonTarget	1	874149
3496.824	n/a	NonTarget	1	874206
3497.048	n/a	NonTarget	1	874262
3497.272	n/a	NonTarget	1	874318
3497.5	n/a	NonTarget	1	874375
3497.724	n/a	Target	2	874431
3497.952	n/a	NonTarget	1	874488
3498.176	n/a	NonTarget	1	874544
3498.4	n/a	NonTarget	1	874600
3498.628	n/a	NonTarget	1	874657
3498.852	n/a	Target	2	874713
3499.08	n/a	NonTarget	1	874770
3499.304	n/a	NonTarget	1	874826
3499.528	n/a	NonTarget	1	874882
3499.756	n/a	NonTarget	1	874939
3499.98	n/a	NonTarget	1	874995
3500.208	n/a	NonTarget	1	875052
3500.432	n/a	NonTarget	1	875108
3500.656	n/a	Target	2	875164
3500.884	n/a	NonTarget	1	875221
3501.108	n/a	NonTarget	1	875277
3501.336	n/a	NonTarget	1	875334
3501.56	n/a	NonTarget	1	875390
3501.784	n/a	Target	2	875446
3502.012	n/a	NonTarget	1	875503
3502.236	n/a	NonTarget	1	875559
3502.464	n/a	NonTarget	1	875616
3502.688	n/a	NonTarget	1	875672
3502.912	n/a	NonTarget	1	875728
3503.14	n/a	NonTarget	1	875785
3503.364	n/a	NonTarget	1	875841
3503.592	n/a	Target	2	875898
3503.816	n/a	NonTarget	1	875954
3504.044	n/a	NonTarget	1	876011
3504.268	n/a	NonTarget	1	876067
3504.492	n/a	NonTarget	1	876123
3504.72	n/a	NonTarget	1	876180
3504.944	n/a	Target	2	876236
3505.168	n/a	NonTarget	1	876292
3505.396	n/a	NonTarget	1	876349
3505.62	n/a	NonTarget	1	876405
3505.844	n/a	NonTarget	1	876461
3506.072	n/a	NonTarget	1	876518
3506.296	n/a	NonTarget	1	876574
3506.524	n/a	Target	2	876631
3506.748	n/a	NonTarget	1	876687
3506.972	n/a	NonTarget	1	876743
3507.2	n/a	NonTarget	1	876800
3507.424	n/a	NonTarget	1	876856
3507.648	n/a	Target	2	876912
3507.876	n/a	NonTarget	1	876969
3508.1	n/a	NonTarget	1	877025
3508.328	n/a	NonTarget	1	877082
3508.552	n/a	NonTarget	1	877138
3508.776	n/a	NonTarget	1	877194
3509.004	n/a	Target	2	877251
3509.228	n/a	NonTarget	1	877307
3509.452	n/a	NonTarget	1	877363
3509.68	n/a	NonTarget	1	877420
3509.904	n/a	NonTarget	1	877476
3510.128	n/a	NonTarget	1	877532
3510.356	n/a	Target	2	877589
3510.58	n/a	NonTarget	1	877645
3510.804	n/a	NonTarget	1	877701
3511.032	n/a	NonTarget	1	877758
3511.256	n/a	NonTarget	1	877814
3511.484	n/a	Target	2	877871
3511.708	n/a	NonTarget	1	877927
3511.936	n/a	NonTarget	1	877984
3512.16	n/a	NonTarget	1	878040
3512.384	n/a	NonTarget	1	878096
3512.612	n/a	Target	2	878153
3512.836	n/a	NonTarget	1	878209
3513.064	n/a	NonTarget	1	878266
3513.288	n/a	NonTarget	1	878322
3513.512	n/a	NonTarget	1	878378
3513.736	n/a	Target	2	878434
3513.964	n/a	NonTarget	1	878491
3514.188	n/a	NonTarget	1	878547
3514.416	n/a	NonTarget	1	878604
3514.64	n/a	NonTarget	1	878660
3514.864	n/a	Target	2	878716
3515.092	n/a	NonTarget	1	878773
3515.316	n/a	NonTarget	1	878829
3515.544	n/a	NonTarget	1	878886
3515.768	n/a	NonTarget	1	878942
3515.992	n/a	Target	2	878998
3516.22	n/a	NonTarget	1	879055
3516.444	n/a	NonTarget	1	879111
3516.672	n/a	NonTarget	1	879168
3516.896	n/a	NonTarget	1	879224
3517.124	n/a	Target	2	879281
3517.348	n/a	NonTarget	1	879337
3517.572	n/a	NonTarget	1	879393
3517.8	n/a	NonTarget	1	879450
3518.024	n/a	NonTarget	1	879506
3518.252	n/a	NonTarget	1	879563
3518.476	n/a	Target	2	879619
3531.472	n/a	NonTarget	1	882868
3531.696	n/a	NonTarget	1	882924
3531.924	n/a	NonTarget	1	882981
3532.148	n/a	NonTarget	1	883037
3532.372	n/a	NonTarget	1	883093
3532.6	n/a	NonTarget	1	883150
3532.824	n/a	NonTarget	1	883206
3533.052	n/a	NonTarget	1	883263
3533.276	n/a	Target	2	883319
3533.504	n/a	NonTarget	1	883376
3533.728	n/a	NonTarget	1	883432
3533.952	n/a	NonTarget	1	883488
3534.18	n/a	NonTarget	1	883545
3534.404	n/a	NonTarget	1	883601
3534.632	n/a	NonTarget	1	883658
3534.856	n/a	NonTarget	1	883714
3535.084	n/a	NonTarget	1	883771
3535.308	n/a	NonTarget	1	883827
3535.532	n/a	Target	2	883883
3535.76	n/a	NonTarget	1	883940
3535.984	n/a	NonTarget	1	883996
3536.212	n/a	NonTarget	1	884053
3536.436	n/a	NonTarget	1	884109
3536.66	n/a	NonTarget	1	884165
3536.884	n/a	NonTarget	1	884221
3537.112	n/a	NonTarget	1	884278
3537.336	n/a	NonTarget	1	884334
3537.56	n/a	Target	2	884390
3537.788	n/a	NonTarget	1	884447
3538.012	n/a	NonTarget	1	884503
3538.24	n/a	NonTarget	1	884560
3538.464	n/a	NonTarget	1	884616
3538.688	n/a	NonTarget	1	884672
3538.916	n/a	NonTarget	1	884729
3539.14	n/a	Target	2	884785
3539.368	n/a	NonTarget	1	884842
3539.592	n/a	NonTarget	1	884898
3539.82	n/a	NonTarget	1	884955
3540.044	n/a	NonTarget	1	885011
3540.268	n/a	NonTarget	1	885067
3540.496	n/a	Target	2	885124
3540.72	n/a	NonTarget	1	885180
3540.948	n/a	NonTarget	1	885237
3541.172	n/a	NonTarget	1	885293
3541.4	n/a	NonTarget	1	885350
3541.624	n/a	NonTarget	1	885406
3541.848	n/a	NonTarget	1	885462
3542.076	n/a	Target	2	885519
3542.3	n/a	NonTarget	1	885575
3542.528	n/a	NonTarget	1	885632
3542.752	n/a	NonTarget	1	885688
3542.976	n/a	NonTarget	1	885744
3543.204	n/a	NonTarget	1	885801
3543.428	n/a	Target	2	885857
3543.656	n/a	NonTarget	1	885914
3543.88	n/a	NonTarget	1	885970
3544.104	n/a	NonTarget	1	886026
3544.332	n/a	NonTarget	1	886083
3544.556	n/a	Target	2	886139
3544.78	n/a	NonTarget	1	886195
3545.008	n/a	NonTarget	1	886252
3545.232	n/a	NonTarget	1	886308
3545.456	n/a	NonTarget	1	886364
3545.684	n/a	NonTarget	1	886421
3545.908	n/a	NonTarget	1	886477
3546.132	n/a	Target	2	886533
3546.36	n/a	NonTarget	1	886590
3546.584	n/a	NonTarget	1	886646
3546.808	n/a	NonTarget	1	886702
3547.036	n/a	NonTarget	1	886759
3547.26	n/a	Target	2	886815
3547.488	n/a	NonTarget	1	886872
3547.712	n/a	NonTarget	1	886928
3547.936	n/a	NonTarget	1	886984
3548.164	n/a	NonTarget	1	887041
3548.388	n/a	Target	2	887097
3548.616	n/a	NonTarget	1	887154
3548.84	n/a	NonTarget	1	887210
3549.064	n/a	NonTarget	1	887266
3549.292	n/a	NonTarget	1	887323
3549.516	n/a	NonTarget	1	887379
3549.74	n/a	NonTarget	1	887435
3549.968	n/a	Target	2	887492
3550.192	n/a	NonTarget	1	887548
3550.416	n/a	NonTarget	1	887604
3550.644	n/a	NonTarget	1	887661
3550.868	n/a	NonTarget	1	887717
3551.096	n/a	NonTarget	1	887774
3551.32	n/a	Target	2	887830
3551.548	n/a	NonTarget	1	887887
3551.772	n/a	NonTarget	1	887943
3551.996	n/a	NonTarget	1	887999
3552.224	n/a	NonTarget	1	888056
3552.448	n/a	Target	2	888112
3552.676	n/a	NonTarget	1	888169
3552.9	n/a	NonTarget	1	888225
3553.124	n/a	NonTarget	1	888281
3553.352	n/a	NonTarget	1	888338
3553.576	n/a	Target	2	888394
3553.804	n/a	NonTarget	1	888451
3554.028	n/a	NonTarget	1	888507
3554.256	n/a	NonTarget	1	888564
3554.48	n/a	NonTarget	1	888620
3554.704	n/a	NonTarget	1	888676
3554.932	n/a	NonTarget	1	888733
3555.156	n/a	NonTarget	1	888789
3555.384	n/a	NonTarget	1	888846
3555.608	n/a	NonTarget	1	888902
3555.832	n/a	Target	2	888958
3556.06	n/a	NonTarget	1	889015
3556.284	n/a	NonTarget	1	889071
3556.512	n/a	NonTarget	1	889128
3556.736	n/a	NonTarget	1	889184
3556.96	n/a	Target	2	889240
3557.184	n/a	NonTarget	1	889296
3557.412	n/a	NonTarget	1	889353
3557.636	n/a	NonTarget	1	889409
3557.86	n/a	NonTarget	1	889465
3558.088	n/a	Target	2	889522
3558.312	n/a	NonTarget	1	889578
3558.536	n/a	NonTarget	1	889634
3558.764	n/a	NonTarget	1	889691
3558.988	n/a	NonTarget	1	889747
3559.216	n/a	Target	2	889804
3559.44	n/a	NonTarget	1	889860
3559.664	n/a	NonTarget	1	889916
3559.892	n/a	NonTarget	1	889973
3560.116	n/a	NonTarget	1	890029
3560.344	n/a	Target	2	890086
3560.568	n/a	NonTarget	1	890142
3560.796	n/a	NonTarget	1	890199
3561.02	n/a	NonTarget	1	890255
3561.244	n/a	NonTarget	1	890311
3561.472	n/a	Target	2	890368
3561.696	n/a	NonTarget	1	890424
3570.468	n/a	Target	2	892617
3570.692	n/a	NonTarget	1	892673
3570.92	n/a	NonTarget	1	892730
3571.144	n/a	NonTarget	1	892786
3571.368	n/a	NonTarget	1	892842
3571.596	n/a	NonTarget	1	892899
3571.82	n/a	NonTarget	1	892955
3572.048	n/a	NonTarget	1	893012
3572.272	n/a	NonTarget	1	893068
3572.496	n/a	NonTarget	1	893124
3572.724	n/a	Target	2	893181
3572.948	n/a	NonTarget	1	893237
3573.176	n/a	NonTarget	1	893294
3573.4	n/a	NonTarget	1	893350
3573.624	n/a	NonTarget	1	893406
3573.852	n/a	NonTarget	1	893463
3574.076	n/a	NonTarget	1	893519
3574.304	n/a	NonTarget	1	893576
3574.528	n/a	NonTarget	1	893632
3574.756	n/a	NonTarget	1	893689
3574.98	n/a	NonTarget	1	893745
3575.204	n/a	NonTarget	1	893801
3575.432	n/a	NonTarget	1	893858
3575.656	n/a	Target	2	893914
3575.88	n/a	NonTarget	1	893970
3576.108	n/a	NonTarget	1	894027
3576.332	n/a	NonTarget	1	894083
3576.556	n/a	NonTarget	1	894139
3576.78	n/a	NonTarget	1	894195
3577.008	n/a	NonTarget	1	894252
3577.232	n/a	Target	2	894308
3577.46	n/a	NonTarget	1	894365
3577.684	n/a	NonTarget	1	894421
3577.908	n/a	NonTarget	1	894477
3578.136	n/a	NonTarget	1	894534
3578.36	n/a	NonTarget	1	894590
3578.588	n/a	NonTarget	1	894647
3578.812	n/a	NonTarget	1	894703
3579.04	n/a	NonTarget	1	894760
3579.264	n/a	NonTarget	1	894816
3579.492	n/a	NonTarget	1	894873
3579.716	n/a	Target	2	894929
3579.944	n/a	NonTarget	1	894986
3580.168	n/a	NonTarget	1	895042
3580.396	n/a	NonTarget	1	895099
3580.62	n/a	NonTarget	1	895155
3580.844	n/a	Target	2	895211
3581.072	n/a	NonTarget	1	895268
3581.296	n/a	NonTarget	1	895324
3581.524	n/a	NonTarget	1	895381
3581.748	n/a	NonTarget	1	895437
3581.972	n/a	Target	2	895493
3582.2	n/a	NonTarget	1	895550
3582.424	n/a	NonTarget	1	895606
3582.652	n/a	NonTarget	1	895663
3582.876	n/a	NonTarget	1	895719
3583.1	n/a	Target	2	895775
3583.328	n/a	NonTarget	1	895832
3583.552	n/a	NonTarget	1	895888
3583.78	n/a	NonTarget	1	895945
3584.004	n/a	NonTarget	1	896001
3584.228	n/a	NonTarget	1	896057
3584.456	n/a	Target	2	896114
3584.68	n/a	NonTarget	1	896170
3584.908	n/a	NonTarget	1	896227
3585.132	n/a	NonTarget	1	896283
3585.356	n/a	NonTarget	1	896339
3585.584	n/a	Target	2	896396
3585.808	n/a	NonTarget	1	896452
3586.032	n/a	NonTarget	1	896508
3586.26	n/a	NonTarget	1	896565
3586.484	n/a	NonTarget	1	896621
3586.712	n/a	Target	2	896678
3586.936	n/a	NonTarget	1	896734
3587.16	n/a	NonTarget	1	896790
3587.388	n/a	NonTarget	1	896847
3587.612	n/a	NonTarget	1	896903
3587.84	n/a	Target	2	896960
3588.064	n/a	NonTarget	1	897016
3588.292	n/a	NonTarget	1	897073
3588.516	n/a	NonTarget	1	897129
3588.74	n/a	NonTarget	1	897185
3588.968	n/a	Target	2	897242
3589.192	n/a	NonTarget	1	897298
3589.416	n/a	NonTarget	1	897354
3589.644	n/a	NonTarget	1	897411
3589.868	n/a	NonTarget	1	897467
3590.092	n/a	Target	2	897523
3590.32	n/a	NonTarget	1	897580
3590.544	n/a	NonTarget	1	897636
3590.772	n/a	NonTarget	1	897693
3590.996	n/a	NonTarget	1	897749
3591.22	n/a	NonTarget	1	897805
3591.448	n/a	NonTarget	1	897862
3591.672	n/a	NonTarget	1	897918
3591.896	n/a	Target	2	897974
3592.124	n/a	NonTarget	1	898031
3592.348	n/a	NonTarget	1	898087
3592.576	n/a	NonTarget	1	898144
3592.8	n/a	NonTarget	1	898200
3593.024	n/a	Target	2	898256
3593.252	n/a	NonTarget	1	898313
3593.476	n/a	NonTarget	1	898369
3593.704	n/a	NonTarget	1	898426
3593.928	n/a	NonTarget	1	898482
3594.152	n/a	Target	2	898538
3594.38	n/a	NonTarget	1	898595
3594.608	n/a	NonTarget	1	898652
3594.832	n/a	NonTarget	1	898708
3595.056	n/a	NonTarget	1	898764
3595.284	n/a	NonTarget	1	898821
3595.508	n/a	Target	2	898877
3595.732	n/a	NonTarget	1	898933
3595.96	n/a	NonTarget	1	898990
3596.184	n/a	NonTarget	1	899046
3596.412	n/a	NonTarget	1	899103
3596.636	n/a	NonTarget	1	899159
3596.86	n/a	Target	2	899215
3597.088	n/a	NonTarget	1	899272
3597.312	n/a	NonTarget	1	899328
3597.536	n/a	NonTarget	1	899384
3597.764	n/a	NonTarget	1	899441
3597.988	n/a	NonTarget	1	899497
3598.216	n/a	Target	2	899554
3598.44	n/a	NonTarget	1	899610
3598.664	n/a	NonTarget	1	899666
3598.892	n/a	NonTarget	1	899723
3599.116	n/a	NonTarget	1	899779
3599.34	n/a	Target	2	899835
3599.568	n/a	NonTarget	1	899892
3599.792	n/a	NonTarget	1	899948
3600.016	n/a	NonTarget	1	900004
3600.244	n/a	NonTarget	1	900061
3600.468	n/a	NonTarget	1	900117
3600.696	n/a	Target	2	900174
3612.244	n/a	NonTarget	1	903061
3612.468	n/a	NonTarget	1	903117
3612.696	n/a	Target	2	903174
3612.924	n/a	NonTarget	1	903231
3613.148	n/a	NonTarget	1	903287
3613.372	n/a	NonTarget	1	903343
3613.6	n/a	NonTarget	1	903400
3613.824	n/a	NonTarget	1	903456
3614.048	n/a	NonTarget	1	903512
3614.276	n/a	NonTarget	1	903569
3614.5	n/a	NonTarget	1	903625
3614.724	n/a	NonTarget	1	903681
3614.952	n/a	Target	2	903738
3615.176	n/a	NonTarget	1	903794
3615.4	n/a	NonTarget	1	903850
3615.628	n/a	NonTarget	1	903907
3615.852	n/a	NonTarget	1	903963
3616.076	n/a	NonTarget	1	904019
3616.3	n/a	NonTarget	1	904075
3616.528	n/a	NonTarget	1	904132
3616.752	n/a	NonTarget	1	904188
3616.98	n/a	NonTarget	1	904245
3617.204	n/a	Target	2	904301
3617.428	n/a	NonTarget	1	904357
3617.656	n/a	NonTarget	1	904414
3617.88	n/a	NonTarget	1	904470
3618.108	n/a	NonTarget	1	904527
3618.332	n/a	NonTarget	1	904583
3618.556	n/a	NonTarget	1	904639
3618.784	n/a	Target	2	904696
3619.008	n/a	NonTarget	1	904752
3619.236	n/a	NonTarget	1	904809
3619.46	n/a	NonTarget	1	904865
3619.688	n/a	NonTarget	1	904922
3619.912	n/a	Target	2	904978
3620.136	n/a	NonTarget	1	905034
3620.364	n/a	NonTarget	1	905091
3620.588	n/a	NonTarget	1	905147
3620.816	n/a	NonTarget	1	905204
3621.04	n/a	Target	2	905260
3621.264	n/a	NonTarget	1	905316
3621.492	n/a	NonTarget	1	905373
3621.716	n/a	NonTarget	1	905429
3621.944	n/a	NonTarget	1	905486
3622.168	n/a	NonTarget	1	905542
3622.392	n/a	NonTarget	1	905598
3622.62	n/a	NonTarget	1	905655
3622.844	n/a	NonTarget	1	905711
3623.068	n/a	NonTarget	1	905767
3623.292	n/a	NonTarget	1	905823
3623.52	n/a	Target	2	905880
3623.744	n/a	NonTarget	1	905936
3623.968	n/a	NonTarget	1	905992
3624.196	n/a	NonTarget	1	906049
3624.42	n/a	NonTarget	1	906105
3624.644	n/a	Target	2	906161
3624.872	n/a	NonTarget	1	906218
3625.096	n/a	NonTarget	1	906274
3625.32	n/a	NonTarget	1	906330
3625.544	n/a	NonTarget	1	906386
3625.772	n/a	Target	2	906443
3625.996	n/a	NonTarget	1	906499
3626.224	n/a	NonTarget	1	906556
3626.448	n/a	NonTarget	1	906612
3626.676	n/a	NonTarget	1	906669
3626.9	n/a	NonTarget	1	906725
3627.124	n/a	NonTarget	1	906781
3627.352	n/a	Target	2	906838
3627.576	n/a	NonTarget	1	906894
3627.804	n/a	NonTarget	1	906951
3628.028	n/a	NonTarget	1	907007
3628.252	n/a	NonTarget	1	907063
3628.48	n/a	Target	2	907120
3628.704	n/a	NonTarget	1	907176
3628.928	n/a	NonTarget	1	907232
3629.156	n/a	NonTarget	1	907289
3629.38	n/a	NonTarget	1	907345
3629.604	n/a	Target	2	907401
3629.828	n/a	NonTarget	1	907457
3630.056	n/a	NonTarget	1	907514
3630.28	n/a	NonTarget	1	907570
3630.508	n/a	NonTarget	1	907627
3630.732	n/a	NonTarget	1	907683
3630.96	n/a	NonTarget	1	907740
3631.184	n/a	NonTarget	1	907796
3631.408	n/a	Target	2	907852
3631.636	n/a	NonTarget	1	907909
3631.86	n/a	NonTarget	1	907965
3632.088	n/a	NonTarget	1	908022
3632.312	n/a	NonTarget	1	908078
3632.536	n/a	NonTarget	1	908134
3632.764	n/a	NonTarget	1	908191
3632.988	n/a	NonTarget	1	908247
3633.212	n/a	Target	2	908303
3633.44	n/a	NonTarget	1	908360
3633.664	n/a	NonTarget	1	908416
3633.892	n/a	NonTarget	1	908473
3634.116	n/a	NonTarget	1	908529
3634.34	n/a	Target	2	908585
3634.568	n/a	NonTarget	1	908642
3634.792	n/a	NonTarget	1	908698
3635.016	n/a	NonTarget	1	908754
3635.244	n/a	NonTarget	1	908811
3635.468	n/a	Target	2	908867
3635.692	n/a	NonTarget	1	908923
3635.92	n/a	NonTarget	1	908980
3636.144	n/a	NonTarget	1	909036
3636.372	n/a	NonTarget	1	909093
3636.596	n/a	NonTarget	1	909149
3636.824	n/a	NonTarget	1	909206
3637.048	n/a	Target	2	909262
3637.272	n/a	NonTarget	1	909318
3637.5	n/a	NonTarget	1	909375
3637.724	n/a	NonTarget	1	909431
3637.948	n/a	NonTarget	1	909487
3638.176	n/a	Target	2	909544
3638.4	n/a	NonTarget	1	909600
3638.628	n/a	NonTarget	1	909657
3638.852	n/a	NonTarget	1	909713
3639.076	n/a	NonTarget	1	909769
3639.304	n/a	Target	2	909826
3639.528	n/a	NonTarget	1	909882
3639.752	n/a	NonTarget	1	909938
3639.98	n/a	NonTarget	1	909995
3640.204	n/a	NonTarget	1	910051
3640.432	n/a	Target	2	910108
3640.656	n/a	NonTarget	1	910164
3640.88	n/a	NonTarget	1	910220
3641.108	n/a	NonTarget	1	910277
3641.332	n/a	NonTarget	1	910333
3641.556	n/a	NonTarget	1	910389
3641.784	n/a	NonTarget	1	910446
3642.008	n/a	Target	2	910502
3642.232	n/a	NonTarget	1	910558
3651.208	n/a	NonTarget	1	912802
3651.432	n/a	NonTarget	1	912858
3651.656	n/a	NonTarget	1	912914
3651.88	n/a	NonTarget	1	912970
3652.108	n/a	NonTarget	1	913027
3652.332	n/a	NonTarget	1	913083
3652.56	n/a	NonTarget	1	913140
3652.784	n/a	Target	2	913196
3653.008	n/a	NonTarget	1	913252
3653.236	n/a	NonTarget	1	913309
3653.46	n/a	NonTarget	1	913365
3653.688	n/a	NonTarget	1	913422
3653.912	n/a	NonTarget	1	913478
3654.136	n/a	NonTarget	1	913534
3654.364	n/a	NonTarget	1	913591
3654.588	n/a	NonTarget	1	913647
3654.812	n/a	NonTarget	1	913703
3655.04	n/a	NonTarget	1	913760
3655.264	n/a	Target	2	913816
3655.488	n/a	NonTarget	1	913872
3655.712	n/a	NonTarget	1	913928
3655.94	n/a	NonTarget	1	913985
3656.164	n/a	NonTarget	1	914041
3656.388	n/a	NonTarget	1	914097
3656.616	n/a	NonTarget	1	914154
3656.84	n/a	NonTarget	1	914210
3657.064	n/a	NonTarget	1	914266
3657.288	n/a	NonTarget	1	914322
3657.512	n/a	Target	2	914378
3657.74	n/a	NonTarget	1	914435
3657.964	n/a	NonTarget	1	914491
3658.192	n/a	NonTarget	1	914548
3658.416	n/a	NonTarget	1	914604
3658.644	n/a	NonTarget	1	914661
3658.868	n/a	Target	2	914717
3659.092	n/a	NonTarget	1	914773
3659.32	n/a	NonTarget	1	914830
3659.544	n/a	NonTarget	1	914886
3659.768	n/a	NonTarget	1	914942
3659.996	n/a	NonTarget	1	914999
3660.22	n/a	Target	2	915055
3660.444	n/a	NonTarget	1	915111
3660.668	n/a	NonTarget	1	915167
3660.896	n/a	NonTarget	1	915224
3661.12	n/a	NonTarget	1	915280
3661.348	n/a	NonTarget	1	915337
3661.572	n/a	NonTarget	1	915393
3661.796	n/a	NonTarget	1	915449
3662.024	n/a	Target	2	915506
3662.248	n/a	NonTarget	1	915562
3662.472	n/a	NonTarget	1	915618
3662.7	n/a	NonTarget	1	915675
3662.924	n/a	NonTarget	1	915731
3663.152	n/a	NonTarget	1	915788
3663.376	n/a	Target	2	915844
3663.6	n/a	NonTarget	1	915900
3663.828	n/a	NonTarget	1	915957
3664.052	n/a	NonTarget	1	916013
3664.276	n/a	NonTarget	1	916069
3664.504	n/a	Target	2	916126
3664.728	n/a	NonTarget	1	916182
3664.952	n/a	NonTarget	1	916238
3665.176	n/a	NonTarget	1	916294
3665.404	n/a	NonTarget	1	916351
3665.628	n/a	Target	2	916407
3665.852	n/a	NonTarget	1	916463
3666.08	n/a	NonTarget	1	916520
3666.304	n/a	NonTarget	1	916576
3666.532	n/a	NonTarget	1	916633
3666.756	n/a	NonTarget	1	916689
3666.98	n/a	Target	2	916745
3667.208	n/a	NonTarget	1	916802
3667.432	n/a	NonTarget	1	916858
3667.66	n/a	NonTarget	1	916915
3667.884	n/a	NonTarget	1	916971
3668.108	n/a	NonTarget	1	917027
3668.336	n/a	Target	2	917084
3668.56	n/a	NonTarget	1	917140
3668.784	n/a	NonTarget	1	917196
3669.012	n/a	NonTarget	1	917253
3669.236	n/a	NonTarget	1	917309
3669.46	n/a	NonTarget	1	917365
3669.688	n/a	Target	2	917422
3669.912	n/a	NonTarget	1	917478
3670.136	n/a	NonTarget	1	917534
3670.364	n/a	NonTarget	1	917591
3670.588	n/a	NonTarget	1	917647
3670.816	n/a	Target	2	917704
3671.04	n/a	NonTarget	1	917760
3671.268	n/a	NonTarget	1	917817
3671.492	n/a	NonTarget	1	917873
3671.716	n/a	NonTarget	1	917929
3671.944	n/a	NonTarget	1	917986
3672.168	n/a	Target	2	918042
3672.396	n/a	NonTarget	1	918099
3672.62	n/a	NonTarget	1	918155
3672.844	n/a	NonTarget	1	918211
3673.072	n/a	NonTarget	1	918268
3673.296	n/a	Target	2	918324
3673.52	n/a	NonTarget	1	918380
3673.748	n/a	NonTarget	1	918437
3673.972	n/a	NonTarget	1	918493
3674.196	n/a	NonTarget	1	918549
3674.424	n/a	NonTarget	1	918606
3674.648	n/a	NonTarget	1	918662
3674.872	n/a	NonTarget	1	918718
3675.1	n/a	NonTarget	1	918775
3675.324	n/a	Target	2	918831
3675.552	n/a	NonTarget	1	918888
3675.776	n/a	NonTarget	1	918944
3676.0	n/a	NonTarget	1	919000
3676.228	n/a	NonTarget	1	919057
3676.452	n/a	Target	2	919113
3676.68	n/a	NonTarget	1	919170
3676.904	n/a	NonTarget	1	919226
3677.128	n/a	NonTarget	1	919282
3677.356	n/a	NonTarget	1	919339
3677.58	n/a	Target	2	919395
3677.804	n/a	NonTarget	1	919451
3678.032	n/a	NonTarget	1	919508
3678.256	n/a	NonTarget	1	919564
3678.48	n/a	NonTarget	1	919620
3678.708	n/a	NonTarget	1	919677
3678.936	n/a	Target	2	919734
3679.16	n/a	NonTarget	1	919790
3679.384	n/a	NonTarget	1	919846
3679.612	n/a	NonTarget	1	919903
3679.836	n/a	NonTarget	1	919959
3680.06	n/a	Target	2	920015
3680.288	n/a	NonTarget	1	920072
3680.512	n/a	NonTarget	1	920128
3680.736	n/a	NonTarget	1	920184
3680.964	n/a	NonTarget	1	920241
3681.188	n/a	Target	2	920297
3693.984	n/a	NonTarget	1	923496
3694.212	n/a	NonTarget	1	923553
3694.436	n/a	NonTarget	1	923609
3694.664	n/a	NonTarget	1	923666
3694.888	n/a	NonTarget	1	923722
3695.112	n/a	NonTarget	1	923778
3695.336	n/a	NonTarget	1	923834
3695.564	n/a	NonTarget	1	923891
3695.788	n/a	Target	2	923947
3696.012	n/a	NonTarget	1	924003
3696.24	n/a	NonTarget	1	924060
3696.464	n/a	NonTarget	1	924116
3696.688	n/a	NonTarget	1	924172
3696.916	n/a	NonTarget	1	924229
3697.144	n/a	Target	2	924286
3697.368	n/a	NonTarget	1	924342
3697.592	n/a	NonTarget	1	924398
3697.82	n/a	NonTarget	1	924455
3698.044	n/a	NonTarget	1	924511
3698.272	n/a	NonTarget	1	924568
3698.496	n/a	NonTarget	1	924624
3698.72	n/a	NonTarget	1	924680
3698.948	n/a	NonTarget	1	924737
3699.172	n/a	Target	2	924793
3699.4	n/a	NonTarget	1	924850
3699.624	n/a	NonTarget	1	924906
3699.852	n/a	NonTarget	1	924963
3700.076	n/a	NonTarget	1	925019
3700.3	n/a	NonTarget	1	925075
3700.528	n/a	NonTarget	1	925132
3700.752	n/a	NonTarget	1	925188
3700.976	n/a	NonTarget	1	925244
3701.204	n/a	Target	2	925301
3701.428	n/a	NonTarget	1	925357
3701.656	n/a	NonTarget	1	925414
3701.88	n/a	NonTarget	1	925470
3702.104	n/a	NonTarget	1	925526
3702.332	n/a	NonTarget	1	925583
3702.556	n/a	NonTarget	1	925639
3702.784	n/a	Target	2	925696
3703.008	n/a	NonTarget	1	925752
3703.236	n/a	NonTarget	1	925809
3703.46	n/a	NonTarget	1	925865
3703.688	n/a	NonTarget	1	925922
3703.912	n/a	NonTarget	1	925978
3704.136	n/a	NonTarget	1	926034
3704.364	n/a	NonTarget	1	926091
3704.588	n/a	NonTarget	1	926147
3704.812	n/a	Target	2	926203
3705.04	n/a	NonTarget	1	926260
3705.264	n/a	NonTarget	1	926316
3705.488	n/a	NonTarget	1	926372
3705.716	n/a	NonTarget	1	926429
3705.94	n/a	Target	2	926485
3706.168	n/a	NonTarget	1	926542
3706.392	n/a	NonTarget	1	926598
3706.62	n/a	NonTarget	1	926655
3706.844	n/a	NonTarget	1	926711
3707.068	n/a	NonTarget	1	926767
3707.296	n/a	Target	2	926824
3707.52	n/a	NonTarget	1	926880
3707.744	n/a	NonTarget	1	926936
3707.972	n/a	NonTarget	1	926993
3708.196	n/a	NonTarget	1	927049
3708.42	n/a	NonTarget	1	927105
3708.648	n/a	NonTarget	1	927162
3708.872	n/a	Target	2	927218
3709.1	n/a	NonTarget	1	927275
3709.324	n/a	NonTarget	1	927331
3709.548	n/a	NonTarget	1	927387
3709.776	n/a	NonTarget	1	927444
3710.0	n/a	Target	2	927500
3710.224	n/a	NonTarget	1	927556
3710.452	n/a	NonTarget	1	927613
3710.676	n/a	NonTarget	1	927669
3710.904	n/a	NonTarget	1	927726
3711.128	n/a	NonTarget	1	927782
3711.352	n/a	NonTarget	1	927838
3711.58	n/a	NonTarget	1	927895
3711.804	n/a	NonTarget	1	927951
3712.028	n/a	Target	2	928007
3712.252	n/a	NonTarget	1	928063
3712.48	n/a	NonTarget	1	928120
3712.704	n/a	NonTarget	1	928176
3712.932	n/a	NonTarget	1	928233
3713.156	n/a	NonTarget	1	928289
3713.384	n/a	NonTarget	1	928346
3713.608	n/a	NonTarget	1	928402
3713.836	n/a	NonTarget	1	928459
3714.06	n/a	Target	2	928515
3714.284	n/a	NonTarget	1	928571
3714.512	n/a	NonTarget	1	928628
3714.736	n/a	NonTarget	1	928684
3714.96	n/a	NonTarget	1	928740
3715.188	n/a	NonTarget	1	928797
3715.412	n/a	Target	2	928853
3715.64	n/a	NonTarget	1	928910
3715.864	n/a	NonTarget	1	928966
3716.088	n/a	NonTarget	1	929022
3716.316	n/a	NonTarget	1	929079
3716.54	n/a	Target	2	929135
3716.768	n/a	NonTarget	1	929192
3716.992	n/a	NonTarget	1	929248
3717.216	n/a	NonTarget	1	929304
3717.44	n/a	NonTarget	1	929360
3717.668	n/a	NonTarget	1	929417
3717.892	n/a	Target	2	929473
3718.12	n/a	NonTarget	1	929530
3718.344	n/a	NonTarget	1	929586
3718.568	n/a	NonTarget	1	929642
3718.796	n/a	NonTarget	1	929699
3719.02	n/a	NonTarget	1	929755
3719.248	n/a	Target	2	929812
3719.472	n/a	NonTarget	1	929868
3719.696	n/a	NonTarget	1	929924
3719.924	n/a	NonTarget	1	929981
3720.148	n/a	NonTarget	1	930037
3720.376	n/a	NonTarget	1	930094
3720.6	n/a	NonTarget	1	930150
3720.828	n/a	NonTarget	1	930207
3721.052	n/a	NonTarget	1	930263
3721.276	n/a	NonTarget	1	930319
3721.504	n/a	Target	2	930376
3721.728	n/a	NonTarget	1	930432
3721.952	n/a	NonTarget	1	930488
3722.18	n/a	NonTarget	1	930545
3722.404	n/a	NonTarget	1	930601
3722.628	n/a	NonTarget	1	930657
3722.856	n/a	Target	2	930714
3723.08	n/a	NonTarget	1	930770
3723.304	n/a	NonTarget	1	930826
3723.532	n/a	NonTarget	1	930883
3723.756	n/a	NonTarget	1	930939
3723.984	n/a	NonTarget	1	930996
3724.208	n/a	NonTarget	1	931052
3732.956	n/a	NonTarget	1	933239
3733.184	n/a	NonTarget	1	933296
3733.408	n/a	NonTarget	1	933352
3733.632	n/a	Target	2	933408
3733.86	n/a	NonTarget	1	933465
3734.084	n/a	NonTarget	1	933521
3734.308	n/a	NonTarget	1	933577
3734.536	n/a	NonTarget	1	933634
3734.76	n/a	NonTarget	1	933690
3734.988	n/a	NonTarget	1	933747
3735.212	n/a	Target	2	933803
3735.44	n/a	NonTarget	1	933860
3735.664	n/a	NonTarget	1	933916
3735.892	n/a	NonTarget	1	933973
3736.116	n/a	NonTarget	1	934029
3736.34	n/a	NonTarget	1	934085
3736.568	n/a	NonTarget	1	934142
3736.792	n/a	NonTarget	1	934198
3737.02	n/a	NonTarget	1	934255
3737.244	n/a	NonTarget	1	934311
3737.468	n/a	NonTarget	1	934367
3737.696	n/a	NonTarget	1	934424
3737.92	n/a	NonTarget	1	934480
3738.144	n/a	Target	2	934536
3738.368	n/a	NonTarget	1	934592
3738.596	n/a	NonTarget	1	934649
3738.824	n/a	NonTarget	1	934706
3739.048	n/a	NonTarget	1	934762
3739.272	n/a	NonTarget	1	934818
3739.496	n/a	NonTarget	1	934874
3739.724	n/a	NonTarget	1	934931
3739.948	n/a	NonTarget	1	934987
3740.172	n/a	Target	2	935043
3740.4	n/a	NonTarget	1	935100
3740.624	n/a	NonTarget	1	935156
3740.852	n/a	NonTarget	1	935213
3741.076	n/a	NonTarget	1	935269
3741.304	n/a	NonTarget	1	935326
3741.528	n/a	NonTarget	1	935382
3741.752	n/a	Target	2	935438
3741.98	n/a	NonTarget	1	935495
3742.204	n/a	NonTarget	1	935551
3742.432	n/a	NonTarget	1	935608
3742.656	n/a	NonTarget	1	935664
3742.88	n/a	NonTarget	1	935720
3743.108	n/a	NonTarget	1	935777
3743.332	n/a	NonTarget	1	935833
3743.56	n/a	NonTarget	1	935890
3743.784	n/a	Target	2	935946
3744.012	n/a	NonTarget	1	936003
3744.236	n/a	NonTarget	1	936059
3744.46	n/a	NonTarget	1	936115
3744.688	n/a	NonTarget	1	936172
3744.912	n/a	NonTarget	1	936228
3745.136	n/a	NonTarget	1	936284
3745.364	n/a	NonTarget	1	936341
3745.588	n/a	Target	2	936397
3745.816	n/a	NonTarget	1	936454
3746.04	n/a	NonTarget	1	936510
3746.264	n/a	NonTarget	1	936566
3746.492	n/a	NonTarget	1	936623
3746.716	n/a	NonTarget	1	936679
3746.94	n/a	NonTarget	1	936735
3747.168	n/a	Target	2	936792
3747.392	n/a	NonTarget	1	936848
3747.616	n/a	NonTarget	1	936904
3747.844	n/a	NonTarget	1	936961
3748.072	n/a	NonTarget	1	937018
3748.296	n/a	Target	2	937074
3748.52	n/a	NonTarget	1	937130
3748.748	n/a	NonTarget	1	937187
3748.972	n/a	NonTarget	1	937243
3749.196	n/a	NonTarget	1	937299
3749.424	n/a	Target	2	937356
3749.648	n/a	NonTarget	1	937412
3749.876	n/a	NonTarget	1	937469
3750.1	n/a	NonTarget	1	937525
3750.324	n/a	NonTarget	1	937581
3750.552	n/a	NonTarget	1	937638
3750.776	n/a	Target	2	937694
3751.0	n/a	NonTarget	1	937750
3751.228	n/a	NonTarget	1	937807
3751.452	n/a	NonTarget	1	937863
3751.68	n/a	NonTarget	1	937920
3751.904	n/a	NonTarget	1	937976
3752.128	n/a	NonTarget	1	938032
3752.356	n/a	NonTarget	1	938089
3752.58	n/a	NonTarget	1	938145
3752.804	n/a	Target	2	938201
3753.032	n/a	NonTarget	1	938258
3753.256	n/a	NonTarget	1	938314
3753.484	n/a	NonTarget	1	938371
3753.708	n/a	NonTarget	1	938427
3753.932	n/a	Target	2	938483
3754.156	n/a	NonTarget	1	938539
3754.384	n/a	NonTarget	1	938596
3754.608	n/a	NonTarget	1	938652
3754.836	n/a	NonTarget	1	938709
3755.06	n/a	NonTarget	1	938765
3755.288	n/a	NonTarget	1	938822
3755.512	n/a	NonTarget	1	938878
3755.736	n/a	NonTarget	1	938934
3755.964	n/a	Target	2	938991
3756.188	n/a	NonTarget	1	939047
3756.416	n/a	NonTarget	1	939104
3756.64	n/a	NonTarget	1	939160
3756.864	n/a	NonTarget	1	939216
3757.092	n/a	NonTarget	1	939273
3757.316	n/a	NonTarget	1	939329
3757.54	n/a	NonTarget	1	939385
3757.768	n/a	Target	2	939442
3757.992	n/a	NonTarget	1	939498
3758.216	n/a	NonTarget	1	939554
3758.444	n/a	NonTarget	1	939611
3758.668	n/a	NonTarget	1	939667
3758.892	n/a	Target	2	939723
3759.12	n/a	NonTarget	1	939780
3759.344	n/a	NonTarget	1	939836
3759.572	n/a	NonTarget	1	939893
3759.796	n/a	NonTarget	1	939949
3760.02	n/a	NonTarget	1	940005
3760.248	n/a	NonTarget	1	940062
3760.472	n/a	Target	2	940118
3760.7	n/a	NonTarget	1	940175
3760.924	n/a	NonTarget	1	940231
3761.152	n/a	NonTarget	1	940288
3761.376	n/a	NonTarget	1	940344
3761.6	n/a	NonTarget	1	940400
3761.828	n/a	Target	2	940457
3762.052	n/a	NonTarget	1	940513
3762.276	n/a	NonTarget	1	940569
3762.504	n/a	NonTarget	1	940626
3762.728	n/a	NonTarget	1	940682
3762.952	n/a	Target	2	940738
3763.18	n/a	NonTarget	1	940795
3777.512	n/a	NonTarget	1	944378
3777.736	n/a	NonTarget	1	944434
3777.96	n/a	NonTarget	1	944490
3778.188	n/a	NonTarget	1	944547
3778.412	n/a	NonTarget	1	944603
3778.64	n/a	NonTarget	1	944660
3778.864	n/a	Target	2	944716
3779.088	n/a	NonTarget	1	944772
3779.316	n/a	NonTarget	1	944829
3779.54	n/a	NonTarget	1	944885
3779.768	n/a	NonTarget	1	944942
3779.992	n/a	NonTarget	1	944998
3780.216	n/a	NonTarget	1	945054
3780.444	n/a	NonTarget	1	945111
3780.668	n/a	NonTarget	1	945167
3780.896	n/a	NonTarget	1	945224
3781.12	n/a	Target	2	945280
3781.344	n/a	NonTarget	1	945336
3781.572	n/a	NonTarget	1	945393
3781.796	n/a	NonTarget	1	945449
3782.024	n/a	NonTarget	1	945506
3782.248	n/a	NonTarget	1	945562
3782.476	n/a	NonTarget	1	945619
3782.7	n/a	NonTarget	1	945675
3782.924	n/a	NonTarget	1	945731
3783.148	n/a	Target	2	945787
3783.376	n/a	NonTarget	1	945844
3783.6	n/a	NonTarget	1	945900
3783.824	n/a	NonTarget	1	945956
3784.052	n/a	NonTarget	1	946013
3784.276	n/a	NonTarget	1	946069
3784.504	n/a	NonTarget	1	946126
3784.728	n/a	NonTarget	1	946182
3784.952	n/a	NonTarget	1	946238
3785.18	n/a	NonTarget	1	946295
3785.404	n/a	NonTarget	1	946351
3785.632	n/a	NonTarget	1	946408
3785.856	n/a	Target	2	946464
3786.084	n/a	NonTarget	1	946521
3786.308	n/a	NonTarget	1	946577
3786.532	n/a	NonTarget	1	946633
3786.76	n/a	NonTarget	1	946690
3786.984	n/a	NonTarget	1	946746
3787.208	n/a	NonTarget	1	946802
3787.436	n/a	NonTarget	1	946859
3787.66	n/a	NonTarget	1	946915
3787.884	n/a	Target	2	946971
3788.112	n/a	NonTarget	1	947028
3788.336	n/a	NonTarget	1	947084
3788.56	n/a	NonTarget	1	947140
3788.788	n/a	NonTarget	1	947197
3789.012	n/a	NonTarget	1	947253
3789.24	n/a	Target	2	947310
3789.464	n/a	NonTarget	1	947366
3789.692	n/a	NonTarget	1	947423
3789.916	n/a	NonTarget	1	947479
3790.14	n/a	NonTarget	1	947535
3790.368	n/a	Target	2	947592
3790.592	n/a	NonTarget	1	947648
3790.816	n/a	NonTarget	1	947704
3791.044	n/a	NonTarget	1	947761
3791.272	n/a	NonTarget	1	947818
3791.496	n/a	Target	2	947874
3791.72	n/a	NonTarget	1	947930
3791.948	n/a	NonTarget	1	947987
3792.172	n/a	NonTarget	1	948043
3792.396	n/a	NonTarget	1	948099
3792.624	n/a	Target	2	948156
3792.848	n/a	NonTarget	1	948212
3793.072	n/a	NonTarget	1	948268
3793.3	n/a	NonTarget	1	948325
3793.524	n/a	NonTarget	1	948381
3793.752	n/a	Target	2	948438
3793.976	n/a	NonTarget	1	948494
3794.2	n/a	NonTarget	1	948550
3794.428	n/a	NonTarget	1	948607
3794.652	n/a	NonTarget	1	948663
3794.88	n/a	Target	2	948720
3795.104	n/a	NonTarget	1	948776
3795.328	n/a	NonTarget	1	948832
3795.556	n/a	NonTarget	1	948889
3795.78	n/a	NonTarget	1	948945
3796.004	n/a	NonTarget	1	949001
3796.232	n/a	Target	2	949058
3796.456	n/a	NonTarget	1	949114
3796.68	n/a	NonTarget	1	949170
3796.908	n/a	NonTarget	1	949227
3797.132	n/a	NonTarget	1	949283
3797.356	n/a	NonTarget	1	949339
3797.584	n/a	Target	2	949396
3797.808	n/a	NonTarget	1	949452
3798.036	n/a	NonTarget	1	949509
3798.26	n/a	NonTarget	1	949565
3798.488	n/a	NonTarget	1	949622
3798.712	n/a	Target	2	949678
3798.936	n/a	NonTarget	1	949734
3799.164	n/a	NonTarget	1	949791
3799.388	n/a	NonTarget	1	949847
3799.616	n/a	NonTarget	1	949904
3799.84	n/a	Target	2	949960
3800.064	n/a	NonTarget	1	950016
3800.292	n/a	NonTarget	1	950073
3800.516	n/a	NonTarget	1	950129
3800.74	n/a	NonTarget	1	950185
3800.968	n/a	Target	2	950242
3801.192	n/a	NonTarget	1	950298
3801.416	n/a	NonTarget	1	950354
3801.644	n/a	NonTarget	1	950411
3801.868	n/a	NonTarget	1	950467
3802.092	n/a	Target	2	950523
3802.32	n/a	NonTarget	1	950580
3802.544	n/a	NonTarget	1	950636
3802.772	n/a	NonTarget	1	950693
3802.996	n/a	NonTarget	1	950749
3803.224	n/a	Target	2	950806
3803.448	n/a	NonTarget	1	950862
3803.672	n/a	NonTarget	1	950918
3803.9	n/a	NonTarget	1	950975
3804.128	n/a	NonTarget	1	951032
3804.352	n/a	NonTarget	1	951088
3804.576	n/a	Target	2	951144
3804.804	n/a	NonTarget	1	951201
3805.028	n/a	NonTarget	1	951257
3805.256	n/a	NonTarget	1	951314
3805.48	n/a	NonTarget	1	951370
3805.704	n/a	NonTarget	1	951426
3805.932	n/a	NonTarget	1	951483
3806.156	n/a	Target	2	951539
3806.38	n/a	NonTarget	1	951595
3806.608	n/a	NonTarget	1	951652
3806.832	n/a	NonTarget	1	951708
3807.06	n/a	NonTarget	1	951765
3807.284	n/a	NonTarget	1	951821
3807.508	n/a	Target	2	951877
3816.48	n/a	NonTarget	1	954120
3816.708	n/a	NonTarget	1	954177
3816.932	n/a	NonTarget	1	954233
3817.16	n/a	NonTarget	1	954290
3817.384	n/a	NonTarget	1	954346
3817.612	n/a	NonTarget	1	954403
3817.836	n/a	NonTarget	1	954459
3818.06	n/a	NonTarget	1	954515
3818.288	n/a	Target	2	954572
3818.512	n/a	NonTarget	1	954628
3818.74	n/a	NonTarget	1	954685
3818.964	n/a	NonTarget	1	954741
3819.188	n/a	NonTarget	1	954797
3819.416	n/a	NonTarget	1	954854
3819.64	n/a	NonTarget	1	954910
3819.868	n/a	NonTarget	1	954967
3820.092	n/a	NonTarget	1	955023
3820.32	n/a	Target	2	955080
3820.544	n/a	NonTarget	1	955136
3820.768	n/a	NonTarget	1	955192
3820.992	n/a	NonTarget	1	955248
3821.22	n/a	NonTarget	1	955305
3821.444	n/a	NonTarget	1	955361
3821.672	n/a	NonTarget	1	955418
3821.896	n/a	NonTarget	1	955474
3822.12	n/a	Target	2	955530
3822.348	n/a	NonTarget	1	955587
3822.572	n/a	NonTarget	1	955643
3822.796	n/a	NonTarget	1	955699
3823.024	n/a	NonTarget	1	955756
3823.248	n/a	NonTarget	1	955812
3823.476	n/a	NonTarget	1	955869
3823.7	n/a	NonTarget	1	955925
3823.924	n/a	NonTarget	1	955981
3824.152	n/a	NonTarget	1	956038
3824.376	n/a	NonTarget	1	956094
3824.604	n/a	Target	2	956151
3824.828	n/a	NonTarget	1	956207
3825.056	n/a	NonTarget	1	956264
3825.28	n/a	NonTarget	1	956320
3825.504	n/a	NonTarget	1	956376
3825.732	n/a	NonTarget	1	956433
3825.956	n/a	NonTarget	1	956489
3826.184	n/a	NonTarget	1	956546
3826.408	n/a	NonTarget	1	956602
3826.632	n/a	Target	2	956658
3826.86	n/a	NonTarget	1	956715
3827.084	n/a	NonTarget	1	956771
3827.308	n/a	NonTarget	1	956827
3827.536	n/a	NonTarget	1	956884
3827.76	n/a	Target	2	956940
3827.988	n/a	NonTarget	1	956997
3828.212	n/a	NonTarget	1	957053
3828.436	n/a	NonTarget	1	957109
3828.664	n/a	NonTarget	1	957166
3828.888	n/a	Target	2	957222
3829.112	n/a	NonTarget	1	957278
3829.34	n/a	NonTarget	1	957335
3829.564	n/a	NonTarget	1	957391
3829.788	n/a	NonTarget	1	957447
3830.016	n/a	Target	2	957504
3830.24	n/a	NonTarget	1	957560
3830.468	n/a	NonTarget	1	957617
3830.692	n/a	NonTarget	1	957673
3830.916	n/a	NonTarget	1	957729
3831.144	n/a	NonTarget	1	957786
3831.368	n/a	NonTarget	1	957842
3831.592	n/a	NonTarget	1	957898
3831.82	n/a	NonTarget	1	957955
3832.044	n/a	Target	2	958011
3832.272	n/a	NonTarget	1	958068
3832.496	n/a	NonTarget	1	958124
3832.724	n/a	NonTarget	1	958181
3832.948	n/a	NonTarget	1	958237
3833.172	n/a	NonTarget	1	958293
3833.4	n/a	NonTarget	1	958350
3833.624	n/a	Target	2	958406
3833.848	n/a	NonTarget	1	958462
3834.076	n/a	NonTarget	1	958519
3834.304	n/a	NonTarget	1	958576
3834.528	n/a	NonTarget	1	958632
3834.752	n/a	NonTarget	1	958688
3834.98	n/a	NonTarget	1	958745
3835.204	n/a	NonTarget	1	958801
3835.432	n/a	Target	2	958858
3835.656	n/a	NonTarget	1	958914
3835.88	n/a	NonTarget	1	958970
3836.108	n/a	NonTarget	1	959027
3836.332	n/a	NonTarget	1	959083
3836.556	n/a	NonTarget	1	959139
3836.784	n/a	Target	2	959196
3837.008	n/a	NonTarget	1	959252
3837.232	n/a	NonTarget	1	959308
3837.46	n/a	NonTarget	1	959365
3837.684	n/a	NonTarget	1	959421
3837.912	n/a	Target	2	959478
3838.136	n/a	NonTarget	1	959534
3838.36	n/a	NonTarget	1	959590
3838.588	n/a	NonTarget	1	959647
3838.812	n/a	NonTarget	1	959703
3839.036	n/a	NonTarget	1	959759
3839.264	n/a	NonTarget	1	959816
3839.488	n/a	NonTarget	1	959872
3839.716	n/a	NonTarget	1	959929
3839.94	n/a	Target	2	959985
3840.164	n/a	NonTarget	1	960041
3840.392	n/a	NonTarget	1	960098
3840.616	n/a	NonTarget	1	960154
3840.844	n/a	NonTarget	1	960211
3841.068	n/a	NonTarget	1	960267
3841.292	n/a	Target	2	960323
3841.52	n/a	NonTarget	1	960380
3841.744	n/a	NonTarget	1	960436
3841.968	n/a	NonTarget	1	960492
3842.196	n/a	NonTarget	1	960549
3842.42	n/a	NonTarget	1	960605
3842.648	n/a	Target	2	960662
3842.872	n/a	NonTarget	1	960718
3843.096	n/a	NonTarget	1	960774
3843.324	n/a	NonTarget	1	960831
3843.548	n/a	NonTarget	1	960887
3843.772	n/a	Target	2	960943
3844.0	n/a	NonTarget	1	961000
3844.224	n/a	NonTarget	1	961056
3844.452	n/a	NonTarget	1	961113
3844.676	n/a	NonTarget	1	961169
3844.9	n/a	NonTarget	1	961225
3845.128	n/a	NonTarget	1	961282
3845.352	n/a	NonTarget	1	961338
3845.58	n/a	NonTarget	1	961395
3845.804	n/a	Target	2	961451
3846.028	n/a	NonTarget	1	961507
3846.256	n/a	NonTarget	1	961564
3846.48	n/a	NonTarget	1	961620
3846.708	n/a	NonTarget	1	961677
3859.724	n/a	NonTarget	1	964931
3859.948	n/a	Target	2	964987
3860.172	n/a	NonTarget	1	965043
3860.4	n/a	NonTarget	1	965100
3860.624	n/a	NonTarget	1	965156
3860.848	n/a	NonTarget	1	965212
3861.076	n/a	NonTarget	1	965269
3861.3	n/a	NonTarget	1	965325
3861.528	n/a	NonTarget	1	965382
3861.752	n/a	NonTarget	1	965438
3861.976	n/a	Target	2	965494
3862.2	n/a	NonTarget	1	965550
3862.428	n/a	NonTarget	1	965607
3862.652	n/a	NonTarget	1	965663
3862.876	n/a	NonTarget	1	965719
3863.104	n/a	NonTarget	1	965776
3863.328	n/a	NonTarget	1	965832
3863.556	n/a	NonTarget	1	965889
3863.78	n/a	NonTarget	1	965945
3864.004	n/a	Target	2	966001
3864.232	n/a	NonTarget	1	966058
3864.456	n/a	NonTarget	1	966114
3864.684	n/a	NonTarget	1	966171
3864.908	n/a	NonTarget	1	966227
3865.132	n/a	Target	2	966283
3865.36	n/a	NonTarget	1	966340
3865.584	n/a	NonTarget	1	966396
3865.812	n/a	NonTarget	1	966453
3866.036	n/a	NonTarget	1	966509
3866.264	n/a	NonTarget	1	966566
3866.488	n/a	NonTarget	1	966622
3866.712	n/a	NonTarget	1	966678
3866.936	n/a	Target	2	966734
3867.164	n/a	NonTarget	1	966791
3867.388	n/a	NonTarget	1	966847
3867.612	n/a	NonTarget	1	966903
3867.84	n/a	NonTarget	1	966960
3868.064	n/a	NonTarget	1	967016
3868.288	n/a	NonTarget	1	967072
3868.516	n/a	NonTarget	1	967129
3868.74	n/a	Target	2	967185
3868.968	n/a	NonTarget	1	967242
3869.192	n/a	NonTarget	1	967298
3869.416	n/a	NonTarget	1	967354
3869.644	n/a	NonTarget	1	967411
3869.868	n/a	NonTarget	1	967467
3870.096	n/a	Target	2	967524
3870.32	n/a	NonTarget	1	967580
3870.544	n/a	NonTarget	1	967636
3870.772	n/a	NonTarget	1	967693
3870.996	n/a	NonTarget	1	967749
3871.22	n/a	Target	2	967805
3871.444	n/a	NonTarget	1	967861
3871.672	n/a	NonTarget	1	967918
3871.896	n/a	NonTarget	1	967974
3872.124	n/a	NonTarget	1	968031
3872.348	n/a	Target	2	968087
3872.572	n/a	NonTarget	1	968143
3872.8	n/a	NonTarget	1	968200
3873.024	n/a	NonTarget	1	968256
3873.248	n/a	NonTarget	1	968312
3873.476	n/a	Target	2	968369
3873.7	n/a	NonTarget	1	968425
3873.924	n/a	NonTarget	1	968481
3874.152	n/a	NonTarget	1	968538
3874.376	n/a	NonTarget	1	968594
3874.604	n/a	Target	2	968651
3874.828	n/a	NonTarget	1	968707
3875.056	n/a	NonTarget	1	968764
3875.28	n/a	NonTarget	1	968820
3875.508	n/a	NonTarget	1	968877
3875.732	n/a	Target	2	968933
3875.956	n/a	NonTarget	1	968989
3876.184	n/a	NonTarget	1	969046
3876.408	n/a	NonTarget	1	969102
3876.632	n/a	NonTarget	1	969158
3876.86	n/a	Target	2	969215
3877.084	n/a	NonTarget	1	969271
3877.312	n/a	NonTarget	1	969328
3877.536	n/a	NonTarget	1	969384
3877.76	n/a	NonTarget	1	969440
3877.988	n/a	Target	2	969497
3878.212	n/a	NonTarget	1	969553
3878.44	n/a	NonTarget	1	969610
3878.664	n/a	NonTarget	1	969666
3878.888	n/a	NonTarget	1	969722
3879.116	n/a	Target	2	969779
3879.34	n/a	NonTarget	1	969835
3879.568	n/a	NonTarget	1	969892
3879.792	n/a	NonTarget	1	969948
3880.016	n/a	NonTarget	1	970004
3880.244	n/a	Target	2	970061
3880.468	n/a	NonTarget	1	970117
3880.692	n/a	NonTarget	1	970173
3880.92	n/a	NonTarget	1	970230
3881.144	n/a	NonTarget	1	970286
3881.372	n/a	NonTarget	1	970343
3881.596	n/a	Target	2	970399
3881.82	n/a	NonTarget	1	970455
3882.048	n/a	NonTarget	1	970512
3882.272	n/a	NonTarget	1	970568
3882.496	n/a	NonTarget	1	970624
3882.724	n/a	NonTarget	1	970681
3882.948	n/a	NonTarget	1	970737
3883.172	n/a	NonTarget	1	970793
3883.4	n/a	Target	2	970850
3883.624	n/a	NonTarget	1	970906
3883.852	n/a	NonTarget	1	970963
3884.076	n/a	NonTarget	1	971019
3884.304	n/a	NonTarget	1	971076
3884.528	n/a	Target	2	971132
3884.752	n/a	NonTarget	1	971188
3884.976	n/a	NonTarget	1	971244
3885.204	n/a	NonTarget	1	971301
3885.428	n/a	NonTarget	1	971357
3885.656	n/a	NonTarget	1	971414
3885.88	n/a	Target	2	971470
3886.108	n/a	NonTarget	1	971527
3886.332	n/a	NonTarget	1	971583
3886.556	n/a	NonTarget	1	971639
3886.784	n/a	NonTarget	1	971696
3887.008	n/a	Target	2	971752
3887.236	n/a	NonTarget	1	971809
3887.46	n/a	NonTarget	1	971865
3887.684	n/a	NonTarget	1	971921
3887.912	n/a	NonTarget	1	971978
3888.136	n/a	Target	2	972034
3888.36	n/a	NonTarget	1	972090
3888.584	n/a	NonTarget	1	972146
3888.812	n/a	NonTarget	1	972203
3889.036	n/a	NonTarget	1	972259
3889.26	n/a	Target	2	972315
3889.484	n/a	NonTarget	1	972371
3889.712	n/a	NonTarget	1	972428
